Time,Price,Size,Premium,Side,Exchange,Conditions
04:00:00.532 PM ET,7.990,"148,196",1.18M,None,Nasdaq GSM,Close; Cross; Trade Thru Exmpt
09:45:42.282 AM ET,8.130,"13,217",107.45K,Bid,Off Exchange,
11:40:17.132 AM ET,8.000,"12,028",96.22K,Ask,NYSE Arca,Inter Mkt Swp; Trade Thru Exmpt
11:40:17.132 AM ET,8.000,"11,365",90.92K,Ask,NYSE Arca,Inter Mkt Swp; Trade Thru Exmpt
09:57:22.305 AM ET,8.200,"9,228",75.67K,Mid,Off Exchange,
03:12:34.359 PM ET,7.940,"2,987",23.72K,Mid,Off Exchange,
11:40:17.137 AM ET,8.020,"2,700",21.65K,Bid,Cboe BZX,Inter Mkt Swp; Trade Thru Exmpt
11:40:17.132 AM ET,8.000,"2,654",21.23K,Ask,NYSE Arca,Inter Mkt Swp; Trade Thru Exmpt
11:40:17.131 AM ET,8.020,"2,260",18.13K,Ask,Nasdaq GSM,Inter Mkt Swp; Trade Thru Exmpt
04:43:35.427 PM ET,7.940,"2,200",17.47K,Mid,Off Exchange,Frm T Ext Hrs
11:40:17.132 AM ET,8.000,"1,900",15.20K,Ask,NYSE Arca,Trade Thru Exmpt
09:44:53.098 AM ET,8.150,"1,883",15.35K,Bid,Off Exchange,
04:00:12.315 PM ET,7.990,"1,800",14.38K,None,Off Exchange,Frm T Ext Hrs; Prior Ref Price
09:36:38.300 AM ET,8.210,"1,450",11.90K,Mid,Off Exchange,
11:40:17.286 AM ET,7.980,"1,450",11.57K,Mid,Off Exchange,
11:40:17.138 AM ET,7.990,"1,295",10.35K,Bid,Nasdaq GSM,Inter Mkt Swp; Trade Thru Exmpt
03:59:29.137 PM ET,7.990,"1,293",10.33K,None,Off Exchange,
11:56:52.966 AM ET,8.145,"1,200",9.77K,Mid,Off Exchange,
11:40:17.132 AM ET,8.000,"1,000",8.00K,Ask,NYSE Arca,Trade Thru Exmpt
10:03:21.356 AM ET,8.190,983,8.05K,Mid,Off Exchange,
11:40:17.138 AM ET,7.990,976,7.80K,Bid,NYSE Arca,Inter Mkt Swp; Trade Thru Exmpt
03:59:50.250 PM ET,7.990,933,7.45K,None,Nasdaq GSM,Inter Mkt Swp; Trade Thru Exmpt
11:40:17.137 AM ET,8.000,923,7.38K,Bid,Cboe BZX,Inter Mkt Swp; Trade Thru Exmpt
11:40:17.137 AM ET,8.010,900,7.21K,Bid,Nasdaq GSM,Inter Mkt Swp; Trade Thru Exmpt
02:07:42.186 PM ET,8.020,825,6.62K,Ask,Off Exchange,
09:30:00.465 AM ET,8.300,818,6.79K,Mid,Nasdaq GSM,Cross; Mkt Cntr Open; Trade Thru Exmpt
11:40:17.138 AM ET,7.990,802,6.41K,Bid,Cboe BZX,Inter Mkt Swp; Trade Thru Exmpt
09:36:38.299 AM ET,8.200,790,6.48K,Bid,Cboe EDGX,Inter Mkt Swp; Trade Thru Exmpt
11:40:17.288 AM ET,7.960,750,5.97K,Bid,Off Exchange,
09:44:53.095 AM ET,8.160,700,5.71K,Bid,Off Exchange,
09:44:53.097 AM ET,8.160,700,5.71K,Bid,Off Exchange,
11:40:17.137 AM ET,8.000,700,5.60K,Bid,Cboe BZX,Inter Mkt Swp; Trade Thru Exmpt
11:40:17.287 AM ET,7.970,700,5.58K,Bid,Off Exchange,
03:59:26.426 PM ET,8.000,604,4.83K,None,Nasdaq GSM,Inter Mkt Swp; Trade Thru Exmpt
09:45:42.279 AM ET,8.140,600,4.88K,Mid,Off Exchange,
11:29:12.045 AM ET,8.140,600,4.88K,Mid,Off Exchange,
03:59:56.513 PM ET,7.990,600,4.79K,None,Nasdaq GSM,
03:59:29.115 PM ET,7.990,588,4.70K,None,Nasdaq GSM,
11:40:17.137 AM ET,8.000,577,4.62K,Bid,Cboe BZX,Inter Mkt Swp; Trade Thru Exmpt
01:37:09.131 PM ET,7.992,562,4.49K,Mid,Off Exchange,
01:08:11.833 PM ET,7.995,544,4.35K,Mid,Off Exchange,
03:59:44.715 PM ET,7.990,542,4.33K,None,Nasdaq GSM,
09:44:53.095 AM ET,8.160,500,4.08K,Bid,Off Exchange,
09:44:53.096 AM ET,8.160,500,4.08K,Bid,Off Exchange,
09:45:42.256 AM ET,8.160,500,4.08K,Mid,Off Exchange,
09:45:42.257 AM ET,8.160,500,4.08K,Mid,Off Exchange,
09:45:42.278 AM ET,8.140,500,4.07K,Mid,Off Exchange,
11:40:17.137 AM ET,8.000,500,4.00K,Bid,Nasdaq GSM,Inter Mkt Swp; Trade Thru Exmpt
11:40:17.137 AM ET,8.000,500,4.00K,Bid,Cboe EDGX,Inter Mkt Swp; Trade Thru Exmpt
01:01:42.384 PM ET,7.964,500,3.98K,Mid,Off Exchange,
01:19:12.813 PM ET,8.040,500,4.02K,Mid,Off Exchange,
01:24:03.865 PM ET,7.999,500,4.00K,Mid,Off Exchange,
01:26:24.546 PM ET,7.984,500,3.99K,Mid,Off Exchange,
03:58:11.053 PM ET,8.010,500,4.00K,Ask,Nasdaq GSM,
03:59:44.715 PM ET,7.990,500,4.00K,None,Nasdaq GSM,
03:59:56.514 PM ET,7.990,500,4.00K,None,Nasdaq GSM,
04:00:01.039 PM ET,8.010,500,4.00K,None,NYSE Arca,Frm T Ext Hrs; Inter Mkt Swp; Trade Thru Exmpt
10:05:59.912 AM ET,8.230,461,3.79K,Mid,Cboe BZX,Inter Mkt Swp; Trade Thru Exmpt
01:09:51.090 PM ET,8.015,426,3.41K,Mid,Off Exchange,
09:36:38.258 AM ET,8.228,400,3.29K,Mid,Off Exchange,
09:45:42.278 AM ET,8.140,400,3.26K,Mid,Off Exchange,
09:51:59.216 AM ET,8.190,400,3.28K,Bid,NYSE Arca,Inter Mkt Swp; Trade Thru Exmpt
11:40:17.132 AM ET,8.000,400,3.20K,Ask,NYSE Arca,Trade Thru Exmpt
11:40:17.137 AM ET,8.010,400,3.20K,Bid,Nasdaq GSM,Inter Mkt Swp; Trade Thru Exmpt
03:51:07.780 PM ET,7.990,400,3.20K,Ask,Nasdaq GSM,Inter Mkt Swp; Trade Thru Exmpt
03:58:11.053 PM ET,8.010,400,3.20K,Ask,Nasdaq GSM,
03:59:29.135 PM ET,7.985,400,3.19K,None,Nasdaq GSM,
09:53:25.645 AM ET,8.162,372,3.04K,Mid,Off Exchange,
09:51:59.224 AM ET,8.190,335,2.74K,Bid,Off Exchange,
01:47:50.531 PM ET,8.007,330,2.64K,Mid,Off Exchange,
03:59:57.431 PM ET,7.990,328,2.62K,None,Nasdaq GSM,
03:59:29.115 PM ET,7.990,325,2.60K,None,Nasdaq GSM,Inter Mkt Swp; Trade Thru Exmpt
03:59:29.115 PM ET,7.990,320,2.56K,None,Nasdaq GSM,Inter Mkt Swp; Trade Thru Exmpt
03:59:50.250 PM ET,7.990,302,2.41K,None,Nasdaq GSM,Inter Mkt Swp; Trade Thru Exmpt
09:44:53.073 AM ET,8.190,300,2.46K,Mid,NYSE Arca,
09:54:32.131 AM ET,8.190,300,2.46K,Mid,Cboe BZX,
10:02:43.757 AM ET,8.200,300,2.46K,Mid,Nasdaq GSM,
10:02:43.757 AM ET,8.210,300,2.46K,Mid,NYSE Arca,
10:11:54.965 AM ET,8.259,300,2.48K,Mid,Off Exchange,
10:46:14.432 AM ET,8.220,300,2.47K,Mid,NYSE,
11:24:46.070 AM ET,8.130,300,2.44K,Mid,Cboe EDGX,Inter Mkt Swp; Trade Thru Exmpt
11:32:37.283 AM ET,8.130,300,2.44K,Bid,Cboe BZX,
11:40:17.131 AM ET,8.030,300,2.41K,Ask,Nasdaq GSM,Inter Mkt Swp; Trade Thru Exmpt
11:40:17.131 AM ET,8.020,300,2.41K,Ask,NYSE Arca,Inter Mkt Swp; Trade Thru Exmpt
11:40:17.131 AM ET,8.020,300,2.41K,Ask,Cboe EDGX,Inter Mkt Swp; Trade Thru Exmpt
11:40:17.132 AM ET,8.040,300,2.41K,Ask,Cboe BZX,Inter Mkt Swp; Trade Thru Exmpt
11:40:17.132 AM ET,8.000,300,2.40K,Ask,NYSE,Inter Mkt Swp; Trade Thru Exmpt
11:40:17.134 AM ET,8.050,300,2.42K,Ask,Nasdaq GSM,Inter Mkt Swp; Trade Thru Exmpt
11:40:17.137 AM ET,8.030,300,2.41K,Mid,Nasdaq GSM,Inter Mkt Swp; Trade Thru Exmpt
11:40:17.137 AM ET,8.000,300,2.40K,Bid,Cboe EDGX,Inter Mkt Swp; Trade Thru Exmpt
11:45:22.728 AM ET,8.118,300,2.44K,Mid,Off Exchange,Avg Price; Deriv Priced; Trade Thru Exmpt
11:55:49.055 AM ET,8.170,300,2.45K,Bid,Off Exchange,
12:17:49.235 PM ET,8.280,300,2.48K,None,Nasdaq GSM,Inter Mkt Swp; Trade Thru Exmpt
02:40:35.887 PM ET,8.026,300,2.41K,Mid,Off Exchange,
02:44:31.461 PM ET,7.995,300,2.40K,Mid,Off Exchange,
03:12:34.364 PM ET,7.950,300,2.38K,Ask,Cboe BZX,
03:25:10.442 PM ET,7.990,300,2.40K,Bid,Off Exchange,
03:34:35.887 PM ET,7.940,300,2.38K,Ask,MIAX Pearl,Inter Mkt Swp; Trade Thru Exmpt
03:56:08.563 PM ET,8.000,300,2.40K,Ask,Cboe EDGX,Inter Mkt Swp; Trade Thru Exmpt
03:57:41.179 PM ET,8.030,300,2.41K,Mid,Nasdaq GSM,
03:58:57.753 PM ET,7.990,300,2.40K,Mid,Nasdaq GSM,
03:59:50.250 PM ET,7.990,300,2.40K,None,Nasdaq GSM,Inter Mkt Swp; Trade Thru Exmpt
03:59:57.437 PM ET,7.995,300,2.40K,None,NYSE Arca,
04:01:16.081 PM ET,7.990,300,2.40K,Mid,Off Exchange,Frm T Ext Hrs; Prior Ref Price; Trade Thru Exmpt
01:39:15.176 PM ET,8.000,299,2.39K,Mid,Off Exchange,
11:40:17.138 AM ET,7.990,297,2.37K,Bid,Cboe EDGX,Inter Mkt Swp; Trade Thru Exmpt
11:40:17.139 AM ET,7.990,293,2.34K,Bid,Nasdaq GSM,
11:40:17.138 AM ET,7.990,292,2.33K,Bid,Cboe BZX,Inter Mkt Swp; Trade Thru Exmpt
03:34:12.192 PM ET,7.940,277,2.20K,Ask,Nasdaq GSM,
03:59:44.715 PM ET,7.990,272,2.17K,None,Nasdaq GSM,
03:50:16.837 PM ET,7.938,270,2.14K,Bid,Off Exchange,Avg Price; Deriv Priced; Trade Thru Exmpt
09:36:38.299 AM ET,8.210,256,2.10K,Bid,Nasdaq GSM,
04:00:12.130 PM ET,7.990,256,2.05K,None,Off Exchange,Frm T Ext Hrs; Prior Ref Price
11:40:17.132 AM ET,8.000,250,2.00K,Ask,MEMX,Inter Mkt Swp; Trade Thru Exmpt
03:52:13.684 PM ET,7.980,250,2.00K,Bid,Nasdaq GSM,Inter Mkt Swp; Trade Thru Exmpt
09:36:38.299 AM ET,8.200,247,2.03K,Bid,Cboe EDGX,Inter Mkt Swp; Trade Thru Exmpt
10:28:18.481 AM ET,8.250,247,2.04K,Bid,Nasdaq GSM,
09:36:38.299 AM ET,8.210,244,2.00K,Bid,Nasdaq GSM,Inter Mkt Swp; Trade Thru Exmpt
04:00:13.011 PM ET,7.990,244,1.95K,None,Off Exchange,Frm T Ext Hrs; Prior Ref Price
11:40:17.134 AM ET,8.040,234,1.88K,Ask,Nasdaq GSM,Inter Mkt Swp; Trade Thru Exmpt
03:59:44.714 PM ET,7.990,233,1.86K,None,Nasdaq GSM,Inter Mkt Swp; Trade Thru Exmpt
04:00:13.242 PM ET,7.990,230,1.84K,None,Off Exchange,Frm T Ext Hrs; Prior Ref Price
03:59:17.608 PM ET,7.990,216,1.73K,None,Off Exchange,
03:03:14.304 PM ET,7.943,212,1.68K,Mid,Off Exchange,
03:59:45.242 PM ET,7.995,209,1.67K,None,NYSE Arca,
03:59:26.426 PM ET,8.000,207,1.66K,None,Nasdaq GSM,Inter Mkt Swp; Trade Thru Exmpt
03:59:54.024 PM ET,7.985,204,1.63K,None,NYSE,
09:36:34.457 AM ET,8.240,200,1.65K,Mid,Nasdaq GSM,Inter Mkt Swp; Trade Thru Exmpt
09:44:53.065 AM ET,8.215,200,1.64K,Mid,Off Exchange,
09:44:53.073 AM ET,8.180,200,1.64K,Mid,Off Exchange,
09:44:53.073 AM ET,8.180,200,1.64K,Mid,NYSE Arca,
09:44:53.083 AM ET,8.170,200,1.63K,Bid,Off Exchange,
09:44:53.084 AM ET,8.170,200,1.63K,Bid,Off Exchange,
09:44:53.086 AM ET,8.170,200,1.63K,Bid,Off Exchange,
09:45:42.257 AM ET,8.160,200,1.63K,Mid,Nasdaq GSM,
09:48:38.056 AM ET,8.180,200,1.64K,Mid,Nasdaq GSM,Inter Mkt Swp; Trade Thru Exmpt
09:49:49.115 AM ET,8.199,200,1.64K,Mid,Off Exchange,
09:54:32.120 AM ET,8.180,200,1.64K,Mid,Off Exchange,
10:05:59.924 AM ET,8.230,200,1.65K,Mid,Nasdaq GSM,Inter Mkt Swp; Trade Thru Exmpt
10:31:36.221 AM ET,8.254,200,1.65K,Mid,Off Exchange,Avg Price; Deriv Priced; Trade Thru Exmpt
11:31:35.967 AM ET,8.150,200,1.63K,Bid,Nasdaq GSM,Inter Mkt Swp; Trade Thru Exmpt
11:40:17.097 AM ET,8.090,200,1.62K,Ask,Nasdaq GSM,Inter Mkt Swp; Trade Thru Exmpt
11:40:17.131 AM ET,8.030,200,1.61K,Ask,Nasdaq GSM,Inter Mkt Swp; Trade Thru Exmpt
11:40:17.131 AM ET,8.020,200,1.60K,Ask,NYSE Arca,Inter Mkt Swp; Trade Thru Exmpt
11:40:17.132 AM ET,8.020,200,1.60K,Ask,Cboe EDGX,Inter Mkt Swp; Trade Thru Exmpt
11:40:17.132 AM ET,8.030,200,1.61K,Ask,Cboe BZX,Inter Mkt Swp; Trade Thru Exmpt
11:40:17.132 AM ET,8.020,200,1.60K,Ask,Cboe BZX,Inter Mkt Swp; Trade Thru Exmpt
11:40:17.137 AM ET,8.000,200,1.60K,Bid,Nasdaq GSM,Inter Mkt Swp; Trade Thru Exmpt
11:40:17.139 AM ET,8.030,200,1.61K,Mid,Off Exchange,
11:40:17.141 AM ET,7.990,200,1.60K,Bid,Off Exchange,
11:40:17.141 AM ET,7.985,200,1.60K,Bid,Off Exchange,
11:40:17.146 AM ET,7.970,200,1.59K,Bid,Nasdaq GSM,Inter Mkt Swp; Trade Thru Exmpt
11:40:17.150 AM ET,8.000,200,1.60K,Bid,NYSE Arca,Inter Mkt Swp; Trade Thru Exmpt
11:40:17.159 AM ET,8.000,200,1.60K,Bid,NYSE Arca,Inter Mkt Swp; Trade Thru Exmpt
11:40:17.175 AM ET,8.020,200,1.60K,Bid,NYSE Arca,Inter Mkt Swp; Trade Thru Exmpt
11:40:17.183 AM ET,7.990,200,1.60K,Bid,NYSE Arca,Inter Mkt Swp; Trade Thru Exmpt
11:40:17.192 AM ET,8.030,200,1.61K,Mid,NYSE Arca,
11:40:17.198 AM ET,8.010,200,1.60K,Bid,NYSE Arca,Inter Mkt Swp; Trade Thru Exmpt
11:40:17.220 AM ET,8.000,200,1.60K,Bid,Nasdaq GSM,Inter Mkt Swp; Trade Thru Exmpt
11:40:17.340 AM ET,8.000,200,1.60K,Bid,Off Exchange,
11:40:17.539 AM ET,8.050,200,1.61K,Mid,Nasdaq GSM,Inter Mkt Swp; Trade Thru Exmpt
11:40:23.288 AM ET,8.080,200,1.62K,Ask,Cboe BZX,Inter Mkt Swp; Trade Thru Exmpt
11:44:27.044 AM ET,8.130,200,1.63K,Mid,Nasdaq GSM,
11:44:38.529 AM ET,8.111,200,1.62K,Mid,Off Exchange,Avg Price; Deriv Priced; Trade Thru Exmpt
11:48:14.014 AM ET,8.150,200,1.63K,Bid,Nasdaq GSM,Inter Mkt Swp; Trade Thru Exmpt
11:50:32.262 AM ET,8.133,200,1.63K,Bid,Off Exchange,Avg Price; Deriv Priced; Trade Thru Exmpt
11:52:00.142 AM ET,8.151,200,1.63K,Bid,Off Exchange,Avg Price; Deriv Priced; Trade Thru Exmpt
11:53:49.385 AM ET,8.190,200,1.64K,Mid,Off Exchange,
11:55:49.048 AM ET,8.170,200,1.63K,Bid,NYSE,Inter Mkt Swp; Trade Thru Exmpt
11:55:49.048 AM ET,8.170,200,1.63K,Bid,NYSE,
11:55:49.055 AM ET,8.160,200,1.63K,Bid,Off Exchange,
12:19:01.861 PM ET,8.248,200,1.65K,Mid,Off Exchange,Avg Price; Deriv Priced; Trade Thru Exmpt
12:53:15.501 PM ET,8.032,200,1.61K,Mid,Off Exchange,
12:53:15.510 PM ET,8.040,200,1.61K,Mid,Off Exchange,
12:53:15.515 PM ET,8.040,200,1.61K,Mid,Off Exchange,
12:55:27.262 PM ET,8.060,200,1.61K,Mid,Nasdaq GSM,
01:08:10.877 PM ET,7.990,200,1.60K,Mid,Nasdaq GSM,
01:29:25.695 PM ET,7.960,200,1.59K,Mid,Off Exchange,
01:32:33.958 PM ET,8.000,200,1.60K,Ask,Nasdaq GSM,Inter Mkt Swp; Trade Thru Exmpt
01:47:48.072 PM ET,8.015,200,1.60K,Mid,NYSE Arca,
01:48:31.509 PM ET,8.000,200,1.60K,Bid,NYSE Arca,
02:14:19.077 PM ET,8.040,200,1.61K,Ask,Nasdaq GSM,
02:34:50.984 PM ET,8.050,200,1.61K,Mid,Nasdaq GSM,Inter Mkt Swp; Trade Thru Exmpt
02:45:49.371 PM ET,7.990,200,1.60K,Mid,Off Exchange,
03:04:19.898 PM ET,7.955,200,1.59K,Mid,Off Exchange,
03:12:34.391 PM ET,7.970,200,1.59K,Ask,Nasdaq GSM,Inter Mkt Swp; Trade Thru Exmpt
03:17:37.615 PM ET,7.980,200,1.60K,Mid,Nasdaq GSM,Inter Mkt Swp; Trade Thru Exmpt
03:17:37.623 PM ET,7.980,200,1.60K,Mid,Off Exchange,
03:22:52.255 PM ET,8.000,200,1.60K,Ask,Cboe BZX,
03:23:53.540 PM ET,8.010,200,1.60K,Mid,Off Exchange,
03:25:10.434 PM ET,7.990,200,1.60K,Bid,Nasdaq GSM,Inter Mkt Swp; Trade Thru Exmpt
03:25:10.435 PM ET,7.990,200,1.60K,Bid,Off Exchange,
03:30:08.856 PM ET,7.970,200,1.59K,Mid,Nasdaq GSM,
03:30:08.856 PM ET,7.970,200,1.59K,Mid,NYSE Arca,
03:30:08.856 PM ET,7.970,200,1.59K,Mid,NYSE,
03:34:00.404 PM ET,7.925,200,1.58K,Mid,Cboe BZX,
03:34:00.404 PM ET,7.925,200,1.58K,Mid,NYSE,
03:34:00.404 PM ET,7.925,200,1.58K,Mid,NYSE Arca,
03:34:12.191 PM ET,7.940,200,1.59K,Ask,Nasdaq GSM,Inter Mkt Swp; Trade Thru Exmpt
03:34:12.192 PM ET,7.935,200,1.59K,Mid,NYSE Arca,
03:34:43.513 PM ET,7.950,200,1.59K,Mid,Off Exchange,
03:40:28.835 PM ET,7.940,200,1.59K,Ask,Nasdaq GSM,Inter Mkt Swp; Trade Thru Exmpt
03:42:14.983 PM ET,7.937,200,1.59K,Mid,Off Exchange,Avg Price; Deriv Priced; Trade Thru Exmpt
03:44:18.503 PM ET,7.936,200,1.59K,Mid,Off Exchange,Avg Price; Deriv Priced; Trade Thru Exmpt
03:44:45.571 PM ET,7.925,200,1.58K,Mid,Nasdaq GSM,
03:44:45.571 PM ET,7.925,200,1.58K,Mid,NYSE Arca,
03:44:45.571 PM ET,7.925,200,1.58K,Mid,NYSE,
03:50:00.065 PM ET,7.950,200,1.59K,Bid,Nasdaq GSM,Inter Mkt Swp; Trade Thru Exmpt
03:50:00.065 PM ET,7.950,200,1.59K,Bid,Nasdaq GSM,
03:50:31.022 PM ET,7.938,200,1.59K,Bid,Off Exchange,Avg Price; Deriv Priced; Trade Thru Exmpt
03:51:07.760 PM ET,7.990,200,1.60K,Ask,Cboe BZX,Inter Mkt Swp; Trade Thru Exmpt
03:51:07.787 PM ET,7.990,200,1.60K,Ask,Off Exchange,
03:51:07.829 PM ET,7.985,200,1.60K,Mid,Off Exchange,
03:53:11.572 PM ET,7.980,200,1.60K,Mid,Nasdaq GSM,
03:53:11.573 PM ET,7.980,200,1.60K,Mid,Cboe BZX,
03:54:32.945 PM ET,7.980,200,1.60K,Mid,Off Exchange,Avg Price; Deriv Priced; Trade Thru Exmpt
03:54:37.186 PM ET,7.967,200,1.59K,Bid,Off Exchange,Avg Price; Deriv Priced; Trade Thru Exmpt
03:55:50.206 PM ET,7.985,200,1.60K,Mid,Nasdaq GSM,
03:56:08.562 PM ET,8.000,200,1.60K,Ask,Nasdaq GSM,Inter Mkt Swp; Trade Thru Exmpt
03:56:10.408 PM ET,8.020,200,1.60K,Mid,Nasdaq GSM,
03:56:27.797 PM ET,8.020,200,1.60K,Mid,Off Exchange,
03:57:41.191 PM ET,8.020,200,1.60K,Mid,Nasdaq GSM,Inter Mkt Swp; Trade Thru Exmpt
03:57:47.463 PM ET,8.020,200,1.60K,Mid,Off Exchange,
03:58:11.054 PM ET,8.010,200,1.60K,Ask,NYSE Arca,Inter Mkt Swp; Trade Thru Exmpt
03:58:11.054 PM ET,8.020,200,1.60K,Ask,Off Exchange,
03:58:33.404 PM ET,7.990,200,1.60K,Mid,Off Exchange,
03:59:26.424 PM ET,7.990,200,1.60K,None,Off Exchange,
03:59:27.600 PM ET,7.990,200,1.60K,None,Nasdaq GSM,
03:59:29.116 PM ET,7.985,200,1.60K,None,Nasdaq GSM,
03:59:34.729 PM ET,7.985,200,1.60K,None,Off Exchange,
03:59:34.994 PM ET,7.990,200,1.60K,None,Nasdaq GSM,
03:59:47.142 PM ET,7.995,200,1.60K,None,Nasdaq GSM,Inter Mkt Swp; Trade Thru Exmpt
03:59:50.250 PM ET,7.985,200,1.60K,None,Nasdaq GSM,
03:59:56.514 PM ET,7.990,200,1.60K,None,Nasdaq GSM,
05:27:34.681 PM ET,7.950,200,1.59K,Mid,Off Exchange,Frm T Ext Hrs
01:08:10.877 PM ET,7.990,199,1.59K,Mid,Nasdaq GSM,
03:34:12.192 PM ET,7.940,199,1.58K,Ask,Cboe BZX,
03:59:34.994 PM ET,7.990,199,1.59K,None,Nasdaq GSM,
10:14:07.092 AM ET,8.230,198,1.63K,Bid,Nasdaq GSM,Inter Mkt Swp; Trade Thru Exmpt
11:40:17.140 AM ET,7.980,197,1.57K,Bid,IEX,
03:40:28.835 PM ET,7.940,197,1.56K,Ask,Nasdaq GSM,Inter Mkt Swp; Trade Thru Exmpt
03:59:29.115 PM ET,7.990,197,1.57K,None,Nasdaq GSM,
03:59:34.996 PM ET,8.000,197,1.58K,None,Off Exchange,
03:59:17.348 PM ET,7.990,196,1.57K,None,Nasdaq GSM,Inter Mkt Swp; Trade Thru Exmpt
03:22:12.659 PM ET,7.985,194,1.55K,Mid,NYSE Arca,
09:41:36.018 AM ET,8.173,192,1.57K,Mid,Off Exchange,
11:40:17.138 AM ET,7.990,192,1.53K,Bid,Cboe BZX,Inter Mkt Swp; Trade Thru Exmpt
02:17:02.073 PM ET,8.090,190,1.54K,Ask,Nasdaq GSM,Inter Mkt Swp; Trade Thru Exmpt
03:58:11.053 PM ET,8.010,190,1.52K,Ask,Nasdaq GSM,
03:52:13.684 PM ET,7.980,187,1.49K,Bid,MEMX,Inter Mkt Swp; Trade Thru Exmpt
03:59:17.577 PM ET,7.990,184,1.47K,None,Off Exchange,
03:57:47.461 PM ET,8.020,183,1.47K,Mid,Off Exchange,
12:41:26.076 PM ET,8.205,181,1.49K,Mid,Off Exchange,Avg Price; Deriv Priced; Trade Thru Exmpt
11:40:18.552 AM ET,8.070,180,1.45K,Mid,Off Exchange,
02:51:17.162 PM ET,7.980,180,1.44K,Bid,Cboe BZX,Inter Mkt Swp; Trade Thru Exmpt
03:59:34.994 PM ET,7.990,178,1.42K,None,Nasdaq GSM,Inter Mkt Swp; Trade Thru Exmpt
03:36:21.571 PM ET,7.950,175,1.39K,Mid,Off Exchange,
03:59:44.714 PM ET,7.990,173,1.38K,None,Nasdaq GSM,
02:18:33.775 PM ET,8.055,172,1.39K,Mid,Off Exchange,
10:52:59.818 AM ET,8.230,170,1.40K,Mid,NYSE Arca,
11:40:17.132 AM ET,8.000,166,1.33K,Ask,NYSE Arca,Inter Mkt Swp; Trade Thru Exmpt
01:12:22.309 PM ET,8.010,163,1.31K,Ask,Nasdaq GSM,
03:59:56.513 PM ET,7.990,163,1.30K,None,Nasdaq GSM,
12:29:32.707 PM ET,8.200,162,1.33K,Bid,Nasdaq GSM,Inter Mkt Swp; Trade Thru Exmpt
03:59:29.115 PM ET,7.990,161,1.29K,None,Nasdaq GSM,Inter Mkt Swp; Trade Thru Exmpt
11:40:17.132 AM ET,8.000,160,1.28K,Ask,NYSE Arca,Inter Mkt Swp; Trade Thru Exmpt
11:40:17.156 AM ET,8.040,160,1.29K,Ask,Off Exchange,
03:58:13.396 PM ET,7.990,160,1.28K,Mid,Off Exchange,
11:40:17.139 AM ET,7.980,155,1.24K,Bid,NYSE,
03:59:29.115 PM ET,7.990,155,1.24K,None,Nasdaq GSM,Inter Mkt Swp; Trade Thru Exmpt
11:35:01.262 AM ET,8.142,154,1.25K,Mid,Off Exchange,Avg Price; Deriv Priced; Trade Thru Exmpt
11:40:17.139 AM ET,7.980,153,1.22K,Bid,NYSE Arca,Inter Mkt Swp; Trade Thru Exmpt
09:36:38.298 AM ET,8.220,150,1.23K,Mid,Nasdaq BX,
09:44:53.073 AM ET,8.190,150,1.23K,Mid,Cboe EDGX,
09:44:53.073 AM ET,8.180,150,1.23K,Mid,IEX,
09:54:32.131 AM ET,8.190,150,1.23K,Mid,Cboe EDGA,
09:54:32.131 AM ET,8.190,150,1.23K,Mid,MEMX,
09:54:32.131 AM ET,8.190,150,1.23K,Mid,Cboe EDGX,
09:54:32.131 AM ET,8.190,150,1.23K,Mid,MIAX Pearl,
11:24:46.105 AM ET,8.140,150,1.22K,Mid,NYSE American,
11:24:46.105 AM ET,8.145,150,1.22K,Mid,IEX,
11:40:17.135 AM ET,8.040,150,1.21K,Ask,Nasdaq GSM,
11:40:17.138 AM ET,8.000,150,1.20K,Bid,Nasdaq BX,
11:40:17.138 AM ET,8.000,150,1.20K,Bid,Nasdaq PHLX,
11:40:17.138 AM ET,8.000,150,1.20K,Bid,24X National,
11:40:17.138 AM ET,8.000,150,1.20K,Bid,TXSE,
11:40:17.139 AM ET,8.000,150,1.20K,Bid,NYSE National,
11:40:17.139 AM ET,8.000,150,1.20K,Bid,NYSE American,
11:40:17.139 AM ET,8.000,150,1.20K,Bid,CHX,
11:40:17.139 AM ET,7.990,150,1.20K,Bid,MIAX Pearl,
11:40:17.140 AM ET,7.990,150,1.20K,Bid,Cboe BYX,
11:40:17.140 AM ET,7.990,150,1.20K,Bid,Cboe EDGA,
11:40:17.148 AM ET,7.970,150,1.20K,Bid,Cboe BYX,
11:40:17.149 AM ET,7.960,150,1.19K,Bid,Off Exchange,
12:17:49.235 PM ET,8.290,150,1.24K,None,MEMX,Inter Mkt Swp; Trade Thru Exmpt
01:22:44.791 PM ET,7.990,150,1.20K,Mid,IEX,
01:24:44.655 PM ET,7.990,150,1.20K,Mid,Cboe EDGX,
01:25:05.425 PM ET,8.000,150,1.20K,Mid,Cboe EDGX,Inter Mkt Swp; Trade Thru Exmpt
02:54:53.457 PM ET,7.973,150,1.20K,Mid,Off Exchange,
03:12:34.364 PM ET,7.955,150,1.19K,Ask,MEMX,
03:12:34.381 PM ET,7.960,150,1.19K,Ask,IEX,
03:16:51.127 PM ET,7.975,150,1.20K,Mid,Off Exchange,
03:40:28.860 PM ET,7.925,150,1.19K,Mid,IEX,
03:53:11.573 PM ET,7.980,150,1.20K,Mid,Cboe EDGX,
03:53:11.573 PM ET,7.980,150,1.20K,Mid,MEMX,
03:56:08.623 PM ET,8.015,150,1.20K,Mid,IEX,
03:59:39.988 PM ET,7.995,150,1.20K,None,Cboe BYX,
10:15:43.626 AM ET,8.215,149,1.22K,Mid,Off Exchange,
11:40:17.139 AM ET,7.985,148,1.18K,Bid,Nasdaq GSM,
11:48:14.014 AM ET,8.150,148,1.21K,Bid,Nasdaq GSM,Inter Mkt Swp; Trade Thru Exmpt
12:01:30.462 PM ET,8.171,148,1.21K,Mid,Off Exchange,Avg Price; Deriv Priced; Trade Thru Exmpt
01:22:44.792 PM ET,8.000,147,1.18K,Ask,Cboe BZX,Inter Mkt Swp; Trade Thru Exmpt
01:48:31.509 PM ET,8.000,147,1.18K,Bid,NYSE,Inter Mkt Swp; Trade Thru Exmpt
03:57:41.190 PM ET,8.020,146,1.17K,Mid,Nasdaq GSM,Inter Mkt Swp; Trade Thru Exmpt
11:40:17.139 AM ET,7.990,145,1.16K,Bid,NYSE,
03:53:11.572 PM ET,7.970,145,1.16K,Bid,Cboe EDGX,
12:17:49.235 PM ET,8.290,143,1.19K,None,NYSE,Inter Mkt Swp; Trade Thru Exmpt
03:58:00.008 PM ET,8.020,142,1.14K,Mid,Off Exchange,
03:32:56.122 PM ET,7.979,141,1.13K,Ask,Off Exchange,Avg Price; Deriv Priced; Trade Thru Exmpt
11:40:17.138 AM ET,8.000,140,1.12K,Bid,MEMX,
11:40:17.139 AM ET,7.970,140,1.12K,Bid,NYSE Arca,Inter Mkt Swp; Trade Thru Exmpt
11:55:49.056 AM ET,8.150,140,1.14K,Bid,IEX,
12:53:15.510 PM ET,8.030,140,1.12K,Bid,Off Exchange,
03:47:08.590 PM ET,7.930,140,1.11K,Mid,Off Exchange,Avg Price; Deriv Priced; Trade Thru Exmpt
03:59:44.714 PM ET,7.990,140,1.12K,None,Nasdaq GSM,Inter Mkt Swp; Trade Thru Exmpt
03:59:49.093 PM ET,7.990,140,1.12K,None,Nasdaq GSM,Inter Mkt Swp; Trade Thru Exmpt
11:40:17.150 AM ET,8.020,139,1.11K,Bid,Nasdaq GSM,Inter Mkt Swp; Trade Thru Exmpt
01:26:17.594 PM ET,7.980,139,1.11K,Mid,NYSE,Inter Mkt Swp; Trade Thru Exmpt
03:00:57.382 PM ET,7.976,139,1.11K,Mid,Off Exchange,Avg Price; Deriv Priced; Trade Thru Exmpt
03:53:11.572 PM ET,7.970,138,1.10K,Bid,MEMX,
12:17:49.235 PM ET,8.280,137,1.13K,None,Nasdaq PHLX,Inter Mkt Swp; Trade Thru Exmpt
03:59:49.986 PM ET,7.995,137,1.10K,None,Cboe BYX,
03:59:50.250 PM ET,7.990,137,1.09K,None,Nasdaq GSM,Inter Mkt Swp; Trade Thru Exmpt
03:56:09.222 PM ET,8.020,136,1.09K,Mid,Off Exchange,
02:51:17.161 PM ET,7.980,135,1.08K,Bid,Nasdaq GSM,Inter Mkt Swp; Trade Thru Exmpt
03:59:29.115 PM ET,7.990,135,1.08K,None,Nasdaq GSM,Inter Mkt Swp; Trade Thru Exmpt
12:55:11.923 PM ET,8.074,134,1.08K,Mid,Off Exchange,Avg Price; Deriv Priced; Trade Thru Exmpt
02:12:39.693 PM ET,8.012,134,1.07K,Mid,Off Exchange,Avg Price; Deriv Priced; Trade Thru Exmpt
03:51:52.382 PM ET,7.955,134,1.07K,Bid,Off Exchange,Avg Price; Deriv Priced; Trade Thru Exmpt
01:06:49.583 PM ET,7.981,133,1.06K,Mid,Off Exchange,Avg Price; Deriv Priced; Trade Thru Exmpt
09:55:24.148 AM ET,8.190,131,1.07K,Bid,NYSE Arca,Inter Mkt Swp; Trade Thru Exmpt
11:40:17.139 AM ET,8.000,130,1.04K,Bid,IEX,
01:05:12.604 PM ET,8.012,130,1.04K,Mid,Off Exchange,Avg Price; Deriv Priced; Trade Thru Exmpt
03:14:28.502 PM ET,7.951,129,1.03K,Bid,Off Exchange,Avg Price; Deriv Priced; Trade Thru Exmpt
01:55:49.525 PM ET,8.009,128,1.03K,Mid,Off Exchange,Avg Price; Deriv Priced; Trade Thru Exmpt
02:50:47.222 PM ET,7.992,128,1.02K,Mid,Off Exchange,Avg Price; Deriv Priced; Trade Thru Exmpt
03:49:03.182 PM ET,7.930,128,1.02K,Mid,Off Exchange,Avg Price; Deriv Priced; Trade Thru Exmpt
01:15:58.182 PM ET,8.000,126,1.01K,Bid,Off Exchange,Avg Price; Deriv Priced; Trade Thru Exmpt
01:25:30.502 PM ET,8.019,126,1.01K,Ask,Off Exchange,Avg Price; Deriv Priced; Trade Thru Exmpt
01:35:39.123 PM ET,7.984,126,1.01K,Bid,Off Exchange,Avg Price; Deriv Priced; Trade Thru Exmpt
01:45:39.622 PM ET,8.005,126,1.01K,Mid,Off Exchange,Avg Price; Deriv Priced; Trade Thru Exmpt
02:24:14.482 PM ET,8.060,126,1.02K,Mid,Off Exchange,Avg Price; Deriv Priced; Trade Thru Exmpt
03:27:42.141 PM ET,7.993,126,1.01K,Mid,Off Exchange,Avg Price; Deriv Priced; Trade Thru Exmpt
03:37:08.483 PM ET,7.948,126,1.00K,Mid,Off Exchange,Avg Price; Deriv Priced; Trade Thru Exmpt
12:45:21.923 PM ET,8.196,124,1.02K,Ask,Off Exchange,Avg Price; Deriv Priced; Trade Thru Exmpt
02:36:37.363 PM ET,8.055,124,999,Ask,Off Exchange,Avg Price; Deriv Priced; Trade Thru Exmpt
10:53:14.802 AM ET,8.231,123,1.01K,Mid,Off Exchange,Avg Price; Deriv Priced; Trade Thru Exmpt
11:10:37.803 AM ET,8.155,123,1.00K,Mid,Off Exchange,Avg Price; Deriv Priced; Trade Thru Exmpt
11:23:10.563 AM ET,8.134,123,1.00K,Mid,Off Exchange,Avg Price; Deriv Priced; Trade Thru Exmpt
11:42:40.684 AM ET,8.008,123,985,Bid,Off Exchange,Avg Price; Deriv Priced; Trade Thru Exmpt
09:44:53.096 AM ET,8.180,122,998,Mid,Off Exchange,
10:46:50.010 AM ET,8.220,121,995,Mid,Off Exchange,
03:59:26.426 PM ET,8.000,121,968,None,Cboe BZX,
11:40:17.131 AM ET,8.020,120,962,Ask,Nasdaq GSM,Inter Mkt Swp; Trade Thru Exmpt
03:52:13.684 PM ET,7.980,120,958,Bid,Nasdaq GSM,Inter Mkt Swp; Trade Thru Exmpt
12:17:49.235 PM ET,8.290,117,970,None,NYSE Arca,Inter Mkt Swp; Trade Thru Exmpt
03:59:17.567 PM ET,7.990,116,927,None,IEX,
09:45:42.241 AM ET,8.200,115,943,Ask,Off Exchange,
02:02:57.850 PM ET,8.000,115,920,Ask,NYSE Arca,Inter Mkt Swp; Trade Thru Exmpt
03:58:19.763 PM ET,7.990,114,911,Mid,Off Exchange,
09:45:42.280 AM ET,8.150,110,897,Mid,Nasdaq GSM,
11:40:17.132 AM ET,8.000,110,880,Ask,NYSE Arca,Inter Mkt Swp; Trade Thru Exmpt
11:40:17.133 AM ET,8.040,110,884,Ask,Off Exchange,
03:11:23.244 PM ET,7.940,110,873,Ask,Cboe BYX,Inter Mkt Swp; Trade Thru Exmpt
03:50:02.679 PM ET,7.975,110,877,Mid,NYSE,
03:59:51.773 PM ET,7.985,110,878,None,Off Exchange,
03:58:11.054 PM ET,8.010,108,865,Ask,NYSE Arca,Inter Mkt Swp; Trade Thru Exmpt
11:37:43.468 AM ET,8.110,107,868,Bid,NYSE Arca,
11:40:17.132 AM ET,8.040,105,844,Ask,Nasdaq GSM,Inter Mkt Swp; Trade Thru Exmpt
11:40:29.827 AM ET,8.080,105,848,Mid,Nasdaq GSM,
03:59:17.335 PM ET,7.990,104,831,None,Off Exchange,
11:40:17.132 AM ET,8.030,103,827,Ask,Nasdaq GSM,Inter Mkt Swp; Trade Thru Exmpt
11:40:17.139 AM ET,8.000,103,824,Bid,MIAX Pearl,Inter Mkt Swp; Trade Thru Exmpt
11:40:17.139 AM ET,7.970,102,813,Bid,Cboe BZX,Inter Mkt Swp; Trade Thru Exmpt
03:59:52.780 PM ET,7.985,102,814,None,Nasdaq GSM,Inter Mkt Swp; Trade Thru Exmpt
04:01:19.607 PM ET,7.990,102,815,Mid,Off Exchange,Frm T Ext Hrs; Prior Ref Price; Trade Thru Exmpt
01:21:29.247 PM ET,8.000,101,808,Bid,Cboe BYX,Inter Mkt Swp; Trade Thru Exmpt
03:34:12.192 PM ET,7.940,101,802,Ask,Cboe BZX,Inter Mkt Swp; Trade Thru Exmpt
03:59:50.250 PM ET,7.990,101,807,None,NYSE Arca,
09:36:38.299 AM ET,8.220,100,822,Mid,Nasdaq GSM,Inter Mkt Swp; Trade Thru Exmpt
09:36:38.402 AM ET,8.240,100,824,Ask,Nasdaq GSM,Inter Mkt Swp; Trade Thru Exmpt
09:36:38.402 AM ET,8.230,100,823,Mid,Cboe EDGX,Inter Mkt Swp; Trade Thru Exmpt
09:36:38.402 AM ET,8.230,100,823,Mid,Nasdaq GSM,Inter Mkt Swp; Trade Thru Exmpt
09:36:38.402 AM ET,8.240,100,824,Ask,Cboe EDGX,Inter Mkt Swp; Trade Thru Exmpt
09:36:38.402 AM ET,8.230,100,823,Mid,Off Exchange,
09:36:39.234 AM ET,8.230,100,823,Mid,Off Exchange,
09:41:36.019 AM ET,8.180,100,818,Mid,Nasdaq GSM,
09:44:53.063 AM ET,8.215,100,822,Mid,Off Exchange,
09:44:53.073 AM ET,8.180,100,818,Mid,Off Exchange,
09:44:53.073 AM ET,8.180,100,818,Mid,Nasdaq GSM,
09:44:53.073 AM ET,8.180,100,818,Mid,NYSE Arca,
09:44:53.073 AM ET,8.180,100,818,Mid,IEX,
09:44:53.074 AM ET,8.180,100,818,Mid,NYSE Arca,
09:44:53.083 AM ET,8.170,100,817,Bid,Nasdaq GSM,
09:44:53.083 AM ET,8.180,100,818,Mid,Off Exchange,
09:44:53.084 AM ET,8.170,100,817,Bid,Cboe BZX,
09:44:53.084 AM ET,8.170,100,817,Bid,NYSE,
09:44:53.093 AM ET,8.170,100,817,Bid,Nasdaq GSM,
09:44:53.095 AM ET,8.160,100,816,Bid,Off Exchange,
09:44:53.097 AM ET,8.160,100,816,Bid,Nasdaq GSM,
09:44:53.097 AM ET,8.180,100,818,Mid,Nasdaq GSM,Inter Mkt Swp; Trade Thru Exmpt
09:44:53.108 AM ET,8.160,100,816,Bid,Off Exchange,
09:45:42.226 AM ET,8.200,100,820,Ask,Nasdaq GSM,
09:45:42.227 AM ET,8.200,100,820,Ask,NYSE Arca,Inter Mkt Swp; Trade Thru Exmpt
09:45:42.229 AM ET,8.190,100,819,Ask,Nasdaq GSM,Inter Mkt Swp; Trade Thru Exmpt
09:45:42.245 AM ET,8.200,100,820,Ask,Off Exchange,
09:45:42.246 AM ET,8.170,100,817,Mid,Nasdaq GSM,
09:45:42.246 AM ET,8.200,100,820,Ask,Off Exchange,
09:47:27.303 AM ET,8.160,100,816,Ask,NYSE Arca,Inter Mkt Swp; Trade Thru Exmpt
09:47:27.303 AM ET,8.140,100,814,Mid,Off Exchange,
09:47:27.307 AM ET,8.170,100,817,Ask,Cboe BZX,Inter Mkt Swp; Trade Thru Exmpt
09:47:27.308 AM ET,8.155,100,816,Mid,Off Exchange,
09:47:27.313 AM ET,8.180,100,818,Ask,Cboe BZX,Inter Mkt Swp; Trade Thru Exmpt
09:49:32.043 AM ET,8.200,100,820,Ask,Off Exchange,
09:51:59.216 AM ET,8.190,100,819,Bid,NYSE Arca,Inter Mkt Swp; Trade Thru Exmpt
09:53:25.676 AM ET,8.180,100,818,Mid,Nasdaq GSM,
09:53:25.677 AM ET,8.180,100,818,Mid,NYSE,
09:53:25.677 AM ET,8.180,100,818,Mid,NYSE Arca,
09:54:04.505 AM ET,8.180,100,818,Mid,Off Exchange,
09:54:32.110 AM ET,8.180,100,818,Mid,MEMX,
09:54:32.110 AM ET,8.180,100,818,Mid,Off Exchange,
09:54:32.110 AM ET,8.180,100,818,Mid,MIAX Pearl,
09:54:32.110 AM ET,8.180,100,818,Mid,NYSE American,
09:54:32.110 AM ET,8.180,100,818,Mid,IEX,
09:54:32.111 AM ET,8.180,100,818,Mid,Off Exchange,
09:54:32.131 AM ET,8.200,100,820,Ask,Nasdaq GSM,Inter Mkt Swp; Trade Thru Exmpt
09:54:32.131 AM ET,8.200,100,820,Ask,Cboe EDGX,Inter Mkt Swp; Trade Thru Exmpt
09:54:32.131 AM ET,8.200,100,820,Ask,NYSE Arca,Inter Mkt Swp; Trade Thru Exmpt
09:54:32.131 AM ET,8.210,100,821,Ask,Nasdaq GSM,Inter Mkt Swp; Trade Thru Exmpt
09:54:32.131 AM ET,8.210,100,821,Ask,Cboe BZX,Inter Mkt Swp; Trade Thru Exmpt
09:54:32.131 AM ET,8.210,100,821,Ask,NYSE Arca,
09:54:32.131 AM ET,8.210,100,821,Ask,Cboe EDGX,Inter Mkt Swp; Trade Thru Exmpt
09:54:32.132 AM ET,8.210,100,821,Ask,NYSE,Inter Mkt Swp; Trade Thru Exmpt
09:54:32.132 AM ET,8.210,100,821,Ask,MEMX,
09:54:32.132 AM ET,8.210,100,821,Ask,Cboe EDGX,
09:54:32.133 AM ET,8.210,100,821,Ask,NYSE,
09:55:24.148 AM ET,8.190,100,819,Bid,NYSE Arca,Inter Mkt Swp; Trade Thru Exmpt
09:58:45.658 AM ET,8.200,100,820,Mid,IEX,
09:58:45.658 AM ET,8.200,100,820,Mid,NYSE Arca,Inter Mkt Swp; Trade Thru Exmpt
10:03:21.420 AM ET,8.190,100,819,Mid,Off Exchange,
10:05:59.912 AM ET,8.230,100,823,Mid,NYSE Arca,Inter Mkt Swp; Trade Thru Exmpt
10:05:59.912 AM ET,8.230,100,823,Mid,Cboe BZX,Inter Mkt Swp; Trade Thru Exmpt
10:05:59.918 AM ET,8.240,100,824,Mid,Nasdaq GSM,Inter Mkt Swp; Trade Thru Exmpt
10:05:59.918 AM ET,8.230,100,823,Mid,Nasdaq GSM,Inter Mkt Swp; Trade Thru Exmpt
10:05:59.918 AM ET,8.220,100,822,Mid,Cboe BZX,Inter Mkt Swp; Trade Thru Exmpt
10:05:59.918 AM ET,8.220,100,822,Mid,NYSE Arca,Inter Mkt Swp; Trade Thru Exmpt
10:05:59.928 AM ET,8.230,100,823,Mid,Nasdaq GSM,Inter Mkt Swp; Trade Thru Exmpt
10:05:59.928 AM ET,8.230,100,823,Mid,Cboe BZX,Inter Mkt Swp; Trade Thru Exmpt
10:05:59.928 AM ET,8.230,100,823,Mid,NYSE Arca,Inter Mkt Swp; Trade Thru Exmpt
10:09:03.414 AM ET,8.250,100,825,Mid,Cboe BZX,Inter Mkt Swp; Trade Thru Exmpt
10:11:19.975 AM ET,8.250,100,825,Mid,Cboe BZX,Inter Mkt Swp; Trade Thru Exmpt
10:12:59.602 AM ET,8.260,100,826,Mid,Cboe BZX,Inter Mkt Swp; Trade Thru Exmpt
10:13:19.223 AM ET,8.240,100,824,Mid,Cboe EDGX,Inter Mkt Swp; Trade Thru Exmpt
10:14:07.092 AM ET,8.230,100,823,Bid,Nasdaq GSM,Inter Mkt Swp; Trade Thru Exmpt
10:14:07.092 AM ET,8.230,100,823,Bid,Cboe BZX,Inter Mkt Swp; Trade Thru Exmpt
10:14:07.093 AM ET,8.220,100,822,Bid,Nasdaq GSM,Inter Mkt Swp; Trade Thru Exmpt
10:14:07.096 AM ET,8.225,100,823,Bid,IEX,
10:14:07.099 AM ET,8.225,100,823,Bid,IEX,
10:14:07.115 AM ET,8.225,100,823,Bid,IEX,
10:14:07.120 AM ET,8.220,100,822,Mid,IEX,
10:20:56.857 AM ET,8.225,100,823,Mid,NYSE,
10:26:48.552 AM ET,8.250,100,825,Ask,Off Exchange,
10:28:18.481 AM ET,8.250,100,825,Bid,Cboe BZX,Inter Mkt Swp; Trade Thru Exmpt
10:28:18.481 AM ET,8.250,100,825,Bid,Cboe BZX,
10:28:18.483 AM ET,8.270,100,827,Mid,Nasdaq GSM,Inter Mkt Swp; Trade Thru Exmpt
10:28:22.572 AM ET,8.270,100,827,Mid,IEX,
10:29:49.025 AM ET,8.275,100,828,Mid,Off Exchange,
10:31:16.521 AM ET,8.250,100,825,Mid,Nasdaq GSM,Inter Mkt Swp; Trade Thru Exmpt
10:31:16.521 AM ET,8.250,100,825,Mid,Nasdaq GSM,
10:31:16.522 AM ET,8.240,100,824,Mid,Cboe BZX,
10:31:16.522 AM ET,8.240,100,824,Mid,NYSE Arca,
10:31:16.522 AM ET,8.240,100,824,Mid,NYSE,
10:33:40.433 AM ET,8.240,100,824,Mid,Nasdaq GSM,
10:33:40.433 AM ET,8.240,100,824,Mid,Cboe BZX,
10:37:31.619 AM ET,8.245,100,825,Mid,Off Exchange,
10:38:28.092 AM ET,8.238,100,824,Mid,Off Exchange,
10:39:02.900 AM ET,8.245,100,825,Mid,NYSE,
10:43:41.249 AM ET,8.240,100,824,Mid,Cboe EDGX,Inter Mkt Swp; Trade Thru Exmpt
10:48:02.373 AM ET,8.220,100,822,Mid,Off Exchange,
10:50:24.019 AM ET,8.230,100,823,Bid,Cboe BZX,Inter Mkt Swp; Trade Thru Exmpt
10:50:24.019 AM ET,8.240,100,824,Mid,Cboe BZX,Inter Mkt Swp; Trade Thru Exmpt
10:50:24.019 AM ET,8.230,100,823,Bid,NYSE Arca,Inter Mkt Swp; Trade Thru Exmpt
10:50:24.026 AM ET,8.240,100,824,Mid,Nasdaq GSM,
10:50:24.070 AM ET,8.250,100,825,Ask,Cboe BZX,Inter Mkt Swp; Trade Thru Exmpt
10:50:32.200 AM ET,8.245,100,825,Mid,Nasdaq GSM,
10:52:59.818 AM ET,8.230,100,823,Mid,NYSE Arca,
10:53:00.192 AM ET,8.210,100,821,Mid,Nasdaq GSM,Inter Mkt Swp; Trade Thru Exmpt
10:59:31.092 AM ET,8.185,100,819,Mid,Cboe EDGX,
11:04:00.689 AM ET,8.160,100,816,Mid,IEX,
11:06:25.809 AM ET,8.155,100,816,Mid,Nasdaq GSM,
11:12:48.768 AM ET,8.140,100,814,Mid,Off Exchange,
11:15:53.692 AM ET,8.135,100,814,Mid,Off Exchange,
11:15:53.695 AM ET,8.135,100,814,Mid,Off Exchange,
11:23:19.338 AM ET,8.140,100,814,Mid,Cboe BZX,
11:23:19.338 AM ET,8.140,100,814,Mid,Cboe EDGX,
11:23:19.338 AM ET,8.140,100,814,Mid,NYSE Arca,
11:24:46.070 AM ET,8.135,100,814,Mid,Cboe EDGX,
11:24:46.070 AM ET,8.130,100,813,Mid,Cboe EDGX,
11:24:46.104 AM ET,8.140,100,814,Mid,Nasdaq GSM,Inter Mkt Swp; Trade Thru Exmpt
11:24:46.104 AM ET,8.140,100,814,Mid,Cboe BZX,
11:24:46.104 AM ET,8.140,100,814,Mid,Cboe EDGX,
11:24:46.105 AM ET,8.140,100,814,Mid,NYSE,
11:24:46.105 AM ET,8.140,100,814,Mid,NYSE National,
11:27:25.560 AM ET,8.140,100,814,Mid,IEX,
11:31:33.090 AM ET,8.140,100,814,Bid,Cboe BZX,Inter Mkt Swp; Trade Thru Exmpt
11:31:33.098 AM ET,8.150,100,815,Bid,Nasdaq GSM,
11:31:35.967 AM ET,8.150,100,815,Bid,Nasdaq GSM,Inter Mkt Swp; Trade Thru Exmpt
11:31:35.967 AM ET,8.150,100,815,Bid,NYSE Arca,Inter Mkt Swp; Trade Thru Exmpt
11:32:37.283 AM ET,8.130,100,813,Bid,Cboe BZX,
11:32:37.283 AM ET,8.130,100,813,Bid,Cboe BZX,Inter Mkt Swp; Trade Thru Exmpt
11:32:37.288 AM ET,8.140,100,814,Mid,Cboe BZX,Inter Mkt Swp; Trade Thru Exmpt
11:32:37.288 AM ET,8.140,100,814,Mid,NYSE Arca,Inter Mkt Swp; Trade Thru Exmpt
11:32:37.289 AM ET,8.140,100,814,Mid,IEX,
11:33:36.483 AM ET,8.140,100,814,Mid,Off Exchange,
11:37:09.497 AM ET,8.125,100,813,Mid,Nasdaq GSM,
11:37:19.008 AM ET,8.110,100,811,Bid,Off Exchange,
11:37:34.851 AM ET,8.120,100,812,Ask,Cboe BZX,Inter Mkt Swp; Trade Thru Exmpt
11:37:43.468 AM ET,8.110,100,811,Bid,Nasdaq GSM,
11:37:43.468 AM ET,8.110,100,811,Bid,NYSE Arca,
11:37:43.468 AM ET,8.115,100,812,Mid,Nasdaq GSM,
11:37:43.468 AM ET,8.115,100,812,Mid,NYSE,
11:37:43.468 AM ET,8.115,100,812,Mid,NYSE National,
11:37:43.468 AM ET,8.115,100,812,Mid,NYSE Arca,
11:40:17.083 AM ET,8.090,100,809,Ask,NYSE Arca,
11:40:17.131 AM ET,8.070,100,807,Ask,NYSE Arca,
11:40:17.131 AM ET,8.070,100,807,Ask,Nasdaq GSM,Inter Mkt Swp; Trade Thru Exmpt
11:40:17.131 AM ET,8.060,100,806,Ask,Nasdaq GSM,Inter Mkt Swp; Trade Thru Exmpt
11:40:17.131 AM ET,8.050,100,805,Ask,Nasdaq GSM,Inter Mkt Swp; Trade Thru Exmpt
11:40:17.131 AM ET,8.040,100,804,Ask,Nasdaq GSM,Inter Mkt Swp; Trade Thru Exmpt
11:40:17.131 AM ET,8.030,100,803,Ask,Nasdaq GSM,Inter Mkt Swp; Trade Thru Exmpt
11:40:17.131 AM ET,8.020,100,802,Ask,Nasdaq GSM,Inter Mkt Swp; Trade Thru Exmpt
11:40:17.131 AM ET,8.010,100,801,Ask,Nasdaq GSM,Inter Mkt Swp; Trade Thru Exmpt
11:40:17.131 AM ET,8.030,100,803,Ask,NYSE Arca,Inter Mkt Swp; Trade Thru Exmpt
11:40:17.131 AM ET,8.020,100,802,Ask,NYSE Arca,Inter Mkt Swp; Trade Thru Exmpt
11:40:17.131 AM ET,8.060,100,806,Ask,TXSE,Inter Mkt Swp; Trade Thru Exmpt
11:40:17.131 AM ET,8.050,100,805,Ask,TXSE,Inter Mkt Swp; Trade Thru Exmpt
11:40:17.131 AM ET,8.050,100,805,Ask,Cboe BZX,Inter Mkt Swp; Trade Thru Exmpt
11:40:17.131 AM ET,8.040,100,804,Ask,Cboe EDGX,Inter Mkt Swp; Trade Thru Exmpt
11:40:17.131 AM ET,8.020,100,802,Ask,Cboe EDGX,Inter Mkt Swp; Trade Thru Exmpt
11:40:17.132 AM ET,8.040,100,804,Ask,Cboe BZX,Inter Mkt Swp; Trade Thru Exmpt
11:40:17.132 AM ET,8.030,100,803,Ask,Cboe BZX,Inter Mkt Swp; Trade Thru Exmpt
11:40:17.132 AM ET,8.000,100,800,Ask,NYSE Arca,Trade Thru Exmpt
11:40:17.132 AM ET,8.020,100,802,Ask,Cboe BZX,Inter Mkt Swp; Trade Thru Exmpt
11:40:17.132 AM ET,8.020,100,802,Ask,Nasdaq GSM,Inter Mkt Swp; Trade Thru Exmpt
11:40:17.133 AM ET,8.020,100,802,Ask,NYSE Arca,
11:40:17.133 AM ET,8.040,100,804,Ask,CHX,
11:40:17.133 AM ET,8.020,100,802,Ask,Cboe BZX,Inter Mkt Swp; Trade Thru Exmpt
11:40:17.133 AM ET,8.040,100,804,Ask,Off Exchange,
11:40:17.133 AM ET,8.050,100,805,Ask,Cboe BZX,
11:40:17.135 AM ET,8.040,100,804,Ask,Cboe BZX,Inter Mkt Swp; Trade Thru Exmpt
11:40:17.135 AM ET,8.050,100,805,Ask,Off Exchange,
11:40:17.135 AM ET,8.050,100,805,Ask,Nasdaq GSM,
11:40:17.135 AM ET,8.040,100,804,Ask,Nasdaq GSM,
11:40:17.137 AM ET,8.030,100,803,Mid,Nasdaq GSM,Inter Mkt Swp; Trade Thru Exmpt
11:40:17.137 AM ET,8.020,100,802,Bid,Nasdaq GSM,Inter Mkt Swp; Trade Thru Exmpt
11:40:17.137 AM ET,8.000,100,800,Bid,Nasdaq GSM,Inter Mkt Swp; Trade Thru Exmpt
11:40:17.137 AM ET,8.030,100,803,Mid,Cboe BZX,Inter Mkt Swp; Trade Thru Exmpt
11:40:17.137 AM ET,8.020,100,802,Bid,Cboe BZX,Inter Mkt Swp; Trade Thru Exmpt
11:40:17.137 AM ET,8.000,100,800,Bid,Cboe EDGX,Inter Mkt Swp; Trade Thru Exmpt
11:40:17.137 AM ET,8.030,100,803,Mid,Cboe BYX,
11:40:17.138 AM ET,8.030,100,803,Mid,NYSE Arca,
11:40:17.138 AM ET,8.030,100,803,Mid,IEX,
11:40:17.138 AM ET,8.000,100,800,Bid,Nasdaq GSM,
11:40:17.138 AM ET,7.980,100,798,Bid,Nasdaq PHLX,
11:40:17.138 AM ET,7.990,100,799,Bid,Nasdaq BX,
11:40:17.138 AM ET,8.000,100,800,Bid,Cboe BZX,Inter Mkt Swp; Trade Thru Exmpt
11:40:17.138 AM ET,7.990,100,799,Bid,Cboe BZX,Inter Mkt Swp; Trade Thru Exmpt
11:40:17.139 AM ET,8.000,100,800,Bid,Nasdaq GSM,
11:40:17.139 AM ET,8.000,100,800,Bid,Cboe EDGX,
11:40:17.139 AM ET,7.980,100,798,Bid,Nasdaq GSM,Inter Mkt Swp; Trade Thru Exmpt
11:40:17.140 AM ET,7.990,100,799,Bid,NYSE,
11:40:17.140 AM ET,7.990,100,799,Bid,CHX,
11:40:17.140 AM ET,7.980,100,798,Bid,Nasdaq GSM,
11:40:17.140 AM ET,7.990,100,799,Bid,Off Exchange,
11:40:17.140 AM ET,7.980,100,798,Bid,Nasdaq GSM,Inter Mkt Swp; Trade Thru Exmpt
11:40:17.140 AM ET,7.980,100,798,Bid,NYSE Arca,
11:40:17.140 AM ET,8.040,100,804,Ask,Off Exchange,
11:40:17.140 AM ET,7.970,100,797,Bid,Nasdaq GSM,Inter Mkt Swp; Trade Thru Exmpt
11:40:17.140 AM ET,7.990,100,799,Bid,NYSE Arca,Inter Mkt Swp; Trade Thru Exmpt
11:40:17.140 AM ET,7.980,100,798,Bid,Off Exchange,
11:40:17.142 AM ET,7.980,100,798,Bid,Nasdaq GSM,
11:40:17.142 AM ET,7.960,100,796,Bid,IEX,
11:40:17.146 AM ET,7.990,100,799,Bid,Nasdaq GSM,Inter Mkt Swp; Trade Thru Exmpt
11:40:17.146 AM ET,7.970,100,797,Bid,Nasdaq GSM,Inter Mkt Swp; Trade Thru Exmpt
11:40:17.148 AM ET,8.000,100,800,Bid,NYSE Arca,Inter Mkt Swp; Trade Thru Exmpt
11:40:17.149 AM ET,7.990,100,799,Bid,NYSE Arca,Inter Mkt Swp; Trade Thru Exmpt
11:40:17.149 AM ET,8.010,100,801,Bid,Cboe EDGX,Inter Mkt Swp; Trade Thru Exmpt
11:40:17.149 AM ET,8.000,100,800,Bid,Nasdaq GSM,Inter Mkt Swp; Trade Thru Exmpt
11:40:17.149 AM ET,7.990,100,799,Bid,Cboe BZX,Inter Mkt Swp; Trade Thru Exmpt
11:40:17.149 AM ET,8.000,100,800,Bid,NYSE Arca,
11:40:17.150 AM ET,8.010,100,801,Bid,Cboe BZX,Inter Mkt Swp; Trade Thru Exmpt
11:40:17.153 AM ET,8.040,100,804,Ask,Off Exchange,
11:40:17.153 AM ET,8.025,100,803,Mid,Off Exchange,
11:40:17.159 AM ET,8.010,100,801,Bid,Nasdaq GSM,Inter Mkt Swp; Trade Thru Exmpt
11:40:17.159 AM ET,8.000,100,800,Bid,Nasdaq GSM,Inter Mkt Swp; Trade Thru Exmpt
11:40:17.159 AM ET,8.000,100,800,Bid,TXSE,Inter Mkt Swp; Trade Thru Exmpt
11:40:17.159 AM ET,7.990,100,799,Bid,TXSE,Inter Mkt Swp; Trade Thru Exmpt
11:40:17.159 AM ET,8.000,100,800,Bid,NYSE Arca,Inter Mkt Swp; Trade Thru Exmpt
11:40:17.174 AM ET,8.020,100,802,Bid,Nasdaq GSM,Inter Mkt Swp; Trade Thru Exmpt
11:40:17.174 AM ET,8.010,100,801,Bid,Cboe BYX,Inter Mkt Swp; Trade Thru Exmpt
11:40:17.174 AM ET,8.010,100,801,Bid,Nasdaq GSM,Inter Mkt Swp; Trade Thru Exmpt
11:40:17.175 AM ET,8.010,100,801,Bid,NYSE Arca,Inter Mkt Swp; Trade Thru Exmpt
11:40:17.175 AM ET,8.020,100,802,Bid,NYSE Arca,Inter Mkt Swp; Trade Thru Exmpt
11:40:17.175 AM ET,8.030,100,803,Mid,Nasdaq GSM,
11:40:17.177 AM ET,8.030,100,803,Mid,IEX,
11:40:17.183 AM ET,7.990,100,799,Bid,TXSE,Inter Mkt Swp; Trade Thru Exmpt
11:40:17.183 AM ET,8.020,100,802,Bid,Nasdaq GSM,Inter Mkt Swp; Trade Thru Exmpt
11:40:17.183 AM ET,8.000,100,800,Bid,TXSE,Inter Mkt Swp; Trade Thru Exmpt
11:40:17.192 AM ET,8.030,100,803,Mid,Nasdaq GSM,Inter Mkt Swp; Trade Thru Exmpt
11:40:17.197 AM ET,8.020,100,802,Bid,Nasdaq GSM,Inter Mkt Swp; Trade Thru Exmpt
11:40:17.198 AM ET,8.010,100,801,Bid,Nasdaq GSM,Inter Mkt Swp; Trade Thru Exmpt
11:40:17.198 AM ET,8.010,100,801,Bid,NYSE Arca,Inter Mkt Swp; Trade Thru Exmpt
11:40:17.218 AM ET,8.000,100,800,Bid,Off Exchange,
11:40:17.220 AM ET,7.970,100,797,Bid,Off Exchange,
11:40:17.339 AM ET,8.020,100,802,Mid,IEX,
11:40:20.919 AM ET,8.050,100,805,Mid,IEX,
11:40:23.289 AM ET,8.080,100,808,Ask,NYSE Arca,Inter Mkt Swp; Trade Thru Exmpt
11:40:35.129 AM ET,8.070,100,807,Mid,Off Exchange,
11:41:01.858 AM ET,8.080,100,808,Mid,Off Exchange,
11:44:22.717 AM ET,8.100,100,810,Ask,NYSE Arca,
11:44:22.756 AM ET,8.110,100,811,Ask,Nasdaq GSM,
11:44:27.044 AM ET,8.130,100,813,Mid,Nasdaq GSM,Inter Mkt Swp; Trade Thru Exmpt
11:44:27.044 AM ET,8.120,100,812,Mid,Nasdaq GSM,
11:44:27.044 AM ET,8.130,100,813,Mid,Cboe BZX,Inter Mkt Swp; Trade Thru Exmpt
11:44:27.044 AM ET,8.150,100,815,Ask,Cboe BZX,Inter Mkt Swp; Trade Thru Exmpt
11:44:27.044 AM ET,8.130,100,813,Mid,NYSE Arca,Inter Mkt Swp; Trade Thru Exmpt
11:47:44.899 AM ET,8.150,100,815,Bid,Off Exchange,
11:47:52.322 AM ET,8.160,100,816,Mid,Nasdaq GSM,Inter Mkt Swp; Trade Thru Exmpt
11:47:54.174 AM ET,8.150,100,815,Bid,Off Exchange,
11:48:14.014 AM ET,8.150,100,815,Bid,NYSE,Inter Mkt Swp; Trade Thru Exmpt
11:48:14.015 AM ET,8.150,100,815,Bid,NYSE,Inter Mkt Swp; Trade Thru Exmpt
11:48:15.381 AM ET,8.160,100,816,Ask,Cboe BZX,Inter Mkt Swp; Trade Thru Exmpt
11:48:58.307 AM ET,8.170,100,817,Ask,Nasdaq GSM,Inter Mkt Swp; Trade Thru Exmpt
11:49:29.779 AM ET,8.175,100,818,Mid,NYSE Arca,
11:50:05.549 AM ET,8.175,100,818,Mid,NYSE,
11:50:40.852 AM ET,8.190,100,819,Mid,Nasdaq GSM,
11:50:50.343 AM ET,8.210,100,821,Ask,Off Exchange,
11:51:15.646 AM ET,8.210,100,821,Ask,Off Exchange,
11:51:28.706 AM ET,8.210,100,821,Ask,Off Exchange,
11:51:30.488 AM ET,8.190,100,819,Mid,Nasdaq GSM,
11:51:49.905 AM ET,8.220,100,822,Ask,Off Exchange,
11:52:14.484 AM ET,8.220,100,822,Ask,Off Exchange,
11:52:14.486 AM ET,8.195,100,820,Mid,Off Exchange,
11:52:38.971 AM ET,8.195,100,820,Mid,Off Exchange,
11:52:48.924 AM ET,8.195,100,820,Mid,Cboe EDGX,
11:53:06.044 AM ET,8.195,100,820,Mid,Off Exchange,
11:53:09.844 AM ET,8.170,100,817,Bid,IEX,
11:53:28.045 AM ET,8.190,100,819,Mid,Off Exchange,
11:54:19.775 AM ET,8.190,100,819,Mid,IEX,
11:54:32.052 AM ET,8.210,100,821,Ask,Off Exchange,
11:54:46.751 AM ET,8.200,100,820,Mid,Off Exchange,
11:55:23.470 AM ET,8.200,100,820,Mid,Off Exchange,
11:55:26.970 AM ET,8.200,100,820,Mid,NYSE,
11:55:49.047 AM ET,8.190,100,819,Mid,Off Exchange,
11:55:49.048 AM ET,8.170,100,817,Bid,Cboe BZX,Inter Mkt Swp; Trade Thru Exmpt
11:55:49.048 AM ET,8.170,100,817,Bid,NYSE,
11:55:49.063 AM ET,8.165,100,817,Bid,IEX,
11:59:23.059 AM ET,8.145,100,815,Mid,Off Exchange,
12:02:11.431 PM ET,8.150,100,815,Mid,IEX,
12:02:14.000 PM ET,8.170,100,817,Mid,Nasdaq GSM,Inter Mkt Swp; Trade Thru Exmpt
12:03:07.450 PM ET,8.165,100,817,Mid,IEX,
12:03:49.863 PM ET,8.165,100,817,Mid,IEX,
12:05:15.263 PM ET,8.150,100,815,Bid,Off Exchange,
12:07:04.172 PM ET,8.180,100,818,Ask,Off Exchange,
12:08:04.927 PM ET,8.165,100,817,Mid,IEX,
12:08:26.004 PM ET,8.165,100,817,Mid,NYSE Arca,
12:08:27.788 PM ET,8.180,100,818,Ask,Nasdaq GSM,Inter Mkt Swp; Trade Thru Exmpt
12:08:59.005 PM ET,8.180,100,818,Bid,Nasdaq GSM,Inter Mkt Swp; Trade Thru Exmpt
12:08:59.005 PM ET,8.180,100,818,Bid,Cboe BZX,Inter Mkt Swp; Trade Thru Exmpt
12:08:59.005 PM ET,8.180,100,818,Bid,Nasdaq GSM,
12:09:41.044 PM ET,8.210,100,821,Mid,Off Exchange,
12:09:41.072 PM ET,8.210,100,821,Mid,Off Exchange,
12:10:04.518 PM ET,8.210,100,821,Mid,IEX,
12:11:29.162 PM ET,8.190,100,819,Bid,Cboe EDGX,Inter Mkt Swp; Trade Thru Exmpt
12:14:47.787 PM ET,8.195,100,820,Mid,IEX,
12:17:15.190 PM ET,8.220,100,822,Ask,Nasdaq GSM,Inter Mkt Swp; Trade Thru Exmpt
12:17:15.190 PM ET,8.220,100,822,Ask,MEMX,Inter Mkt Swp; Trade Thru Exmpt
12:17:28.258 PM ET,8.260,100,826,None,Nasdaq GSM,
12:17:49.235 PM ET,8.280,100,828,None,IEX,
12:17:49.335 PM ET,8.270,100,827,None,Cboe BZX,Inter Mkt Swp; Trade Thru Exmpt
12:17:49.335 PM ET,8.260,100,826,None,MEMX,
12:17:49.335 PM ET,8.260,100,826,None,Cboe EDGX,
12:17:49.336 PM ET,8.270,100,827,None,NYSE Arca,
12:17:49.336 PM ET,8.260,100,826,None,IEX,
12:18:20.274 PM ET,8.230,100,823,None,Nasdaq GSM,Inter Mkt Swp; Trade Thru Exmpt
12:18:20.274 PM ET,8.230,100,823,None,Nasdaq GSM,
12:27:16.364 PM ET,8.240,100,824,Ask,Off Exchange,
12:29:04.688 PM ET,8.220,100,822,Mid,Off Exchange,
12:29:22.950 PM ET,8.220,100,822,Mid,Off Exchange,
12:29:22.961 PM ET,8.220,100,822,Mid,Nasdaq GSM,
12:32:49.053 PM ET,8.220,100,822,Mid,NYSE,
12:33:29.597 PM ET,8.220,100,822,Mid,Nasdaq GSM,
12:33:29.598 PM ET,8.220,100,822,Mid,Cboe EDGX,
12:36:33.903 PM ET,8.210,100,821,Mid,Nasdaq GSM,Inter Mkt Swp; Trade Thru Exmpt
12:36:33.903 PM ET,8.210,100,821,Mid,Nasdaq GSM,
12:40:27.387 PM ET,8.200,100,820,Ask,Nasdaq GSM,Inter Mkt Swp; Trade Thru Exmpt
12:40:27.388 PM ET,8.200,100,820,Ask,Nasdaq GSM,
12:40:27.388 PM ET,8.200,100,820,Ask,Nasdaq GSM,Inter Mkt Swp; Trade Thru Exmpt
12:40:27.388 PM ET,8.200,100,820,Ask,Cboe BZX,
12:43:04.797 PM ET,8.180,100,818,Bid,Nasdaq GSM,Inter Mkt Swp; Trade Thru Exmpt
12:47:32.699 PM ET,8.130,100,813,Bid,NYSE,
12:47:32.699 PM ET,8.130,100,813,Bid,NYSE Arca,
12:47:32.701 PM ET,8.140,100,814,Mid,Nasdaq GSM,
12:50:36.533 PM ET,8.070,100,807,Mid,Nasdaq GSM,
12:50:36.552 PM ET,8.070,100,807,Mid,Nasdaq GSM,
12:51:36.177 PM ET,8.068,100,807,Mid,Off Exchange,
12:51:40.023 PM ET,8.065,100,807,Mid,NYSE,
12:53:03.179 PM ET,8.065,100,807,Mid,Off Exchange,
12:53:15.502 PM ET,8.035,100,803,Mid,Off Exchange,
12:53:15.504 PM ET,8.030,100,803,Bid,Off Exchange,
12:53:15.507 PM ET,8.030,100,803,Bid,Off Exchange,
12:53:15.561 PM ET,8.032,100,803,Mid,Off Exchange,
12:53:15.563 PM ET,8.040,100,804,Mid,Off Exchange,
12:53:15.565 PM ET,8.030,100,803,Bid,Off Exchange,
12:55:15.893 PM ET,8.040,100,804,Mid,Nasdaq GSM,Inter Mkt Swp; Trade Thru Exmpt
12:55:27.262 PM ET,8.060,100,806,Mid,Nasdaq GSM,
12:57:01.385 PM ET,8.040,100,804,Mid,NYSE Arca,Inter Mkt Swp; Trade Thru Exmpt
12:59:44.251 PM ET,8.010,100,801,Mid,Off Exchange,
12:59:44.251 PM ET,8.000,100,800,Mid,Off Exchange,
12:59:44.251 PM ET,8.000,100,800,Mid,NYSE Arca,
01:00:28.337 PM ET,8.000,100,800,Mid,Nasdaq GSM,
01:00:28.340 PM ET,8.000,100,800,Mid,Nasdaq GSM,
01:01:32.523 PM ET,7.998,100,800,Mid,Off Exchange,
01:01:52.127 PM ET,7.990,100,799,Mid,Off Exchange,
01:02:12.884 PM ET,7.995,100,800,Mid,Cboe EDGX,
01:06:00.411 PM ET,7.980,100,798,Ask,Nasdaq GSM,Inter Mkt Swp; Trade Thru Exmpt
01:06:00.419 PM ET,7.970,100,797,Mid,Off Exchange,
01:08:10.877 PM ET,7.990,100,799,Mid,Nasdaq GSM,
01:08:10.877 PM ET,7.990,100,799,Mid,Cboe BZX,Inter Mkt Swp; Trade Thru Exmpt
01:08:10.893 PM ET,8.002,100,800,Mid,Off Exchange,
01:08:31.843 PM ET,7.990,100,799,Mid,Off Exchange,
01:08:46.300 PM ET,8.010,100,801,Ask,Nasdaq GSM,Inter Mkt Swp; Trade Thru Exmpt
01:08:46.300 PM ET,8.020,100,802,Ask,Nasdaq GSM,Inter Mkt Swp; Trade Thru Exmpt
01:08:46.300 PM ET,8.020,100,802,Ask,IEX,
01:10:45.476 PM ET,7.990,100,799,Bid,Nasdaq GSM,Inter Mkt Swp; Trade Thru Exmpt
01:12:22.309 PM ET,8.010,100,801,Ask,Nasdaq GSM,
01:12:37.031 PM ET,8.020,100,802,Mid,Off Exchange,
01:12:54.862 PM ET,8.040,100,804,Ask,Nasdaq GSM,
01:17:00.699 PM ET,8.050,100,805,Mid,Nasdaq GSM,Inter Mkt Swp; Trade Thru Exmpt
01:17:00.699 PM ET,8.050,100,805,Mid,Nasdaq GSM,
01:17:00.699 PM ET,8.050,100,805,Mid,NYSE Arca,
01:17:19.671 PM ET,8.040,100,804,Bid,Nasdaq GSM,Inter Mkt Swp; Trade Thru Exmpt
01:17:19.671 PM ET,8.040,100,804,Bid,Cboe EDGX,Inter Mkt Swp; Trade Thru Exmpt
01:18:30.500 PM ET,8.040,100,804,Mid,Nasdaq GSM,
01:18:38.504 PM ET,8.040,100,804,Mid,Nasdaq GSM,
01:19:52.735 PM ET,8.045,100,805,Mid,Off Exchange,
01:20:58.626 PM ET,8.010,100,801,Mid,Nasdaq GSM,
01:20:58.626 PM ET,8.010,100,801,Mid,Cboe BZX,
01:20:58.626 PM ET,8.010,100,801,Mid,Cboe EDGX,
01:22:44.792 PM ET,8.000,100,800,Ask,IEX,
01:22:44.792 PM ET,8.000,100,800,Ask,Cboe BZX,Inter Mkt Swp; Trade Thru Exmpt
01:22:44.792 PM ET,8.000,100,800,Ask,Cboe EDGX,
01:22:44.792 PM ET,7.990,100,799,Mid,NYSE Arca,
01:22:44.793 PM ET,8.000,100,800,Ask,NYSE Arca,Inter Mkt Swp; Trade Thru Exmpt
01:22:44.822 PM ET,7.995,100,800,Mid,Nasdaq GSM,
01:22:44.823 PM ET,7.990,100,799,Mid,MEMX,
01:22:44.823 PM ET,7.990,100,799,Mid,Cboe EDGX,
01:26:17.593 PM ET,7.980,100,798,Mid,Nasdaq GSM,Inter Mkt Swp; Trade Thru Exmpt
01:27:04.480 PM ET,7.960,100,796,Mid,Nasdaq GSM,Inter Mkt Swp; Trade Thru Exmpt
01:29:25.695 PM ET,7.960,100,796,Mid,Off Exchange,
01:32:33.958 PM ET,8.000,100,800,Ask,NYSE,Inter Mkt Swp; Trade Thru Exmpt
01:34:16.910 PM ET,8.010,100,801,Mid,Cboe EDGX,Inter Mkt Swp; Trade Thru Exmpt
01:36:02.834 PM ET,8.010,100,801,Mid,Off Exchange,
01:39:54.884 PM ET,8.010,100,801,Mid,Nasdaq GSM,Inter Mkt Swp; Trade Thru Exmpt
01:39:54.885 PM ET,8.010,100,801,Mid,NYSE Arca,
01:46:32.468 PM ET,8.020,100,802,Mid,Nasdaq GSM,
01:46:43.525 PM ET,8.020,100,802,Mid,NYSE,
01:46:43.525 PM ET,8.020,100,802,Mid,NYSE Arca,
01:46:43.525 PM ET,8.025,100,803,Mid,MEMX,
01:46:43.525 PM ET,8.020,100,802,Mid,Cboe BZX,
01:46:43.525 PM ET,8.025,100,803,Mid,Cboe EDGX,
01:49:27.658 PM ET,7.985,100,799,Mid,NYSE,
01:51:50.460 PM ET,7.985,100,799,Mid,NYSE Arca,
01:53:30.550 PM ET,7.990,100,799,Mid,Off Exchange,
01:54:45.091 PM ET,8.010,100,801,Ask,Cboe BZX,Inter Mkt Swp; Trade Thru Exmpt
01:54:45.091 PM ET,8.010,100,801,Ask,NYSE Arca,Inter Mkt Swp; Trade Thru Exmpt
01:54:49.277 PM ET,8.015,100,802,Mid,Off Exchange,
02:01:18.161 PM ET,7.990,100,799,Bid,Cboe EDGX,
02:01:18.162 PM ET,7.990,100,799,Bid,NYSE,
02:01:18.162 PM ET,7.985,100,799,Bid,IEX,
02:02:57.850 PM ET,8.000,100,800,Ask,Cboe BZX,Inter Mkt Swp; Trade Thru Exmpt
02:02:57.851 PM ET,8.000,100,800,Ask,NYSE Arca,
02:11:13.407 PM ET,8.015,100,802,Mid,Off Exchange,
02:11:16.616 PM ET,8.020,100,802,Bid,Cboe BZX,
02:11:16.617 PM ET,8.020,100,802,Bid,NYSE Arca,
02:14:06.184 PM ET,8.030,100,803,Bid,Nasdaq GSM,Inter Mkt Swp; Trade Thru Exmpt
02:14:06.184 PM ET,8.030,100,803,Bid,Cboe EDGX,Inter Mkt Swp; Trade Thru Exmpt
02:14:19.091 PM ET,8.050,100,805,Ask,Nasdaq GSM,Inter Mkt Swp; Trade Thru Exmpt
02:16:41.640 PM ET,8.060,100,806,Ask,Nasdaq GSM,Inter Mkt Swp; Trade Thru Exmpt
02:22:27.592 PM ET,8.055,100,806,Mid,NYSE,
02:22:27.592 PM ET,8.055,100,806,Mid,NYSE Arca,
02:29:35.142 PM ET,8.065,100,807,Mid,IEX,
02:30:44.809 PM ET,8.070,100,807,Bid,Nasdaq GSM,
02:33:02.791 PM ET,8.060,100,806,Bid,Nasdaq GSM,Inter Mkt Swp; Trade Thru Exmpt
02:33:45.068 PM ET,8.060,100,806,Bid,Nasdaq GSM,Inter Mkt Swp; Trade Thru Exmpt
02:34:40.883 PM ET,8.050,100,805,Ask,Cboe EDGX,
02:36:02.752 PM ET,8.035,100,804,Mid,NYSE,
02:36:02.752 PM ET,8.035,100,804,Mid,NYSE Arca,
02:36:58.834 PM ET,8.025,100,803,Mid,NYSE Arca,
02:42:28.063 PM ET,8.000,100,800,Bid,Nasdaq GSM,
02:48:28.953 PM ET,7.970,100,797,Mid,Nasdaq GSM,Inter Mkt Swp; Trade Thru Exmpt
02:50:01.719 PM ET,7.990,100,799,Ask,Cboe BZX,Inter Mkt Swp; Trade Thru Exmpt
02:50:01.719 PM ET,7.990,100,799,Ask,Nasdaq GSM,Inter Mkt Swp; Trade Thru Exmpt
02:50:01.719 PM ET,7.990,100,799,Ask,Nasdaq GSM,
02:50:01.719 PM ET,7.990,100,799,Ask,NYSE Arca,Inter Mkt Swp; Trade Thru Exmpt
02:51:17.161 PM ET,7.980,100,798,Bid,Nasdaq GSM,
02:53:43.007 PM ET,7.975,100,798,Mid,Nasdaq GSM,
02:58:34.485 PM ET,7.980,100,798,Mid,IEX,
03:00:17.803 PM ET,7.970,100,797,Mid,Nasdaq GSM,Inter Mkt Swp; Trade Thru Exmpt
03:00:17.804 PM ET,7.970,100,797,Mid,NYSE Arca,Inter Mkt Swp; Trade Thru Exmpt
03:02:49.062 PM ET,7.940,100,794,Bid,Off Exchange,
03:05:09.325 PM ET,7.960,100,796,Mid,Off Exchange,
03:05:50.591 PM ET,7.955,100,796,Mid,Cboe BZX,
03:06:00.607 PM ET,7.970,100,797,Ask,Nasdaq GSM,
03:06:00.608 PM ET,7.970,100,797,Ask,NYSE Arca,
03:06:00.608 PM ET,7.970,100,797,Ask,NYSE Arca,Inter Mkt Swp; Trade Thru Exmpt
03:06:00.608 PM ET,7.965,100,797,Mid,NYSE Arca,
03:06:00.608 PM ET,7.960,100,796,Mid,NYSE Arca,
03:06:00.610 PM ET,7.965,100,797,Mid,Off Exchange,
03:06:05.864 PM ET,7.970,100,797,Mid,Nasdaq GSM,
03:06:05.866 PM ET,7.975,100,798,Mid,IEX,
03:07:11.540 PM ET,7.970,100,797,Mid,Cboe EDGX,
03:07:21.277 PM ET,7.960,100,796,Ask,Nasdaq GSM,Inter Mkt Swp; Trade Thru Exmpt
03:07:21.277 PM ET,7.960,100,796,Ask,Nasdaq GSM,
03:08:50.012 PM ET,7.945,100,795,Mid,Off Exchange,
03:12:34.363 PM ET,7.940,100,794,Ask,Nasdaq GSM,Inter Mkt Swp; Trade Thru Exmpt
03:12:34.363 PM ET,7.940,100,794,Ask,Cboe EDGX,Inter Mkt Swp; Trade Thru Exmpt
03:12:34.363 PM ET,7.940,100,794,Ask,Cboe BZX,Inter Mkt Swp; Trade Thru Exmpt
03:12:34.363 PM ET,7.940,100,794,Ask,IEX,
03:12:34.365 PM ET,7.940,100,794,Ask,Off Exchange,
03:12:34.380 PM ET,7.960,100,796,Ask,Nasdaq GSM,
03:12:34.380 PM ET,7.960,100,796,Ask,Nasdaq GSM,Inter Mkt Swp; Trade Thru Exmpt
03:12:34.381 PM ET,7.950,100,795,Ask,MIAX Pearl,
03:12:34.381 PM ET,7.960,100,796,Ask,Nasdaq GSM,
03:12:34.381 PM ET,7.960,100,796,Ask,NYSE Arca,
03:12:34.381 PM ET,7.960,100,796,Ask,Off Exchange,
03:12:34.388 PM ET,7.960,100,796,Ask,Off Exchange,
03:13:04.404 PM ET,7.950,100,795,Bid,Off Exchange,
03:13:17.194 PM ET,7.950,100,795,Bid,Off Exchange,
03:15:04.734 PM ET,7.970,100,797,Mid,NYSE Arca,Inter Mkt Swp; Trade Thru Exmpt
03:15:13.463 PM ET,7.975,100,798,Mid,IEX,
03:15:26.490 PM ET,7.960,100,796,Bid,NYSE Arca,Inter Mkt Swp; Trade Thru Exmpt
03:16:10.643 PM ET,7.960,100,796,Bid,NYSE,Inter Mkt Swp; Trade Thru Exmpt
03:17:37.553 PM ET,7.980,100,798,Ask,Nasdaq GSM,Inter Mkt Swp; Trade Thru Exmpt
03:17:37.553 PM ET,7.980,100,798,Ask,Nasdaq GSM,
03:17:37.554 PM ET,7.980,100,798,Ask,Cboe EDGX,
03:17:37.554 PM ET,7.980,100,798,Ask,NYSE Arca,Inter Mkt Swp; Trade Thru Exmpt
03:17:37.615 PM ET,7.980,100,798,Mid,Nasdaq GSM,Inter Mkt Swp; Trade Thru Exmpt
03:17:37.615 PM ET,7.980,100,798,Mid,IEX,
03:17:37.615 PM ET,7.980,100,798,Mid,CHX,
03:17:37.615 PM ET,7.980,100,798,Mid,NYSE,Inter Mkt Swp; Trade Thru Exmpt
03:17:37.616 PM ET,7.980,100,798,Mid,NYSE Arca,Inter Mkt Swp; Trade Thru Exmpt
03:19:21.612 PM ET,7.975,100,798,Mid,NYSE,
03:19:21.612 PM ET,7.975,100,798,Mid,NYSE Arca,
03:22:12.659 PM ET,7.990,100,799,Mid,Nasdaq GSM,
03:22:12.659 PM ET,7.990,100,799,Mid,Cboe BZX,
03:22:12.659 PM ET,7.990,100,799,Mid,IEX,
03:22:52.255 PM ET,8.000,100,800,Ask,Nasdaq GSM,Inter Mkt Swp; Trade Thru Exmpt
03:23:05.324 PM ET,8.010,100,801,Mid,Off Exchange,
03:23:17.958 PM ET,7.982,100,798,Bid,Off Exchange,Avg Price; Deriv Priced; Trade Thru Exmpt
03:23:27.223 PM ET,7.982,100,798,Bid,Off Exchange,Avg Price; Deriv Priced; Trade Thru Exmpt
03:25:10.434 PM ET,8.000,100,800,Mid,Nasdaq GSM,Inter Mkt Swp; Trade Thru Exmpt
03:25:10.434 PM ET,7.990,100,799,Bid,Nasdaq GSM,Inter Mkt Swp; Trade Thru Exmpt
03:25:10.435 PM ET,8.000,100,800,Mid,Cboe BZX,
03:25:10.435 PM ET,7.990,100,799,Bid,IEX,
03:25:10.435 PM ET,8.000,100,800,Mid,NYSE Arca,Inter Mkt Swp; Trade Thru Exmpt
03:25:10.435 PM ET,8.000,100,800,Mid,NYSE,Inter Mkt Swp; Trade Thru Exmpt
03:25:10.435 PM ET,8.000,100,800,Mid,Off Exchange,
03:25:10.445 PM ET,7.990,100,799,Bid,Off Exchange,
03:25:10.458 PM ET,7.990,100,799,Bid,IEX,
03:28:11.920 PM ET,7.980,100,798,Bid,Nasdaq GSM,Inter Mkt Swp; Trade Thru Exmpt
03:28:17.083 PM ET,7.992,100,799,Ask,Off Exchange,Avg Price; Deriv Priced; Trade Thru Exmpt
03:28:37.833 PM ET,7.980,100,798,Ask,Nasdaq GSM,Inter Mkt Swp; Trade Thru Exmpt
03:28:40.421 PM ET,7.975,100,798,Mid,IEX,
03:30:09.413 PM ET,7.960,100,796,Bid,Off Exchange,
03:30:15.602 PM ET,7.960,100,796,Bid,Off Exchange,
03:30:53.309 PM ET,7.970,100,797,Mid,IEX,
03:32:03.372 PM ET,7.960,100,796,Bid,Off Exchange,
03:32:03.378 PM ET,7.960,100,796,Bid,Cboe BZX,Inter Mkt Swp; Trade Thru Exmpt
03:32:03.378 PM ET,7.960,100,796,Bid,Cboe EDGX,Inter Mkt Swp; Trade Thru Exmpt
03:32:03.379 PM ET,7.960,100,796,Bid,IEX,
03:32:15.445 PM ET,7.930,100,793,Bid,Off Exchange,
03:32:49.063 PM ET,7.983,100,798,Ask,Off Exchange,Avg Price; Deriv Priced; Trade Thru Exmpt
03:32:56.137 PM ET,7.945,100,795,Mid,IEX,
03:33:55.496 PM ET,7.930,100,793,Bid,Nasdaq GSM,Inter Mkt Swp; Trade Thru Exmpt
03:33:55.496 PM ET,7.930,100,793,Bid,Cboe BYX,Inter Mkt Swp; Trade Thru Exmpt
03:33:55.496 PM ET,7.930,100,793,Bid,IEX,
03:34:12.191 PM ET,7.940,100,794,Ask,Nasdaq GSM,Inter Mkt Swp; Trade Thru Exmpt
03:34:12.192 PM ET,7.940,100,794,Ask,NYSE American,Inter Mkt Swp; Trade Thru Exmpt
03:34:12.192 PM ET,7.930,100,793,Mid,NYSE Arca,
03:34:12.192 PM ET,7.940,100,794,Ask,IEX,
03:34:12.237 PM ET,7.935,100,794,Mid,NYSE Arca,
03:34:25.826 PM ET,7.935,100,794,Mid,NYSE Arca,
03:34:35.887 PM ET,7.940,100,794,Ask,NYSE Arca,Inter Mkt Swp; Trade Thru Exmpt
03:34:35.887 PM ET,7.940,100,794,Ask,NYSE,Inter Mkt Swp; Trade Thru Exmpt
03:34:35.896 PM ET,7.950,100,795,Ask,IEX,
03:35:14.604 PM ET,7.949,100,795,Mid,Off Exchange,Avg Price; Deriv Priced; Trade Thru Exmpt
03:35:34.103 PM ET,7.948,100,795,Mid,Off Exchange,Avg Price; Deriv Priced; Trade Thru Exmpt
03:38:14.683 PM ET,7.947,100,795,Mid,Off Exchange,Avg Price; Deriv Priced; Trade Thru Exmpt
03:39:56.781 PM ET,7.950,100,795,Mid,IEX,
03:40:28.824 PM ET,7.940,100,794,Bid,Off Exchange,
03:40:28.835 PM ET,7.940,100,794,Ask,IEX,
03:40:28.835 PM ET,7.940,100,794,Ask,MEMX,Inter Mkt Swp; Trade Thru Exmpt
03:40:28.847 PM ET,7.925,100,793,Mid,IEX,
03:41:04.973 PM ET,7.900,100,790,Bid,Off Exchange,
03:41:48.759 PM ET,7.925,100,793,Mid,IEX,
03:42:00.496 PM ET,7.900,100,790,Bid,Off Exchange,
03:42:53.921 PM ET,7.925,100,793,Mid,IEX,
03:43:52.416 PM ET,7.925,100,793,Mid,IEX,
03:45:01.170 PM ET,7.925,100,793,Mid,IEX,
03:46:16.875 PM ET,7.930,100,793,Mid,Off Exchange,
03:47:08.476 PM ET,7.930,100,793,Mid,Cboe BZX,
03:48:17.554 PM ET,7.930,100,793,Bid,Nasdaq GSM,Inter Mkt Swp; Trade Thru Exmpt
03:48:59.060 PM ET,7.930,100,793,Bid,Nasdaq GSM,Inter Mkt Swp; Trade Thru Exmpt
03:49:46.235 PM ET,7.930,100,793,Bid,Nasdaq GSM,Inter Mkt Swp; Trade Thru Exmpt
03:49:55.454 PM ET,7.940,100,794,Mid,Off Exchange,
03:50:00.065 PM ET,7.950,100,795,Bid,Nasdaq GSM,Inter Mkt Swp; Trade Thru Exmpt
03:50:00.065 PM ET,7.950,100,795,Bid,Cboe BZX,Inter Mkt Swp; Trade Thru Exmpt
03:50:00.065 PM ET,7.950,100,795,Bid,Cboe EDGX,Inter Mkt Swp; Trade Thru Exmpt
03:50:00.066 PM ET,7.950,100,795,Bid,NYSE Arca,Inter Mkt Swp; Trade Thru Exmpt
03:50:00.167 PM ET,7.960,100,796,Bid,Nasdaq GSM,Inter Mkt Swp; Trade Thru Exmpt
03:50:00.167 PM ET,7.970,100,797,Mid,Nasdaq GSM,
03:50:03.904 PM ET,7.975,100,798,Mid,Off Exchange,
03:51:07.754 PM ET,7.990,100,799,Ask,Nasdaq GSM,Inter Mkt Swp; Trade Thru Exmpt
03:51:07.758 PM ET,7.990,100,799,Ask,Off Exchange,
03:51:07.760 PM ET,7.990,100,799,Ask,Off Exchange,
03:51:07.760 PM ET,7.990,100,799,Ask,Nasdaq GSM,Inter Mkt Swp; Trade Thru Exmpt
03:51:07.780 PM ET,7.990,100,799,Ask,Nasdaq GSM,Inter Mkt Swp; Trade Thru Exmpt
03:52:13.684 PM ET,7.980,100,798,Bid,MEMX,Inter Mkt Swp; Trade Thru Exmpt
03:52:13.684 PM ET,7.980,100,798,Bid,NYSE Arca,Inter Mkt Swp; Trade Thru Exmpt
03:52:13.684 PM ET,7.980,100,798,Bid,NYSE,Inter Mkt Swp; Trade Thru Exmpt
03:52:13.710 PM ET,7.980,100,798,Bid,Nasdaq GSM,Inter Mkt Swp; Trade Thru Exmpt
03:52:13.710 PM ET,7.980,100,798,Bid,Nasdaq GSM,
03:52:13.711 PM ET,7.980,100,798,Bid,NYSE Arca,
03:52:13.711 PM ET,7.970,100,797,Bid,NYSE Arca,
03:52:13.717 PM ET,7.980,100,798,Bid,Off Exchange,
03:52:22.247 PM ET,7.970,100,797,Ask,IEX,
03:52:22.247 PM ET,7.970,100,797,Ask,NYSE Arca,
03:52:22.265 PM ET,7.965,100,797,Mid,Nasdaq GSM,
03:53:10.347 PM ET,7.960,100,796,Mid,Off Exchange,
03:53:11.571 PM ET,7.970,100,797,Bid,IEX,
03:53:11.572 PM ET,7.970,100,797,Bid,Nasdaq GSM,
03:53:11.572 PM ET,7.970,100,797,Bid,Cboe BZX,
03:53:11.572 PM ET,7.970,100,797,Bid,NYSE Arca,Inter Mkt Swp; Trade Thru Exmpt
03:53:11.572 PM ET,7.970,100,797,Bid,NYSE Arca,
03:53:11.572 PM ET,7.980,100,798,Mid,Nasdaq GSM,
03:53:11.609 PM ET,7.990,100,799,Mid,Nasdaq GSM,Inter Mkt Swp; Trade Thru Exmpt
03:54:22.495 PM ET,7.985,100,799,Mid,Off Exchange,
03:55:20.459 PM ET,7.985,100,799,Mid,NYSE,
03:56:08.562 PM ET,8.000,100,800,Ask,Nasdaq GSM,Inter Mkt Swp; Trade Thru Exmpt
03:56:08.563 PM ET,8.000,100,800,Ask,Cboe BZX,Inter Mkt Swp; Trade Thru Exmpt
03:56:08.563 PM ET,8.000,100,800,Ask,Cboe EDGX,Inter Mkt Swp; Trade Thru Exmpt
03:56:08.563 PM ET,8.000,100,800,Ask,NYSE Arca,Inter Mkt Swp; Trade Thru Exmpt
03:56:08.563 PM ET,8.000,100,800,Ask,NYSE,Inter Mkt Swp; Trade Thru Exmpt
03:56:08.563 PM ET,8.000,100,800,Ask,Off Exchange,
03:56:08.563 PM ET,8.000,100,800,Ask,IEX,
03:56:08.571 PM ET,8.010,100,801,Ask,Nasdaq GSM,Inter Mkt Swp; Trade Thru Exmpt
03:56:08.571 PM ET,8.010,100,801,Ask,Nasdaq GSM,
03:56:08.623 PM ET,8.015,100,802,Mid,Off Exchange,
03:56:09.203 PM ET,8.020,100,802,Mid,Off Exchange,
03:56:09.219 PM ET,8.020,100,802,Mid,Off Exchange,
03:56:10.408 PM ET,8.020,100,802,Mid,Nasdaq GSM,
03:56:35.323 PM ET,7.994,100,799,Bid,Off Exchange,Avg Price; Deriv Priced; Trade Thru Exmpt
03:57:41.122 PM ET,8.020,100,802,Mid,NYSE,
03:57:41.178 PM ET,8.040,100,804,Ask,NYSE Arca,Inter Mkt Swp; Trade Thru Exmpt
03:57:41.190 PM ET,8.020,100,802,Mid,Nasdaq GSM,Inter Mkt Swp; Trade Thru Exmpt
03:57:41.191 PM ET,8.020,100,802,Mid,Nasdaq GSM,Inter Mkt Swp; Trade Thru Exmpt
03:57:41.191 PM ET,8.020,100,802,Mid,IEX,
03:57:45.262 PM ET,8.020,100,802,Mid,Off Exchange,
03:57:57.115 PM ET,8.020,100,802,Mid,IEX,
03:57:57.115 PM ET,8.020,100,802,Mid,Off Exchange,
03:58:11.053 PM ET,8.010,100,801,Ask,Nasdaq GSM,
03:58:11.054 PM ET,8.010,100,801,Ask,MEMX,Inter Mkt Swp; Trade Thru Exmpt
03:58:11.054 PM ET,8.010,100,801,Ask,NYSE,Inter Mkt Swp; Trade Thru Exmpt
03:58:11.054 PM ET,8.010,100,801,Ask,IEX,
03:58:11.054 PM ET,8.000,100,800,Ask,Nasdaq GSM,Inter Mkt Swp; Trade Thru Exmpt
03:58:20.078 PM ET,7.990,100,799,Mid,NYSE,
03:58:25.257 PM ET,8.000,100,800,Ask,Off Exchange,
03:58:33.415 PM ET,7.990,100,799,Mid,Off Exchange,
03:58:33.417 PM ET,7.990,100,799,Mid,Off Exchange,
03:58:40.107 PM ET,7.990,100,799,Mid,Off Exchange,
03:58:44.110 PM ET,7.990,100,799,Mid,Off Exchange,
03:59:08.500 PM ET,7.990,100,799,None,NYSE,
03:59:08.571 PM ET,7.990,100,799,None,Nasdaq GSM,
03:59:09.008 PM ET,8.000,100,800,None,IEX,
03:59:17.610 PM ET,7.990,100,799,None,Off Exchange,
03:59:17.646 PM ET,7.990,100,799,None,Off Exchange,
03:59:26.426 PM ET,8.000,100,800,None,Nasdaq GSM,Inter Mkt Swp; Trade Thru Exmpt
03:59:26.426 PM ET,8.000,100,800,None,Nasdaq GSM,
03:59:26.427 PM ET,7.990,100,799,None,NYSE Arca,
03:59:26.427 PM ET,8.000,100,800,None,IEX,
03:59:26.427 PM ET,7.990,100,799,None,Nasdaq GSM,Inter Mkt Swp; Trade Thru Exmpt
03:59:29.116 PM ET,7.990,100,799,None,Nasdaq GSM,
03:59:29.116 PM ET,7.990,100,799,None,IEX,
03:59:29.148 PM ET,7.985,100,799,None,NYSE,
03:59:30.475 PM ET,7.985,100,799,None,NYSE,
03:59:34.424 PM ET,7.985,100,799,None,NYSE,
03:59:34.994 PM ET,7.990,100,799,None,NYSE Arca,
03:59:34.995 PM ET,7.990,100,799,None,Cboe EDGX,
03:59:35.077 PM ET,7.990,100,799,None,Nasdaq GSM,
03:59:36.735 PM ET,7.995,100,800,None,Off Exchange,
03:59:36.785 PM ET,7.995,100,800,None,Off Exchange,
03:59:37.700 PM ET,7.995,100,800,None,Nasdaq GSM,
03:59:44.715 PM ET,7.990,100,799,None,Cboe EDGX,
03:59:45.911 PM ET,7.995,100,800,None,Cboe EDGX,
03:59:50.250 PM ET,7.990,100,799,None,IEX,
03:59:51.424 PM ET,7.980,100,798,None,Nasdaq GSM,Inter Mkt Swp; Trade Thru Exmpt
03:59:51.424 PM ET,7.985,100,799,None,Nasdaq GSM,
03:59:52.022 PM ET,7.990,100,799,None,Nasdaq GSM,Inter Mkt Swp; Trade Thru Exmpt
03:59:54.921 PM ET,7.985,100,799,None,Nasdaq GSM,Inter Mkt Swp; Trade Thru Exmpt
03:59:54.922 PM ET,7.985,100,799,None,NYSE Arca,
03:59:54.922 PM ET,7.985,100,799,None,Nasdaq GSM,Inter Mkt Swp; Trade Thru Exmpt
03:59:56.449 PM ET,7.990,100,799,None,Cboe EDGX,
03:59:56.513 PM ET,7.990,100,799,None,IEX,
03:59:56.513 PM ET,7.990,100,799,None,Nasdaq GSM,
03:59:56.514 PM ET,7.990,100,799,None,Cboe EDGX,
03:59:57.437 PM ET,7.995,100,800,None,NYSE Arca,
04:00:53.575 PM ET,8.070,100,807,Bid,Cboe BZX,Frm T Ext Hrs; Trade Thru Exmpt
11:40:17.174 AM ET,8.020,99,794,Bid,Nasdaq GSM,Inter Mkt Swp; Odd Lot; Trade Thru Exmpt
11:40:17.176 AM ET,8.011,99,793,Bid,Off Exchange,Odd Lot
11:48:14.015 AM ET,8.150,99,807,Bid,NYSE,Inter Mkt Swp; Odd Lot; Trade Thru Exmpt
12:08:59.009 PM ET,8.190,99,811,Bid,NYSE Arca,Inter Mkt Swp; Odd Lot; Trade Thru Exmpt
02:02:57.850 PM ET,8.000,99,792,Ask,Cboe BZX,Inter Mkt Swp; Odd Lot; Trade Thru Exmpt
02:16:41.640 PM ET,8.060,99,798,Ask,Nasdaq GSM,Inter Mkt Swp; Odd Lot; Trade Thru Exmpt
02:44:31.001 PM ET,7.990,99,791,Mid,TXSE,Inter Mkt Swp; Odd Lot; Trade Thru Exmpt
03:20:14.755 PM ET,7.990,99,791,Ask,NYSE Arca,Inter Mkt Swp; Odd Lot; Trade Thru Exmpt
03:45:37.957 PM ET,7.920,99,784,Mid,Nasdaq GSM,Inter Mkt Swp; Odd Lot; Trade Thru Exmpt
03:48:12.918 PM ET,7.950,99,787,Ask,Nasdaq GSM,Inter Mkt Swp; Odd Lot; Trade Thru Exmpt
03:59:54.921 PM ET,7.990,99,791,None,Nasdaq GSM,Odd Lot
10:11:12.980 AM ET,8.230,98,807,Mid,Nasdaq GSM,Odd Lot
12:40:27.387 PM ET,8.200,98,804,Ask,Nasdaq GSM,Inter Mkt Swp; Odd Lot; Trade Thru Exmpt
01:35:04.791 PM ET,8.020,98,786,Ask,Cboe EDGX,Inter Mkt Swp; Odd Lot; Trade Thru Exmpt
03:40:28.836 PM ET,7.930,98,777,Mid,Nasdaq GSM,Inter Mkt Swp; Odd Lot; Trade Thru Exmpt
09:59:52.644 AM ET,8.230,97,798,Ask,Off Exchange,Odd Lot
11:40:17.174 AM ET,8.020,97,778,Bid,Nasdaq GSM,Inter Mkt Swp; Odd Lot; Trade Thru Exmpt
11:40:17.175 AM ET,8.011,97,777,Bid,Off Exchange,Odd Lot
11:50:35.547 AM ET,8.200,97,795,Mid,Nasdaq GSM,Inter Mkt Swp; Odd Lot; Trade Thru Exmpt
12:17:15.190 PM ET,8.220,97,797,Ask,Nasdaq GSM,Inter Mkt Swp; Odd Lot; Trade Thru Exmpt
01:06:00.411 PM ET,7.960,97,772,Bid,Nasdaq GSM,Inter Mkt Swp; Odd Lot; Trade Thru Exmpt
03:08:50.012 PM ET,7.945,97,771,Mid,Off Exchange,Odd Lot
03:52:13.685 PM ET,7.970,97,773,Bid,Cboe BZX,Odd Lot
03:56:28.198 PM ET,8.020,97,778,Mid,Off Exchange,Odd Lot
11:48:14.014 AM ET,8.150,96,782,Bid,Nasdaq GSM,Inter Mkt Swp; Odd Lot; Trade Thru Exmpt
12:17:49.235 PM ET,8.280,96,795,None,Cboe BYX,Inter Mkt Swp; Odd Lot; Trade Thru Exmpt
02:40:54.159 PM ET,8.010,96,769,Bid,Nasdaq GSM,Inter Mkt Swp; Odd Lot; Trade Thru Exmpt
03:11:23.244 PM ET,7.940,96,762,Ask,Nasdaq GSM,Inter Mkt Swp; Odd Lot; Trade Thru Exmpt
03:55:50.206 PM ET,7.985,96,767,Mid,Nasdaq GSM,Odd Lot
03:58:11.053 PM ET,8.010,96,769,Ask,Cboe BZX,Inter Mkt Swp; Odd Lot; Trade Thru Exmpt
11:40:23.288 AM ET,8.080,95,768,Ask,Nasdaq GSM,Inter Mkt Swp; Odd Lot; Trade Thru Exmpt
12:17:49.335 PM ET,8.260,95,785,None,Nasdaq GSM,Odd Lot
01:36:55.775 PM ET,8.020,95,762,Mid,Nasdaq GSM,Inter Mkt Swp; Odd Lot; Trade Thru Exmpt
02:01:18.161 PM ET,7.990,95,759,Bid,Cboe BZX,Odd Lot
03:53:11.572 PM ET,7.970,95,757,Bid,NYSE Arca,Odd Lot
03:56:08.571 PM ET,8.010,95,761,Ask,Nasdaq GSM,Inter Mkt Swp; Odd Lot; Trade Thru Exmpt
03:59:50.197 PM ET,8.000,95,760,None,Off Exchange,Odd Lot
09:45:42.227 AM ET,8.200,94,771,Ask,NYSE Arca,Inter Mkt Swp; Odd Lot; Trade Thru Exmpt
09:49:49.218 AM ET,8.200,94,771,Mid,Nasdaq GSM,Inter Mkt Swp; Odd Lot; Trade Thru Exmpt
11:40:17.148 AM ET,7.990,94,751,Bid,Cboe BZX,Odd Lot
11:40:17.149 AM ET,8.010,94,753,Bid,NYSE Arca,Inter Mkt Swp; Odd Lot; Trade Thru Exmpt
11:40:17.183 AM ET,8.000,94,752,Bid,NYSE Arca,Inter Mkt Swp; Odd Lot; Trade Thru Exmpt
11:40:17.192 AM ET,8.020,94,754,Bid,NYSE Arca,Odd Lot
12:43:04.798 PM ET,8.180,94,769,Bid,Nasdaq GSM,Odd Lot
01:06:00.411 PM ET,7.980,94,750,Ask,Nasdaq GSM,Inter Mkt Swp; Odd Lot; Trade Thru Exmpt
03:40:28.835 PM ET,7.940,94,746,Ask,Nasdaq GSM,Inter Mkt Swp; Odd Lot; Trade Thru Exmpt
03:58:11.054 PM ET,8.010,94,753,Ask,NYSE,Inter Mkt Swp; Odd Lot; Trade Thru Exmpt
03:59:40.096 PM ET,7.995,94,752,None,Off Exchange,Odd Lot
12:17:16.641 PM ET,8.240,93,766,Ask,Nasdaq GSM,Odd Lot
01:21:29.246 PM ET,8.000,93,744,Bid,Nasdaq GSM,Inter Mkt Swp; Odd Lot; Trade Thru Exmpt
01:39:54.886 PM ET,8.020,93,746,Mid,IEX,Odd Lot
02:11:16.616 PM ET,8.020,93,746,Bid,Nasdaq GSM,Odd Lot
03:25:10.435 PM ET,8.000,93,744,Mid,Cboe BYX,Inter Mkt Swp; Odd Lot; Trade Thru Exmpt
03:58:44.109 PM ET,7.990,93,743,Mid,Off Exchange,Odd Lot
09:59:37.704 AM ET,8.230,92,757,Ask,Off Exchange,Odd Lot
11:00:32.663 AM ET,8.225,92,757,Ask,Off Exchange,Odd Lot
11:40:17.097 AM ET,8.090,92,744,Ask,Nasdaq GSM,Inter Mkt Swp; Odd Lot; Trade Thru Exmpt
12:00:15.632 PM ET,8.130,92,748,Mid,Nasdaq GSM,Inter Mkt Swp; Odd Lot; Trade Thru Exmpt
01:21:30.822 PM ET,8.000,92,736,Mid,Nasdaq GSM,Odd Lot
02:35:25.584 PM ET,8.040,92,740,Mid,Nasdaq GSM,Inter Mkt Swp; Odd Lot; Trade Thru Exmpt
02:56:10.018 PM ET,7.970,92,733,Bid,Nasdaq GSM,Inter Mkt Swp; Odd Lot; Trade Thru Exmpt
03:25:10.434 PM ET,7.990,92,735,Bid,Nasdaq GSM,Inter Mkt Swp; Odd Lot; Trade Thru Exmpt
03:32:03.378 PM ET,7.960,92,732,Bid,Nasdaq GSM,Inter Mkt Swp; Odd Lot; Trade Thru Exmpt
03:59:13.251 PM ET,7.990,92,735,None,Off Exchange,Odd Lot
09:32:40.043 AM ET,8.240,91,750,Mid,Nasdaq GSM,Odd Lot
11:04:00.667 AM ET,8.160,91,743,Mid,Nasdaq GSM,Inter Mkt Swp; Odd Lot; Trade Thru Exmpt
11:31:35.892 AM ET,8.160,91,743,Ask,NYSE Arca,Inter Mkt Swp; Odd Lot; Trade Thru Exmpt
11:40:17.139 AM ET,8.000,91,728,Bid,MEMX,Odd Lot
11:56:04.490 AM ET,8.140,91,741,Mid,Nasdaq GSM,Inter Mkt Swp; Odd Lot; Trade Thru Exmpt
01:06:00.411 PM ET,7.970,91,725,Mid,Nasdaq GSM,Inter Mkt Swp; Odd Lot; Trade Thru Exmpt
01:32:33.958 PM ET,8.000,91,728,Ask,Nasdaq GSM,Inter Mkt Swp; Odd Lot; Trade Thru Exmpt
02:16:41.740 PM ET,8.070,91,734,Ask,Nasdaq GSM,Odd Lot
03:58:11.054 PM ET,8.010,91,729,Ask,Cboe EDGX,Inter Mkt Swp; Odd Lot; Trade Thru Exmpt
03:59:26.426 PM ET,8.000,91,728,None,Nasdaq GSM,Inter Mkt Swp; Odd Lot; Trade Thru Exmpt
09:40:44.864 AM ET,8.210,90,739,Mid,NYSE,Inter Mkt Swp; Odd Lot; Trade Thru Exmpt
10:07:20.647 AM ET,8.250,90,743,Mid,Nasdaq GSM,Inter Mkt Swp; Odd Lot; Trade Thru Exmpt
10:31:04.268 AM ET,8.270,90,744,Mid,IEX,Odd Lot
10:47:47.141 AM ET,8.230,90,741,Mid,Cboe BZX,Inter Mkt Swp; Odd Lot; Trade Thru Exmpt
11:44:22.727 AM ET,8.100,90,729,Ask,Cboe BZX,Inter Mkt Swp; Odd Lot; Trade Thru Exmpt
11:44:22.734 AM ET,8.110,90,730,Ask,Cboe BZX,Inter Mkt Swp; Odd Lot; Trade Thru Exmpt
12:08:59.009 PM ET,8.190,90,737,Bid,Nasdaq GSM,Inter Mkt Swp; Odd Lot; Trade Thru Exmpt
01:12:54.867 PM ET,8.050,90,725,Ask,Cboe BZX,Odd Lot
02:10:29.554 PM ET,8.020,90,722,Ask,Nasdaq GSM,Inter Mkt Swp; Odd Lot; Trade Thru Exmpt
02:11:16.616 PM ET,8.020,90,722,Bid,Nasdaq GSM,Inter Mkt Swp; Odd Lot; Trade Thru Exmpt
02:15:00.771 PM ET,8.045,90,724,Mid,Cboe EDGX,Odd Lot
02:19:33.683 PM ET,8.070,90,726,Mid,NYSE Arca,Odd Lot
02:33:45.068 PM ET,8.060,90,725,Bid,Nasdaq GSM,Odd Lot
02:42:28.063 PM ET,8.010,90,721,Mid,MEMX,Odd Lot
03:12:34.363 PM ET,7.940,90,715,Ask,Nasdaq GSM,Inter Mkt Swp; Odd Lot; Trade Thru Exmpt
03:22:52.255 PM ET,8.000,90,720,Ask,NYSE Arca,Odd Lot
03:58:11.053 PM ET,8.010,90,721,Ask,Nasdaq GSM,Odd Lot
09:41:36.020 AM ET,8.180,89,728,Mid,NYSE Arca,Odd Lot
11:37:43.468 AM ET,8.110,89,722,Bid,Nasdaq GSM,Odd Lot
11:40:17.132 AM ET,8.030,89,715,Ask,Nasdaq GSM,Inter Mkt Swp; Odd Lot; Trade Thru Exmpt
11:40:17.138 AM ET,7.990,89,711,Bid,NYSE Arca,Inter Mkt Swp; Odd Lot; Trade Thru Exmpt
11:40:17.140 AM ET,7.980,89,710,Bid,NYSE Arca,Inter Mkt Swp; Odd Lot; Trade Thru Exmpt
11:40:17.148 AM ET,7.990,89,711,Bid,Nasdaq GSM,Inter Mkt Swp; Odd Lot; Trade Thru Exmpt
09:47:27.313 AM ET,8.180,88,720,Ask,Nasdaq GSM,Inter Mkt Swp; Odd Lot; Trade Thru Exmpt
12:47:32.698 PM ET,8.130,88,715,Bid,Cboe EDGX,Odd Lot
01:08:10.877 PM ET,7.990,88,703,Mid,Nasdaq GSM,Odd Lot
01:38:44.595 PM ET,7.990,88,703,Bid,Nasdaq GSM,Inter Mkt Swp; Odd Lot; Trade Thru Exmpt
02:51:17.161 PM ET,7.980,88,702,Bid,Nasdaq GSM,Odd Lot
03:06:00.607 PM ET,7.970,88,701,Ask,Nasdaq GSM,Odd Lot
03:07:21.277 PM ET,7.960,88,700,Ask,Nasdaq GSM,Odd Lot
03:30:53.286 PM ET,7.960,88,700,Bid,Nasdaq GSM,Inter Mkt Swp; Odd Lot; Trade Thru Exmpt
03:59:38.322 PM ET,7.990,88,703,None,Nasdaq GSM,Inter Mkt Swp; Odd Lot; Trade Thru Exmpt
03:59:54.922 PM ET,7.990,88,703,None,Nasdaq GSM,Inter Mkt Swp; Odd Lot; Trade Thru Exmpt
02:15:13.226 PM ET,8.045,87,700,Mid,NYSE Arca,Inter Mkt Swp; Odd Lot; Trade Thru Exmpt
01:59:53.106 PM ET,8.000,86,688,Bid,Nasdaq GSM,Inter Mkt Swp; Odd Lot; Trade Thru Exmpt
02:34:40.883 PM ET,8.050,86,692,Ask,Cboe BZX,Inter Mkt Swp; Odd Lot; Trade Thru Exmpt
03:39:54.096 PM ET,7.940,86,683,Bid,Cboe BYX,Inter Mkt Swp; Odd Lot; Trade Thru Exmpt
09:40:44.864 AM ET,8.210,85,698,Mid,NYSE,Inter Mkt Swp; Odd Lot; Trade Thru Exmpt
11:40:17.137 AM ET,8.030,85,683,Mid,Nasdaq GSM,Inter Mkt Swp; Odd Lot; Trade Thru Exmpt
11:40:17.137 AM ET,8.000,85,680,Bid,Nasdaq GSM,Inter Mkt Swp; Odd Lot; Trade Thru Exmpt
12:36:33.903 PM ET,8.210,85,698,Mid,Nasdaq GSM,Inter Mkt Swp; Odd Lot; Trade Thru Exmpt
12:40:27.388 PM ET,8.190,85,696,Mid,Nasdaq GSM,Inter Mkt Swp; Odd Lot; Trade Thru Exmpt
12:43:05.619 PM ET,8.180,85,695,Mid,Nasdaq GSM,Odd Lot
02:02:57.851 PM ET,8.000,85,680,Ask,NYSE Arca,Odd Lot
03:07:21.276 PM ET,7.960,85,677,Ask,IEX,Odd Lot
09:40:44.864 AM ET,8.210,84,690,Mid,NYSE Arca,Inter Mkt Swp; Odd Lot; Trade Thru Exmpt
11:47:44.892 AM ET,8.150,84,685,Bid,Nasdaq GSM,Inter Mkt Swp; Odd Lot; Trade Thru Exmpt
02:01:18.161 PM ET,7.990,83,663,Bid,Nasdaq GSM,Inter Mkt Swp; Odd Lot; Trade Thru Exmpt
02:22:07.955 PM ET,8.060,83,669,Mid,Nasdaq GSM,Inter Mkt Swp; Odd Lot; Trade Thru Exmpt
12:40:27.387 PM ET,8.200,82,672,Ask,Nasdaq GSM,Inter Mkt Swp; Odd Lot; Trade Thru Exmpt
03:25:10.435 PM ET,7.990,82,655,Bid,Cboe EDGX,Inter Mkt Swp; Odd Lot; Trade Thru Exmpt
03:41:05.519 PM ET,7.950,82,652,Ask,Off Exchange,Odd Lot
03:59:51.773 PM ET,7.985,82,655,None,Off Exchange,Odd Lot
12:17:49.335 PM ET,8.260,81,669,None,Cboe BZX,Odd Lot
12:50:16.120 PM ET,8.100,81,656,Mid,Nasdaq GSM,Inter Mkt Swp; Odd Lot; Trade Thru Exmpt
02:53:43.007 PM ET,7.975,81,646,Mid,Cboe BZX,Inter Mkt Swp; Odd Lot; Trade Thru Exmpt
03:25:10.434 PM ET,7.990,81,647,Bid,Nasdaq GSM,Inter Mkt Swp; Odd Lot; Trade Thru Exmpt
10:14:07.120 AM ET,8.220,80,658,Mid,IEX,Odd Lot
10:50:53.846 AM ET,8.250,80,660,Mid,Cboe BZX,Inter Mkt Swp; Odd Lot; Trade Thru Exmpt
12:18:20.274 PM ET,8.230,80,658,None,Nasdaq GSM,Odd Lot
03:43:22.942 PM ET,7.900,80,632,Bid,Off Exchange,Odd Lot
03:52:13.684 PM ET,7.980,80,638,Bid,Nasdaq GSM,Inter Mkt Swp; Odd Lot; Trade Thru Exmpt
03:58:11.054 PM ET,8.010,80,641,Ask,Cboe BZX,Inter Mkt Swp; Odd Lot; Trade Thru Exmpt
03:59:26.426 PM ET,8.000,80,640,None,Nasdaq GSM,Odd Lot
11:40:17.132 AM ET,8.020,79,634,Ask,Nasdaq GSM,Inter Mkt Swp; Odd Lot; Trade Thru Exmpt
11:40:17.138 AM ET,8.030,79,634,Mid,NYSE Arca,Inter Mkt Swp; Odd Lot; Trade Thru Exmpt
01:39:51.153 PM ET,8.010,79,633,Ask,Off Exchange,Odd Lot
03:22:52.255 PM ET,8.000,79,632,Ask,NYSE Arca,Odd Lot
11:32:37.288 AM ET,8.140,78,635,Mid,NYSE Arca,Inter Mkt Swp; Odd Lot; Trade Thru Exmpt
11:40:17.139 AM ET,7.980,78,622,Bid,Nasdaq GSM,Inter Mkt Swp; Odd Lot; Trade Thru Exmpt
02:50:01.719 PM ET,7.990,78,623,Ask,Nasdaq GSM,Inter Mkt Swp; Odd Lot; Trade Thru Exmpt
03:00:17.803 PM ET,7.970,78,622,Mid,Nasdaq GSM,Inter Mkt Swp; Odd Lot; Trade Thru Exmpt
03:51:37.416 PM ET,7.985,78,623,Mid,IEX,Odd Lot
01:28:52.052 PM ET,7.980,77,614,Ask,Off Exchange,Odd Lot
03:57:58.088 PM ET,8.020,77,618,Mid,Off Exchange,Odd Lot
03:59:29.150 PM ET,7.990,77,615,None,Off Exchange,Odd Lot
10:18:21.353 AM ET,8.225,76,625,Mid,Off Exchange,Odd Lot
02:50:01.719 PM ET,7.990,76,607,Ask,Nasdaq GSM,Odd Lot
03:59:26.426 PM ET,8.000,76,608,None,Cboe BZX,Inter Mkt Swp; Odd Lot; Trade Thru Exmpt
03:59:27.600 PM ET,7.990,76,607,None,Nasdaq GSM,Odd Lot
09:54:32.132 AM ET,8.210,75,616,Ask,IEX,Odd Lot
11:24:46.106 AM ET,8.145,75,611,Mid,Off Exchange,Odd Lot
11:25:48.887 AM ET,8.130,75,610,Mid,Nasdaq GSM,Inter Mkt Swp; Odd Lot; Trade Thru Exmpt
11:38:51.904 AM ET,8.105,75,608,Mid,Off Exchange,Odd Lot
11:40:17.139 AM ET,8.000,75,600,Bid,MIAX Pearl,Odd Lot
03:17:37.615 PM ET,7.980,75,599,Mid,Cboe EDGX,Inter Mkt Swp; Odd Lot; Trade Thru Exmpt
03:40:28.842 PM ET,7.930,75,595,Mid,Off Exchange,Odd Lot
03:53:11.573 PM ET,7.980,75,599,Mid,IEX,Odd Lot
09:45:42.229 AM ET,8.190,74,606,Ask,NYSE Arca,Inter Mkt Swp; Odd Lot; Trade Thru Exmpt
11:35:31.006 AM ET,8.130,74,602,Bid,Nasdaq GSM,Odd Lot
11:40:17.147 AM ET,7.980,74,591,Bid,Nasdaq GSM,Odd Lot
01:17:00.699 PM ET,8.050,74,596,Mid,Nasdaq GSM,Odd Lot
03:06:00.608 PM ET,7.970,74,590,Ask,NYSE Arca,Inter Mkt Swp; Odd Lot; Trade Thru Exmpt
03:17:37.615 PM ET,7.980,74,591,Mid,Cboe BZX,Inter Mkt Swp; Odd Lot; Trade Thru Exmpt
03:51:07.760 PM ET,7.990,74,591,Ask,Nasdaq GSM,Inter Mkt Swp; Odd Lot; Trade Thru Exmpt
09:54:32.132 AM ET,8.210,73,599,Ask,Cboe BZX,Odd Lot
11:32:37.288 AM ET,8.140,73,594,Mid,Nasdaq GSM,Inter Mkt Swp; Odd Lot; Trade Thru Exmpt
11:40:17.134 AM ET,8.040,73,587,Ask,Nasdaq GSM,Inter Mkt Swp; Odd Lot; Trade Thru Exmpt
11:47:44.892 AM ET,8.150,73,595,Bid,Cboe BZX,Inter Mkt Swp; Odd Lot; Trade Thru Exmpt
12:59:57.553 PM ET,8.000,73,584,Mid,Off Exchange,Odd Lot
03:52:13.684 PM ET,7.980,73,583,Bid,Nasdaq GSM,Inter Mkt Swp; Odd Lot; Trade Thru Exmpt
11:40:17.149 AM ET,8.010,72,577,Bid,Nasdaq GSM,Odd Lot
12:11:27.183 PM ET,8.179,72,589,Bid,Off Exchange,Odd Lot
01:30:03.754 PM ET,7.980,72,575,Ask,Cboe BZX,Odd Lot
11:40:17.139 AM ET,7.990,71,567,Bid,Nasdaq GSM,Odd Lot
11:40:17.139 AM ET,8.000,71,568,Bid,Nasdaq GSM,Odd Lot
11:40:17.140 AM ET,7.980,71,567,Bid,Nasdaq GSM,Odd Lot
11:40:17.147 AM ET,7.980,71,567,Bid,Nasdaq GSM,Odd Lot
11:40:17.159 AM ET,8.010,71,569,Bid,Nasdaq GSM,Inter Mkt Swp; Odd Lot; Trade Thru Exmpt
11:40:17.183 AM ET,8.020,71,569,Bid,Nasdaq GSM,Inter Mkt Swp; Odd Lot; Trade Thru Exmpt
11:40:17.197 AM ET,8.020,71,569,Bid,Nasdaq GSM,Inter Mkt Swp; Odd Lot; Trade Thru Exmpt
11:40:17.198 AM ET,8.010,71,569,Bid,NYSE Arca,Odd Lot
11:40:17.338 AM ET,8.020,71,569,Mid,Cboe BZX,Inter Mkt Swp; Odd Lot; Trade Thru Exmpt
11:40:17.539 AM ET,8.050,71,572,Mid,Nasdaq GSM,Inter Mkt Swp; Odd Lot; Trade Thru Exmpt
11:40:17.539 AM ET,8.060,71,572,Mid,Nasdaq GSM,Inter Mkt Swp; Odd Lot; Trade Thru Exmpt
12:29:43.851 PM ET,8.230,71,584,Ask,Nasdaq GSM,Inter Mkt Swp; Odd Lot; Trade Thru Exmpt
01:26:17.593 PM ET,7.980,71,567,Mid,Nasdaq GSM,Inter Mkt Swp; Odd Lot; Trade Thru Exmpt
02:22:11.170 PM ET,8.050,71,572,Bid,MEMX,Inter Mkt Swp; Odd Lot; Trade Thru Exmpt
03:32:03.382 PM ET,7.950,71,564,Bid,Cboe EDGX,Inter Mkt Swp; Odd Lot; Trade Thru Exmpt
09:36:38.299 AM ET,8.210,70,575,Bid,Nasdaq GSM,Odd Lot
09:44:59.798 AM ET,8.180,70,573,Bid,Off Exchange,Odd Lot
09:45:53.290 AM ET,8.125,70,569,Mid,Off Exchange,Odd Lot
10:50:24.019 AM ET,8.230,70,576,Bid,NYSE Arca,Inter Mkt Swp; Odd Lot; Trade Thru Exmpt
11:23:16.071 AM ET,8.150,70,571,Mid,NYSE Arca,Inter Mkt Swp; Odd Lot; Trade Thru Exmpt
11:26:38.350 AM ET,8.125,70,569,Mid,NYSE,Odd Lot
11:32:35.820 AM ET,8.130,70,569,Mid,NYSE,Odd Lot
11:37:34.851 AM ET,8.120,70,568,Ask,Nasdaq GSM,Inter Mkt Swp; Odd Lot; Trade Thru Exmpt
11:40:16.976 AM ET,8.100,70,567,Mid,NYSE,Odd Lot
11:40:17.132 AM ET,8.040,70,563,Ask,Nasdaq PHLX,Inter Mkt Swp; Odd Lot; Trade Thru Exmpt
11:40:17.133 AM ET,8.030,70,562,Ask,MIAX Pearl,Inter Mkt Swp; Odd Lot; Trade Thru Exmpt
11:40:17.133 AM ET,8.040,70,563,Ask,Off Exchange,Odd Lot
11:40:17.139 AM ET,8.000,70,560,Bid,IEX,Odd Lot
11:44:22.733 AM ET,8.100,70,567,Ask,Nasdaq GSM,Odd Lot
12:33:40.383 PM ET,8.240,70,577,Ask,Off Exchange,Odd Lot
12:40:27.388 PM ET,8.200,70,574,Ask,Cboe BZX,Inter Mkt Swp; Odd Lot; Trade Thru Exmpt
12:47:32.597 PM ET,8.150,70,571,Mid,Nasdaq GSM,Odd Lot
01:42:21.434 PM ET,8.025,70,562,Mid,Cboe BZX,Odd Lot
02:27:11.122 PM ET,8.090,70,566,Ask,Off Exchange,Odd Lot
02:28:05.583 PM ET,8.050,70,564,Bid,Off Exchange,Odd Lot
03:07:21.277 PM ET,7.960,70,557,Ask,Nasdaq GSM,Odd Lot
03:17:37.554 PM ET,7.980,70,559,Ask,Cboe EDGX,Inter Mkt Swp; Odd Lot; Trade Thru Exmpt
03:41:34.601 PM ET,7.900,70,553,Bid,Off Exchange,Odd Lot
03:46:10.202 PM ET,7.950,70,557,Ask,Off Exchange,Odd Lot
03:50:00.066 PM ET,7.950,70,557,Bid,NYSE Arca,Odd Lot
03:51:07.761 PM ET,7.990,70,559,Ask,NYSE Arca,Odd Lot
03:56:08.562 PM ET,8.000,70,560,Ask,Nasdaq GSM,Inter Mkt Swp; Odd Lot; Trade Thru Exmpt
03:56:08.573 PM ET,8.000,70,560,Ask,Off Exchange,Odd Lot
03:57:41.179 PM ET,8.030,70,562,Mid,Cboe EDGX,Odd Lot
03:58:11.054 PM ET,8.010,70,561,Ask,NYSE Arca,Inter Mkt Swp; Odd Lot; Trade Thru Exmpt
03:58:11.067 PM ET,7.990,70,559,Mid,Cboe EDGX,Odd Lot
03:58:11.071 PM ET,7.990,70,559,Mid,Cboe EDGX,Odd Lot
01:46:43.525 PM ET,8.030,69,554,Mid,Nasdaq GSM,Inter Mkt Swp; Odd Lot; Trade Thru Exmpt
03:59:56.111 PM ET,7.985,69,551,None,Cboe BZX,Odd Lot
11:24:46.104 AM ET,8.130,68,553,Mid,Nasdaq GSM,Inter Mkt Swp; Odd Lot; Trade Thru Exmpt
12:35:37.245 PM ET,8.210,68,558,Bid,Nasdaq GSM,Inter Mkt Swp; Odd Lot; Trade Thru Exmpt
01:29:04.427 PM ET,7.981,68,543,Ask,Off Exchange,Odd Lot
01:54:45.091 PM ET,8.010,68,545,Ask,Nasdaq GSM,Inter Mkt Swp; Odd Lot; Trade Thru Exmpt
03:12:34.391 PM ET,7.970,68,542,Ask,Nasdaq GSM,Inter Mkt Swp; Odd Lot; Trade Thru Exmpt
03:16:10.643 PM ET,7.960,68,541,Bid,NYSE Arca,Inter Mkt Swp; Odd Lot; Trade Thru Exmpt
09:40:44.863 AM ET,8.210,67,550,Mid,Cboe BZX,Inter Mkt Swp; Odd Lot; Trade Thru Exmpt
11:40:17.138 AM ET,8.020,67,537,Bid,IEX,Odd Lot
11:40:17.138 AM ET,7.990,67,535,Bid,Cboe EDGX,Inter Mkt Swp; Odd Lot; Trade Thru Exmpt
12:08:59.005 PM ET,8.180,67,548,Bid,NYSE Arca,Inter Mkt Swp; Odd Lot; Trade Thru Exmpt
01:38:44.595 PM ET,7.990,67,535,Bid,Nasdaq GSM,Inter Mkt Swp; Odd Lot; Trade Thru Exmpt
03:59:44.714 PM ET,7.990,67,535,None,Nasdaq GSM,Odd Lot
11:40:17.097 AM ET,8.090,66,534,Ask,Nasdaq GSM,Odd Lot
12:00:14.723 PM ET,8.175,66,540,Mid,Off Exchange,Odd Lot
11:59:48.772 AM ET,8.190,65,532,Ask,Off Exchange,Odd Lot
02:51:17.161 PM ET,7.980,65,519,Bid,Nasdaq GSM,Odd Lot
03:37:38.610 PM ET,7.950,65,517,Mid,Nasdaq GSM,Odd Lot
03:57:57.115 PM ET,8.020,65,521,Mid,Off Exchange,Odd Lot
11:40:17.138 AM ET,7.990,64,511,Bid,Cboe EDGX,Inter Mkt Swp; Odd Lot; Trade Thru Exmpt
12:39:09.182 PM ET,8.180,64,524,Mid,TXSE,Inter Mkt Swp; Odd Lot; Trade Thru Exmpt
01:44:22.913 PM ET,8.030,64,514,Mid,Nasdaq GSM,Inter Mkt Swp; Odd Lot; Trade Thru Exmpt
01:48:31.509 PM ET,8.000,64,512,Bid,Nasdaq GSM,Inter Mkt Swp; Odd Lot; Trade Thru Exmpt
01:54:45.091 PM ET,8.010,64,513,Ask,IEX,Odd Lot
01:56:38.577 PM ET,8.015,64,513,Mid,NYSE,Inter Mkt Swp; Odd Lot; Trade Thru Exmpt
03:59:39.827 PM ET,7.990,64,511,None,Nasdaq GSM,Inter Mkt Swp; Odd Lot; Trade Thru Exmpt
04:00:54.174 PM ET,8.050,64,515,Bid,Cboe BZX,Frm T Ext Hrs; Odd Lot; Trade Thru Exmpt
11:40:17.138 AM ET,7.990,63,503,Bid,Cboe EDGX,Inter Mkt Swp; Odd Lot; Trade Thru Exmpt
11:40:17.138 AM ET,8.000,63,504,Bid,Nasdaq GSM,Inter Mkt Swp; Odd Lot; Trade Thru Exmpt
11:40:17.139 AM ET,7.990,63,503,Bid,Nasdaq GSM,Inter Mkt Swp; Odd Lot; Trade Thru Exmpt
01:06:00.481 PM ET,7.970,63,502,Mid,Off Exchange,Odd Lot
01:30:03.754 PM ET,7.980,63,503,Ask,Nasdaq GSM,Odd Lot
02:16:58.264 PM ET,8.080,63,509,Ask,Nasdaq GSM,Inter Mkt Swp; Odd Lot; Trade Thru Exmpt
03:47:54.490 PM ET,7.930,63,500,Mid,Cboe BZX,Inter Mkt Swp; Odd Lot; Trade Thru Exmpt
03:58:29.658 PM ET,7.990,63,503,Mid,Off Exchange,Odd Lot
03:59:54.921 PM ET,7.990,63,503,None,Nasdaq GSM,Inter Mkt Swp; Odd Lot; Trade Thru Exmpt
10:14:07.092 AM ET,8.230,62,510,Bid,Cboe BZX,Inter Mkt Swp; Odd Lot; Trade Thru Exmpt
10:50:24.019 AM ET,8.230,62,510,Bid,Nasdaq GSM,Odd Lot
11:31:35.967 AM ET,8.150,62,505,Bid,NYSE Arca,Inter Mkt Swp; Odd Lot; Trade Thru Exmpt
03:57:44.842 PM ET,8.010,62,497,Bid,Nasdaq GSM,Odd Lot
03:59:26.429 PM ET,7.995,62,496,None,IEX,Odd Lot
09:55:08.344 AM ET,8.240,61,503,Ask,Off Exchange,Odd Lot
11:40:17.152 AM ET,8.020,61,489,Bid,Nasdaq GSM,Inter Mkt Swp; Odd Lot; Trade Thru Exmpt
11:48:39.459 AM ET,8.160,61,498,Mid,Cboe BZX,Inter Mkt Swp; Odd Lot; Trade Thru Exmpt
01:26:17.594 PM ET,7.980,61,487,Mid,NYSE,Odd Lot
09:30:40.996 AM ET,8.300,60,498,Mid,Off Exchange,Odd Lot
10:14:07.119 AM ET,8.220,60,493,Bid,Nasdaq GSM,Odd Lot
10:50:24.027 AM ET,8.240,60,494,Mid,Cboe BZX,Odd Lot
11:40:17.138 AM ET,8.030,60,482,Mid,Off Exchange,Odd Lot
11:40:17.138 AM ET,8.000,60,480,Bid,Nasdaq GSM,Odd Lot
11:40:17.138 AM ET,8.000,60,480,Bid,MEMX,Inter Mkt Swp; Odd Lot; Trade Thru Exmpt
11:40:17.176 AM ET,8.050,60,483,Ask,Off Exchange,Odd Lot
11:40:17.178 AM ET,8.030,60,482,Mid,Off Exchange,Odd Lot
11:40:17.200 AM ET,8.040,60,482,Ask,Off Exchange,Odd Lot
11:40:17.338 AM ET,8.010,60,481,Mid,Cboe BZX,Inter Mkt Swp; Odd Lot; Trade Thru Exmpt
11:51:36.855 AM ET,8.200,60,492,Mid,Cboe BZX,Inter Mkt Swp; Odd Lot; Trade Thru Exmpt
12:17:37.817 PM ET,8.290,60,497,None,Off Exchange,Odd Lot
12:17:44.365 PM ET,8.295,60,498,None,Off Exchange,Odd Lot
12:22:29.093 PM ET,8.262,60,496,Ask,Off Exchange,Odd Lot
12:47:32.609 PM ET,8.145,60,489,Mid,Off Exchange,Odd Lot
12:52:43.753 PM ET,8.070,60,484,Mid,Off Exchange,Odd Lot
12:53:15.506 PM ET,8.050,60,483,Mid,Off Exchange,Odd Lot
12:53:15.534 PM ET,8.040,60,482,Mid,Off Exchange,Odd Lot
12:57:06.189 PM ET,8.040,60,482,Mid,Off Exchange,Odd Lot
12:57:06.204 PM ET,8.040,60,482,Mid,Off Exchange,Odd Lot
12:57:19.948 PM ET,8.040,60,482,Mid,Off Exchange,Odd Lot
12:58:36.245 PM ET,8.020,60,481,Mid,Cboe BZX,Odd Lot
01:05:26.253 PM ET,7.980,60,479,Bid,Nasdaq GSM,Inter Mkt Swp; Odd Lot; Trade Thru Exmpt
01:22:44.792 PM ET,8.000,60,480,Ask,Cboe BZX,Odd Lot
01:54:45.116 PM ET,8.010,60,481,Ask,Off Exchange,Odd Lot
02:01:18.162 PM ET,7.990,60,479,Bid,Nasdaq GSM,Odd Lot
02:43:35.677 PM ET,8.000,60,480,Mid,Nasdaq GSM,Inter Mkt Swp; Odd Lot; Trade Thru Exmpt
02:50:01.719 PM ET,7.990,60,479,Ask,Cboe BZX,Inter Mkt Swp; Odd Lot; Trade Thru Exmpt
03:12:34.363 PM ET,7.940,60,476,Ask,Nasdaq GSM,Inter Mkt Swp; Odd Lot; Trade Thru Exmpt
03:15:04.734 PM ET,7.970,60,478,Mid,NYSE Arca,Inter Mkt Swp; Odd Lot; Trade Thru Exmpt
03:19:51.138 PM ET,7.975,60,479,Mid,Cboe BZX,Odd Lot
03:22:12.659 PM ET,7.990,60,479,Mid,Nasdaq GSM,Odd Lot
03:22:52.255 PM ET,8.000,60,480,Ask,NYSE Arca,Odd Lot
03:52:13.711 PM ET,7.980,60,479,Bid,IEX,Odd Lot
03:59:34.425 PM ET,7.985,60,479,None,NYSE Arca,Inter Mkt Swp; Odd Lot; Trade Thru Exmpt
09:36:38.901 AM ET,8.200,59,484,Bid,Off Exchange,Odd Lot
11:44:22.717 AM ET,8.100,59,478,Ask,Nasdaq GSM,Inter Mkt Swp; Odd Lot; Trade Thru Exmpt
12:39:09.182 PM ET,8.170,59,482,Bid,Nasdaq GSM,Inter Mkt Swp; Odd Lot; Trade Thru Exmpt
03:49:46.283 PM ET,7.940,59,468,Mid,Nasdaq GSM,Odd Lot
03:51:07.780 PM ET,7.990,59,471,Ask,Nasdaq GSM,Inter Mkt Swp; Odd Lot; Trade Thru Exmpt
03:58:44.110 PM ET,7.990,59,471,Mid,Off Exchange,Odd Lot
10:31:16.521 AM ET,8.250,58,479,Mid,Cboe BZX,Inter Mkt Swp; Odd Lot; Trade Thru Exmpt
11:40:17.140 AM ET,7.980,58,463,Bid,Nasdaq GSM,Inter Mkt Swp; Odd Lot; Trade Thru Exmpt
12:35:57.070 PM ET,8.210,58,476,Bid,Nasdaq GSM,Inter Mkt Swp; Odd Lot; Trade Thru Exmpt
02:33:45.068 PM ET,8.060,58,467,Bid,Nasdaq GSM,Odd Lot
03:34:12.192 PM ET,7.940,58,461,Ask,Cboe BZX,Inter Mkt Swp; Odd Lot; Trade Thru Exmpt
03:58:11.054 PM ET,8.010,58,465,Ask,Cboe EDGX,Inter Mkt Swp; Odd Lot; Trade Thru Exmpt
09:40:44.863 AM ET,8.210,57,468,Mid,Nasdaq GSM,Inter Mkt Swp; Odd Lot; Trade Thru Exmpt
11:40:17.133 AM ET,8.050,57,459,Ask,Nasdaq GSM,Odd Lot
11:40:17.134 AM ET,8.040,57,458,Ask,Nasdaq GSM,Inter Mkt Swp; Odd Lot; Trade Thru Exmpt
11:40:17.137 AM ET,8.020,57,457,Bid,Nasdaq GSM,Inter Mkt Swp; Odd Lot; Trade Thru Exmpt
11:40:17.138 AM ET,8.020,57,457,Bid,Nasdaq GSM,Inter Mkt Swp; Odd Lot; Trade Thru Exmpt
11:40:17.139 AM ET,7.990,57,455,Bid,Nasdaq GSM,Odd Lot
11:40:17.139 AM ET,7.990,57,455,Bid,Nasdaq GSM,Inter Mkt Swp; Odd Lot; Trade Thru Exmpt
11:40:17.140 AM ET,7.980,57,455,Bid,Nasdaq GSM,Odd Lot
11:40:17.140 AM ET,7.980,57,455,Bid,Nasdaq GSM,Inter Mkt Swp; Odd Lot; Trade Thru Exmpt
11:40:17.140 AM ET,7.990,57,455,Bid,Nasdaq GSM,Odd Lot
11:40:17.144 AM ET,7.990,57,455,Bid,Nasdaq GSM,Inter Mkt Swp; Odd Lot; Trade Thru Exmpt
11:40:17.146 AM ET,7.980,57,455,Bid,Nasdaq GSM,Inter Mkt Swp; Odd Lot; Trade Thru Exmpt
11:40:17.147 AM ET,7.980,57,455,Bid,Nasdaq GSM,Odd Lot
11:40:17.147 AM ET,7.980,57,455,Bid,Nasdaq GSM,Inter Mkt Swp; Odd Lot; Trade Thru Exmpt
11:40:17.148 AM ET,7.990,57,455,Bid,Nasdaq GSM,Inter Mkt Swp; Odd Lot; Trade Thru Exmpt
11:40:17.149 AM ET,8.000,57,456,Bid,Nasdaq GSM,Inter Mkt Swp; Odd Lot; Trade Thru Exmpt
11:40:17.159 AM ET,8.010,57,457,Bid,Nasdaq GSM,Inter Mkt Swp; Odd Lot; Trade Thru Exmpt
02:22:11.169 PM ET,8.050,57,459,Bid,Nasdaq GSM,Inter Mkt Swp; Odd Lot; Trade Thru Exmpt
09:51:35.324 AM ET,8.220,56,460,Ask,Off Exchange,Odd Lot
09:58:04.808 AM ET,8.230,56,461,Ask,Off Exchange,Odd Lot
11:31:35.892 AM ET,8.160,56,457,Ask,NYSE Arca,Inter Mkt Swp; Odd Lot; Trade Thru Exmpt
11:40:17.138 AM ET,7.970,56,446,Bid,Nasdaq GSM,Inter Mkt Swp; Odd Lot; Trade Thru Exmpt
11:40:17.183 AM ET,8.020,56,449,Bid,Nasdaq GSM,Inter Mkt Swp; Odd Lot; Trade Thru Exmpt
01:14:38.157 PM ET,8.070,56,452,Mid,Nasdaq GSM,Odd Lot
01:20:14.576 PM ET,8.030,56,450,Bid,Nasdaq GSM,Inter Mkt Swp; Odd Lot; Trade Thru Exmpt
03:12:34.363 PM ET,7.940,56,445,Ask,NYSE Arca,Inter Mkt Swp; Odd Lot; Trade Thru Exmpt
03:59:29.115 PM ET,7.990,56,447,None,Nasdaq GSM,Inter Mkt Swp; Odd Lot; Trade Thru Exmpt
03:59:56.121 PM ET,7.990,56,447,None,Nasdaq GSM,Inter Mkt Swp; Odd Lot; Trade Thru Exmpt
09:36:38.302 AM ET,8.170,55,449,Bid,Off Exchange,Odd Lot
09:51:19.088 AM ET,8.220,55,452,Ask,Off Exchange,Odd Lot
09:51:52.326 AM ET,8.220,55,452,Ask,Off Exchange,Odd Lot
10:07:17.974 AM ET,8.250,55,454,Mid,Cboe BZX,Inter Mkt Swp; Odd Lot; Trade Thru Exmpt
11:40:17.139 AM ET,8.000,55,440,Bid,IEX,Odd Lot
12:36:33.903 PM ET,8.210,55,452,Mid,Nasdaq GSM,Inter Mkt Swp; Odd Lot; Trade Thru Exmpt
02:30:44.809 PM ET,8.070,55,444,Bid,Nasdaq GSM,Odd Lot
03:33:55.587 PM ET,7.910,55,435,Bid,Off Exchange,Odd Lot
03:59:29.115 PM ET,7.990,55,439,None,Nasdaq GSM,Inter Mkt Swp; Odd Lot; Trade Thru Exmpt
09:50:34.944 AM ET,8.220,54,444,Ask,Off Exchange,Odd Lot
09:50:47.724 AM ET,8.220,54,444,Ask,Off Exchange,Odd Lot
09:59:03.729 AM ET,8.230,54,444,Ask,Off Exchange,Odd Lot
11:40:17.140 AM ET,7.980,54,431,Bid,Cboe BZX,Inter Mkt Swp; Odd Lot; Trade Thru Exmpt
11:40:17.174 AM ET,8.020,54,433,Bid,Nasdaq GSM,Inter Mkt Swp; Odd Lot; Trade Thru Exmpt
02:00:22.313 PM ET,8.000,54,432,Mid,Cboe BZX,Odd Lot
02:00:22.314 PM ET,8.000,54,432,Mid,Cboe BZX,Inter Mkt Swp; Odd Lot; Trade Thru Exmpt
03:22:17.592 PM ET,7.990,54,431,Mid,NYSE,Odd Lot
03:34:12.191 PM ET,7.940,54,429,Ask,Nasdaq GSM,Inter Mkt Swp; Odd Lot; Trade Thru Exmpt
09:39:37.556 AM ET,8.250,53,437,Mid,Nasdaq GSM,Inter Mkt Swp; Odd Lot; Trade Thru Exmpt
09:51:54.977 AM ET,8.220,53,436,Ask,Off Exchange,Odd Lot
10:25:06.810 AM ET,8.250,53,437,Ask,Nasdaq GSM,Inter Mkt Swp; Odd Lot; Trade Thru Exmpt
12:56:48.839 PM ET,8.040,53,426,Bid,Nasdaq GSM,Inter Mkt Swp; Odd Lot; Trade Thru Exmpt
01:22:44.792 PM ET,8.000,53,424,Ask,Cboe EDGX,Inter Mkt Swp; Odd Lot; Trade Thru Exmpt
01:39:11.653 PM ET,7.990,53,423,Bid,Nasdaq GSM,Inter Mkt Swp; Odd Lot; Trade Thru Exmpt
03:12:34.364 PM ET,7.950,53,421,Ask,Cboe EDGX,Odd Lot
03:59:57.713 PM ET,7.990,53,423,None,Nasdaq GSM,Inter Mkt Swp; Odd Lot; Trade Thru Exmpt
09:53:29.196 AM ET,8.180,52,425,Mid,Nasdaq GSM,Odd Lot
11:40:17.133 AM ET,8.040,52,418,Ask,Off Exchange,Odd Lot
12:47:32.697 PM ET,8.140,52,423,Mid,Cboe BZX,Odd Lot
12:58:30.872 PM ET,7.990,52,415,Mid,IEX,Odd Lot
01:47:48.071 PM ET,8.010,52,417,Mid,Nasdaq GSM,Odd Lot
01:48:31.509 PM ET,8.000,52,416,Bid,Nasdaq GSM,Inter Mkt Swp; Odd Lot; Trade Thru Exmpt
02:33:45.068 PM ET,8.060,52,419,Bid,Nasdaq GSM,Odd Lot
03:28:11.920 PM ET,7.980,52,415,Bid,Nasdaq GSM,Inter Mkt Swp; Odd Lot; Trade Thru Exmpt
03:55:08.348 PM ET,7.970,52,414,Bid,Off Exchange,Odd Lot
11:40:17.138 AM ET,7.990,51,407,Bid,Cboe BZX,Inter Mkt Swp; Odd Lot; Trade Thru Exmpt
03:17:37.553 PM ET,7.980,51,407,Ask,IEX,Odd Lot
03:52:22.246 PM ET,7.970,51,406,Ask,Nasdaq GSM,Inter Mkt Swp; Odd Lot; Trade Thru Exmpt
09:36:38.402 AM ET,8.240,50,412,Ask,Nasdaq GSM,Inter Mkt Swp; Odd Lot; Trade Thru Exmpt
09:36:38.402 AM ET,8.240,50,412,Ask,Cboe EDGX,Inter Mkt Swp; Odd Lot; Trade Thru Exmpt
09:41:06.310 AM ET,8.210,50,411,Mid,Nasdaq GSM,Inter Mkt Swp; Odd Lot; Trade Thru Exmpt
09:44:53.073 AM ET,8.180,50,409,Mid,Cboe EDGX,Odd Lot
09:44:53.074 AM ET,8.180,50,409,Mid,Cboe EDGX,Odd Lot
09:44:53.075 AM ET,8.180,50,409,Mid,Nasdaq GSM,Odd Lot
09:44:59.364 AM ET,8.205,50,410,Mid,Nasdaq GSM,Odd Lot
09:45:42.266 AM ET,8.150,50,408,Mid,Cboe EDGX,Odd Lot
09:45:42.281 AM ET,8.150,50,408,Mid,NYSE Arca,Odd Lot
09:47:27.303 AM ET,8.160,50,408,Ask,NYSE Arca,Inter Mkt Swp; Odd Lot; Trade Thru Exmpt
09:54:32.131 AM ET,8.210,50,411,Ask,MEMX,Inter Mkt Swp; Odd Lot; Trade Thru Exmpt
09:54:32.131 AM ET,8.210,50,411,Ask,Cboe EDGA,Inter Mkt Swp; Odd Lot; Trade Thru Exmpt
09:55:24.147 AM ET,8.190,50,410,Bid,Nasdaq GSM,Inter Mkt Swp; Odd Lot; Trade Thru Exmpt
09:55:24.148 AM ET,8.190,50,410,Bid,Nasdaq GSM,Inter Mkt Swp; Odd Lot; Trade Thru Exmpt
09:57:40.048 AM ET,8.200,50,410,Mid,Nasdaq GSM,Odd Lot
09:59:10.789 AM ET,8.200,50,410,Mid,NYSE Arca,Odd Lot
10:02:06.927 AM ET,8.200,50,410,Mid,NYSE Arca,Inter Mkt Swp; Odd Lot; Trade Thru Exmpt
10:05:59.912 AM ET,8.230,50,412,Mid,NYSE Arca,Inter Mkt Swp; Odd Lot; Trade Thru Exmpt
10:14:07.093 AM ET,8.230,50,412,Bid,IEX,Odd Lot
10:14:07.120 AM ET,8.220,50,411,Mid,IEX,Odd Lot
10:16:07.473 AM ET,8.215,50,411,Mid,Nasdaq GSM,Odd Lot
10:16:07.476 AM ET,8.215,50,411,Mid,Nasdaq GSM,Odd Lot
10:28:18.481 AM ET,8.250,50,413,Bid,IEX,Odd Lot
10:28:18.482 AM ET,8.255,50,413,Mid,IEX,Odd Lot
10:43:07.205 AM ET,8.225,50,411,Mid,Off Exchange,Odd Lot
10:50:24.019 AM ET,8.230,50,412,Bid,Nasdaq GSM,Inter Mkt Swp; Odd Lot; Trade Thru Exmpt
10:50:24.026 AM ET,8.240,50,412,Mid,Nasdaq GSM,Inter Mkt Swp; Odd Lot; Trade Thru Exmpt
10:50:24.027 AM ET,8.240,50,412,Mid,Cboe BZX,Inter Mkt Swp; Odd Lot; Trade Thru Exmpt
10:50:24.027 AM ET,8.240,50,412,Mid,IEX,Odd Lot
11:05:46.881 AM ET,8.150,50,408,Mid,Cboe EDGX,Odd Lot
11:31:43.680 AM ET,8.135,50,407,Mid,Nasdaq GSM,Odd Lot
11:32:37.288 AM ET,8.140,50,407,Mid,IEX,Odd Lot
11:32:37.289 AM ET,8.140,50,407,Mid,IEX,Odd Lot
11:37:43.468 AM ET,8.115,50,406,Mid,IEX,Odd Lot
11:40:17.132 AM ET,8.000,50,400,Ask,NYSE,Inter Mkt Swp; Odd Lot; Trade Thru Exmpt
11:40:17.132 AM ET,8.040,50,402,Ask,Nasdaq PHLX,Odd Lot
11:40:17.133 AM ET,8.040,50,402,Ask,MIAX Pearl,Odd Lot
11:40:17.133 AM ET,8.030,50,402,Mid,Cboe EDGA,Inter Mkt Swp; Odd Lot; Trade Thru Exmpt
11:40:17.134 AM ET,8.030,50,402,Mid,IEX,Inter Mkt Swp; Odd Lot; Trade Thru Exmpt
11:40:17.135 AM ET,8.050,50,403,Ask,Nasdaq GSM,Odd Lot
11:40:17.138 AM ET,8.000,50,400,Bid,Nasdaq PHLX,Odd Lot
11:40:17.138 AM ET,8.000,50,400,Bid,Nasdaq BX,Odd Lot
11:40:17.138 AM ET,8.000,50,400,Bid,24X National,Odd Lot
11:40:17.139 AM ET,8.000,50,400,Bid,NYSE American,Odd Lot
11:40:17.139 AM ET,8.000,50,400,Bid,NYSE National,Odd Lot
11:40:17.139 AM ET,8.000,50,400,Bid,CHX,Odd Lot
11:40:17.139 AM ET,7.990,50,400,Bid,Cboe EDGA,Inter Mkt Swp; Odd Lot; Trade Thru Exmpt
11:40:17.139 AM ET,7.990,50,400,Bid,NYSE,Inter Mkt Swp; Odd Lot; Trade Thru Exmpt
11:40:17.140 AM ET,7.990,50,400,Bid,NYSE National,Odd Lot
11:40:17.140 AM ET,7.990,50,400,Bid,NYSE American,Odd Lot
11:40:17.140 AM ET,7.980,50,399,Bid,Cboe EDGX,Inter Mkt Swp; Odd Lot; Trade Thru Exmpt
11:40:17.141 AM ET,7.980,50,399,Bid,Cboe EDGA,Inter Mkt Swp; Odd Lot; Trade Thru Exmpt
11:40:17.338 AM ET,8.020,50,401,Mid,NYSE Arca,Inter Mkt Swp; Odd Lot; Trade Thru Exmpt
11:40:40.540 AM ET,8.030,50,402,Bid,Off Exchange,Odd Lot
12:17:44.335 PM ET,8.290,50,415,None,Off Exchange,Odd Lot
12:40:12.072 PM ET,8.185,50,409,Mid,IEX,Odd Lot
12:47:07.668 PM ET,8.165,50,408,Mid,Off Exchange,Odd Lot
12:52:46.932 PM ET,8.065,50,403,Mid,Off Exchange,Odd Lot
12:57:01.385 PM ET,8.040,50,402,Mid,NYSE,Inter Mkt Swp; Odd Lot; Trade Thru Exmpt
12:57:01.385 PM ET,8.040,50,402,Mid,NYSE,Odd Lot
12:57:06.197 PM ET,8.040,50,402,Mid,IEX,Odd Lot
12:57:19.946 PM ET,8.040,50,402,Mid,Off Exchange,Odd Lot
12:57:22.611 PM ET,8.040,50,402,Mid,IEX,Odd Lot
01:02:07.134 PM ET,7.990,50,400,Mid,IEX,Odd Lot
01:06:21.404 PM ET,7.970,50,399,Mid,IEX,Odd Lot
01:07:16.471 PM ET,7.970,50,399,Mid,Off Exchange,Odd Lot
01:07:16.472 PM ET,7.970,50,399,Mid,IEX,Odd Lot
01:07:46.094 PM ET,7.990,50,400,Ask,Off Exchange,Odd Lot
01:07:46.095 PM ET,7.990,50,400,Ask,Off Exchange,Odd Lot
01:11:28.140 PM ET,7.980,50,399,Mid,IEX,Odd Lot
01:13:01.088 PM ET,8.055,50,403,Mid,IEX,Odd Lot
01:16:04.915 PM ET,8.065,50,403,Mid,IEX,Odd Lot
01:16:20.679 PM ET,8.065,50,403,Mid,Nasdaq GSM,Odd Lot
01:17:00.699 PM ET,8.050,50,403,Mid,Nasdaq GSM,Odd Lot
01:17:00.699 PM ET,8.050,50,403,Mid,NYSE,Inter Mkt Swp; Odd Lot; Trade Thru Exmpt
01:17:07.095 PM ET,8.050,50,403,Mid,IEX,Odd Lot
01:17:07.096 PM ET,8.050,50,403,Mid,IEX,Odd Lot
01:18:38.504 PM ET,8.045,50,402,Mid,IEX,Odd Lot
01:24:44.655 PM ET,7.990,50,400,Mid,Cboe EDGX,Odd Lot
01:30:03.755 PM ET,7.980,50,399,Ask,IEX,Odd Lot
01:33:55.201 PM ET,8.010,50,401,Mid,IEX,Odd Lot
01:36:36.191 PM ET,8.010,50,401,Mid,IEX,Odd Lot
01:46:42.590 PM ET,8.020,50,401,Mid,Nasdaq GSM,Inter Mkt Swp; Odd Lot; Trade Thru Exmpt
01:54:45.091 PM ET,8.010,50,401,Ask,Cboe BZX,Inter Mkt Swp; Odd Lot; Trade Thru Exmpt
01:54:45.092 PM ET,8.010,50,401,Ask,Cboe BZX,Inter Mkt Swp; Odd Lot; Trade Thru Exmpt
02:34:40.665 PM ET,8.050,50,403,Mid,NYSE,Inter Mkt Swp; Odd Lot; Trade Thru Exmpt
02:46:13.346 PM ET,7.980,50,399,Mid,MEMX,Inter Mkt Swp; Odd Lot; Trade Thru Exmpt
02:46:13.346 PM ET,7.980,50,399,Mid,NYSE Arca,Inter Mkt Swp; Odd Lot; Trade Thru Exmpt
02:53:43.007 PM ET,7.975,50,399,Mid,IEX,Odd Lot
03:17:37.554 PM ET,7.980,50,399,Ask,Cboe BZX,Inter Mkt Swp; Odd Lot; Trade Thru Exmpt
03:17:37.554 PM ET,7.980,50,399,Ask,Cboe BZX,Odd Lot
03:17:37.615 PM ET,7.980,50,399,Mid,Nasdaq PHLX,Inter Mkt Swp; Odd Lot; Trade Thru Exmpt
03:17:37.615 PM ET,7.980,50,399,Mid,Cboe EDGA,Inter Mkt Swp; Odd Lot; Trade Thru Exmpt
03:20:42.108 PM ET,7.980,50,399,Mid,Nasdaq GSM,Inter Mkt Swp; Odd Lot; Trade Thru Exmpt
03:22:12.659 PM ET,7.990,50,400,Mid,Cboe BZX,Inter Mkt Swp; Odd Lot; Trade Thru Exmpt
03:22:52.255 PM ET,8.000,50,400,Ask,IEX,Odd Lot
03:25:10.435 PM ET,7.990,50,400,Bid,MEMX,Inter Mkt Swp; Odd Lot; Trade Thru Exmpt
03:25:10.435 PM ET,7.990,50,400,Bid,Nasdaq GSM,Inter Mkt Swp; Odd Lot; Trade Thru Exmpt
03:25:19.416 PM ET,7.995,50,400,Mid,Nasdaq GSM,Inter Mkt Swp; Odd Lot; Trade Thru Exmpt
03:25:19.416 PM ET,7.995,50,400,Mid,Nasdaq GSM,Odd Lot
03:27:25.220 PM ET,7.980,50,399,Bid,Nasdaq GSM,Inter Mkt Swp; Odd Lot; Trade Thru Exmpt
03:27:49.653 PM ET,7.980,50,399,Bid,Nasdaq GSM,Inter Mkt Swp; Odd Lot; Trade Thru Exmpt
03:28:41.203 PM ET,7.970,50,399,Mid,Nasdaq GSM,Inter Mkt Swp; Odd Lot; Trade Thru Exmpt
03:29:06.084 PM ET,7.970,50,399,Mid,Nasdaq GSM,Odd Lot
03:30:08.856 PM ET,7.970,50,399,Mid,IEX,Odd Lot
03:32:53.435 PM ET,7.945,50,397,Mid,IEX,Odd Lot
03:32:53.436 PM ET,7.945,50,397,Mid,IEX,Odd Lot
03:32:53.437 PM ET,7.945,50,397,Mid,IEX,Odd Lot
03:34:35.886 PM ET,7.940,50,397,Ask,IEX,Odd Lot
03:34:43.513 PM ET,7.950,50,398,Mid,IEX,Odd Lot
03:35:46.848 PM ET,7.950,50,398,Mid,IEX,Odd Lot
03:36:21.565 PM ET,7.950,50,398,Mid,IEX,Odd Lot
03:36:33.009 PM ET,7.950,50,398,Mid,Off Exchange,Odd Lot
03:40:28.860 PM ET,7.925,50,396,Mid,IEX,Odd Lot
03:50:00.065 PM ET,7.950,50,398,Bid,Nasdaq GSM,Odd Lot
03:50:01.237 PM ET,7.980,50,399,Mid,NYSE Arca,Odd Lot
03:51:11.764 PM ET,7.985,50,399,Mid,Nasdaq GSM,Odd Lot
03:52:15.208 PM ET,7.975,50,399,Mid,Off Exchange,Odd Lot
03:56:08.624 PM ET,8.015,50,401,Mid,IEX,Odd Lot
03:57:41.179 PM ET,8.030,50,402,Mid,Cboe EDGA,Odd Lot
03:57:41.179 PM ET,8.030,50,402,Mid,MEMX,Odd Lot
03:57:59.993 PM ET,8.030,50,402,Ask,Cboe BYX,Odd Lot
03:58:00.402 PM ET,8.029,50,401,Mid,Off Exchange,Odd Lot
03:58:11.053 PM ET,8.010,50,401,Ask,Nasdaq PHLX,Inter Mkt Swp; Odd Lot; Trade Thru Exmpt
03:58:11.053 PM ET,8.010,50,401,Ask,Nasdaq BX,Inter Mkt Swp; Odd Lot; Trade Thru Exmpt
03:58:11.053 PM ET,8.010,50,401,Ask,Cboe EDGA,Inter Mkt Swp; Odd Lot; Trade Thru Exmpt
03:58:11.053 PM ET,8.010,50,401,Ask,Cboe BYX,Inter Mkt Swp; Odd Lot; Trade Thru Exmpt
03:58:11.054 PM ET,8.010,50,401,Ask,Cboe EDGA,Inter Mkt Swp; Odd Lot; Trade Thru Exmpt
03:58:11.054 PM ET,8.010,50,401,Ask,MEMX,Inter Mkt Swp; Odd Lot; Trade Thru Exmpt
03:58:11.067 PM ET,7.990,50,400,Mid,MEMX,Odd Lot
03:58:11.067 PM ET,7.990,50,400,Mid,Cboe EDGA,Odd Lot
03:58:11.071 PM ET,7.990,50,400,Mid,Cboe EDGA,Odd Lot
03:58:11.071 PM ET,7.990,50,400,Mid,MEMX,Odd Lot
03:59:14.995 PM ET,8.000,50,400,None,Cboe BYX,Odd Lot
03:59:15.002 PM ET,8.000,50,400,None,Off Exchange,Odd Lot
03:59:26.426 PM ET,8.000,50,400,None,Nasdaq GSM,Inter Mkt Swp; Odd Lot; Trade Thru Exmpt
03:59:26.427 PM ET,8.000,50,400,None,Nasdaq GSM,Inter Mkt Swp; Odd Lot; Trade Thru Exmpt
03:59:39.988 PM ET,8.000,50,400,None,Cboe BYX,Odd Lot
05:10:23.695 PM ET,7.990,50,400,Mid,Off Exchange,Frm T Ext Hrs; Odd Lot
07:00:02.274 PM ET,7.950,50,398,Mid,Cboe EDGX,Frm T Ext Hrs; Inter Mkt Swp; Odd Lot; Trade Thru Exmpt
11:40:17.135 AM ET,8.050,49,394,Ask,Nasdaq GSM,Odd Lot
11:40:17.138 AM ET,7.990,49,392,Bid,Cboe BZX,Inter Mkt Swp; Odd Lot; Trade Thru Exmpt
11:40:17.139 AM ET,7.990,49,392,Bid,Nasdaq GSM,Odd Lot
11:40:17.159 AM ET,8.000,49,392,Bid,TXSE,Inter Mkt Swp; Odd Lot; Trade Thru Exmpt
11:40:17.183 AM ET,7.990,49,392,Bid,Cboe BZX,Inter Mkt Swp; Odd Lot; Trade Thru Exmpt
01:02:27.051 PM ET,8.000,49,392,Mid,Cboe BZX,Inter Mkt Swp; Odd Lot; Trade Thru Exmpt
01:24:45.399 PM ET,8.000,49,392,Mid,Cboe BZX,Inter Mkt Swp; Odd Lot; Trade Thru Exmpt
02:34:40.665 PM ET,8.050,49,394,Mid,NYSE,Inter Mkt Swp; Odd Lot; Trade Thru Exmpt
03:17:37.554 PM ET,7.980,49,391,Ask,IEX,Odd Lot
03:57:41.594 PM ET,8.015,49,393,Mid,Off Exchange,Odd Lot
09:57:43.207 AM ET,8.230,48,395,Ask,Off Exchange,Odd Lot
11:31:35.891 AM ET,8.155,48,391,Mid,Nasdaq GSM,Inter Mkt Swp; Odd Lot; Trade Thru Exmpt
11:35:31.002 AM ET,8.130,48,390,Bid,Nasdaq GSM,Inter Mkt Swp; Odd Lot; Trade Thru Exmpt
01:47:48.072 PM ET,8.015,48,385,Mid,NYSE,Odd Lot
03:25:10.435 PM ET,7.990,48,384,Bid,NYSE,Inter Mkt Swp; Odd Lot; Trade Thru Exmpt
03:28:37.833 PM ET,7.980,48,383,Ask,Nasdaq GSM,Inter Mkt Swp; Odd Lot; Trade Thru Exmpt
03:52:22.246 PM ET,7.970,48,383,Ask,Nasdaq GSM,Odd Lot
03:59:26.427 PM ET,8.000,48,384,None,Nasdaq GSM,Inter Mkt Swp; Odd Lot; Trade Thru Exmpt
11:40:17.133 AM ET,8.050,47,378,Ask,Nasdaq GSM,Odd Lot
11:40:17.134 AM ET,8.040,47,378,Ask,Nasdaq GSM,Inter Mkt Swp; Odd Lot; Trade Thru Exmpt
11:40:17.137 AM ET,8.020,47,377,Bid,Nasdaq PHLX,Inter Mkt Swp; Odd Lot; Trade Thru Exmpt
11:40:17.138 AM ET,7.990,47,376,Bid,Cboe EDGX,Odd Lot
11:40:17.139 AM ET,7.970,47,375,Bid,NYSE Arca,Inter Mkt Swp; Odd Lot; Trade Thru Exmpt
12:11:29.162 PM ET,8.180,47,384,Bid,NYSE Arca,Inter Mkt Swp; Odd Lot; Trade Thru Exmpt
01:22:44.792 PM ET,8.000,47,376,Ask,Cboe EDGX,Inter Mkt Swp; Odd Lot; Trade Thru Exmpt
03:12:34.364 PM ET,7.950,47,374,Ask,Cboe EDGX,Odd Lot
03:59:44.714 PM ET,7.990,47,376,None,Nasdaq GSM,Inter Mkt Swp; Odd Lot; Trade Thru Exmpt
11:40:17.147 AM ET,7.970,46,367,Bid,Nasdaq GSM,Inter Mkt Swp; Odd Lot; Trade Thru Exmpt
11:40:17.147 AM ET,7.980,46,367,Bid,Nasdaq GSM,Inter Mkt Swp; Odd Lot; Trade Thru Exmpt
11:40:17.150 AM ET,8.010,46,368,Bid,Nasdaq GSM,Inter Mkt Swp; Odd Lot; Trade Thru Exmpt
11:40:17.159 AM ET,8.010,46,368,Bid,Nasdaq GSM,Inter Mkt Swp; Odd Lot; Trade Thru Exmpt
11:40:17.174 AM ET,8.020,46,369,Bid,Nasdaq GSM,Inter Mkt Swp; Odd Lot; Trade Thru Exmpt
11:40:17.183 AM ET,8.000,46,368,Bid,TXSE,Inter Mkt Swp; Odd Lot; Trade Thru Exmpt
12:06:54.980 PM ET,8.180,46,376,Ask,Cboe EDGX,Inter Mkt Swp; Odd Lot; Trade Thru Exmpt
12:17:49.335 PM ET,8.270,46,380,None,Cboe BZX,Inter Mkt Swp; Odd Lot; Trade Thru Exmpt
02:00:22.313 PM ET,8.000,46,368,Mid,Cboe BZX,Odd Lot
02:00:22.314 PM ET,8.000,46,368,Mid,Cboe BZX,Inter Mkt Swp; Odd Lot; Trade Thru Exmpt
02:17:32.225 PM ET,8.070,46,371,Mid,NYSE,Inter Mkt Swp; Odd Lot; Trade Thru Exmpt
02:22:07.955 PM ET,8.060,46,371,Mid,NYSE,Inter Mkt Swp; Odd Lot; Trade Thru Exmpt
03:49:46.283 PM ET,7.945,46,365,Mid,Nasdaq GSM,Inter Mkt Swp; Odd Lot; Trade Thru Exmpt
03:59:26.426 PM ET,8.000,46,368,None,Cboe BZX,Inter Mkt Swp; Odd Lot; Trade Thru Exmpt
09:58:55.386 AM ET,8.230,45,370,Ask,Off Exchange,Odd Lot
10:38:51.857 AM ET,8.245,45,371,Mid,Off Exchange,Odd Lot
11:40:17.140 AM ET,7.990,45,360,Bid,Nasdaq GSM,Inter Mkt Swp; Odd Lot; Trade Thru Exmpt
11:40:17.140 AM ET,7.990,45,360,Bid,Nasdaq GSM,Odd Lot
11:40:17.140 AM ET,7.980,45,359,Bid,Nasdaq GSM,Inter Mkt Swp; Odd Lot; Trade Thru Exmpt
11:40:17.147 AM ET,7.980,45,359,Bid,Nasdaq GSM,Odd Lot
11:40:18.151 AM ET,8.060,45,363,Mid,Off Exchange,Odd Lot
11:51:37.483 AM ET,8.210,45,369,Mid,Cboe BZX,Inter Mkt Swp; Odd Lot; Trade Thru Exmpt
12:17:49.235 PM ET,8.280,45,373,None,Nasdaq GSM,Inter Mkt Swp; Odd Lot; Trade Thru Exmpt
01:26:17.593 PM ET,7.980,45,359,Mid,Nasdaq GSM,Inter Mkt Swp; Odd Lot; Trade Thru Exmpt
01:47:00.502 PM ET,8.010,45,360,Mid,NYSE,Inter Mkt Swp; Odd Lot; Trade Thru Exmpt
02:42:28.063 PM ET,8.000,45,360,Bid,Nasdaq GSM,Odd Lot
03:06:00.607 PM ET,7.970,45,359,Ask,Nasdaq GSM,Odd Lot
03:13:27.337 PM ET,7.950,45,358,Bid,Off Exchange,Odd Lot
03:59:17.568 PM ET,7.990,45,360,None,IEX,Odd Lot
03:59:56.450 PM ET,8.000,45,360,None,IEX,Odd Lot
07:00:02.274 PM ET,7.950,45,358,Mid,Cboe EDGX,Frm T Ext Hrs; Inter Mkt Swp; Odd Lot; Trade Thru Exmpt
09:40:44.864 AM ET,8.210,44,361,Mid,NYSE,Inter Mkt Swp; Odd Lot; Trade Thru Exmpt
09:59:14.306 AM ET,8.230,44,362,Ask,Off Exchange,Odd Lot
10:14:07.119 AM ET,8.220,44,362,Bid,Nasdaq GSM,Inter Mkt Swp; Odd Lot; Trade Thru Exmpt
11:37:34.851 AM ET,8.120,44,357,Ask,NYSE Arca,Inter Mkt Swp; Odd Lot; Trade Thru Exmpt
11:40:17.138 AM ET,7.970,44,351,Bid,Nasdaq GSM,Inter Mkt Swp; Odd Lot; Trade Thru Exmpt
11:40:17.140 AM ET,7.980,44,351,Bid,NYSE,Odd Lot
11:40:17.149 AM ET,8.000,44,352,Bid,MIAX Pearl,Odd Lot
12:17:49.335 PM ET,8.270,44,364,None,NYSE,Inter Mkt Swp; Odd Lot; Trade Thru Exmpt
01:12:37.026 PM ET,8.030,44,353,Mid,Nasdaq GSM,Inter Mkt Swp; Odd Lot; Trade Thru Exmpt
01:20:14.576 PM ET,8.030,44,353,Bid,Nasdaq GSM,Inter Mkt Swp; Odd Lot; Trade Thru Exmpt
03:00:17.804 PM ET,7.970,44,351,Mid,NYSE Arca,Inter Mkt Swp; Odd Lot; Trade Thru Exmpt
03:07:21.277 PM ET,7.960,44,350,Ask,Nasdaq GSM,Inter Mkt Swp; Odd Lot; Trade Thru Exmpt
03:12:34.363 PM ET,7.940,44,349,Ask,NYSE Arca,Inter Mkt Swp; Odd Lot; Trade Thru Exmpt
03:59:17.567 PM ET,7.990,44,352,None,IEX,Odd Lot
03:59:56.449 PM ET,7.990,44,352,None,Nasdaq GSM,Inter Mkt Swp; Odd Lot; Trade Thru Exmpt
09:37:42.261 AM ET,8.220,43,353,Mid,Cboe BZX,Inter Mkt Swp; Odd Lot; Trade Thru Exmpt
09:40:44.863 AM ET,8.210,43,353,Mid,Cboe BZX,Inter Mkt Swp; Odd Lot; Trade Thru Exmpt
09:50:18.406 AM ET,8.220,43,353,Ask,Off Exchange,Odd Lot
10:20:18.254 AM ET,8.230,43,354,Mid,Nasdaq GSM,Inter Mkt Swp; Odd Lot; Trade Thru Exmpt
10:50:24.019 AM ET,8.230,43,354,Bid,NYSE Arca,Inter Mkt Swp; Odd Lot; Trade Thru Exmpt
11:31:02.703 AM ET,8.160,43,351,Ask,Nasdaq GSM,Inter Mkt Swp; Odd Lot; Trade Thru Exmpt
11:40:17.138 AM ET,8.020,43,345,Bid,Nasdaq GSM,Inter Mkt Swp; Odd Lot; Trade Thru Exmpt
11:40:17.139 AM ET,7.990,43,344,Bid,Nasdaq GSM,Odd Lot
11:40:17.149 AM ET,8.000,43,344,Bid,Nasdaq GSM,Inter Mkt Swp; Odd Lot; Trade Thru Exmpt
12:32:35.158 PM ET,8.220,43,353,Mid,Off Exchange,Odd Lot
01:06:00.411 PM ET,7.970,43,343,Mid,Cboe BZX,Inter Mkt Swp; Odd Lot; Trade Thru Exmpt
01:39:54.885 PM ET,8.010,43,344,Mid,Cboe BZX,Inter Mkt Swp; Odd Lot; Trade Thru Exmpt
02:00:22.314 PM ET,8.000,43,344,Mid,NYSE,Inter Mkt Swp; Odd Lot; Trade Thru Exmpt
03:06:00.607 PM ET,7.970,43,343,Ask,Nasdaq GSM,Odd Lot
03:11:23.244 PM ET,7.940,43,341,Ask,Nasdaq GSM,Inter Mkt Swp; Odd Lot; Trade Thru Exmpt
03:25:10.435 PM ET,7.990,43,344,Bid,Nasdaq GSM,Inter Mkt Swp; Odd Lot; Trade Thru Exmpt
03:56:38.369 PM ET,8.030,43,345,Mid,Off Exchange,Odd Lot
09:36:38.299 AM ET,8.210,42,345,Bid,Nasdaq GSM,Inter Mkt Swp; Odd Lot; Trade Thru Exmpt
09:40:13.838 AM ET,8.235,42,346,Mid,Nasdaq GSM,Inter Mkt Swp; Odd Lot; Trade Thru Exmpt
09:54:32.131 AM ET,8.200,42,344,Ask,Nasdaq GSM,Inter Mkt Swp; Odd Lot; Trade Thru Exmpt
09:59:21.126 AM ET,8.230,42,346,Ask,Off Exchange,Odd Lot
10:52:59.818 AM ET,8.220,42,345,Mid,NYSE Arca,Inter Mkt Swp; Odd Lot; Trade Thru Exmpt
11:40:17.083 AM ET,8.090,42,340,Ask,NYSE Arca,Odd Lot
11:48:14.014 AM ET,8.150,42,342,Bid,Nasdaq GSM,Inter Mkt Swp; Odd Lot; Trade Thru Exmpt
12:19:06.778 PM ET,8.220,42,345,Mid,NYSE Arca,Odd Lot
12:57:01.385 PM ET,8.030,42,337,Bid,Cboe BZX,Inter Mkt Swp; Odd Lot; Trade Thru Exmpt
01:33:02.303 PM ET,8.010,42,336,Mid,IEX,Odd Lot
01:43:28.263 PM ET,8.040,42,338,Ask,IEX,Odd Lot
01:48:31.509 PM ET,8.000,42,336,Bid,NYSE,Inter Mkt Swp; Odd Lot; Trade Thru Exmpt
02:51:17.161 PM ET,7.980,42,335,Bid,Nasdaq GSM,Odd Lot
03:00:17.803 PM ET,7.970,42,335,Mid,Nasdaq GSM,Inter Mkt Swp; Odd Lot; Trade Thru Exmpt
03:00:17.806 PM ET,7.970,42,335,Mid,Off Exchange,Odd Lot
03:07:21.277 PM ET,7.960,42,334,Ask,Nasdaq GSM,Odd Lot
03:39:03.725 PM ET,7.950,42,334,Mid,IEX,Odd Lot
03:52:13.860 PM ET,7.975,42,335,Mid,Off Exchange,Odd Lot
09:58:38.908 AM ET,8.230,41,337,Ask,Off Exchange,Odd Lot
10:46:14.431 AM ET,8.210,41,337,Mid,Cboe BZX,Inter Mkt Swp; Odd Lot; Trade Thru Exmpt
11:31:43.404 AM ET,8.140,41,334,Mid,NYSE Arca,Odd Lot
11:40:17.138 AM ET,7.990,41,328,Bid,Cboe BZX,Inter Mkt Swp; Odd Lot; Trade Thru Exmpt
11:55:49.048 AM ET,8.170,41,335,Bid,Nasdaq GSM,Inter Mkt Swp; Odd Lot; Trade Thru Exmpt
12:38:18.149 PM ET,8.190,41,336,Mid,NYSE Arca,Inter Mkt Swp; Odd Lot; Trade Thru Exmpt
12:39:09.182 PM ET,8.180,41,335,Mid,Cboe EDGX,Inter Mkt Swp; Odd Lot; Trade Thru Exmpt
12:47:32.698 PM ET,8.140,41,334,Mid,NYSE,Odd Lot
01:31:56.854 PM ET,7.980,41,327,Mid,Cboe BZX,Inter Mkt Swp; Odd Lot; Trade Thru Exmpt
02:00:22.314 PM ET,8.000,41,328,Mid,Cboe BZX,Inter Mkt Swp; Odd Lot; Trade Thru Exmpt
02:34:40.664 PM ET,8.050,41,330,Mid,Nasdaq GSM,Inter Mkt Swp; Odd Lot; Trade Thru Exmpt
04:00:13.496 PM ET,7.990,41,328,None,Off Exchange,Frm T Ext Hrs; Odd Lot
09:45:42.281 AM ET,8.140,40,326,Mid,Nasdaq GSM,Odd Lot
10:14:07.093 AM ET,8.220,40,329,Bid,Nasdaq GSM,Inter Mkt Swp; Odd Lot; Trade Thru Exmpt
11:40:17.134 AM ET,8.040,40,322,Ask,Off Exchange,Odd Lot
11:40:17.139 AM ET,7.990,40,320,Bid,Nasdaq GSM,Inter Mkt Swp; Odd Lot; Trade Thru Exmpt
11:40:17.153 AM ET,8.010,40,320,Bid,Off Exchange,Odd Lot
11:40:17.339 AM ET,8.025,40,321,Mid,Off Exchange,Odd Lot
11:40:17.435 AM ET,8.027,40,321,Mid,Off Exchange,Odd Lot
12:17:44.372 PM ET,8.300,40,332,None,Off Exchange,Odd Lot
12:36:33.903 PM ET,8.210,40,328,Mid,Nasdaq GSM,Inter Mkt Swp; Odd Lot; Trade Thru Exmpt
12:57:01.385 PM ET,8.040,40,322,Mid,Nasdaq GSM,Inter Mkt Swp; Odd Lot; Trade Thru Exmpt
12:57:06.203 PM ET,8.040,40,322,Mid,Off Exchange,Odd Lot
12:58:30.860 PM ET,8.010,40,320,Mid,Off Exchange,Odd Lot
01:05:26.253 PM ET,7.980,40,319,Bid,Nasdaq GSM,Inter Mkt Swp; Odd Lot; Trade Thru Exmpt
02:05:11.272 PM ET,8.024,40,321,Mid,Off Exchange,Odd Lot
02:42:54.716 PM ET,8.000,40,320,Bid,Nasdaq GSM,Inter Mkt Swp; Odd Lot; Trade Thru Exmpt
02:43:35.677 PM ET,8.000,40,320,Mid,Nasdaq GSM,Inter Mkt Swp; Odd Lot; Trade Thru Exmpt
03:58:04.988 PM ET,8.030,40,321,Ask,Cboe BYX,Odd Lot
03:59:29.115 PM ET,7.990,40,320,None,Nasdaq GSM,Inter Mkt Swp; Odd Lot; Trade Thru Exmpt
03:59:30.543 PM ET,7.985,40,319,None,NYSE Arca,Odd Lot
11:40:17.147 AM ET,7.980,39,311,Bid,Nasdaq PHLX,Inter Mkt Swp; Odd Lot; Trade Thru Exmpt
02:01:18.162 PM ET,7.990,39,312,Bid,Nasdaq GSM,Odd Lot
02:42:28.063 PM ET,8.010,39,312,Mid,Nasdaq GSM,Odd Lot
01:35:04.791 PM ET,8.020,38,305,Ask,IEX,Odd Lot
10:46:48.476 AM ET,8.230,37,305,Mid,Off Exchange,Odd Lot
11:40:17.147 AM ET,7.970,37,295,Bid,Nasdaq GSM,Inter Mkt Swp; Odd Lot; Trade Thru Exmpt
11:40:17.192 AM ET,8.020,37,297,Bid,Cboe EDGX,Inter Mkt Swp; Odd Lot; Trade Thru Exmpt
11:40:17.220 AM ET,8.000,37,296,Bid,TXSE,Inter Mkt Swp; Odd Lot; Trade Thru Exmpt
12:47:32.698 PM ET,8.130,37,301,Bid,Cboe BZX,Odd Lot
12:56:48.839 PM ET,8.040,37,297,Bid,Nasdaq GSM,Inter Mkt Swp; Odd Lot; Trade Thru Exmpt
02:17:02.049 PM ET,8.080,37,299,Mid,Nasdaq GSM,Inter Mkt Swp; Odd Lot; Trade Thru Exmpt
02:50:01.719 PM ET,7.990,37,296,Ask,Nasdaq GSM,Odd Lot
03:47:54.487 PM ET,7.935,37,294,Mid,Off Exchange,Odd Lot
09:47:17.565 AM ET,8.120,36,292,Bid,NYSE Arca,Inter Mkt Swp; Odd Lot; Trade Thru Exmpt
11:40:17.141 AM ET,7.990,36,288,Bid,MIAX Pearl,Odd Lot
11:40:17.174 AM ET,8.020,36,289,Bid,MEMX,Inter Mkt Swp; Odd Lot; Trade Thru Exmpt
01:54:45.091 PM ET,8.010,36,288,Ask,IEX,Odd Lot
01:56:38.577 PM ET,8.015,36,289,Mid,IEX,Odd Lot
03:10:57.203 PM ET,7.940,36,286,Bid,Nasdaq GSM,Inter Mkt Swp; Odd Lot; Trade Thru Exmpt
03:52:13.711 PM ET,7.980,36,287,Bid,IEX,Odd Lot
03:58:25.280 PM ET,7.990,36,288,Mid,Off Exchange,Odd Lot
03:59:52.537 PM ET,7.985,36,287,None,IEX,Odd Lot
11:04:00.668 AM ET,8.160,35,286,Mid,NYSE Arca,Inter Mkt Swp; Odd Lot; Trade Thru Exmpt
11:40:17.138 AM ET,8.000,35,280,Bid,TXSE,Inter Mkt Swp; Odd Lot; Trade Thru Exmpt
11:40:17.138 AM ET,8.000,35,280,Bid,Nasdaq GSM,Odd Lot
11:40:17.339 AM ET,8.030,35,281,Mid,NYSE Arca,Inter Mkt Swp; Odd Lot; Trade Thru Exmpt
01:12:54.862 PM ET,8.040,35,281,Ask,Nasdaq GSM,Odd Lot
01:48:31.509 PM ET,8.000,35,280,Bid,NYSE,Inter Mkt Swp; Odd Lot; Trade Thru Exmpt
03:34:07.418 PM ET,7.925,35,277,Mid,IEX,Odd Lot
03:34:12.192 PM ET,7.940,35,278,Ask,Cboe BZX,Inter Mkt Swp; Odd Lot; Trade Thru Exmpt
03:57:47.050 PM ET,8.010,35,280,Bid,Off Exchange,Odd Lot
09:49:42.890 AM ET,8.180,34,278,Mid,NYSE Arca,Inter Mkt Swp; Odd Lot; Trade Thru Exmpt
10:41:42.474 AM ET,8.230,34,280,Mid,Cboe EDGX,Odd Lot
11:40:17.097 AM ET,8.090,34,275,Ask,Nasdaq GSM,Inter Mkt Swp; Odd Lot; Trade Thru Exmpt
11:40:17.183 AM ET,8.000,34,272,Bid,TXSE,Inter Mkt Swp; Odd Lot; Trade Thru Exmpt
01:14:38.159 PM ET,8.070,34,274,Mid,Nasdaq GSM,Odd Lot
03:57:48.253 PM ET,8.020,34,273,Mid,Off Exchange,Odd Lot
09:46:51.302 AM ET,8.120,33,268,Bid,NYSE Arca,Inter Mkt Swp; Odd Lot; Trade Thru Exmpt
10:31:16.521 AM ET,8.250,33,272,Mid,Cboe BZX,Inter Mkt Swp; Odd Lot; Trade Thru Exmpt
10:50:24.019 AM ET,8.230,33,272,Bid,Nasdaq GSM,Inter Mkt Swp; Odd Lot; Trade Thru Exmpt
11:40:17.140 AM ET,7.970,33,263,Bid,Nasdaq GSM,Inter Mkt Swp; Odd Lot; Trade Thru Exmpt
11:40:17.140 AM ET,7.990,33,264,Bid,Off Exchange,Odd Lot
11:40:17.192 AM ET,8.030,33,265,Mid,Cboe BZX,Inter Mkt Swp; Odd Lot; Trade Thru Exmpt
11:47:44.892 AM ET,8.150,33,269,Bid,Nasdaq GSM,Inter Mkt Swp; Odd Lot; Trade Thru Exmpt
10:05:24.873 AM ET,8.190,32,262,Mid,Off Exchange,Odd Lot
11:40:17.174 AM ET,8.020,32,257,Bid,Cboe EDGX,Inter Mkt Swp; Odd Lot; Trade Thru Exmpt
11:40:17.338 AM ET,8.010,32,256,Mid,Cboe EDGX,Inter Mkt Swp; Odd Lot; Trade Thru Exmpt
12:35:37.245 PM ET,8.210,32,263,Bid,Nasdaq GSM,Inter Mkt Swp; Odd Lot; Trade Thru Exmpt
12:35:57.070 PM ET,8.210,32,263,Bid,Nasdaq GSM,Inter Mkt Swp; Odd Lot; Trade Thru Exmpt
12:36:33.904 PM ET,8.210,32,263,Mid,NYSE,Inter Mkt Swp; Odd Lot; Trade Thru Exmpt
12:47:33.698 PM ET,8.130,32,260,Mid,Off Exchange,Odd Lot
01:20:14.577 PM ET,8.030,32,257,Bid,Nasdaq GSM,Odd Lot
01:47:00.502 PM ET,8.010,32,256,Mid,Nasdaq GSM,Inter Mkt Swp; Odd Lot; Trade Thru Exmpt
02:22:07.955 PM ET,8.060,32,258,Mid,Nasdaq GSM,Inter Mkt Swp; Odd Lot; Trade Thru Exmpt
02:33:45.068 PM ET,8.060,32,258,Bid,Nasdaq GSM,Inter Mkt Swp; Odd Lot; Trade Thru Exmpt
03:16:10.643 PM ET,7.960,32,255,Bid,Nasdaq GSM,Inter Mkt Swp; Odd Lot; Trade Thru Exmpt
03:59:51.098 PM ET,8.000,32,256,None,IEX,Odd Lot
10:11:53.736 AM ET,8.250,31,256,Mid,Cboe BZX,Inter Mkt Swp; Odd Lot; Trade Thru Exmpt
10:14:07.092 AM ET,8.230,31,255,Bid,Cboe BZX,Inter Mkt Swp; Odd Lot; Trade Thru Exmpt
10:43:36.004 AM ET,8.250,31,256,Ask,Off Exchange,Odd Lot
10:52:59.818 AM ET,8.230,31,255,Mid,NYSE,Inter Mkt Swp; Odd Lot; Trade Thru Exmpt
11:05:46.881 AM ET,8.150,31,253,Mid,Cboe BZX,Inter Mkt Swp; Odd Lot; Trade Thru Exmpt
11:18:12.444 AM ET,8.160,31,253,Ask,Off Exchange,Odd Lot
11:23:02.454 AM ET,8.120,31,252,Mid,Cboe BZX,Inter Mkt Swp; Odd Lot; Trade Thru Exmpt
11:37:43.468 AM ET,8.110,31,251,Bid,Cboe BZX,Odd Lot
11:40:17.138 AM ET,8.000,31,248,Bid,Cboe BYX,Inter Mkt Swp; Odd Lot; Trade Thru Exmpt
11:40:17.138 AM ET,7.990,31,248,Bid,Cboe EDGX,Inter Mkt Swp; Odd Lot; Trade Thru Exmpt
11:40:17.146 AM ET,7.970,31,247,Bid,Nasdaq GSM,Inter Mkt Swp; Odd Lot; Trade Thru Exmpt
11:40:17.154 AM ET,7.980,31,247,Bid,Off Exchange,Odd Lot
11:40:17.338 AM ET,8.030,31,249,Mid,MIAX Pearl,Inter Mkt Swp; Odd Lot; Trade Thru Exmpt
11:55:01.829 AM ET,8.210,31,255,Ask,Off Exchange,Odd Lot
01:13:24.508 PM ET,8.060,31,250,Mid,Off Exchange,Odd Lot
02:03:34.869 PM ET,8.010,31,248,Mid,Off Exchange,Odd Lot
02:03:34.903 PM ET,8.010,31,248,Mid,Off Exchange,Odd Lot
02:03:34.981 PM ET,8.010,31,248,Mid,Off Exchange,Odd Lot
03:22:52.255 PM ET,8.000,31,248,Ask,NYSE Arca,Inter Mkt Swp; Odd Lot; Trade Thru Exmpt
09:44:59.797 AM ET,8.185,30,246,Mid,Off Exchange,Odd Lot
09:45:53.290 AM ET,8.130,30,244,Mid,Off Exchange,Odd Lot
10:25:06.818 AM ET,8.250,30,248,Ask,Off Exchange,Odd Lot
10:46:14.431 AM ET,8.220,30,247,Mid,Cboe BZX,Inter Mkt Swp; Odd Lot; Trade Thru Exmpt
11:05:46.881 AM ET,8.150,30,245,Mid,24X National,Inter Mkt Swp; Odd Lot; Trade Thru Exmpt
11:15:53.678 AM ET,8.120,30,244,Bid,NYSE Arca,Inter Mkt Swp; Odd Lot; Trade Thru Exmpt
11:23:02.454 AM ET,8.120,30,244,Mid,Cboe EDGX,Inter Mkt Swp; Odd Lot; Trade Thru Exmpt
11:31:35.892 AM ET,8.160,30,245,Ask,NYSE Arca,Inter Mkt Swp; Odd Lot; Trade Thru Exmpt
11:32:37.288 AM ET,8.140,30,244,Mid,Cboe BZX,Inter Mkt Swp; Odd Lot; Trade Thru Exmpt
11:37:34.851 AM ET,8.120,30,244,Ask,Cboe BZX,Inter Mkt Swp; Odd Lot; Trade Thru Exmpt
11:40:17.149 AM ET,7.990,30,240,Bid,Cboe BZX,Inter Mkt Swp; Odd Lot; Trade Thru Exmpt
11:40:17.177 AM ET,8.030,30,241,Mid,Off Exchange,Odd Lot
11:40:17.338 AM ET,8.010,30,240,Mid,MEMX,Inter Mkt Swp; Odd Lot; Trade Thru Exmpt
11:40:17.539 AM ET,8.050,30,242,Mid,Cboe EDGX,Inter Mkt Swp; Odd Lot; Trade Thru Exmpt
11:40:17.539 AM ET,8.060,30,242,Mid,Cboe EDGX,Inter Mkt Swp; Odd Lot; Trade Thru Exmpt
11:40:17.738 AM ET,8.060,30,242,Mid,IEX,Odd Lot
11:40:17.848 AM ET,8.060,30,242,Mid,Nasdaq GSM,Odd Lot
11:40:18.151 AM ET,8.060,30,242,Mid,NYSE Arca,Odd Lot
11:40:18.152 AM ET,8.070,30,242,Mid,Cboe EDGX,Odd Lot
11:40:18.551 AM ET,8.070,30,242,Mid,MEMX,Odd Lot
11:51:36.855 AM ET,8.210,30,246,Ask,Cboe BZX,Inter Mkt Swp; Odd Lot; Trade Thru Exmpt
11:55:49.048 AM ET,8.170,30,245,Bid,Cboe BZX,Inter Mkt Swp; Odd Lot; Trade Thru Exmpt
12:08:59.009 PM ET,8.190,30,246,Bid,NYSE Arca,Inter Mkt Swp; Odd Lot; Trade Thru Exmpt
12:17:41.201 PM ET,8.290,30,249,None,Off Exchange,Odd Lot
12:17:41.202 PM ET,8.295,30,249,None,Off Exchange,Odd Lot
12:33:40.368 PM ET,8.230,30,247,Mid,Nasdaq GSM,Inter Mkt Swp; Odd Lot; Trade Thru Exmpt
12:47:32.596 PM ET,8.150,30,245,Mid,Nasdaq GSM,Inter Mkt Swp; Odd Lot; Trade Thru Exmpt
12:48:18.156 PM ET,8.120,30,244,Mid,Off Exchange,Odd Lot
01:02:39.341 PM ET,8.010,30,240,Mid,Nasdaq GSM,Inter Mkt Swp; Odd Lot; Trade Thru Exmpt
01:07:02.577 PM ET,7.970,30,239,Mid,IEX,Odd Lot
01:08:10.877 PM ET,7.990,30,240,Mid,Cboe BZX,Inter Mkt Swp; Odd Lot; Trade Thru Exmpt
01:08:10.878 PM ET,8.000,30,240,Mid,Cboe BZX,Odd Lot
01:08:46.300 PM ET,8.020,30,241,Ask,Nasdaq GSM,Inter Mkt Swp; Odd Lot; Trade Thru Exmpt
01:21:29.251 PM ET,7.995,30,240,Bid,IEX,Odd Lot
01:35:04.791 PM ET,8.020,30,241,Ask,Cboe BZX,Inter Mkt Swp; Odd Lot; Trade Thru Exmpt
01:44:05.597 PM ET,8.005,30,240,Mid,Off Exchange,Odd Lot
02:02:57.850 PM ET,8.000,30,240,Ask,Cboe BZX,Inter Mkt Swp; Odd Lot; Trade Thru Exmpt
02:28:05.576 PM ET,8.060,30,242,Mid,Nasdaq GSM,Inter Mkt Swp; Odd Lot; Trade Thru Exmpt
03:17:37.554 PM ET,7.980,30,239,Ask,Cboe EDGX,Inter Mkt Swp; Odd Lot; Trade Thru Exmpt
03:25:10.436 PM ET,7.990,30,240,Bid,Off Exchange,Odd Lot
03:32:03.390 PM ET,7.947,30,238,Bid,Off Exchange,Odd Lot
03:37:38.616 PM ET,7.950,30,239,Mid,Cboe BYX,Odd Lot
03:46:10.191 PM ET,7.940,30,238,Mid,Nasdaq GSM,Inter Mkt Swp; Odd Lot; Trade Thru Exmpt
03:53:30.630 PM ET,7.985,30,240,Mid,Off Exchange,Odd Lot
05:22:00.001 PM ET,7.990,30,240,Mid,Cboe EDGX,Frm T Ext Hrs; Odd Lot; Trade Thru Exmpt
10:46:14.432 AM ET,8.210,29,238,Mid,NYSE,Inter Mkt Swp; Odd Lot; Trade Thru Exmpt
11:40:17.140 AM ET,7.970,29,231,Bid,Nasdaq GSM,Inter Mkt Swp; Odd Lot; Trade Thru Exmpt
11:40:17.140 AM ET,7.990,29,232,Bid,Off Exchange,Odd Lot
11:44:22.717 AM ET,8.100,29,235,Ask,Nasdaq GSM,Inter Mkt Swp; Odd Lot; Trade Thru Exmpt
11:45:59.815 AM ET,8.117,29,235,Mid,Off Exchange,Odd Lot
12:29:43.839 PM ET,8.215,29,238,Mid,Off Exchange,Odd Lot
01:26:17.593 PM ET,7.980,29,231,Mid,Nasdaq GSM,Inter Mkt Swp; Odd Lot; Trade Thru Exmpt
03:17:11.909 PM ET,7.970,29,231,Mid,IEX,Odd Lot
03:30:53.286 PM ET,7.960,29,231,Bid,Nasdaq GSM,Inter Mkt Swp; Odd Lot; Trade Thru Exmpt
09:53:29.253 AM ET,8.190,28,229,Mid,Cboe BZX,Inter Mkt Swp; Odd Lot; Trade Thru Exmpt
11:35:57.034 AM ET,8.130,28,228,Mid,NYSE Arca,Inter Mkt Swp; Odd Lot; Trade Thru Exmpt
11:40:17.132 AM ET,8.040,28,225,Ask,Nasdaq GSM,Inter Mkt Swp; Odd Lot; Trade Thru Exmpt
11:40:17.134 AM ET,8.040,28,225,Ask,Nasdaq GSM,Inter Mkt Swp; Odd Lot; Trade Thru Exmpt
11:40:17.137 AM ET,8.020,28,225,Bid,Nasdaq GSM,Inter Mkt Swp; Odd Lot; Trade Thru Exmpt
11:40:17.138 AM ET,7.970,28,223,Bid,Nasdaq GSM,Inter Mkt Swp; Odd Lot; Trade Thru Exmpt
11:40:17.138 AM ET,7.990,28,224,Bid,Nasdaq GSM,Inter Mkt Swp; Odd Lot; Trade Thru Exmpt
11:40:17.140 AM ET,7.990,28,224,Bid,Nasdaq GSM,Inter Mkt Swp; Odd Lot; Trade Thru Exmpt
11:40:17.140 AM ET,7.990,28,224,Bid,Cboe BYX,Inter Mkt Swp; Odd Lot; Trade Thru Exmpt
11:40:17.140 AM ET,7.980,28,223,Bid,Nasdaq GSM,Odd Lot
11:40:17.140 AM ET,7.970,28,223,Bid,Nasdaq GSM,Inter Mkt Swp; Odd Lot; Trade Thru Exmpt
11:40:17.140 AM ET,7.980,28,223,Bid,Nasdaq GSM,Inter Mkt Swp; Odd Lot; Trade Thru Exmpt
11:40:17.144 AM ET,7.990,28,224,Bid,Nasdaq GSM,Inter Mkt Swp; Odd Lot; Trade Thru Exmpt
11:40:17.145 AM ET,7.970,28,223,Bid,Nasdaq GSM,Inter Mkt Swp; Odd Lot; Trade Thru Exmpt
11:40:17.146 AM ET,7.990,28,224,Bid,Nasdaq GSM,Inter Mkt Swp; Odd Lot; Trade Thru Exmpt
11:40:17.147 AM ET,7.970,28,223,Bid,Nasdaq GSM,Inter Mkt Swp; Odd Lot; Trade Thru Exmpt
11:40:17.149 AM ET,8.010,28,224,Bid,Nasdaq GSM,Inter Mkt Swp; Odd Lot; Trade Thru Exmpt
11:40:17.150 AM ET,8.020,28,225,Bid,Nasdaq GSM,Inter Mkt Swp; Odd Lot; Trade Thru Exmpt
11:40:17.150 AM ET,8.010,28,224,Bid,Nasdaq GSM,Inter Mkt Swp; Odd Lot; Trade Thru Exmpt
11:40:17.174 AM ET,8.020,28,225,Bid,Nasdaq GSM,Inter Mkt Swp; Odd Lot; Trade Thru Exmpt
11:40:17.175 AM ET,8.030,28,225,Mid,Nasdaq GSM,Odd Lot
11:40:17.183 AM ET,8.000,28,224,Bid,Nasdaq GSM,Inter Mkt Swp; Odd Lot; Trade Thru Exmpt
11:40:17.191 AM ET,8.020,28,225,Bid,Nasdaq GSM,Inter Mkt Swp; Odd Lot; Trade Thru Exmpt
11:40:17.192 AM ET,8.030,28,225,Mid,Nasdaq GSM,Inter Mkt Swp; Odd Lot; Trade Thru Exmpt
11:40:17.198 AM ET,8.010,28,224,Bid,Nasdaq GSM,Inter Mkt Swp; Odd Lot; Trade Thru Exmpt
11:40:17.539 AM ET,8.050,28,225,Mid,Nasdaq GSM,Inter Mkt Swp; Odd Lot; Trade Thru Exmpt
03:17:37.554 PM ET,7.980,28,223,Ask,Cboe BZX,Inter Mkt Swp; Odd Lot; Trade Thru Exmpt
03:56:44.388 PM ET,8.007,28,224,Mid,Off Exchange,Deriv Priced; Odd Lot; Trade Thru Exmpt
09:54:32.131 AM ET,8.200,27,221,Ask,Cboe BZX,Odd Lot
11:40:17.134 AM ET,8.040,27,217,Ask,Nasdaq GSM,Inter Mkt Swp; Odd Lot; Trade Thru Exmpt
11:40:17.140 AM ET,7.980,27,215,Bid,Nasdaq PHLX,Inter Mkt Swp; Odd Lot; Trade Thru Exmpt
11:40:17.146 AM ET,7.990,27,216,Bid,Nasdaq GSM,Inter Mkt Swp; Odd Lot; Trade Thru Exmpt
11:47:44.893 AM ET,8.150,27,220,Bid,Cboe BZX,Odd Lot
02:16:41.640 PM ET,8.060,27,218,Ask,Nasdaq GSM,Inter Mkt Swp; Odd Lot; Trade Thru Exmpt
03:06:10.091 PM ET,7.970,27,215,Mid,IEX,Odd Lot
03:11:23.459 PM ET,7.935,27,214,Mid,IEX,Odd Lot
03:40:28.835 PM ET,7.940,27,214,Ask,IEX,Odd Lot
11:35:31.002 AM ET,8.130,26,211,Bid,Nasdaq GSM,Inter Mkt Swp; Odd Lot; Trade Thru Exmpt
11:40:17.147 AM ET,7.980,26,207,Bid,Nasdaq GSM,Odd Lot
11:40:17.147 AM ET,7.985,26,208,Bid,Off Exchange,Odd Lot
11:40:17.147 AM ET,7.970,26,207,Bid,Nasdaq GSM,Inter Mkt Swp; Odd Lot; Trade Thru Exmpt
12:50:16.120 PM ET,8.100,26,211,Mid,Nasdaq GSM,Odd Lot
01:20:23.542 PM ET,8.010,26,208,Mid,Nasdaq GSM,Inter Mkt Swp; Odd Lot; Trade Thru Exmpt
02:36:29.772 PM ET,8.025,26,209,Mid,Off Exchange,Odd Lot
03:06:00.608 PM ET,7.970,26,207,Ask,NYSE Arca,Inter Mkt Swp; Odd Lot; Trade Thru Exmpt
03:28:37.946 PM ET,7.975,26,207,Mid,IEX,Odd Lot
10:28:18.483 AM ET,8.270,25,207,Mid,Nasdaq GSM,Inter Mkt Swp; Odd Lot; Trade Thru Exmpt
10:50:40.277 AM ET,8.240,25,206,Mid,Off Exchange,Odd Lot
10:50:40.278 AM ET,8.240,25,206,Mid,Off Exchange,Odd Lot
10:50:53.853 AM ET,8.245,25,206,Mid,Off Exchange,Odd Lot
10:53:47.694 AM ET,8.200,25,205,Mid,Nasdaq GSM,Inter Mkt Swp; Odd Lot; Trade Thru Exmpt
11:17:35.243 AM ET,8.160,25,204,Ask,Off Exchange,Odd Lot
11:24:46.083 AM ET,8.140,25,204,Mid,Off Exchange,Odd Lot
11:24:46.084 AM ET,8.140,25,204,Mid,Off Exchange,Odd Lot
11:24:46.130 AM ET,8.145,25,204,Mid,Off Exchange,Odd Lot
11:25:48.887 AM ET,8.130,25,203,Mid,Nasdaq GSM,Inter Mkt Swp; Odd Lot; Trade Thru Exmpt
11:35:31.006 AM ET,8.130,25,203,Bid,Nasdaq GSM,Odd Lot
11:40:17.140 AM ET,7.980,25,200,Bid,Cboe BZX,Inter Mkt Swp; Odd Lot; Trade Thru Exmpt
12:44:46.320 PM ET,8.175,25,204,Mid,Off Exchange,Odd Lot
12:50:42.871 PM ET,8.070,25,202,Mid,Off Exchange,Odd Lot
12:51:04.543 PM ET,8.070,25,202,Mid,Off Exchange,Odd Lot
12:57:06.197 PM ET,8.040,25,201,Mid,Off Exchange,Odd Lot
12:57:06.201 PM ET,8.040,25,201,Mid,Off Exchange,Odd Lot
12:57:22.611 PM ET,8.040,25,201,Mid,Off Exchange,Odd Lot
12:57:22.612 PM ET,8.040,25,201,Mid,Off Exchange,Odd Lot
01:01:32.524 PM ET,7.995,25,200,Mid,Off Exchange,Odd Lot
01:01:32.525 PM ET,7.995,25,200,Mid,Off Exchange,Odd Lot
01:01:32.526 PM ET,7.995,25,200,Mid,Off Exchange,Odd Lot
01:01:32.527 PM ET,7.995,25,200,Mid,Off Exchange,Odd Lot
01:02:07.134 PM ET,7.990,25,200,Mid,Off Exchange,Odd Lot
01:02:07.135 PM ET,7.990,25,200,Mid,Off Exchange,Odd Lot
01:06:21.403 PM ET,7.970,25,199,Mid,Off Exchange,Odd Lot
01:06:21.404 PM ET,7.970,25,199,Mid,Off Exchange,Odd Lot
01:06:30.480 PM ET,7.970,25,199,Mid,Off Exchange,Odd Lot
01:06:30.481 PM ET,7.970,25,199,Mid,Off Exchange,Odd Lot
01:06:30.483 PM ET,7.970,25,199,Mid,Off Exchange,Odd Lot
01:08:19.308 PM ET,8.000,25,200,Mid,Off Exchange,Odd Lot
01:09:14.341 PM ET,8.015,25,200,Mid,Off Exchange,Odd Lot
01:09:14.342 PM ET,8.015,25,200,Mid,Off Exchange,Odd Lot
01:11:28.041 PM ET,7.980,25,200,Mid,IEX,Odd Lot
01:11:28.042 PM ET,7.980,25,200,Mid,IEX,Odd Lot
01:11:49.473 PM ET,7.985,25,200,Mid,Off Exchange,Odd Lot
01:14:38.157 PM ET,8.070,25,202,Mid,Nasdaq GSM,Odd Lot
01:15:00.149 PM ET,8.065,25,202,Mid,Off Exchange,Odd Lot
01:15:00.150 PM ET,8.065,25,202,Mid,Off Exchange,Odd Lot
01:15:00.154 PM ET,8.065,25,202,Mid,Off Exchange,Odd Lot
01:15:39.103 PM ET,8.065,25,202,Mid,Off Exchange,Odd Lot
01:16:04.916 PM ET,8.065,25,202,Mid,Off Exchange,Odd Lot
01:18:27.908 PM ET,8.045,25,201,Mid,Off Exchange,Odd Lot
01:18:27.909 PM ET,8.045,25,201,Mid,Off Exchange,Odd Lot
01:18:29.203 PM ET,8.045,25,201,Mid,Off Exchange,Odd Lot
01:18:29.204 PM ET,8.045,25,201,Mid,Off Exchange,Odd Lot
01:18:49.457 PM ET,8.045,25,201,Mid,IEX,Odd Lot
01:19:04.019 PM ET,8.045,25,201,Mid,Off Exchange,Odd Lot
01:19:04.020 PM ET,8.045,25,201,Mid,Off Exchange,Odd Lot
01:22:44.785 PM ET,7.985,25,200,Mid,Nasdaq GSM,Odd Lot
01:23:49.021 PM ET,7.985,25,200,Mid,Off Exchange,Odd Lot
01:23:49.022 PM ET,7.985,25,200,Mid,Off Exchange,Odd Lot
01:27:36.102 PM ET,7.950,25,199,Mid,Off Exchange,Odd Lot
01:27:36.103 PM ET,7.950,25,199,Mid,Off Exchange,Odd Lot
01:27:40.460 PM ET,7.950,25,199,Mid,Off Exchange,Odd Lot
01:27:40.461 PM ET,7.950,25,199,Mid,Off Exchange,Odd Lot
01:35:37.318 PM ET,8.010,25,200,Mid,Off Exchange,Odd Lot
01:35:37.319 PM ET,8.010,25,200,Mid,Off Exchange,Odd Lot
01:36:36.190 PM ET,8.010,25,200,Mid,Off Exchange,Odd Lot
01:36:36.191 PM ET,8.010,25,200,Mid,Off Exchange,Odd Lot
01:36:36.192 PM ET,8.010,25,200,Mid,Off Exchange,Odd Lot
01:36:36.193 PM ET,8.010,25,200,Mid,Off Exchange,Odd Lot
01:36:36.212 PM ET,8.010,25,200,Mid,Off Exchange,Odd Lot
01:39:11.653 PM ET,7.990,25,200,Bid,Nasdaq GSM,Inter Mkt Swp; Odd Lot; Trade Thru Exmpt
02:23:16.688 PM ET,8.070,25,202,Mid,NYSE Arca,Inter Mkt Swp; Odd Lot; Trade Thru Exmpt
02:47:03.911 PM ET,7.990,25,200,Mid,Off Exchange,Odd Lot
02:47:03.912 PM ET,7.990,25,200,Mid,Off Exchange,Odd Lot
02:47:47.571 PM ET,7.980,25,200,Mid,Cboe EDGX,Inter Mkt Swp; Odd Lot; Trade Thru Exmpt
03:03:05.704 PM ET,7.955,25,199,Mid,Off Exchange,Odd Lot
03:11:04.251 PM ET,7.945,25,199,Mid,Off Exchange,Odd Lot
03:11:04.252 PM ET,7.945,25,199,Mid,Off Exchange,Odd Lot
03:29:58.053 PM ET,7.970,25,199,Mid,Off Exchange,Odd Lot
03:32:53.436 PM ET,7.945,25,199,Mid,Off Exchange,Odd Lot
03:32:53.437 PM ET,7.945,25,199,Mid,Off Exchange,Odd Lot
03:35:46.848 PM ET,7.950,25,199,Mid,Off Exchange,Odd Lot
03:36:21.566 PM ET,7.950,25,199,Mid,Off Exchange,Odd Lot
03:44:47.351 PM ET,7.925,25,198,Mid,Off Exchange,Odd Lot
03:44:47.352 PM ET,7.925,25,198,Mid,Off Exchange,Odd Lot
03:58:11.053 PM ET,8.010,25,200,Ask,Nasdaq GSM,Odd Lot
03:58:15.586 PM ET,7.990,25,200,Mid,Off Exchange,Odd Lot
03:59:34.994 PM ET,7.990,25,200,None,Nasdaq GSM,Inter Mkt Swp; Odd Lot; Trade Thru Exmpt
03:59:49.483 PM ET,7.995,25,200,None,Nasdaq GSM,Odd Lot
04:00:54.174 PM ET,8.050,25,201,Bid,Cboe BZX,Frm T Ext Hrs; Inter Mkt Swp; Odd Lot; Trade Thru Exmpt
10:09:18.945 AM ET,8.230,24,198,Mid,Off Exchange,Odd Lot
10:48:40.975 AM ET,8.210,24,197,Mid,Off Exchange,Odd Lot
11:40:17.138 AM ET,7.990,24,192,Bid,NYSE Arca,Inter Mkt Swp; Odd Lot; Trade Thru Exmpt
11:40:17.139 AM ET,8.000,24,192,Bid,Cboe BYX,Inter Mkt Swp; Odd Lot; Trade Thru Exmpt
11:40:17.152 AM ET,8.020,24,192,Bid,Nasdaq PHLX,Inter Mkt Swp; Odd Lot; Trade Thru Exmpt
11:50:04.082 AM ET,8.154,24,196,Mid,Off Exchange,Odd Lot
11:55:49.048 AM ET,8.170,24,196,Bid,Nasdaq GSM,Inter Mkt Swp; Odd Lot; Trade Thru Exmpt
12:43:04.797 PM ET,8.180,24,196,Bid,Nasdaq GSM,Inter Mkt Swp; Odd Lot; Trade Thru Exmpt
01:08:10.878 PM ET,7.990,24,192,Mid,NYSE Arca,Inter Mkt Swp; Odd Lot; Trade Thru Exmpt
01:17:00.699 PM ET,8.050,24,193,Mid,Nasdaq GSM,Odd Lot
02:05:19.711 PM ET,8.000,24,192,Mid,Cboe BZX,Inter Mkt Swp; Odd Lot; Trade Thru Exmpt
03:40:28.835 PM ET,7.940,24,191,Ask,Nasdaq GSM,Inter Mkt Swp; Odd Lot; Trade Thru Exmpt
03:58:44.397 PM ET,8.010,24,192,Ask,Off Exchange,Deriv Priced; Odd Lot; Trade Thru Exmpt
03:59:27.600 PM ET,7.990,24,192,None,Nasdaq GSM,Odd Lot
10:28:44.717 AM ET,8.280,23,190,Mid,Nasdaq GSM,Odd Lot
10:30:36.896 AM ET,8.270,23,190,Mid,Nasdaq GSM,Odd Lot
11:40:17.139 AM ET,7.970,23,183,Bid,Cboe BZX,Inter Mkt Swp; Odd Lot; Trade Thru Exmpt
11:40:17.139 AM ET,8.000,23,184,Bid,IEX,Odd Lot
11:40:17.140 AM ET,7.980,23,184,Bid,Cboe BZX,Inter Mkt Swp; Odd Lot; Trade Thru Exmpt
11:40:17.140 AM ET,7.982,23,184,Bid,Off Exchange,Odd Lot
11:40:17.198 AM ET,8.010,23,184,Bid,NYSE Arca,Inter Mkt Swp; Odd Lot; Trade Thru Exmpt
01:20:23.542 PM ET,8.000,23,184,Bid,Cboe BZX,Inter Mkt Swp; Odd Lot; Trade Thru Exmpt
01:47:00.502 PM ET,8.010,23,184,Mid,Nasdaq GSM,Inter Mkt Swp; Odd Lot; Trade Thru Exmpt
01:53:39.321 PM ET,7.990,23,184,Mid,IEX,Odd Lot
01:54:45.091 PM ET,8.010,23,184,Ask,Cboe BZX,Inter Mkt Swp; Odd Lot; Trade Thru Exmpt
01:57:57.867 PM ET,8.010,23,184,Bid,Nasdaq GSM,Inter Mkt Swp; Odd Lot; Trade Thru Exmpt
02:05:19.711 PM ET,8.000,23,184,Mid,Cboe BZX,Inter Mkt Swp; Odd Lot; Trade Thru Exmpt
02:05:19.712 PM ET,8.000,23,184,Mid,Cboe BZX,Inter Mkt Swp; Odd Lot; Trade Thru Exmpt
03:34:12.192 PM ET,7.940,23,183,Ask,Nasdaq GSM,Odd Lot
03:34:12.198 PM ET,7.940,23,183,Ask,Nasdaq GSM,Odd Lot
03:35:46.849 PM ET,7.950,23,183,Mid,IEX,Odd Lot
03:54:37.707 PM ET,7.985,23,184,Mid,Off Exchange,Odd Lot
10:16:15.606 AM ET,8.215,22,181,Mid,Off Exchange,Odd Lot
10:28:33.040 AM ET,8.280,22,182,Mid,Off Exchange,Odd Lot
10:39:03.247 AM ET,8.245,22,181,Mid,Off Exchange,Odd Lot
10:48:02.241 AM ET,8.220,22,181,Mid,Off Exchange,Odd Lot
11:40:17.131 AM ET,8.060,22,177,Ask,Nasdaq GSM,Inter Mkt Swp; Odd Lot; Trade Thru Exmpt
11:40:17.139 AM ET,7.980,22,176,Bid,Nasdaq GSM,Inter Mkt Swp; Odd Lot; Trade Thru Exmpt
12:07:51.567 PM ET,8.165,22,180,Mid,Off Exchange,Odd Lot
12:26:17.081 PM ET,8.215,22,181,Mid,Off Exchange,Odd Lot
12:34:53.642 PM ET,8.240,22,181,Mid,Off Exchange,Odd Lot
12:40:27.388 PM ET,8.185,22,180,Mid,Off Exchange,Odd Lot
12:53:15.503 PM ET,8.030,22,177,Bid,Off Exchange,Odd Lot
12:57:01.385 PM ET,8.040,22,177,Mid,Nasdaq GSM,Inter Mkt Swp; Odd Lot; Trade Thru Exmpt
12:58:01.619 PM ET,8.000,22,176,Mid,Cboe EDGX,Inter Mkt Swp; Odd Lot; Trade Thru Exmpt
01:06:19.578 PM ET,7.970,22,175,Mid,Off Exchange,Odd Lot
01:12:48.670 PM ET,8.030,22,177,Mid,IEX,Odd Lot
01:17:00.699 PM ET,8.050,22,177,Mid,Nasdaq GSM,Inter Mkt Swp; Odd Lot; Trade Thru Exmpt
01:24:31.317 PM ET,7.985,22,176,Mid,Off Exchange,Odd Lot
01:30:03.854 PM ET,7.980,22,176,Mid,Nasdaq GSM,Odd Lot
01:39:11.662 PM ET,7.990,22,176,Bid,Off Exchange,Odd Lot
01:42:39.867 PM ET,8.025,22,177,Mid,Off Exchange,Odd Lot
01:59:22.074 PM ET,8.015,22,176,Mid,Off Exchange,Odd Lot
02:13:09.822 PM ET,8.020,22,176,Mid,Off Exchange,Odd Lot
02:26:25.922 PM ET,8.070,22,178,Mid,Off Exchange,Odd Lot
02:40:10.220 PM ET,8.030,22,177,Mid,Off Exchange,Odd Lot
02:53:28.946 PM ET,7.985,22,176,Mid,Off Exchange,Odd Lot
03:06:41.711 PM ET,7.970,22,175,Mid,Off Exchange,Odd Lot
03:17:52.057 PM ET,7.975,22,175,Mid,Off Exchange,Odd Lot
03:22:12.659 PM ET,7.990,22,176,Mid,Nasdaq GSM,Odd Lot
03:29:19.175 PM ET,7.989,22,176,Ask,Off Exchange,Deriv Priced; Odd Lot; Trade Thru Exmpt
03:32:03.371 PM ET,7.960,22,175,Bid,Off Exchange,Odd Lot
03:59:17.567 PM ET,7.990,22,176,None,IEX,Odd Lot
03:59:44.714 PM ET,7.990,22,176,None,Nasdaq GSM,Odd Lot
07:18:20.231 PM ET,7.920,22,174,Bid,Off Exchange,Frm T Ext Hrs; Odd Lot
08:40:30.207 AM ET,8.390,21,176,Mid,NYSE Arca,Frm T Ext Hrs; Odd Lot
09:38:08.507 AM ET,8.235,21,173,Mid,Nasdaq GSM,Odd Lot
11:04:05.425 AM ET,8.155,21,171,Mid,Off Exchange,Odd Lot
11:31:02.706 AM ET,8.156,21,171,Mid,Off Exchange,Odd Lot
11:40:17.138 AM ET,8.030,21,169,Mid,NYSE Arca,Odd Lot
11:40:17.138 AM ET,8.000,21,168,Bid,MIAX Pearl,Inter Mkt Swp; Odd Lot; Trade Thru Exmpt
11:40:17.138 AM ET,7.990,21,168,Bid,Cboe EDGX,Inter Mkt Swp; Odd Lot; Trade Thru Exmpt
11:40:17.139 AM ET,7.990,21,168,Bid,Nasdaq GSM,Odd Lot
11:40:17.139 AM ET,8.000,21,168,Bid,IEX,Odd Lot
11:40:17.139 AM ET,7.990,21,168,Bid,Nasdaq GSM,Inter Mkt Swp; Odd Lot; Trade Thru Exmpt
11:40:17.140 AM ET,7.990,21,168,Bid,Cboe EDGX,Inter Mkt Swp; Odd Lot; Trade Thru Exmpt
11:40:17.183 AM ET,8.010,21,168,Bid,NYSE Arca,Inter Mkt Swp; Odd Lot; Trade Thru Exmpt
01:38:44.595 PM ET,7.990,21,168,Bid,Nasdaq GSM,Inter Mkt Swp; Odd Lot; Trade Thru Exmpt
01:39:51.136 PM ET,8.000,21,168,Mid,Off Exchange,Odd Lot
03:17:37.554 PM ET,7.980,21,168,Ask,NYSE Arca,Inter Mkt Swp; Odd Lot; Trade Thru Exmpt
03:22:52.255 PM ET,8.000,21,168,Ask,Nasdaq GSM,Inter Mkt Swp; Odd Lot; Trade Thru Exmpt
03:47:23.758 PM ET,7.930,21,167,Mid,IEX,Odd Lot
03:50:00.066 PM ET,7.950,21,167,Bid,NYSE Arca,Inter Mkt Swp; Odd Lot; Trade Thru Exmpt
03:54:58.673 PM ET,7.985,21,168,Mid,Off Exchange,Odd Lot
03:58:11.053 PM ET,8.010,21,168,Ask,Nasdaq GSM,Odd Lot
09:36:37.462 AM ET,8.280,20,166,Mid,Off Exchange,Odd Lot
09:51:03.264 AM ET,8.194,20,164,Mid,Off Exchange,Odd Lot
10:14:07.093 AM ET,8.225,20,165,Bid,IEX,Odd Lot
10:50:38.977 AM ET,8.240,20,165,Mid,IEX,Odd Lot
10:53:15.615 AM ET,8.220,20,164,Mid,Off Exchange,Odd Lot
11:03:40.695 AM ET,8.170,20,163,Mid,IEX,Odd Lot
11:04:56.965 AM ET,8.155,20,163,Mid,Nasdaq GSM,Odd Lot
11:09:52.691 AM ET,8.140,20,163,Mid,Off Exchange,Odd Lot
11:18:14.336 AM ET,8.130,20,163,Mid,Off Exchange,Odd Lot
11:19:39.028 AM ET,8.135,20,163,Mid,Off Exchange,Odd Lot
11:21:07.881 AM ET,8.135,20,163,Mid,Cboe EDGX,Odd Lot
11:30:35.928 AM ET,8.140,20,163,Mid,Off Exchange,Odd Lot
11:40:17.131 AM ET,8.010,20,160,Ask,Nasdaq GSM,Inter Mkt Swp; Odd Lot; Trade Thru Exmpt
11:40:17.133 AM ET,8.040,20,161,Ask,MIAX Pearl,Odd Lot
11:40:17.137 AM ET,8.000,20,160,Bid,Cboe EDGX,Inter Mkt Swp; Odd Lot; Trade Thru Exmpt
11:40:17.138 AM ET,7.990,20,160,Bid,NYSE Arca,Odd Lot
11:40:17.139 AM ET,7.990,20,160,Bid,IEX,Odd Lot
11:40:17.150 AM ET,8.020,20,160,Bid,Cboe EDGX,Inter Mkt Swp; Odd Lot; Trade Thru Exmpt
11:40:17.152 AM ET,8.020,20,160,Bid,Cboe BZX,Inter Mkt Swp; Odd Lot; Trade Thru Exmpt
11:40:17.174 AM ET,8.020,20,160,Bid,Cboe BZX,Inter Mkt Swp; Odd Lot; Trade Thru Exmpt
11:41:57.231 AM ET,8.065,20,161,Mid,Off Exchange,Odd Lot
11:44:22.717 AM ET,8.100,20,162,Ask,Cboe BZX,Odd Lot
11:44:22.717 AM ET,8.100,20,162,Ask,Cboe BZX,Inter Mkt Swp; Odd Lot; Trade Thru Exmpt
11:44:22.720 AM ET,8.100,20,162,Ask,Cboe BZX,Inter Mkt Swp; Odd Lot; Trade Thru Exmpt
11:44:22.919 AM ET,8.110,20,162,Mid,Off Exchange,Odd Lot
11:44:27.039 AM ET,8.110,20,162,Bid,Nasdaq GSM,Odd Lot
11:54:22.376 AM ET,8.190,20,164,Mid,Off Exchange,Odd Lot
12:17:49.235 PM ET,8.290,20,166,None,Cboe BZX,Inter Mkt Swp; Odd Lot; Trade Thru Exmpt
12:17:49.235 PM ET,8.280,20,166,None,Nasdaq GSM,Inter Mkt Swp; Odd Lot; Trade Thru Exmpt
12:36:33.904 PM ET,8.210,20,164,Mid,NYSE Arca,Inter Mkt Swp; Odd Lot; Trade Thru Exmpt
12:40:27.387 PM ET,8.200,20,164,Ask,Nasdaq GSM,Inter Mkt Swp; Odd Lot; Trade Thru Exmpt
12:43:04.803 PM ET,8.180,20,164,Bid,Nasdaq GSM,Odd Lot
01:06:00.411 PM ET,7.970,20,159,Mid,Cboe BZX,Inter Mkt Swp; Odd Lot; Trade Thru Exmpt
01:24:44.655 PM ET,7.990,20,160,Mid,Cboe EDGX,Odd Lot
02:42:28.063 PM ET,8.000,20,160,Bid,Cboe BZX,Odd Lot
02:47:07.590 PM ET,7.990,20,160,Mid,Nasdaq GSM,Odd Lot
02:50:01.719 PM ET,7.990,20,160,Ask,Nasdaq GSM,Inter Mkt Swp; Odd Lot; Trade Thru Exmpt
03:09:00.687 PM ET,7.950,20,159,Mid,Cboe EDGX,Odd Lot
03:12:07.936 PM ET,7.930,20,159,Mid,Cboe BZX,Odd Lot
03:22:12.659 PM ET,7.990,20,160,Mid,MEMX,Inter Mkt Swp; Odd Lot; Trade Thru Exmpt
03:25:36.403 PM ET,7.995,20,160,Mid,Off Exchange,Odd Lot
03:34:35.886 PM ET,7.940,20,159,Ask,IEX,Odd Lot
03:40:56.511 PM ET,7.925,20,159,Mid,Off Exchange,Odd Lot
03:43:22.933 PM ET,7.910,20,158,Mid,NYSE Arca,Inter Mkt Swp; Odd Lot; Trade Thru Exmpt
03:46:59.906 PM ET,7.930,20,159,Mid,Off Exchange,Odd Lot
03:48:15.186 PM ET,7.940,20,159,Mid,Nasdaq GSM,Odd Lot
03:48:48.491 PM ET,7.930,20,159,Bid,NYSE Arca,Inter Mkt Swp; Odd Lot; Trade Thru Exmpt
03:52:13.684 PM ET,7.980,20,160,Bid,Nasdaq GSM,Inter Mkt Swp; Odd Lot; Trade Thru Exmpt
03:52:13.692 PM ET,7.980,20,160,Bid,Off Exchange,Odd Lot
03:53:11.572 PM ET,7.970,20,159,Bid,Nasdaq GSM,Odd Lot
03:53:16.713 PM ET,7.980,20,160,Mid,Off Exchange,Odd Lot
03:59:26.426 PM ET,8.000,20,160,None,Nasdaq GSM,Inter Mkt Swp; Odd Lot; Trade Thru Exmpt
03:59:26.428 PM ET,7.995,20,160,None,Off Exchange,Odd Lot
03:59:34.425 PM ET,7.990,20,160,None,NYSE Arca,Inter Mkt Swp; Odd Lot; Trade Thru Exmpt
03:59:38.292 PM ET,7.999,20,160,None,Off Exchange,Deriv Priced; Odd Lot; Trade Thru Exmpt
03:59:41.178 PM ET,7.999,20,160,None,Off Exchange,Deriv Priced; Odd Lot; Trade Thru Exmpt
11:40:17.138 AM ET,7.990,19,152,Bid,NYSE Arca,Odd Lot
12:47:32.596 PM ET,8.150,19,155,Mid,Nasdaq GSM,Inter Mkt Swp; Odd Lot; Trade Thru Exmpt
12:55:54.249 PM ET,8.065,19,153,Mid,Off Exchange,Odd Lot
01:03:26.437 PM ET,7.990,19,152,Mid,Cboe BYX,Inter Mkt Swp; Odd Lot; Trade Thru Exmpt
01:06:10.043 PM ET,7.960,19,151,Bid,Cboe BYX,Inter Mkt Swp; Odd Lot; Trade Thru Exmpt
01:24:04.560 PM ET,7.970,19,151,Bid,Cboe BYX,Inter Mkt Swp; Odd Lot; Trade Thru Exmpt
02:07:05.052 PM ET,8.000,19,152,Mid,Nasdaq GSM,Odd Lot
02:22:43.607 PM ET,8.055,19,153,Mid,Off Exchange,Odd Lot
02:23:46.810 PM ET,8.060,19,153,Mid,Off Exchange,Odd Lot
03:10:57.203 PM ET,7.940,19,151,Bid,IEX,Odd Lot
03:58:13.396 PM ET,7.990,19,152,Mid,Off Exchange,Odd Lot
06:22:21.164 PM ET,7.910,19,150,Mid,MEMX,Frm T Ext Hrs; Inter Mkt Swp; Odd Lot; Trade Thru Exmpt
09:30:00.984 AM ET,8.300,18,149,Mid,Cboe BZX,Odd Lot
09:49:32.032 AM ET,8.185,18,147,Mid,Nasdaq GSM,Inter Mkt Swp; Odd Lot; Trade Thru Exmpt
09:54:32.131 AM ET,8.200,18,148,Ask,Nasdaq GSM,Inter Mkt Swp; Odd Lot; Trade Thru Exmpt
10:06:30.353 AM ET,8.230,18,148,Mid,Off Exchange,Odd Lot
10:29:49.018 AM ET,8.275,18,149,Mid,Nasdaq GSM,Odd Lot
10:31:53.510 AM ET,8.245,18,148,Mid,Off Exchange,Odd Lot
10:46:50.019 AM ET,8.220,18,148,Mid,Off Exchange,Odd Lot
11:18:41.060 AM ET,8.135,18,146,Mid,Off Exchange,Odd Lot
11:29:12.652 AM ET,8.160,18,147,Ask,Off Exchange,Odd Lot
11:31:02.703 AM ET,8.160,18,147,Ask,Nasdaq GSM,Inter Mkt Swp; Odd Lot; Trade Thru Exmpt
11:56:04.509 AM ET,8.140,18,147,Mid,Off Exchange,Odd Lot
12:53:15.547 PM ET,8.030,18,145,Bid,Off Exchange,Odd Lot
01:06:30.483 PM ET,7.970,18,143,Mid,Off Exchange,Odd Lot
01:08:10.879 PM ET,8.000,18,144,Mid,Off Exchange,Odd Lot
01:21:29.251 PM ET,7.995,18,144,Bid,IEX,Odd Lot
02:00:22.435 PM ET,8.000,18,144,Mid,Off Exchange,Odd Lot
02:15:57.563 PM ET,8.050,18,145,Mid,Off Exchange,Odd Lot
03:16:10.643 PM ET,7.960,18,143,Bid,Nasdaq GSM,Inter Mkt Swp; Odd Lot; Trade Thru Exmpt
03:32:03.382 PM ET,7.950,18,143,Bid,Nasdaq GSM,Inter Mkt Swp; Odd Lot; Trade Thru Exmpt
03:32:03.442 PM ET,7.945,18,143,Mid,Off Exchange,Odd Lot
03:59:17.567 PM ET,7.990,18,144,None,IEX,Odd Lot
10:50:24.019 AM ET,8.230,17,140,Bid,Nasdaq GSM,Inter Mkt Swp; Odd Lot; Trade Thru Exmpt
11:16:28.775 AM ET,8.135,17,138,Mid,Off Exchange,Odd Lot
11:26:44.628 AM ET,8.125,17,138,Mid,Off Exchange,Odd Lot
11:29:11.274 AM ET,8.140,17,138,Mid,Off Exchange,Odd Lot
11:35:57.033 AM ET,8.130,17,138,Mid,Nasdaq GSM,Inter Mkt Swp; Odd Lot; Trade Thru Exmpt
11:40:17.174 AM ET,8.020,17,136,Bid,Nasdaq GSM,Inter Mkt Swp; Odd Lot; Trade Thru Exmpt
12:01:58.751 PM ET,8.150,17,139,Mid,Off Exchange,Odd Lot
12:17:49.335 PM ET,8.270,17,141,None,Cboe BZX,Inter Mkt Swp; Odd Lot; Trade Thru Exmpt
12:17:49.335 PM ET,8.260,17,140,None,Cboe BZX,Odd Lot
01:08:46.300 PM ET,8.010,17,136,Ask,Nasdaq PHLX,Inter Mkt Swp; Odd Lot; Trade Thru Exmpt
02:01:18.161 PM ET,7.990,17,136,Bid,Nasdaq GSM,Inter Mkt Swp; Odd Lot; Trade Thru Exmpt
02:10:28.405 PM ET,8.000,17,136,Mid,Off Exchange,Odd Lot
02:36:46.458 PM ET,8.025,17,136,Mid,Off Exchange,Odd Lot
03:11:21.038 PM ET,7.945,17,135,Mid,Off Exchange,Odd Lot
03:11:23.244 PM ET,7.940,17,135,Ask,Nasdaq GSM,Inter Mkt Swp; Odd Lot; Trade Thru Exmpt
03:17:37.554 PM ET,7.980,17,136,Ask,Cboe BZX,Odd Lot
03:32:03.380 PM ET,7.960,17,135,Bid,Off Exchange,Odd Lot
03:52:13.711 PM ET,7.980,17,136,Bid,IEX,Odd Lot
03:59:18.625 PM ET,8.006,17,136,None,Off Exchange,Deriv Priced; Odd Lot; Trade Thru Exmpt
03:59:29.115 PM ET,7.990,17,136,None,Nasdaq GSM,Inter Mkt Swp; Odd Lot; Trade Thru Exmpt
11:00:32.673 AM ET,8.185,16,131,Mid,Off Exchange,Odd Lot
11:40:17.138 AM ET,7.990,16,128,Bid,Nasdaq GSM,Inter Mkt Swp; Odd Lot; Trade Thru Exmpt
11:40:17.145 AM ET,7.970,16,128,Bid,NYSE Arca,Inter Mkt Swp; Odd Lot; Trade Thru Exmpt
11:40:17.159 AM ET,8.010,16,128,Bid,NYSE Arca,Inter Mkt Swp; Odd Lot; Trade Thru Exmpt
11:40:17.183 AM ET,8.020,16,128,Bid,NYSE Arca,Inter Mkt Swp; Odd Lot; Trade Thru Exmpt
11:40:17.183 AM ET,7.990,16,128,Bid,NYSE Arca,Inter Mkt Swp; Odd Lot; Trade Thru Exmpt
11:40:17.192 AM ET,8.020,16,128,Bid,Cboe BZX,Inter Mkt Swp; Odd Lot; Trade Thru Exmpt
11:40:17.192 AM ET,8.020,16,128,Bid,NYSE Arca,Odd Lot
11:40:17.198 AM ET,8.020,16,128,Bid,NYSE Arca,Odd Lot
11:40:17.198 AM ET,8.020,16,128,Bid,NYSE Arca,Inter Mkt Swp; Odd Lot; Trade Thru Exmpt
11:40:17.198 AM ET,8.010,16,128,Bid,NYSE Arca,Inter Mkt Swp; Odd Lot; Trade Thru Exmpt
11:40:17.220 AM ET,8.000,16,128,Bid,TXSE,Inter Mkt Swp; Odd Lot; Trade Thru Exmpt
11:40:17.339 AM ET,8.030,16,128,Mid,NYSE Arca,Inter Mkt Swp; Odd Lot; Trade Thru Exmpt
11:43:36.882 AM ET,8.065,16,129,Mid,Nasdaq GSM,Odd Lot
11:55:49.048 AM ET,8.170,16,131,Bid,Nasdaq GSM,Inter Mkt Swp; Odd Lot; Trade Thru Exmpt
11:59:13.738 AM ET,8.145,16,130,Mid,Off Exchange,Odd Lot
12:08:59.005 PM ET,8.180,16,131,Bid,Cboe EDGX,Inter Mkt Swp; Odd Lot; Trade Thru Exmpt
12:09:01.637 PM ET,8.205,16,131,Mid,Nasdaq GSM,Odd Lot
12:47:34.699 PM ET,8.130,16,130,Mid,Off Exchange,Odd Lot
01:19:31.582 PM ET,8.045,16,129,Mid,Nasdaq GSM,Odd Lot
01:33:58.582 PM ET,7.995,16,128,Mid,Off Exchange,Odd Lot
01:52:42.415 PM ET,7.985,16,128,Mid,Off Exchange,Odd Lot
02:27:11.098 PM ET,8.070,16,129,Mid,Off Exchange,Odd Lot
03:17:37.553 PM ET,7.980,16,128,Ask,Nasdaq GSM,Inter Mkt Swp; Odd Lot; Trade Thru Exmpt
03:23:01.236 PM ET,8.010,16,128,Mid,Off Exchange,Odd Lot
03:34:00.404 PM ET,7.925,16,127,Mid,Cboe BZX,Odd Lot
03:44:53.329 PM ET,7.910,16,127,Mid,NYSE Arca,Inter Mkt Swp; Odd Lot; Trade Thru Exmpt
03:49:48.837 PM ET,7.940,16,127,Mid,IEX,Odd Lot
03:50:00.065 PM ET,7.950,16,127,Bid,Nasdaq GSM,Inter Mkt Swp; Odd Lot; Trade Thru Exmpt
03:56:38.368 PM ET,8.020,16,128,Mid,Off Exchange,Odd Lot
03:57:44.842 PM ET,8.010,16,128,Bid,Nasdaq GSM,Odd Lot
03:58:11.054 PM ET,8.010,16,128,Ask,Cboe BZX,Inter Mkt Swp; Odd Lot; Trade Thru Exmpt
03:59:26.426 PM ET,8.000,16,128,None,Nasdaq GSM,Inter Mkt Swp; Odd Lot; Trade Thru Exmpt
03:59:29.115 PM ET,7.990,16,128,None,Nasdaq GSM,Inter Mkt Swp; Odd Lot; Trade Thru Exmpt
04:00:54.174 PM ET,8.050,16,129,Bid,Cboe BZX,Frm T Ext Hrs; Inter Mkt Swp; Odd Lot; Trade Thru Exmpt
08:40:30.206 AM ET,8.390,15,126,Mid,NYSE Arca,Frm T Ext Hrs; Odd Lot
10:28:18.483 AM ET,8.250,15,124,Bid,Off Exchange,Odd Lot
10:43:16.016 AM ET,8.225,15,123,Mid,Off Exchange,Odd Lot
11:04:25.351 AM ET,8.155,15,122,Mid,Off Exchange,Odd Lot
11:08:17.989 AM ET,8.135,15,122,Mid,Off Exchange,Odd Lot
11:15:53.728 AM ET,8.135,15,122,Mid,Off Exchange,Odd Lot
11:18:36.209 AM ET,8.140,15,122,Mid,Off Exchange,Odd Lot
11:40:17.137 AM ET,8.030,15,120,Mid,Nasdaq GSM,Inter Mkt Swp; Odd Lot; Trade Thru Exmpt
11:40:17.145 AM ET,7.980,15,120,Bid,NYSE Arca,Inter Mkt Swp; Odd Lot; Trade Thru Exmpt
11:40:17.183 AM ET,8.000,15,120,Bid,Nasdaq GSM,Inter Mkt Swp; Odd Lot; Trade Thru Exmpt
11:46:50.999 AM ET,8.135,15,122,Mid,Off Exchange,Odd Lot
12:17:15.190 PM ET,8.220,15,123,Ask,Nasdaq GSM,Inter Mkt Swp; Odd Lot; Trade Thru Exmpt
12:17:33.517 PM ET,8.270,15,124,None,Nasdaq GSM,Odd Lot
12:20:25.036 PM ET,8.210,15,123,Mid,Off Exchange,Odd Lot
12:30:31.864 PM ET,8.220,15,123,Mid,Off Exchange,Odd Lot
12:40:32.815 PM ET,8.205,15,123,Mid,Off Exchange,Odd Lot
12:47:32.843 PM ET,8.130,15,122,Mid,Off Exchange,Odd Lot
12:57:06.205 PM ET,8.040,15,121,Mid,Off Exchange,Odd Lot
12:57:28.995 PM ET,8.025,15,120,Mid,Off Exchange,Odd Lot
01:02:46.048 PM ET,7.995,15,120,Mid,Off Exchange,Odd Lot
01:11:28.146 PM ET,7.980,15,120,Mid,Off Exchange,Odd Lot
01:26:17.593 PM ET,7.980,15,120,Mid,Nasdaq GSM,Inter Mkt Swp; Odd Lot; Trade Thru Exmpt
01:30:59.972 PM ET,7.975,15,120,Mid,Off Exchange,Odd Lot
01:32:33.958 PM ET,7.990,15,120,Mid,Nasdaq GSM,Inter Mkt Swp; Odd Lot; Trade Thru Exmpt
01:49:42.359 PM ET,7.985,15,120,Mid,Off Exchange,Odd Lot
01:53:36.596 PM ET,7.990,15,120,Mid,Off Exchange,Odd Lot
02:00:56.833 PM ET,8.010,15,120,Ask,Off Exchange,Odd Lot
02:10:03.656 PM ET,7.996,15,120,Mid,Off Exchange,Odd Lot
02:14:19.077 PM ET,8.040,15,121,Ask,MEMX,Inter Mkt Swp; Odd Lot; Trade Thru Exmpt
03:07:21.278 PM ET,7.960,15,119,Ask,IEX,Odd Lot
03:25:10.435 PM ET,7.990,15,120,Bid,NYSE Arca,Inter Mkt Swp; Odd Lot; Trade Thru Exmpt
03:40:24.970 PM ET,7.950,15,119,Mid,Off Exchange,Odd Lot
03:54:49.223 PM ET,7.980,15,120,Mid,Off Exchange,Odd Lot
03:58:45.387 PM ET,8.010,15,120,Ask,Off Exchange,Deriv Priced; Odd Lot; Trade Thru Exmpt
03:59:29.115 PM ET,7.990,15,120,None,Nasdaq GSM,Inter Mkt Swp; Odd Lot; Trade Thru Exmpt
09:52:45.760 AM ET,8.170,14,114,Bid,Nasdaq GSM,Inter Mkt Swp; Odd Lot; Trade Thru Exmpt
11:32:37.288 AM ET,8.140,14,114,Mid,NYSE Arca,Inter Mkt Swp; Odd Lot; Trade Thru Exmpt
11:35:57.034 AM ET,8.130,14,114,Mid,NYSE Arca,Inter Mkt Swp; Odd Lot; Trade Thru Exmpt
11:40:17.138 AM ET,8.000,14,112,Bid,Cboe EDGA,Inter Mkt Swp; Odd Lot; Trade Thru Exmpt
11:40:17.140 AM ET,7.980,14,112,Bid,Nasdaq GSM,Inter Mkt Swp; Odd Lot; Trade Thru Exmpt
11:40:17.140 AM ET,7.990,14,112,Bid,MEMX,Inter Mkt Swp; Odd Lot; Trade Thru Exmpt
11:40:17.140 AM ET,7.990,14,112,Bid,MIAX Pearl,Inter Mkt Swp; Odd Lot; Trade Thru Exmpt
11:40:17.145 AM ET,7.990,14,112,Bid,NYSE Arca,Inter Mkt Swp; Odd Lot; Trade Thru Exmpt
11:45:28.340 AM ET,8.130,14,114,Mid,Off Exchange,Odd Lot
12:26:17.135 PM ET,8.215,14,115,Mid,Off Exchange,Odd Lot
12:43:04.797 PM ET,8.180,14,115,Bid,Nasdaq GSM,Inter Mkt Swp; Odd Lot; Trade Thru Exmpt
01:39:54.884 PM ET,8.010,14,112,Mid,Nasdaq GSM,Inter Mkt Swp; Odd Lot; Trade Thru Exmpt
01:42:21.435 PM ET,8.025,14,112,Mid,Nasdaq GSM,Odd Lot
01:43:22.126 PM ET,8.020,14,112,Mid,Off Exchange,Odd Lot
01:44:17.501 PM ET,8.020,14,112,Mid,Off Exchange,Odd Lot
01:55:17.683 PM ET,8.015,14,112,Mid,NYSE,Odd Lot
02:04:05.649 PM ET,8.005,14,112,Mid,Off Exchange,Odd Lot
02:30:01.889 PM ET,8.065,14,113,Mid,Off Exchange,Odd Lot
02:47:03.910 PM ET,8.000,14,112,Mid,IEX,Odd Lot
03:47:35.375 PM ET,7.921,14,111,Mid,Off Exchange,Odd Lot
03:53:50.096 PM ET,7.985,14,112,Mid,Off Exchange,Odd Lot
03:54:18.168 PM ET,7.985,14,112,Mid,Off Exchange,Odd Lot
03:57:00.324 PM ET,8.009,14,112,Mid,Off Exchange,Odd Lot
03:59:29.115 PM ET,7.990,14,112,None,Nasdaq GSM,Inter Mkt Swp; Odd Lot; Trade Thru Exmpt
09:32:40.043 AM ET,8.240,13,107,Mid,Nasdaq GSM,Odd Lot
11:10:37.196 AM ET,8.120,13,106,Mid,Cboe EDGX,Inter Mkt Swp; Odd Lot; Trade Thru Exmpt
11:13:11.037 AM ET,8.140,13,106,Mid,Off Exchange,Odd Lot
11:31:35.892 AM ET,8.160,13,106,Ask,NYSE Arca,Inter Mkt Swp; Odd Lot; Trade Thru Exmpt
11:40:17.135 AM ET,8.045,13,105,Ask,NYSE Arca,Inter Mkt Swp; Odd Lot; Trade Thru Exmpt
11:40:17.136 AM ET,8.040,13,105,Ask,NYSE Arca,Inter Mkt Swp; Odd Lot; Trade Thru Exmpt
11:40:17.137 AM ET,8.030,13,104,Mid,NYSE Arca,Inter Mkt Swp; Odd Lot; Trade Thru Exmpt
11:40:17.138 AM ET,7.990,13,104,Bid,NYSE Arca,Inter Mkt Swp; Odd Lot; Trade Thru Exmpt
11:40:17.138 AM ET,7.980,13,104,Bid,NYSE Arca,Inter Mkt Swp; Odd Lot; Trade Thru Exmpt
11:40:17.139 AM ET,7.970,13,104,Bid,NYSE Arca,Inter Mkt Swp; Odd Lot; Trade Thru Exmpt
11:40:17.139 AM ET,7.980,13,104,Bid,NYSE Arca,Inter Mkt Swp; Odd Lot; Trade Thru Exmpt
11:40:17.140 AM ET,7.990,13,104,Bid,NYSE Arca,Inter Mkt Swp; Odd Lot; Trade Thru Exmpt
11:40:17.140 AM ET,7.980,13,104,Bid,Nasdaq GSM,Inter Mkt Swp; Odd Lot; Trade Thru Exmpt
11:40:17.145 AM ET,7.990,13,104,Bid,NYSE Arca,Inter Mkt Swp; Odd Lot; Trade Thru Exmpt
11:40:17.145 AM ET,7.980,13,104,Bid,NYSE Arca,Inter Mkt Swp; Odd Lot; Trade Thru Exmpt
11:40:17.148 AM ET,7.990,13,104,Bid,NYSE Arca,Inter Mkt Swp; Odd Lot; Trade Thru Exmpt
11:40:17.148 AM ET,8.000,13,104,Bid,NYSE Arca,Inter Mkt Swp; Odd Lot; Trade Thru Exmpt
11:40:17.149 AM ET,8.000,13,104,Bid,NYSE Arca,Odd Lot
11:40:17.151 AM ET,8.020,13,104,Bid,NYSE Arca,Inter Mkt Swp; Odd Lot; Trade Thru Exmpt
11:40:17.159 AM ET,8.010,13,104,Bid,Nasdaq GSM,Inter Mkt Swp; Odd Lot; Trade Thru Exmpt
11:40:17.159 AM ET,8.010,13,104,Bid,NYSE Arca,Inter Mkt Swp; Odd Lot; Trade Thru Exmpt
11:40:17.175 AM ET,8.020,13,104,Bid,NYSE Arca,Inter Mkt Swp; Odd Lot; Trade Thru Exmpt
11:40:17.183 AM ET,8.020,13,104,Bid,NYSE Arca,Inter Mkt Swp; Odd Lot; Trade Thru Exmpt
11:40:17.192 AM ET,8.020,13,104,Bid,NYSE Arca,Odd Lot
11:40:17.192 AM ET,8.030,13,104,Mid,NYSE Arca,Odd Lot
11:40:17.198 AM ET,8.010,13,104,Bid,Nasdaq GSM,Inter Mkt Swp; Odd Lot; Trade Thru Exmpt
11:40:17.198 AM ET,8.010,13,104,Bid,NYSE Arca,Odd Lot
11:48:14.014 AM ET,8.150,13,106,Bid,Nasdaq GSM,Inter Mkt Swp; Odd Lot; Trade Thru Exmpt
11:56:12.348 AM ET,8.145,13,106,Mid,Off Exchange,Odd Lot
12:08:59.009 PM ET,8.190,13,106,Bid,Cboe BZX,Inter Mkt Swp; Odd Lot; Trade Thru Exmpt
12:17:15.190 PM ET,8.220,13,107,Ask,Cboe BZX,Inter Mkt Swp; Odd Lot; Trade Thru Exmpt
12:36:33.905 PM ET,8.205,13,107,Mid,Off Exchange,Odd Lot
01:08:10.878 PM ET,8.000,13,104,Mid,NYSE,Odd Lot
01:08:10.878 PM ET,8.000,13,104,Mid,NYSE Arca,Odd Lot
01:12:48.760 PM ET,8.040,13,105,Ask,IEX,Odd Lot
01:22:44.792 PM ET,8.000,13,104,Ask,Nasdaq GSM,Inter Mkt Swp; Odd Lot; Trade Thru Exmpt
01:57:57.867 PM ET,8.010,13,104,Bid,Nasdaq GSM,Inter Mkt Swp; Odd Lot; Trade Thru Exmpt
02:14:06.184 PM ET,8.030,13,104,Bid,Nasdaq GSM,Inter Mkt Swp; Odd Lot; Trade Thru Exmpt
02:45:09.809 PM ET,7.990,13,104,Mid,Off Exchange,Odd Lot
03:09:22.044 PM ET,7.950,13,103,Mid,Off Exchange,Odd Lot
03:32:03.378 PM ET,7.960,13,103,Bid,Nasdaq GSM,Inter Mkt Swp; Odd Lot; Trade Thru Exmpt
03:44:52.092 PM ET,7.910,13,103,Mid,NYSE Arca,Inter Mkt Swp; Odd Lot; Trade Thru Exmpt
03:49:09.431 PM ET,7.940,13,103,Mid,Off Exchange,Odd Lot
03:52:13.684 PM ET,7.980,13,104,Bid,MEMX,Inter Mkt Swp; Odd Lot; Trade Thru Exmpt
03:54:05.689 PM ET,7.985,13,104,Mid,Off Exchange,Odd Lot
10:25:53.370 AM ET,8.235,12,99,Mid,Off Exchange,Odd Lot
11:05:23.460 AM ET,8.160,12,98,Mid,Off Exchange,Odd Lot
11:32:37.288 AM ET,8.140,12,98,Mid,NYSE Arca,Inter Mkt Swp; Odd Lot; Trade Thru Exmpt
11:40:17.139 AM ET,7.980,12,96,Bid,NYSE Arca,Inter Mkt Swp; Odd Lot; Trade Thru Exmpt
11:44:22.717 AM ET,8.100,12,97,Ask,Nasdaq GSM,Inter Mkt Swp; Odd Lot; Trade Thru Exmpt
11:48:58.307 AM ET,8.170,12,98,Ask,Nasdaq GSM,Inter Mkt Swp; Odd Lot; Trade Thru Exmpt
12:08:59.005 PM ET,8.180,12,98,Bid,Nasdaq GSM,Inter Mkt Swp; Odd Lot; Trade Thru Exmpt
12:17:28.261 PM ET,8.270,12,99,None,Off Exchange,Odd Lot
12:17:37.646 PM ET,8.290,12,99,None,Cboe EDGX,Odd Lot
12:47:32.697 PM ET,8.140,12,98,Mid,Cboe EDGX,Odd Lot
12:47:52.947 PM ET,8.130,12,98,Mid,Off Exchange,Odd Lot
12:50:21.208 PM ET,8.090,12,97,Mid,Cboe EDGX,Inter Mkt Swp; Odd Lot; Trade Thru Exmpt
01:00:49.976 PM ET,8.000,12,96,Mid,Off Exchange,Odd Lot
01:06:20.562 PM ET,7.965,12,96,Mid,Off Exchange,Odd Lot
01:38:44.595 PM ET,7.990,12,96,Bid,Nasdaq GSM,Inter Mkt Swp; Odd Lot; Trade Thru Exmpt
02:48:29.066 PM ET,7.970,12,96,Mid,Off Exchange,Odd Lot
03:07:21.277 PM ET,7.960,12,96,Ask,Nasdaq GSM,Inter Mkt Swp; Odd Lot; Trade Thru Exmpt
03:44:52.091 PM ET,7.920,12,95,Mid,Cboe BZX,Inter Mkt Swp; Odd Lot; Trade Thru Exmpt
03:53:30.678 PM ET,7.985,12,96,Mid,Off Exchange,Odd Lot
03:57:11.301 PM ET,8.020,12,96,Mid,IEX,Odd Lot
03:58:11.054 PM ET,8.010,12,96,Ask,IEX,Odd Lot
03:59:56.121 PM ET,7.990,12,96,None,Nasdaq GSM,Inter Mkt Swp; Odd Lot; Trade Thru Exmpt
09:41:36.020 AM ET,8.170,11,90,Bid,Nasdaq GSM,Odd Lot
10:02:43.715 AM ET,8.200,11,90,Mid,Nasdaq GSM,Odd Lot
11:40:17.134 AM ET,8.050,11,89,Ask,NYSE Arca,Odd Lot
11:40:17.138 AM ET,7.990,11,88,Bid,NYSE Arca,Inter Mkt Swp; Odd Lot; Trade Thru Exmpt
11:40:17.140 AM ET,7.980,11,88,Bid,NYSE Arca,Inter Mkt Swp; Odd Lot; Trade Thru Exmpt
11:40:17.140 AM ET,7.990,11,88,Bid,NYSE Arca,Inter Mkt Swp; Odd Lot; Trade Thru Exmpt
11:40:17.175 AM ET,8.030,11,88,Mid,NYSE Arca,Inter Mkt Swp; Odd Lot; Trade Thru Exmpt
11:40:17.175 AM ET,8.030,11,88,Mid,NYSE,Inter Mkt Swp; Odd Lot; Trade Thru Exmpt
11:40:17.183 AM ET,7.990,11,88,Bid,NYSE Arca,Inter Mkt Swp; Odd Lot; Trade Thru Exmpt
11:52:18.643 AM ET,8.154,11,90,Bid,Off Exchange,Odd Lot
01:08:46.300 PM ET,8.010,11,88,Ask,NYSE Arca,Inter Mkt Swp; Odd Lot; Trade Thru Exmpt
01:10:45.476 PM ET,7.990,11,88,Bid,Cboe BZX,Inter Mkt Swp; Odd Lot; Trade Thru Exmpt
01:26:17.593 PM ET,7.980,11,88,Mid,Nasdaq GSM,Inter Mkt Swp; Odd Lot; Trade Thru Exmpt
01:27:44.937 PM ET,7.950,11,87,Mid,IEX,Odd Lot
01:48:15.160 PM ET,8.015,11,88,Mid,Off Exchange,Odd Lot
01:48:16.100 PM ET,8.030,11,88,Mid,Off Exchange,Odd Lot
03:32:25.297 PM ET,7.966,11,88,Ask,Off Exchange,Deriv Priced; Odd Lot; Trade Thru Exmpt
03:50:00.066 PM ET,7.950,11,87,Bid,NYSE Arca,Inter Mkt Swp; Odd Lot; Trade Thru Exmpt
03:59:56.449 PM ET,7.990,11,88,None,Nasdaq GSM,Inter Mkt Swp; Odd Lot; Trade Thru Exmpt
09:58:10.013 AM ET,8.200,10,82,Mid,Nasdaq GSM,Odd Lot
10:01:40.835 AM ET,8.200,10,82,Mid,Nasdaq GSM,Odd Lot
10:02:43.716 AM ET,8.200,10,82,Mid,IEX,Odd Lot
10:04:53.815 AM ET,8.190,10,82,Mid,Nasdaq GSM,Odd Lot
10:04:53.816 AM ET,8.190,10,82,Mid,IEX,Odd Lot
10:13:20.046 AM ET,8.255,10,83,Mid,Nasdaq GSM,Odd Lot
10:13:20.047 AM ET,8.255,10,83,Mid,Off Exchange,Odd Lot
10:14:07.093 AM ET,8.230,10,82,Bid,NYSE Arca,Inter Mkt Swp; Odd Lot; Trade Thru Exmpt
10:27:36.339 AM ET,8.235,10,82,Mid,Off Exchange,Odd Lot
10:28:25.054 AM ET,8.270,10,83,Mid,Nasdaq GSM,Odd Lot
10:31:47.299 AM ET,8.270,10,83,Mid,Nasdaq GSM,Odd Lot
10:40:30.034 AM ET,8.245,10,82,Mid,Nasdaq GSM,Odd Lot
10:40:52.042 AM ET,8.230,10,82,Mid,Cboe EDGX,Inter Mkt Swp; Odd Lot; Trade Thru Exmpt
10:43:07.865 AM ET,8.225,10,82,Mid,Off Exchange,Odd Lot
10:43:22.933 AM ET,8.225,10,82,Mid,Off Exchange,Odd Lot
10:57:55.050 AM ET,8.185,10,82,Mid,Off Exchange,Odd Lot
11:05:46.881 AM ET,8.150,10,82,Mid,Cboe EDGX,Odd Lot
11:05:46.881 AM ET,8.160,10,82,Mid,Off Exchange,Odd Lot
11:07:25.860 AM ET,8.140,10,81,Mid,Nasdaq GSM,Inter Mkt Swp; Odd Lot; Trade Thru Exmpt
11:10:40.048 AM ET,8.135,10,81,Mid,Nasdaq GSM,Odd Lot
11:18:41.129 AM ET,8.135,10,81,Mid,Off Exchange,Odd Lot
11:31:35.967 AM ET,8.155,10,82,Mid,IEX,Odd Lot
11:33:40.068 AM ET,8.140,10,81,Mid,Nasdaq GSM,Odd Lot
11:40:17.131 AM ET,8.050,10,81,Ask,NYSE Arca,Inter Mkt Swp; Odd Lot; Trade Thru Exmpt
11:40:17.131 AM ET,8.060,10,81,Ask,Cboe BZX,Inter Mkt Swp; Odd Lot; Trade Thru Exmpt
11:40:17.132 AM ET,8.020,10,80,Ask,Nasdaq GSM,Inter Mkt Swp; Odd Lot; Trade Thru Exmpt
11:40:17.133 AM ET,8.040,10,80,Ask,NYSE Arca,Inter Mkt Swp; Odd Lot; Trade Thru Exmpt
11:40:17.133 AM ET,8.040,10,80,Ask,Off Exchange,Odd Lot
11:40:17.137 AM ET,8.030,10,80,Mid,NYSE Arca,Inter Mkt Swp; Odd Lot; Trade Thru Exmpt
11:40:17.138 AM ET,7.990,10,80,Bid,Cboe BZX,Inter Mkt Swp; Odd Lot; Trade Thru Exmpt
11:40:17.138 AM ET,7.990,10,80,Bid,Cboe EDGX,Inter Mkt Swp; Odd Lot; Trade Thru Exmpt
11:40:17.138 AM ET,8.020,10,80,Bid,NYSE Arca,Inter Mkt Swp; Odd Lot; Trade Thru Exmpt
11:40:17.138 AM ET,7.990,10,80,Bid,MEMX,Odd Lot
11:40:17.138 AM ET,7.980,10,80,Bid,Cboe BZX,Inter Mkt Swp; Odd Lot; Trade Thru Exmpt
11:40:17.140 AM ET,7.970,10,80,Bid,NYSE Arca,Inter Mkt Swp; Odd Lot; Trade Thru Exmpt
11:40:17.148 AM ET,7.990,10,80,Bid,Cboe EDGX,Inter Mkt Swp; Odd Lot; Trade Thru Exmpt
11:40:17.175 AM ET,8.030,10,80,Mid,Nasdaq GSM,Odd Lot
11:40:17.183 AM ET,8.000,10,80,Bid,NYSE Arca,Inter Mkt Swp; Odd Lot; Trade Thru Exmpt
11:40:17.192 AM ET,8.020,10,80,Bid,NYSE Arca,Odd Lot
11:40:17.539 AM ET,8.060,10,81,Mid,Nasdaq GSM,Odd Lot
11:40:48.575 AM ET,8.080,10,81,Mid,Off Exchange,Odd Lot
11:41:27.917 AM ET,8.065,10,81,Mid,Nasdaq GSM,Odd Lot
11:43:07.153 AM ET,8.062,10,81,Mid,Off Exchange,Odd Lot
11:44:22.727 AM ET,8.100,10,81,Ask,Cboe BZX,Inter Mkt Swp; Odd Lot; Trade Thru Exmpt
11:44:22.734 AM ET,8.100,10,81,Ask,Cboe BZX,Inter Mkt Swp; Odd Lot; Trade Thru Exmpt
11:44:27.039 AM ET,8.110,10,81,Bid,Cboe BZX,Odd Lot
11:44:27.044 AM ET,8.130,10,81,Mid,Nasdaq GSM,Inter Mkt Swp; Odd Lot; Trade Thru Exmpt
11:44:27.055 AM ET,8.130,10,81,Mid,Nasdaq GSM,Odd Lot
11:48:28.399 AM ET,8.155,10,82,Mid,Off Exchange,Odd Lot
11:50:36.325 AM ET,8.190,10,82,Mid,Off Exchange,Odd Lot
11:54:30.066 AM ET,8.190,10,82,Mid,Nasdaq GSM,Odd Lot
11:55:49.048 AM ET,8.170,10,82,Bid,Nasdaq GSM,Inter Mkt Swp; Odd Lot; Trade Thru Exmpt
12:01:02.926 PM ET,8.150,10,82,Mid,Nasdaq GSM,Inter Mkt Swp; Odd Lot; Trade Thru Exmpt
12:03:07.424 PM ET,8.176,10,82,Mid,Off Exchange,Odd Lot
12:08:59.009 PM ET,8.190,10,82,Bid,Nasdaq GSM,Inter Mkt Swp; Odd Lot; Trade Thru Exmpt
12:14:10.080 PM ET,8.195,10,82,Mid,Nasdaq GSM,Odd Lot
12:17:33.408 PM ET,8.270,10,83,None,Nasdaq PHLX,Odd Lot
12:17:49.230 PM ET,8.295,10,83,None,IEX,Odd Lot
12:35:07.858 PM ET,8.225,10,82,Mid,Off Exchange,Odd Lot
12:35:57.070 PM ET,8.220,10,82,Mid,Cboe EDGX,Inter Mkt Swp; Odd Lot; Trade Thru Exmpt
12:36:01.171 PM ET,8.220,10,82,Mid,Off Exchange,Odd Lot
12:37:50.086 PM ET,8.195,10,82,Mid,Nasdaq GSM,Odd Lot
12:38:05.048 PM ET,8.195,10,82,Mid,Nasdaq GSM,Odd Lot
12:38:05.049 PM ET,8.195,10,82,Mid,IEX,Odd Lot
12:57:13.868 PM ET,8.031,10,80,Mid,Off Exchange,Odd Lot
01:01:45.107 PM ET,7.990,10,80,Mid,Nasdaq GSM,Odd Lot
01:03:18.783 PM ET,7.990,10,80,Mid,Cboe BYX,Inter Mkt Swp; Odd Lot; Trade Thru Exmpt
01:03:54.505 PM ET,7.980,10,80,Bid,Nasdaq GSM,Inter Mkt Swp; Odd Lot; Trade Thru Exmpt
01:12:54.866 PM ET,8.050,10,81,Ask,Cboe BZX,Odd Lot
01:15:00.148 PM ET,8.065,10,81,Mid,Off Exchange,Odd Lot
01:17:00.699 PM ET,8.050,10,81,Mid,Nasdaq GSM,Odd Lot
01:20:14.576 PM ET,8.030,10,80,Bid,Nasdaq GSM,Inter Mkt Swp; Odd Lot; Trade Thru Exmpt
01:22:44.791 PM ET,7.990,10,80,Mid,Nasdaq GSM,Inter Mkt Swp; Odd Lot; Trade Thru Exmpt
01:22:44.791 PM ET,7.990,10,80,Mid,IEX,Odd Lot
01:22:44.792 PM ET,7.990,10,80,Mid,IEX,Odd Lot
01:22:44.792 PM ET,8.000,10,80,Ask,IEX,Odd Lot
01:27:04.480 PM ET,7.960,10,80,Mid,Nasdaq GSM,Inter Mkt Swp; Odd Lot; Trade Thru Exmpt
01:35:25.118 PM ET,8.010,10,80,Mid,Nasdaq GSM,Odd Lot
01:42:07.312 PM ET,8.030,10,80,Mid,Off Exchange,Odd Lot
01:55:10.126 PM ET,8.015,10,80,Mid,Nasdaq GSM,Odd Lot
02:02:57.851 PM ET,8.000,10,80,Ask,NYSE Arca,Odd Lot
02:03:34.869 PM ET,8.000,10,80,Mid,Nasdaq GSM,Inter Mkt Swp; Odd Lot; Trade Thru Exmpt
02:03:49.953 PM ET,8.000,10,80,Mid,Cboe BZX,Inter Mkt Swp; Odd Lot; Trade Thru Exmpt
02:11:16.616 PM ET,8.020,10,80,Bid,Nasdaq GSM,Inter Mkt Swp; Odd Lot; Trade Thru Exmpt
02:11:16.616 PM ET,8.020,10,80,Bid,Nasdaq GSM,Odd Lot
02:14:06.082 PM ET,8.025,10,80,Mid,Nasdaq GSM,Odd Lot
02:17:02.073 PM ET,8.080,10,81,Mid,Nasdaq GSM,Odd Lot
02:21:15.134 PM ET,8.070,10,81,Mid,Nasdaq GSM,Odd Lot
02:29:35.139 PM ET,8.070,10,81,Mid,Nasdaq GSM,Odd Lot
02:44:30.225 PM ET,8.000,10,80,Mid,Off Exchange,Odd Lot
02:50:01.719 PM ET,7.990,10,80,Ask,Nasdaq GSM,Inter Mkt Swp; Odd Lot; Trade Thru Exmpt
02:58:30.165 PM ET,7.980,10,80,Mid,Off Exchange,Odd Lot
03:06:00.607 PM ET,7.970,10,80,Ask,Nasdaq GSM,Odd Lot
03:12:34.363 PM ET,7.940,10,79,Ask,MEMX,Inter Mkt Swp; Odd Lot; Trade Thru Exmpt
03:12:34.363 PM ET,7.940,10,79,Ask,NYSE Arca,Inter Mkt Swp; Odd Lot; Trade Thru Exmpt
03:15:00.161 PM ET,7.975,10,80,Mid,Nasdaq GSM,Odd Lot
03:22:12.659 PM ET,7.990,10,80,Mid,NYSE Arca,Inter Mkt Swp; Odd Lot; Trade Thru Exmpt
03:27:58.104 PM ET,7.980,10,80,Bid,IEX,Odd Lot
03:29:15.171 PM ET,7.970,10,80,Mid,Nasdaq GSM,Odd Lot
03:31:04.304 PM ET,7.960,10,80,Bid,IEX,Odd Lot
03:33:44.689 PM ET,7.940,10,79,Mid,Nasdaq GSM,Inter Mkt Swp; Odd Lot; Trade Thru Exmpt
03:34:35.887 PM ET,7.940,10,79,Ask,Nasdaq GSM,Inter Mkt Swp; Odd Lot; Trade Thru Exmpt
03:34:35.887 PM ET,7.940,10,79,Ask,Cboe BZX,Inter Mkt Swp; Odd Lot; Trade Thru Exmpt
03:36:15.176 PM ET,7.950,10,80,Mid,Off Exchange,Odd Lot
03:41:45.180 PM ET,7.925,10,79,Mid,Off Exchange,Odd Lot
03:47:36.773 PM ET,7.931,10,79,Mid,Off Exchange,Odd Lot
03:48:30.002 PM ET,7.940,10,79,Mid,IEX,Odd Lot
03:50:00.065 PM ET,7.950,10,80,Bid,Nasdaq GSM,Odd Lot
03:50:00.167 PM ET,7.960,10,80,Bid,Nasdaq GSM,Inter Mkt Swp; Odd Lot; Trade Thru Exmpt
03:51:20.117 PM ET,7.990,10,80,Ask,NYSE Arca,Inter Mkt Swp; Odd Lot; Trade Thru Exmpt
03:52:13.773 PM ET,7.975,10,80,Mid,IEX,Odd Lot
03:52:13.805 PM ET,7.975,10,80,Mid,Off Exchange,Odd Lot
03:52:40.915 PM ET,7.960,10,80,Mid,Off Exchange,Odd Lot
03:54:05.617 PM ET,7.985,10,80,Mid,IEX,Odd Lot
03:57:41.495 PM ET,8.020,10,80,Mid,Off Exchange,Odd Lot
03:57:47.802 PM ET,8.010,10,80,Bid,Nasdaq GSM,Odd Lot
03:58:11.053 PM ET,8.010,10,80,Ask,Nasdaq GSM,Odd Lot
04:00:54.174 PM ET,8.050,10,81,Bid,Cboe BZX,Frm T Ext Hrs; Inter Mkt Swp; Odd Lot; Trade Thru Exmpt
09:47:21.462 AM ET,8.120,9,73,Bid,NYSE Arca,Inter Mkt Swp; Odd Lot; Trade Thru Exmpt
10:52:59.819 AM ET,8.230,9,74,Mid,Cboe BYX,Inter Mkt Swp; Odd Lot; Trade Thru Exmpt
10:52:59.819 AM ET,8.220,9,74,Mid,MEMX,Inter Mkt Swp; Odd Lot; Trade Thru Exmpt
11:28:03.649 AM ET,8.140,9,73,Mid,Off Exchange,Odd Lot
11:31:35.892 AM ET,8.160,9,73,Ask,NYSE Arca,Inter Mkt Swp; Odd Lot; Trade Thru Exmpt
11:40:17.138 AM ET,7.980,9,72,Bid,NYSE Arca,Odd Lot
11:40:17.145 AM ET,7.980,9,72,Bid,NYSE Arca,Inter Mkt Swp; Odd Lot; Trade Thru Exmpt
11:40:17.149 AM ET,8.000,9,72,Bid,Cboe EDGX,Inter Mkt Swp; Odd Lot; Trade Thru Exmpt
11:48:58.307 AM ET,8.170,9,74,Ask,Nasdaq GSM,Inter Mkt Swp; Odd Lot; Trade Thru Exmpt
11:56:04.491 AM ET,8.130,9,73,Mid,NYSE Arca,Inter Mkt Swp; Odd Lot; Trade Thru Exmpt
12:17:36.009 PM ET,8.280,9,75,None,Nasdaq PHLX,Odd Lot
12:51:18.253 PM ET,8.070,9,73,Mid,Off Exchange,Odd Lot
01:01:03.761 PM ET,7.995,9,72,Mid,Off Exchange,Odd Lot
01:04:19.137 PM ET,7.980,9,72,Bid,Nasdaq GSM,Inter Mkt Swp; Odd Lot; Trade Thru Exmpt
01:06:45.541 PM ET,7.950,9,72,Bid,IEX,Odd Lot
01:07:55.897 PM ET,7.970,9,72,Mid,IEX,Odd Lot
01:12:22.309 PM ET,8.000,9,72,Mid,Nasdaq GSM,Inter Mkt Swp; Odd Lot; Trade Thru Exmpt
01:32:33.958 PM ET,8.000,9,72,Ask,Nasdaq GSM,Inter Mkt Swp; Odd Lot; Trade Thru Exmpt
02:16:41.740 PM ET,8.070,9,73,Ask,Nasdaq GSM,Odd Lot
02:17:02.073 PM ET,8.080,9,73,Mid,Nasdaq GSM,Inter Mkt Swp; Odd Lot; Trade Thru Exmpt
02:17:32.224 PM ET,8.070,9,73,Mid,Cboe BZX,Inter Mkt Swp; Odd Lot; Trade Thru Exmpt
02:35:25.585 PM ET,8.040,9,72,Mid,Nasdaq GSM,Inter Mkt Swp; Odd Lot; Trade Thru Exmpt
02:44:31.990 PM ET,7.990,9,72,Mid,Off Exchange,Odd Lot
03:58:11.054 PM ET,8.010,9,72,Ask,Cboe EDGX,Inter Mkt Swp; Odd Lot; Trade Thru Exmpt
03:58:11.055 PM ET,8.000,9,72,Ask,NYSE Arca,Inter Mkt Swp; Odd Lot; Trade Thru Exmpt
03:58:31.367 PM ET,7.990,9,72,Mid,Off Exchange,Odd Lot
09:40:13.838 AM ET,8.235,8,66,Mid,Cboe BZX,Inter Mkt Swp; Odd Lot; Trade Thru Exmpt
10:28:45.029 AM ET,8.280,8,66,Mid,Nasdaq GSM,Odd Lot
11:24:17.718 AM ET,8.135,8,65,Mid,Off Exchange,Odd Lot
11:40:17.138 AM ET,7.990,8,64,Bid,Cboe BZX,Inter Mkt Swp; Odd Lot; Trade Thru Exmpt
11:40:17.138 AM ET,7.990,8,64,Bid,NYSE Arca,Inter Mkt Swp; Odd Lot; Trade Thru Exmpt
11:40:17.138 AM ET,8.000,8,64,Bid,TXSE,Inter Mkt Swp; Odd Lot; Trade Thru Exmpt
11:40:17.138 AM ET,7.990,8,64,Bid,Cboe EDGX,Inter Mkt Swp; Odd Lot; Trade Thru Exmpt
11:40:17.338 AM ET,8.020,8,64,Mid,Off Exchange,Odd Lot
11:47:52.322 AM ET,8.160,8,65,Mid,Nasdaq BX,Inter Mkt Swp; Odd Lot; Trade Thru Exmpt
12:00:15.632 PM ET,8.130,8,65,Mid,NYSE,Inter Mkt Swp; Odd Lot; Trade Thru Exmpt
12:02:19.303 PM ET,8.170,8,65,Mid,NYSE Arca,Inter Mkt Swp; Odd Lot; Trade Thru Exmpt
12:08:28.485 PM ET,8.180,8,65,Ask,Cboe EDGX,Inter Mkt Swp; Odd Lot; Trade Thru Exmpt
12:17:49.235 PM ET,8.280,8,66,None,Nasdaq GSM,Inter Mkt Swp; Odd Lot; Trade Thru Exmpt
12:18:20.275 PM ET,8.230,8,66,None,NYSE,Inter Mkt Swp; Odd Lot; Trade Thru Exmpt
12:25:13.161 PM ET,8.240,8,66,Ask,Nasdaq GSM,Inter Mkt Swp; Odd Lot; Trade Thru Exmpt
12:27:07.402 PM ET,8.240,8,66,Ask,Nasdaq GSM,Inter Mkt Swp; Odd Lot; Trade Thru Exmpt
12:29:28.863 PM ET,8.230,8,66,Mid,Nasdaq GSM,Inter Mkt Swp; Odd Lot; Trade Thru Exmpt
12:32:08.582 PM ET,8.230,8,66,Mid,Nasdaq GSM,Inter Mkt Swp; Odd Lot; Trade Thru Exmpt
12:34:53.640 PM ET,8.240,8,66,Ask,Cboe BZX,Inter Mkt Swp; Odd Lot; Trade Thru Exmpt
12:43:04.797 PM ET,8.180,8,65,Bid,Nasdaq GSM,Inter Mkt Swp; Odd Lot; Trade Thru Exmpt
12:57:06.202 PM ET,8.040,8,64,Mid,Off Exchange,Odd Lot
12:58:30.872 PM ET,8.000,8,64,Mid,Cboe EDGX,Inter Mkt Swp; Odd Lot; Trade Thru Exmpt
01:00:30.136 PM ET,8.000,8,64,Mid,Nasdaq GSM,Odd Lot
01:05:25.680 PM ET,7.980,8,64,Bid,Cboe BYX,Inter Mkt Swp; Odd Lot; Trade Thru Exmpt
01:15:58.260 PM ET,8.065,8,65,Mid,Off Exchange,Odd Lot
01:45:56.161 PM ET,8.029,8,64,Mid,Off Exchange,Odd Lot
01:52:22.663 PM ET,7.980,8,64,Mid,Off Exchange,Odd Lot
01:57:46.040 PM ET,8.015,8,64,Mid,Off Exchange,Odd Lot
02:54:31.434 PM ET,7.970,8,64,Bid,Off Exchange,Odd Lot
02:56:10.018 PM ET,7.970,8,64,Bid,Nasdaq GSM,Inter Mkt Swp; Odd Lot; Trade Thru Exmpt
03:25:10.434 PM ET,7.990,8,64,Bid,Nasdaq GSM,Inter Mkt Swp; Odd Lot; Trade Thru Exmpt
03:41:27.823 PM ET,7.934,8,63,Mid,Off Exchange,Odd Lot
03:51:07.754 PM ET,7.980,8,64,Mid,Off Exchange,Odd Lot
03:51:25.852 PM ET,7.970,8,64,Bid,Off Exchange,Deriv Priced; Odd Lot; Trade Thru Exmpt
03:58:09.988 PM ET,8.030,8,64,Ask,Cboe BYX,Odd Lot
03:58:18.170 PM ET,7.990,8,64,Mid,Off Exchange,Odd Lot
03:58:18.227 PM ET,8.000,8,64,Ask,Off Exchange,Odd Lot
03:58:18.295 PM ET,8.000,8,64,Ask,Off Exchange,Odd Lot
03:59:13.252 PM ET,7.990,8,64,None,Nasdaq GSM,Inter Mkt Swp; Odd Lot; Trade Thru Exmpt
03:59:27.665 PM ET,7.995,8,64,None,Off Exchange,Odd Lot
03:59:51.774 PM ET,7.985,8,64,None,Nasdaq GSM,Inter Mkt Swp; Odd Lot; Trade Thru Exmpt
04:43:40.060 PM ET,7.990,8,64,Mid,Off Exchange,Frm T Out Of Seq; Odd Lot
10:07:17.974 AM ET,8.260,7,58,Ask,NYSE,Inter Mkt Swp; Odd Lot; Trade Thru Exmpt
11:24:18.003 AM ET,8.135,7,57,Mid,Off Exchange,Odd Lot
11:40:17.138 AM ET,7.990,7,56,Bid,Cboe EDGX,Inter Mkt Swp; Odd Lot; Trade Thru Exmpt
11:40:17.138 AM ET,8.000,7,56,Bid,TXSE,Odd Lot
11:40:17.139 AM ET,7.990,7,56,Bid,Nasdaq GSM,Odd Lot
11:40:17.139 AM ET,7.970,7,56,Bid,Cboe BZX,Inter Mkt Swp; Odd Lot; Trade Thru Exmpt
11:40:17.145 AM ET,7.990,7,56,Bid,Cboe BZX,Odd Lot
11:40:17.150 AM ET,8.020,7,56,Bid,Cboe EDGX,Inter Mkt Swp; Odd Lot; Trade Thru Exmpt
11:45:49.021 AM ET,8.130,7,57,Mid,Off Exchange,Odd Lot
12:11:29.163 PM ET,8.190,7,57,Bid,Off Exchange,Odd Lot
12:17:16.921 PM ET,8.240,7,58,Ask,Nasdaq GSM,Inter Mkt Swp; Odd Lot; Trade Thru Exmpt
12:18:20.274 PM ET,8.230,7,58,None,Nasdaq GSM,Inter Mkt Swp; Odd Lot; Trade Thru Exmpt
01:06:30.483 PM ET,7.970,7,56,Mid,Off Exchange,Odd Lot
01:10:45.478 PM ET,7.980,7,56,Bid,Cboe BZX,Odd Lot
01:21:29.246 PM ET,8.000,7,56,Bid,Nasdaq GSM,Inter Mkt Swp; Odd Lot; Trade Thru Exmpt
01:21:30.822 PM ET,8.000,7,56,Mid,Nasdaq GSM,Odd Lot
01:50:51.976 PM ET,7.970,7,56,Mid,Off Exchange,Odd Lot
01:54:45.091 PM ET,8.010,7,56,Ask,Nasdaq GSM,Inter Mkt Swp; Odd Lot; Trade Thru Exmpt
01:57:45.956 PM ET,8.015,7,56,Mid,Off Exchange,Odd Lot
02:05:19.711 PM ET,8.000,7,56,Mid,Cboe BZX,Inter Mkt Swp; Odd Lot; Trade Thru Exmpt
02:07:49.908 PM ET,8.000,7,56,Mid,Off Exchange,Odd Lot
02:15:05.675 PM ET,8.045,7,56,Mid,Off Exchange,Odd Lot
02:16:41.741 PM ET,8.070,7,56,Ask,Off Exchange,Odd Lot
02:18:49.209 PM ET,8.070,7,56,Mid,Off Exchange,Odd Lot
02:22:07.955 PM ET,8.060,7,56,Mid,NYSE,Inter Mkt Swp; Odd Lot; Trade Thru Exmpt
02:30:50.324 PM ET,8.065,7,56,Mid,NYSE,Odd Lot
02:32:38.677 PM ET,8.065,7,56,Mid,NYSE,Odd Lot
03:00:32.559 PM ET,7.960,7,56,Mid,IEX,Odd Lot
03:17:37.554 PM ET,7.980,7,56,Ask,NYSE Arca,Inter Mkt Swp; Odd Lot; Trade Thru Exmpt
03:25:10.435 PM ET,8.000,7,56,Mid,Cboe BYX,Inter Mkt Swp; Odd Lot; Trade Thru Exmpt
03:25:10.435 PM ET,7.990,7,56,Bid,Nasdaq GSM,Inter Mkt Swp; Odd Lot; Trade Thru Exmpt
03:25:10.435 PM ET,7.990,7,56,Bid,Nasdaq GSM,Odd Lot
03:42:09.555 PM ET,7.910,7,55,Mid,Cboe EDGX,Inter Mkt Swp; Odd Lot; Trade Thru Exmpt
03:48:10.990 PM ET,7.935,7,56,Mid,Off Exchange,Odd Lot
03:53:35.256 PM ET,7.976,7,56,Mid,Off Exchange,Deriv Priced; Odd Lot; Trade Thru Exmpt
03:58:07.247 PM ET,8.030,7,56,Ask,IEX,Odd Lot
03:58:29.659 PM ET,7.990,7,56,Mid,Off Exchange,Odd Lot
03:58:44.109 PM ET,7.980,7,56,Bid,Off Exchange,Odd Lot
03:58:57.520 PM ET,8.000,7,56,Ask,IEX,Odd Lot
03:59:26.426 PM ET,8.000,7,56,None,Nasdaq GSM,Odd Lot
03:59:36.918 PM ET,7.995,7,56,None,Off Exchange,Odd Lot
03:59:45.115 PM ET,7.995,7,56,None,Off Exchange,Odd Lot
09:51:00.010 AM ET,8.200,6,49,Mid,Nasdaq GSM,Odd Lot
10:00:00.537 AM ET,8.220,6,49,Mid,Off Exchange,Odd Lot
10:19:56.824 AM ET,8.240,6,49,Mid,Cboe BZX,Inter Mkt Swp; Odd Lot; Trade Thru Exmpt
10:25:06.807 AM ET,8.250,6,50,Ask,NYSE,Inter Mkt Swp; Odd Lot; Trade Thru Exmpt
10:28:18.481 AM ET,8.250,6,50,Bid,Cboe BZX,Inter Mkt Swp; Odd Lot; Trade Thru Exmpt
10:40:50.142 AM ET,8.230,6,49,Mid,Cboe EDGX,Inter Mkt Swp; Odd Lot; Trade Thru Exmpt
10:43:07.490 AM ET,8.225,6,49,Mid,Off Exchange,Odd Lot
10:45:47.675 AM ET,8.227,6,49,Mid,Off Exchange,Odd Lot
10:59:49.477 AM ET,8.185,6,49,Mid,Nasdaq GSM,Odd Lot
11:01:03.102 AM ET,8.185,6,49,Mid,Nasdaq GSM,Odd Lot
11:02:27.580 AM ET,8.170,6,49,Mid,Nasdaq GSM,Odd Lot
11:04:00.667 AM ET,8.160,6,49,Mid,NYSE Arca,Inter Mkt Swp; Odd Lot; Trade Thru Exmpt
11:08:21.227 AM ET,8.135,6,49,Mid,Off Exchange,Odd Lot
11:23:02.454 AM ET,8.120,6,49,Mid,Nasdaq GSM,Inter Mkt Swp; Odd Lot; Trade Thru Exmpt
11:40:17.151 AM ET,8.020,6,48,Bid,NYSE Arca,Inter Mkt Swp; Odd Lot; Trade Thru Exmpt
11:40:17.183 AM ET,8.000,6,48,Bid,NYSE Arca,Inter Mkt Swp; Odd Lot; Trade Thru Exmpt
12:17:46.149 PM ET,8.295,6,50,None,NYSE American,Odd Lot
12:17:49.235 PM ET,8.280,6,50,None,Nasdaq GSM,Inter Mkt Swp; Odd Lot; Trade Thru Exmpt
12:20:47.079 PM ET,8.210,6,49,Mid,Off Exchange,Odd Lot
12:34:01.586 PM ET,8.220,6,49,Mid,Off Exchange,Odd Lot
12:40:53.388 PM ET,8.205,6,49,Mid,Off Exchange,Odd Lot
12:44:27.876 PM ET,8.175,6,49,Mid,Off Exchange,Odd Lot
12:45:13.353 PM ET,8.170,6,49,Mid,Cboe BZX,Inter Mkt Swp; Odd Lot; Trade Thru Exmpt
12:47:32.596 PM ET,8.150,6,49,Mid,Nasdaq GSM,Inter Mkt Swp; Odd Lot; Trade Thru Exmpt
12:48:02.994 PM ET,8.130,6,49,Mid,Nasdaq GSM,Odd Lot
12:50:21.208 PM ET,8.090,6,49,Mid,Cboe EDGX,Inter Mkt Swp; Odd Lot; Trade Thru Exmpt
12:51:12.682 PM ET,8.070,6,48,Mid,Off Exchange,Odd Lot
12:57:01.385 PM ET,8.030,6,48,Bid,Cboe EDGX,Inter Mkt Swp; Odd Lot; Trade Thru Exmpt
12:57:28.972 PM ET,8.030,6,48,Mid,Nasdaq GSM,Odd Lot
01:08:50.589 PM ET,8.010,6,48,Mid,Nasdaq GSM,Odd Lot
01:29:30.452 PM ET,7.980,6,48,Ask,Off Exchange,Odd Lot
01:30:03.754 PM ET,7.980,6,48,Ask,Nasdaq PHLX,Odd Lot
01:30:50.508 PM ET,7.960,6,48,Mid,Off Exchange,Odd Lot
01:30:52.720 PM ET,7.960,6,48,Mid,Off Exchange,Odd Lot
01:30:54.843 PM ET,7.960,6,48,Mid,Off Exchange,Odd Lot
01:32:33.958 PM ET,8.000,6,48,Ask,Nasdaq GSM,Inter Mkt Swp; Odd Lot; Trade Thru Exmpt
01:39:54.884 PM ET,8.010,6,48,Mid,Nasdaq GSM,Inter Mkt Swp; Odd Lot; Trade Thru Exmpt
01:47:54.610 PM ET,8.015,6,48,Mid,Off Exchange,Odd Lot
01:48:31.509 PM ET,8.000,6,48,Bid,NYSE,Inter Mkt Swp; Odd Lot; Trade Thru Exmpt
01:54:45.091 PM ET,8.010,6,48,Ask,Nasdaq GSM,Inter Mkt Swp; Odd Lot; Trade Thru Exmpt
02:31:09.044 PM ET,8.065,6,48,Mid,Off Exchange,Odd Lot
02:34:58.046 PM ET,8.040,6,48,Bid,Nasdaq GSM,Inter Mkt Swp; Odd Lot; Trade Thru Exmpt
02:35:25.584 PM ET,8.040,6,48,Mid,Nasdaq GSM,Inter Mkt Swp; Odd Lot; Trade Thru Exmpt
02:36:25.584 PM ET,8.030,6,48,Mid,Cboe BZX,Inter Mkt Swp; Odd Lot; Trade Thru Exmpt
02:42:28.063 PM ET,8.010,6,48,Mid,Cboe EDGX,Odd Lot
02:50:01.719 PM ET,7.990,6,48,Ask,Nasdaq GSM,Inter Mkt Swp; Odd Lot; Trade Thru Exmpt
02:51:26.948 PM ET,7.970,6,48,Bid,NYSE Arca,Inter Mkt Swp; Odd Lot; Trade Thru Exmpt
03:11:23.244 PM ET,7.940,6,48,Ask,Nasdaq GSM,Inter Mkt Swp; Odd Lot; Trade Thru Exmpt
03:12:34.363 PM ET,7.940,6,48,Ask,NYSE Arca,Inter Mkt Swp; Odd Lot; Trade Thru Exmpt
03:33:55.496 PM ET,7.930,6,48,Bid,Nasdaq GSM,Inter Mkt Swp; Odd Lot; Trade Thru Exmpt
03:49:07.762 PM ET,7.948,6,48,Mid,Off Exchange,Odd Lot
03:50:00.066 PM ET,7.950,6,48,Bid,NYSE Arca,Inter Mkt Swp; Odd Lot; Trade Thru Exmpt
03:59:37.737 PM ET,7.995,6,48,None,Off Exchange,Odd Lot
03:59:39.130 PM ET,7.995,6,48,None,IEX,Odd Lot
03:59:40.482 PM ET,7.995,6,48,None,Off Exchange,Odd Lot
03:59:44.067 PM ET,7.995,6,48,None,Off Exchange,Odd Lot
03:59:45.877 PM ET,7.995,6,48,None,Off Exchange,Odd Lot
04:00:54.174 PM ET,8.050,6,48,Bid,Cboe BZX,Frm T Ext Hrs; Inter Mkt Swp; Odd Lot; Trade Thru Exmpt
09:30:03.855 AM ET,8.380,5,42,Mid,Off Exchange,Odd Lot
09:39:19.406 AM ET,8.216,5,41,Mid,Off Exchange,Odd Lot
09:43:53.378 AM ET,8.200,5,41,Mid,Nasdaq GSM,Inter Mkt Swp; Odd Lot; Trade Thru Exmpt
09:45:42.227 AM ET,8.200,5,41,Ask,Cboe BZX,Odd Lot
09:58:35.797 AM ET,8.200,5,41,Mid,Nasdaq GSM,Odd Lot
10:07:20.647 AM ET,8.250,5,41,Mid,Nasdaq GSM,Inter Mkt Swp; Odd Lot; Trade Thru Exmpt
10:08:24.834 AM ET,8.230,5,41,Mid,Off Exchange,Odd Lot
10:18:05.416 AM ET,8.225,5,41,Mid,Nasdaq GSM,Odd Lot
10:31:14.158 AM ET,8.250,5,41,Bid,NYSE Arca,Inter Mkt Swp; Odd Lot; Trade Thru Exmpt
10:43:07.183 AM ET,8.220,5,41,Mid,Cboe EDGX,Inter Mkt Swp; Odd Lot; Trade Thru Exmpt
10:48:02.265 AM ET,8.220,5,41,Mid,Cboe EDGX,Odd Lot
10:50:24.019 AM ET,8.230,5,41,Bid,NYSE Arca,Inter Mkt Swp; Odd Lot; Trade Thru Exmpt
10:51:34.751 AM ET,8.255,5,41,Mid,Off Exchange,Odd Lot
10:52:59.818 AM ET,8.220,5,41,Mid,NYSE Arca,Inter Mkt Swp; Odd Lot; Trade Thru Exmpt
10:53:05.257 AM ET,8.200,5,41,Bid,Nasdaq GSM,Inter Mkt Swp; Odd Lot; Trade Thru Exmpt
10:58:54.984 AM ET,8.185,5,41,Mid,Off Exchange,Odd Lot
11:31:02.703 AM ET,8.160,5,41,Ask,Nasdaq GSM,Inter Mkt Swp; Odd Lot; Trade Thru Exmpt
11:31:35.892 AM ET,8.160,5,41,Ask,NYSE Arca,Inter Mkt Swp; Odd Lot; Trade Thru Exmpt
11:40:17.138 AM ET,7.990,5,40,Bid,Nasdaq GSM,Inter Mkt Swp; Odd Lot; Trade Thru Exmpt
11:40:17.138 AM ET,8.000,5,40,Bid,Nasdaq GSM,Inter Mkt Swp; Odd Lot; Trade Thru Exmpt
11:40:17.138 AM ET,7.990,5,40,Bid,NYSE,Odd Lot
11:40:17.149 AM ET,8.010,5,40,Bid,NYSE,Inter Mkt Swp; Odd Lot; Trade Thru Exmpt
11:40:17.151 AM ET,8.020,5,40,Bid,NYSE,Inter Mkt Swp; Odd Lot; Trade Thru Exmpt
11:40:17.151 AM ET,8.020,5,40,Bid,NYSE Arca,Inter Mkt Swp; Odd Lot; Trade Thru Exmpt
11:40:17.183 AM ET,8.000,5,40,Bid,TXSE,Inter Mkt Swp; Odd Lot; Trade Thru Exmpt
11:40:17.183 AM ET,8.000,5,40,Bid,NYSE,Inter Mkt Swp; Odd Lot; Trade Thru Exmpt
11:40:17.183 AM ET,8.000,5,40,Bid,NYSE Arca,Inter Mkt Swp; Odd Lot; Trade Thru Exmpt
11:40:23.289 AM ET,8.080,5,40,Ask,NYSE Arca,Inter Mkt Swp; Odd Lot; Trade Thru Exmpt
11:44:22.717 AM ET,8.100,5,41,Ask,Cboe EDGX,Odd Lot
11:44:27.044 AM ET,8.130,5,41,Mid,Nasdaq GSM,Odd Lot
11:44:27.044 AM ET,8.130,5,41,Mid,Nasdaq GSM,Inter Mkt Swp; Odd Lot; Trade Thru Exmpt
11:44:27.044 AM ET,8.130,5,41,Mid,NYSE Arca,Inter Mkt Swp; Odd Lot; Trade Thru Exmpt
11:44:27.055 AM ET,8.130,5,41,Mid,Nasdaq GSM,Odd Lot
11:47:44.892 AM ET,8.150,5,41,Bid,Nasdaq BX,Inter Mkt Swp; Odd Lot; Trade Thru Exmpt
11:51:36.855 AM ET,8.200,5,41,Mid,Cboe BZX,Inter Mkt Swp; Odd Lot; Trade Thru Exmpt
11:55:49.048 AM ET,8.170,5,41,Bid,Nasdaq GSM,Inter Mkt Swp; Odd Lot; Trade Thru Exmpt
11:55:49.062 AM ET,8.160,5,41,Bid,Cboe EDGX,Inter Mkt Swp; Odd Lot; Trade Thru Exmpt
12:03:07.421 PM ET,8.180,5,41,Ask,NYSE Arca,Inter Mkt Swp; Odd Lot; Trade Thru Exmpt
12:08:59.009 PM ET,8.190,5,41,Bid,Cboe EDGX,Inter Mkt Swp; Odd Lot; Trade Thru Exmpt
12:17:15.190 PM ET,8.210,5,41,Mid,Nasdaq GSM,Inter Mkt Swp; Odd Lot; Trade Thru Exmpt
12:17:15.190 PM ET,8.220,5,41,Ask,Nasdaq GSM,Inter Mkt Swp; Odd Lot; Trade Thru Exmpt
12:17:15.191 PM ET,8.220,5,41,Ask,NYSE,Inter Mkt Swp; Odd Lot; Trade Thru Exmpt
12:17:15.191 PM ET,8.220,5,41,Ask,NYSE Arca,Inter Mkt Swp; Odd Lot; Trade Thru Exmpt
12:17:16.641 PM ET,8.230,5,41,Ask,Nasdaq GSM,Odd Lot
12:17:18.822 PM ET,8.240,5,41,None,Cboe BZX,Inter Mkt Swp; Odd Lot; Trade Thru Exmpt
12:17:28.258 PM ET,8.260,5,41,None,Nasdaq GSM,Odd Lot
12:17:28.259 PM ET,8.250,5,41,None,NYSE Arca,Inter Mkt Swp; Odd Lot; Trade Thru Exmpt
12:17:28.283 PM ET,8.260,5,41,None,NYSE Arca,Odd Lot
12:17:46.150 PM ET,8.300,5,42,None,Nasdaq GSM,Odd Lot
12:17:49.335 PM ET,8.270,5,41,None,NYSE Arca,Inter Mkt Swp; Odd Lot; Trade Thru Exmpt
12:17:49.335 PM ET,8.260,5,41,None,Nasdaq GSM,Odd Lot
12:38:36.052 PM ET,8.195,5,41,Mid,Off Exchange,Odd Lot
12:42:03.388 PM ET,8.200,5,41,Mid,Off Exchange,Odd Lot
12:46:42.561 PM ET,8.165,5,41,Mid,Off Exchange,Odd Lot
12:47:23.806 PM ET,8.160,5,41,Mid,NYSE,Inter Mkt Swp; Odd Lot; Trade Thru Exmpt
12:47:32.697 PM ET,8.140,5,41,Mid,Cboe BZX,Odd Lot
12:47:32.698 PM ET,8.140,5,41,Mid,NYSE Arca,Odd Lot
12:55:04.076 PM ET,8.060,5,40,Mid,Nasdaq GSM,Odd Lot
12:57:01.385 PM ET,8.040,5,40,Mid,Nasdaq GSM,Inter Mkt Swp; Odd Lot; Trade Thru Exmpt
12:57:01.385 PM ET,8.030,5,40,Bid,Cboe BZX,Inter Mkt Swp; Odd Lot; Trade Thru Exmpt
01:08:10.877 PM ET,7.990,5,40,Mid,Cboe EDGX,Odd Lot
01:10:45.478 PM ET,7.980,5,40,Bid,Cboe BZX,Odd Lot
01:11:55.809 PM ET,8.010,5,40,Ask,Off Exchange,Odd Lot
01:12:22.309 PM ET,8.000,5,40,Mid,Nasdaq GSM,Inter Mkt Swp; Odd Lot; Trade Thru Exmpt
01:12:54.862 PM ET,8.040,5,40,Ask,Nasdaq GSM,Odd Lot
01:12:54.862 PM ET,8.040,5,40,Ask,Cboe BZX,Inter Mkt Swp; Odd Lot; Trade Thru Exmpt
01:24:45.399 PM ET,8.000,5,40,Mid,Cboe BZX,Inter Mkt Swp; Odd Lot; Trade Thru Exmpt
01:27:44.937 PM ET,7.950,5,40,Mid,IEX,Odd Lot
01:28:26.256 PM ET,7.970,5,40,Mid,Cboe BZX,Odd Lot
01:30:48.399 PM ET,7.960,5,40,Mid,Off Exchange,Odd Lot
01:30:56.949 PM ET,7.960,5,40,Mid,Off Exchange,Odd Lot
01:32:33.958 PM ET,8.000,5,40,Ask,Cboe EDGX,Inter Mkt Swp; Odd Lot; Trade Thru Exmpt
01:35:04.791 PM ET,8.010,5,40,Mid,NYSE Arca,Odd Lot
01:35:29.923 PM ET,8.010,5,40,Mid,Off Exchange,Odd Lot
01:36:55.775 PM ET,8.020,5,40,Mid,Nasdaq GSM,Inter Mkt Swp; Odd Lot; Trade Thru Exmpt
01:39:54.885 PM ET,8.020,5,40,Mid,IEX,Odd Lot
01:44:22.913 PM ET,8.030,5,40,Mid,Nasdaq GSM,Inter Mkt Swp; Odd Lot; Trade Thru Exmpt
01:44:45.895 PM ET,8.005,5,40,Mid,Off Exchange,Odd Lot
01:48:16.060 PM ET,8.030,5,40,Ask,Nasdaq GSM,Odd Lot
01:48:31.509 PM ET,8.000,5,40,Bid,NYSE,Inter Mkt Swp; Odd Lot; Trade Thru Exmpt
01:51:01.980 PM ET,7.985,5,40,Mid,Off Exchange,Odd Lot
01:54:45.091 PM ET,8.010,5,40,Ask,Cboe BZX,Inter Mkt Swp; Odd Lot; Trade Thru Exmpt
02:01:18.161 PM ET,7.990,5,40,Bid,Cboe BZX,Odd Lot
02:03:34.870 PM ET,8.010,5,40,Mid,Off Exchange,Odd Lot
02:03:57.487 PM ET,8.000,5,40,Mid,Cboe BZX,Inter Mkt Swp; Odd Lot; Trade Thru Exmpt
02:05:19.711 PM ET,8.000,5,40,Mid,Cboe BZX,Inter Mkt Swp; Odd Lot; Trade Thru Exmpt
02:10:23.073 PM ET,8.000,5,40,Mid,IEX,Odd Lot
02:10:23.132 PM ET,8.000,5,40,Mid,IEX,Odd Lot
02:14:06.184 PM ET,8.030,5,40,Bid,Nasdaq GSM,Inter Mkt Swp; Odd Lot; Trade Thru Exmpt
02:14:19.077 PM ET,8.040,5,40,Ask,Nasdaq GSM,Odd Lot
02:14:19.077 PM ET,8.040,5,40,Ask,Cboe BZX,Odd Lot
02:14:19.077 PM ET,8.040,5,40,Ask,Cboe EDGX,Odd Lot
02:16:38.302 PM ET,8.060,5,40,Ask,IEX,Odd Lot
02:16:41.640 PM ET,8.060,5,40,Ask,Nasdaq GSM,Inter Mkt Swp; Odd Lot; Trade Thru Exmpt
02:16:41.640 PM ET,8.060,5,40,Ask,Cboe EDGX,Inter Mkt Swp; Odd Lot; Trade Thru Exmpt
02:16:41.740 PM ET,8.070,5,40,Ask,Nasdaq GSM,Odd Lot
02:16:41.740 PM ET,8.070,5,40,Ask,Cboe BZX,Inter Mkt Swp; Odd Lot; Trade Thru Exmpt
02:17:32.224 PM ET,8.070,5,40,Mid,Cboe BZX,Inter Mkt Swp; Odd Lot; Trade Thru Exmpt
02:19:33.691 PM ET,8.070,5,40,Mid,IEX,Odd Lot
02:22:07.955 PM ET,8.060,5,40,Mid,Cboe BZX,Inter Mkt Swp; Odd Lot; Trade Thru Exmpt
02:22:11.170 PM ET,8.050,5,40,Bid,NYSE,Inter Mkt Swp; Odd Lot; Trade Thru Exmpt
02:22:11.172 PM ET,8.050,5,40,Bid,MEMX,Inter Mkt Swp; Odd Lot; Trade Thru Exmpt
02:28:05.661 PM ET,8.070,5,40,Mid,Off Exchange,Odd Lot
02:34:40.665 PM ET,8.050,5,40,Mid,NYSE Arca,Inter Mkt Swp; Odd Lot; Trade Thru Exmpt
02:43:35.679 PM ET,8.000,5,40,Mid,Nasdaq GSM,Inter Mkt Swp; Odd Lot; Trade Thru Exmpt
02:50:01.719 PM ET,7.990,5,40,Ask,Nasdaq GSM,Inter Mkt Swp; Odd Lot; Trade Thru Exmpt
02:51:17.161 PM ET,7.980,5,40,Bid,Nasdaq GSM,Odd Lot
03:00:17.803 PM ET,7.970,5,40,Mid,Nasdaq GSM,Inter Mkt Swp; Odd Lot; Trade Thru Exmpt
03:12:34.363 PM ET,7.940,5,40,Ask,NYSE Arca,Inter Mkt Swp; Odd Lot; Trade Thru Exmpt
03:12:34.364 PM ET,7.950,5,40,Ask,Nasdaq GSM,Odd Lot
03:17:37.554 PM ET,7.980,5,40,Ask,Cboe BZX,Inter Mkt Swp; Odd Lot; Trade Thru Exmpt
03:17:37.554 PM ET,7.980,5,40,Ask,NYSE Arca,Inter Mkt Swp; Odd Lot; Trade Thru Exmpt
03:17:37.554 PM ET,7.980,5,40,Ask,Cboe BZX,Odd Lot
03:17:53.946 PM ET,7.970,5,40,Mid,IEX,Odd Lot
03:22:52.255 PM ET,8.000,5,40,Ask,Cboe BZX,Odd Lot
03:22:52.255 PM ET,8.000,5,40,Ask,NYSE Arca,Odd Lot
03:28:37.833 PM ET,7.980,5,40,Ask,Nasdaq GSM,Inter Mkt Swp; Odd Lot; Trade Thru Exmpt
03:30:10.610 PM ET,7.975,5,40,Mid,Off Exchange,Odd Lot
03:32:03.378 PM ET,7.960,5,40,Bid,Nasdaq GSM,Inter Mkt Swp; Odd Lot; Trade Thru Exmpt
03:33:44.689 PM ET,7.940,5,40,Mid,Cboe BZX,Inter Mkt Swp; Odd Lot; Trade Thru Exmpt
03:33:55.496 PM ET,7.930,5,40,Bid,Cboe EDGX,Inter Mkt Swp; Odd Lot; Trade Thru Exmpt
03:33:55.591 PM ET,7.925,5,40,Mid,Off Exchange,Odd Lot
03:34:00.926 PM ET,7.925,5,40,Mid,NYSE Arca,Inter Mkt Swp; Odd Lot; Trade Thru Exmpt
03:34:12.192 PM ET,7.940,5,40,Ask,Cboe BZX,Inter Mkt Swp; Odd Lot; Trade Thru Exmpt
03:34:35.887 PM ET,7.940,5,40,Ask,Cboe BZX,Inter Mkt Swp; Odd Lot; Trade Thru Exmpt
03:36:02.080 PM ET,7.950,5,40,Mid,Cboe EDGX,Inter Mkt Swp; Odd Lot; Trade Thru Exmpt
03:36:21.565 PM ET,7.950,5,40,Mid,Cboe BZX,Inter Mkt Swp; Odd Lot; Trade Thru Exmpt
03:40:28.841 PM ET,7.930,5,40,Mid,NYSE,Inter Mkt Swp; Odd Lot; Trade Thru Exmpt
03:40:28.842 PM ET,7.930,5,40,Mid,IEX,Odd Lot
03:45:44.008 PM ET,7.930,5,40,Mid,Off Exchange,Odd Lot
03:49:48.837 PM ET,7.940,5,40,Mid,IEX,Odd Lot
03:50:00.066 PM ET,7.950,5,40,Bid,NYSE Arca,Inter Mkt Swp; Odd Lot; Trade Thru Exmpt
03:50:00.167 PM ET,7.960,5,40,Bid,NYSE,Inter Mkt Swp; Odd Lot; Trade Thru Exmpt
03:50:32.921 PM ET,7.990,5,40,Ask,IEX,Odd Lot
03:52:13.684 PM ET,7.980,5,40,Bid,Cboe BZX,Inter Mkt Swp; Odd Lot; Trade Thru Exmpt
03:53:11.572 PM ET,7.970,5,40,Bid,NYSE Arca,Inter Mkt Swp; Odd Lot; Trade Thru Exmpt
03:53:11.572 PM ET,7.970,5,40,Bid,NYSE Arca,Odd Lot
03:56:08.562 PM ET,8.000,5,40,Ask,Nasdaq GSM,Inter Mkt Swp; Odd Lot; Trade Thru Exmpt
03:56:08.571 PM ET,8.010,5,40,Ask,Nasdaq GSM,Inter Mkt Swp; Odd Lot; Trade Thru Exmpt
03:56:08.571 PM ET,8.010,5,40,Ask,Nasdaq GSM,Odd Lot
03:56:08.571 PM ET,8.010,5,40,Ask,NYSE,Inter Mkt Swp; Odd Lot; Trade Thru Exmpt
03:56:44.387 PM ET,8.009,5,40,Mid,Off Exchange,Deriv Priced; Odd Lot; Trade Thru Exmpt
03:58:02.203 PM ET,8.020,5,40,Mid,NYSE,Odd Lot
03:58:11.053 PM ET,8.010,5,40,Ask,Nasdaq GSM,Odd Lot
03:59:26.426 PM ET,8.000,5,40,None,Nasdaq GSM,Inter Mkt Swp; Odd Lot; Trade Thru Exmpt
03:59:29.116 PM ET,7.990,5,40,None,Nasdaq GSM,Inter Mkt Swp; Odd Lot; Trade Thru Exmpt
03:59:34.995 PM ET,7.995,5,40,None,IEX,Odd Lot
03:59:38.725 PM ET,7.995,5,40,None,Off Exchange,Odd Lot
03:59:47.684 PM ET,7.995,5,40,None,Off Exchange,Odd Lot
06:04:44.792 PM ET,7.950,5,40,Mid,Cboe BZX,Frm T Ext Hrs; Odd Lot; Trade Thru Exmpt
09:35:23.545 AM ET,8.290,4,33,Mid,Off Exchange,Odd Lot
09:51:00.010 AM ET,8.200,4,33,Mid,Nasdaq GSM,Odd Lot
09:54:31.514 AM ET,8.180,4,33,Mid,Off Exchange,Odd Lot
09:54:32.131 AM ET,8.200,4,33,Ask,MEMX,Inter Mkt Swp; Odd Lot; Trade Thru Exmpt
10:22:46.126 AM ET,8.235,4,33,Mid,Nasdaq GSM,Odd Lot
10:30:53.623 AM ET,8.250,4,33,Bid,Cboe BZX,Odd Lot
10:48:29.943 AM ET,8.210,4,33,Mid,NYSE Arca,Inter Mkt Swp; Odd Lot; Trade Thru Exmpt
10:50:24.019 AM ET,8.230,4,33,Bid,Nasdaq GSM,Inter Mkt Swp; Odd Lot; Trade Thru Exmpt
11:27:25.497 AM ET,8.125,4,33,Mid,Nasdaq GSM,Odd Lot
11:31:35.892 AM ET,8.160,4,33,Ask,NYSE Arca,Inter Mkt Swp; Odd Lot; Trade Thru Exmpt
11:40:20.932 AM ET,8.060,4,32,Mid,NYSE Arca,Odd Lot
11:40:56.527 AM ET,8.050,4,32,Mid,Off Exchange,Odd Lot
11:47:44.892 AM ET,8.150,4,33,Bid,Nasdaq BX,Inter Mkt Swp; Odd Lot; Trade Thru Exmpt
11:48:14.014 AM ET,8.150,4,33,Bid,NYSE Arca,Odd Lot
12:08:02.068 PM ET,8.165,4,33,Mid,Off Exchange,Odd Lot
12:11:29.162 PM ET,8.190,4,33,Bid,Nasdaq GSM,Inter Mkt Swp; Odd Lot; Trade Thru Exmpt
12:17:36.009 PM ET,8.280,4,33,None,Nasdaq GSM,Odd Lot
12:17:36.009 PM ET,8.290,4,33,None,Nasdaq GSM,Odd Lot
12:18:04.505 PM ET,8.250,4,33,None,NYSE Arca,Odd Lot
12:18:20.275 PM ET,8.230,4,33,None,NYSE,Odd Lot
12:50:16.120 PM ET,8.100,4,32,Mid,Nasdaq GSM,Inter Mkt Swp; Odd Lot; Trade Thru Exmpt
01:06:00.411 PM ET,7.980,4,32,Ask,Nasdaq GSM,Odd Lot
01:48:16.140 PM ET,8.030,4,32,Ask,Nasdaq GSM,Odd Lot
01:55:52.511 PM ET,8.015,4,32,Mid,Off Exchange,Odd Lot
02:00:22.313 PM ET,8.000,4,32,Mid,Nasdaq GSM,Inter Mkt Swp; Odd Lot; Trade Thru Exmpt
02:15:00.565 PM ET,8.040,4,32,Bid,Off Exchange,Odd Lot
02:29:35.141 PM ET,8.070,4,32,Mid,Cboe BZX,Odd Lot
02:34:58.046 PM ET,8.040,4,32,Bid,Nasdaq GSM,Inter Mkt Swp; Odd Lot; Trade Thru Exmpt
02:47:47.571 PM ET,7.985,4,32,Mid,Nasdaq GSM,Odd Lot
03:07:21.278 PM ET,7.955,4,32,Mid,Off Exchange,Odd Lot
03:28:37.834 PM ET,7.980,4,32,Ask,Cboe BZX,Inter Mkt Swp; Odd Lot; Trade Thru Exmpt
03:34:00.926 PM ET,7.925,4,32,Mid,IEX,Odd Lot
03:38:09.960 PM ET,7.950,4,32,Mid,Off Exchange,Odd Lot
03:40:09.962 PM ET,7.946,4,32,Mid,Off Exchange,Odd Lot
03:52:13.711 PM ET,7.980,4,32,Bid,IEX,Odd Lot
03:55:42.654 PM ET,7.970,4,32,Bid,Off Exchange,Odd Lot
03:56:59.500 PM ET,8.020,4,32,Mid,Off Exchange,Odd Lot
03:57:41.191 PM ET,8.020,4,32,Mid,Nasdaq GSM,Inter Mkt Swp; Odd Lot; Trade Thru Exmpt
03:58:47.376 PM ET,7.990,4,32,Mid,IEX,Odd Lot
03:59:28.115 PM ET,7.995,4,32,None,IEX,Odd Lot
03:59:33.317 PM ET,7.985,4,32,None,IEX,Odd Lot
03:59:34.996 PM ET,7.995,4,32,None,Off Exchange,Odd Lot
03:59:35.078 PM ET,7.995,4,32,None,IEX,Odd Lot
03:59:41.227 PM ET,7.995,4,32,None,Off Exchange,Odd Lot
03:59:44.714 PM ET,7.990,4,32,None,Nasdaq GSM,Odd Lot
03:59:47.254 PM ET,7.995,4,32,None,Off Exchange,Odd Lot
04:00:00.535 PM ET,7.990,4,32,None,Off Exchange,Frm T Ext Hrs; Odd Lot
04:18:38.415 AM ET,8.570,3,26,Mid,Nasdaq GSM,Frm T Ext Hrs; Odd Lot
07:00:04.778 AM ET,8.410,3,25,Mid,Cboe EDGX,Frm T Ext Hrs; Odd Lot
08:22:22.668 AM ET,8.540,3,26,Mid,Nasdaq GSM,Frm T Ext Hrs; Odd Lot
08:39:04.672 AM ET,8.370,3,25,Mid,NYSE Arca,Frm T Ext Hrs; Odd Lot
08:40:30.206 AM ET,8.390,3,25,Mid,NYSE Arca,Frm T Ext Hrs; Odd Lot
09:30:00.465 AM ET,8.300,3,25,Mid,Nasdaq GSM,Odd Lot
09:31:15.136 AM ET,8.210,3,25,Bid,Off Exchange,Odd Lot
09:31:16.791 AM ET,8.210,3,25,Bid,Off Exchange,Odd Lot
09:32:40.043 AM ET,8.220,3,25,Mid,Off Exchange,Odd Lot
09:34:49.748 AM ET,8.350,3,25,Mid,Off Exchange,Odd Lot
09:35:29.679 AM ET,8.360,3,25,Mid,Off Exchange,Odd Lot
09:35:45.670 AM ET,8.220,3,25,Mid,Off Exchange,Odd Lot
09:35:59.457 AM ET,8.270,3,25,Mid,Off Exchange,Odd Lot
09:36:40.569 AM ET,8.260,3,25,Ask,Off Exchange,Odd Lot
09:36:49.195 AM ET,8.210,3,25,Bid,Off Exchange,Odd Lot
09:36:53.650 AM ET,8.260,3,25,Ask,Off Exchange,Odd Lot
09:37:42.261 AM ET,8.220,3,25,Mid,Nasdaq GSM,Inter Mkt Swp; Odd Lot; Trade Thru Exmpt
09:37:42.261 AM ET,8.220,3,25,Mid,Cboe EDGX,Inter Mkt Swp; Odd Lot; Trade Thru Exmpt
09:38:34.842 AM ET,8.230,3,25,Mid,Off Exchange,Odd Lot
09:38:39.610 AM ET,8.260,3,25,Ask,Off Exchange,Odd Lot
09:39:33.126 AM ET,8.220,3,25,Mid,Off Exchange,Odd Lot
09:40:13.838 AM ET,8.235,3,25,Mid,Cboe EDGX,Inter Mkt Swp; Odd Lot; Trade Thru Exmpt
09:41:41.479 AM ET,8.240,3,25,Ask,Off Exchange,Odd Lot
09:44:14.639 AM ET,8.215,3,25,Mid,Nasdaq GSM,Inter Mkt Swp; Odd Lot; Trade Thru Exmpt
09:44:53.097 AM ET,8.160,3,24,Bid,Cboe EDGX,Odd Lot
09:44:57.088 AM ET,8.230,3,25,Ask,Off Exchange,Odd Lot
09:46:24.912 AM ET,8.182,3,25,Mid,Off Exchange,Odd Lot
09:51:20.450 AM ET,8.220,3,25,Ask,Off Exchange,Odd Lot
09:52:13.256 AM ET,8.200,3,25,Mid,Off Exchange,Odd Lot
09:53:43.324 AM ET,8.200,3,25,Ask,Off Exchange,Odd Lot
10:05:17.988 AM ET,8.150,3,24,Bid,Off Exchange,Odd Lot
10:58:14.885 AM ET,8.160,3,24,Mid,Off Exchange,Odd Lot
10:59:22.510 AM ET,8.200,3,25,Mid,Off Exchange,Odd Lot
11:00:18.652 AM ET,8.170,3,25,Mid,Off Exchange,Odd Lot
11:02:06.535 AM ET,8.150,3,24,Mid,Off Exchange,Odd Lot
11:02:25.877 AM ET,8.190,3,25,Mid,Off Exchange,Odd Lot
11:04:08.953 AM ET,8.150,3,24,Mid,Off Exchange,Odd Lot
11:05:20.221 AM ET,8.180,3,25,Ask,Off Exchange,Odd Lot
11:06:19.728 AM ET,8.160,3,24,Mid,Off Exchange,Odd Lot
11:06:29.167 AM ET,8.130,3,24,Bid,Off Exchange,Odd Lot
11:06:41.530 AM ET,8.150,3,24,Mid,Off Exchange,Odd Lot
11:07:04.757 AM ET,8.150,3,24,Mid,Off Exchange,Odd Lot
11:07:09.590 AM ET,8.180,3,25,Ask,Off Exchange,Odd Lot
11:07:25.860 AM ET,8.130,3,24,Bid,Off Exchange,Odd Lot
11:08:48.037 AM ET,8.160,3,24,Ask,Off Exchange,Odd Lot
11:09:34.050 AM ET,8.140,3,24,Mid,Off Exchange,Odd Lot
11:09:41.771 AM ET,8.150,3,24,Mid,Off Exchange,Odd Lot
11:09:45.532 AM ET,8.120,3,24,Bid,Off Exchange,Odd Lot
11:10:51.666 AM ET,8.150,3,24,Mid,Off Exchange,Odd Lot
11:11:00.999 AM ET,8.110,3,24,Bid,Off Exchange,Odd Lot
11:11:06.547 AM ET,8.160,3,24,Ask,Off Exchange,Odd Lot
11:12:01.011 AM ET,8.120,3,24,Bid,Off Exchange,Odd Lot
11:13:06.396 AM ET,8.150,3,24,Mid,Off Exchange,Odd Lot
11:20:05.541 AM ET,8.120,3,24,Mid,Off Exchange,Odd Lot
11:21:14.502 AM ET,8.150,3,24,Mid,Off Exchange,Odd Lot
11:32:37.288 AM ET,8.140,3,24,Mid,Nasdaq GSM,Inter Mkt Swp; Odd Lot; Trade Thru Exmpt
11:40:17.138 AM ET,8.020,3,24,Bid,NYSE Arca,Inter Mkt Swp; Odd Lot; Trade Thru Exmpt
11:40:17.138 AM ET,7.990,3,24,Bid,Cboe EDGX,Inter Mkt Swp; Odd Lot; Trade Thru Exmpt
11:40:17.139 AM ET,7.980,3,24,Bid,Cboe EDGX,Inter Mkt Swp; Odd Lot; Trade Thru Exmpt
11:40:17.139 AM ET,7.970,3,24,Bid,NYSE Arca,Inter Mkt Swp; Odd Lot; Trade Thru Exmpt
11:40:17.139 AM ET,8.000,3,24,Bid,NYSE,Odd Lot
11:40:17.139 AM ET,7.980,3,24,Bid,NYSE Arca,Odd Lot
11:40:17.139 AM ET,7.980,3,24,Bid,IEX,Odd Lot
11:40:17.140 AM ET,7.970,3,24,Bid,Nasdaq GSM,Inter Mkt Swp; Odd Lot; Trade Thru Exmpt
11:40:17.140 AM ET,7.990,3,24,Bid,Cboe BYX,Inter Mkt Swp; Odd Lot; Trade Thru Exmpt
11:40:17.140 AM ET,7.980,3,24,Bid,Cboe BZX,Inter Mkt Swp; Odd Lot; Trade Thru Exmpt
11:40:17.140 AM ET,7.990,3,24,Bid,Off Exchange,Odd Lot
11:40:17.140 AM ET,7.980,3,24,Bid,Nasdaq GSM,Odd Lot
11:40:17.146 AM ET,7.990,3,24,Bid,Off Exchange,Odd Lot
11:40:17.146 AM ET,7.980,3,24,Bid,NYSE Arca,Inter Mkt Swp; Odd Lot; Trade Thru Exmpt
11:40:17.148 AM ET,7.970,3,24,Bid,Cboe BYX,Inter Mkt Swp; Odd Lot; Trade Thru Exmpt
11:40:17.150 AM ET,8.000,3,24,Bid,Cboe EDGX,Inter Mkt Swp; Odd Lot; Trade Thru Exmpt
11:44:22.734 AM ET,8.110,3,24,Ask,IEX,Odd Lot
11:50:35.547 AM ET,8.200,3,25,Mid,Nasdaq GSM,Inter Mkt Swp; Odd Lot; Trade Thru Exmpt
11:55:38.759 AM ET,8.170,3,25,Bid,Off Exchange,Odd Lot
11:59:38.868 AM ET,8.130,3,24,Mid,Off Exchange,Odd Lot
11:59:43.734 AM ET,8.190,3,25,Ask,Off Exchange,Odd Lot
11:59:48.877 AM ET,8.130,3,24,Mid,Off Exchange,Odd Lot
11:59:50.633 AM ET,8.170,3,25,Mid,Off Exchange,Odd Lot
12:00:03.231 PM ET,8.190,3,25,Ask,Off Exchange,Odd Lot
12:00:45.663 PM ET,8.120,3,24,Mid,Off Exchange,Odd Lot
12:00:58.520 PM ET,8.120,3,24,Mid,Off Exchange,Odd Lot
12:02:07.154 PM ET,8.170,3,25,Mid,Off Exchange,Odd Lot
12:03:07.421 PM ET,8.170,3,25,Mid,Cboe EDGX,Inter Mkt Swp; Odd Lot; Trade Thru Exmpt
12:05:39.588 PM ET,8.180,3,25,Ask,Off Exchange,Odd Lot
12:07:07.211 PM ET,8.172,3,25,Mid,Off Exchange,Odd Lot
12:10:23.272 PM ET,8.210,3,25,Mid,Off Exchange,Odd Lot
12:15:11.217 PM ET,8.170,3,25,Bid,Off Exchange,Odd Lot
12:15:16.473 PM ET,8.220,3,25,Ask,Off Exchange,Odd Lot
12:15:26.253 PM ET,8.170,3,25,Bid,Off Exchange,Odd Lot
12:17:03.989 PM ET,8.170,3,25,Bid,Off Exchange,Odd Lot
12:17:11.845 PM ET,8.210,3,25,Mid,Cboe EDGX,Inter Mkt Swp; Odd Lot; Trade Thru Exmpt
12:17:15.001 PM ET,8.220,3,25,Ask,Off Exchange,Odd Lot
12:17:15.190 PM ET,8.220,3,25,Ask,Nasdaq GSM,Inter Mkt Swp; Odd Lot; Trade Thru Exmpt
12:17:15.191 PM ET,8.220,3,25,Ask,NYSE American,Inter Mkt Swp; Odd Lot; Trade Thru Exmpt
12:17:16.441 PM ET,8.230,3,25,Ask,Nasdaq GSM,Odd Lot
12:17:49.235 PM ET,8.280,3,25,None,MEMX,Inter Mkt Swp; Odd Lot; Trade Thru Exmpt
12:17:49.336 PM ET,8.260,3,25,None,Off Exchange,Odd Lot
12:18:04.505 PM ET,8.250,3,25,None,NYSE Arca,Odd Lot
12:18:37.564 PM ET,8.180,3,25,None,Off Exchange,Odd Lot
12:19:06.777 PM ET,8.230,3,25,Mid,NYSE Arca,Odd Lot
12:21:15.712 PM ET,8.230,3,25,Mid,Off Exchange,Odd Lot
12:22:52.868 PM ET,8.240,3,25,Ask,Off Exchange,Odd Lot
12:24:37.141 PM ET,8.200,3,25,Mid,Off Exchange,Odd Lot
12:24:41.771 PM ET,8.240,3,25,Ask,Off Exchange,Odd Lot
12:24:51.155 PM ET,8.190,3,25,Bid,Off Exchange,Odd Lot
12:24:55.858 PM ET,8.240,3,25,Ask,Off Exchange,Odd Lot
12:25:05.425 PM ET,8.190,3,25,Bid,Off Exchange,Odd Lot
12:25:12.297 PM ET,8.240,3,25,Ask,Off Exchange,Odd Lot
12:25:22.136 PM ET,8.190,3,25,Bid,Off Exchange,Odd Lot
12:25:28.191 PM ET,8.240,3,25,Ask,Off Exchange,Odd Lot
12:26:24.288 PM ET,8.200,3,25,Mid,Off Exchange,Odd Lot
12:27:32.457 PM ET,8.230,3,25,Mid,Off Exchange,Odd Lot
12:35:57.070 PM ET,8.220,3,25,Mid,Off Exchange,Odd Lot
12:36:02.071 PM ET,8.220,3,25,Mid,Off Exchange,Odd Lot
12:40:27.388 PM ET,8.200,3,25,Ask,Cboe EDGX,Inter Mkt Swp; Odd Lot; Trade Thru Exmpt
12:40:32.775 PM ET,8.210,3,25,Mid,Cboe EDGX,Inter Mkt Swp; Odd Lot; Trade Thru Exmpt
12:47:23.806 PM ET,8.160,3,24,Mid,Cboe BZX,Inter Mkt Swp; Odd Lot; Trade Thru Exmpt
12:47:32.697 PM ET,8.140,3,24,Mid,Cboe BZX,Odd Lot
12:50:40.281 PM ET,8.070,3,24,Mid,Off Exchange,Odd Lot
12:51:45.542 PM ET,8.030,3,24,Bid,Off Exchange,Odd Lot
12:51:51.595 PM ET,8.100,3,24,Ask,Off Exchange,Odd Lot
12:52:49.163 PM ET,8.040,3,24,Mid,Off Exchange,Odd Lot
12:53:02.873 PM ET,8.065,3,24,Mid,Off Exchange,Odd Lot
12:53:02.874 PM ET,8.065,3,24,Mid,Off Exchange,Odd Lot
12:53:54.548 PM ET,8.065,3,24,Mid,Off Exchange,Odd Lot
12:54:37.873 PM ET,8.030,3,24,Bid,Off Exchange,Odd Lot
12:54:54.048 PM ET,8.030,3,24,Bid,Off Exchange,Odd Lot
12:54:56.758 PM ET,8.080,3,24,Mid,Off Exchange,Odd Lot
12:54:58.926 PM ET,8.090,3,24,Ask,Off Exchange,Odd Lot
12:54:58.927 PM ET,8.060,3,24,Mid,Off Exchange,Odd Lot
12:55:06.765 PM ET,8.030,3,24,Bid,Off Exchange,Odd Lot
12:55:56.568 PM ET,8.040,3,24,Bid,Off Exchange,Odd Lot
12:56:47.543 PM ET,8.070,3,24,Mid,MIAX Pearl,Inter Mkt Swp; Odd Lot; Trade Thru Exmpt
12:56:48.111 PM ET,8.060,3,24,Mid,Off Exchange,Odd Lot
12:56:48.238 PM ET,8.070,3,24,Mid,Off Exchange,Odd Lot
12:57:07.198 PM ET,8.040,3,24,Mid,Off Exchange,Odd Lot
01:00:19.972 PM ET,8.040,3,24,Ask,Off Exchange,Odd Lot
01:01:15.370 PM ET,8.030,3,24,Ask,Off Exchange,Odd Lot
01:01:45.117 PM ET,7.990,3,24,Mid,Off Exchange,Odd Lot
01:02:04.755 PM ET,7.980,3,24,Mid,Off Exchange,Odd Lot
01:02:10.104 PM ET,8.020,3,24,Ask,Off Exchange,Odd Lot
01:03:49.302 PM ET,8.000,3,24,Mid,Off Exchange,Odd Lot
01:03:54.286 PM ET,7.990,3,24,Mid,Off Exchange,Odd Lot
01:04:37.355 PM ET,8.000,3,24,Mid,Off Exchange,Odd Lot
01:05:01.310 PM ET,8.010,3,24,Mid,Off Exchange,Odd Lot
01:05:42.900 PM ET,7.995,3,24,Mid,Off Exchange,Odd Lot
01:06:48.767 PM ET,7.970,3,24,Mid,Off Exchange,Odd Lot
01:09:18.729 PM ET,8.015,3,24,Mid,Off Exchange,Odd Lot
01:10:08.680 PM ET,8.015,3,24,Mid,Off Exchange,Odd Lot
01:10:45.477 PM ET,7.990,3,24,Bid,NYSE American,Inter Mkt Swp; Odd Lot; Trade Thru Exmpt
01:11:15.115 PM ET,7.980,3,24,Mid,IEX,Odd Lot
01:12:48.669 PM ET,8.030,3,24,Mid,IEX,Odd Lot
01:16:29.157 PM ET,8.060,3,24,Mid,Nasdaq GSM,Inter Mkt Swp; Odd Lot; Trade Thru Exmpt
01:26:05.733 PM ET,7.995,3,24,Mid,IEX,Odd Lot
01:31:35.523 PM ET,7.960,3,24,Mid,Off Exchange,Odd Lot
01:31:40.924 PM ET,8.000,3,24,Ask,Off Exchange,Odd Lot
01:33:00.446 PM ET,7.970,3,24,Bid,Off Exchange,Odd Lot
01:34:09.545 PM ET,8.010,3,24,Mid,Off Exchange,Odd Lot
01:34:20.554 PM ET,7.970,3,24,Bid,Off Exchange,Odd Lot
01:34:25.810 PM ET,8.020,3,24,Ask,Off Exchange,Odd Lot
01:34:36.304 PM ET,7.970,3,24,Bid,Off Exchange,Odd Lot
01:35:46.867 PM ET,8.010,3,24,Mid,Off Exchange,Odd Lot
01:41:54.948 PM ET,8.000,3,24,Bid,Off Exchange,Odd Lot
01:43:01.410 PM ET,8.040,3,24,Mid,Off Exchange,Odd Lot
01:43:12.826 PM ET,8.000,3,24,Bid,Off Exchange,Odd Lot
01:47:00.645 PM ET,8.015,3,24,Mid,Off Exchange,Odd Lot
01:59:05.837 PM ET,8.015,3,24,Mid,Off Exchange,Odd Lot
02:05:05.581 PM ET,8.000,3,24,Mid,Cboe BZX,Inter Mkt Swp; Odd Lot; Trade Thru Exmpt
02:05:19.787 PM ET,7.980,3,24,Bid,Off Exchange,Odd Lot
02:08:31.049 PM ET,7.990,3,24,Mid,Off Exchange,Odd Lot
02:14:58.930 PM ET,8.050,3,24,Mid,Nasdaq GSM,Inter Mkt Swp; Odd Lot; Trade Thru Exmpt
02:37:54.716 PM ET,8.010,3,24,Mid,Off Exchange,Odd Lot
02:39:00.848 PM ET,8.040,3,24,Mid,Off Exchange,Odd Lot
02:39:10.231 PM ET,8.000,3,24,Bid,Off Exchange,Odd Lot
02:39:15.204 PM ET,8.050,3,24,Ask,Off Exchange,Odd Lot
02:40:01.959 PM ET,8.030,3,24,Mid,Off Exchange,Odd Lot
02:40:37.002 PM ET,8.010,3,24,Bid,Off Exchange,Odd Lot
02:41:45.832 PM ET,8.040,3,24,Ask,Off Exchange,Odd Lot
02:50:12.731 PM ET,7.990,3,24,Mid,Off Exchange,Odd Lot
03:02:11.914 PM ET,7.955,3,24,Mid,Off Exchange,Odd Lot
03:02:57.833 PM ET,7.955,3,24,Mid,Off Exchange,Odd Lot
03:08:50.012 PM ET,7.945,3,24,Mid,Off Exchange,Odd Lot
03:11:21.038 PM ET,7.945,3,24,Mid,Off Exchange,Odd Lot
03:14:51.750 PM ET,7.970,3,24,Mid,Off Exchange,Odd Lot
03:30:53.287 PM ET,7.970,3,24,Mid,Off Exchange,Odd Lot
03:32:03.379 PM ET,7.965,3,24,Mid,Off Exchange,Odd Lot
03:32:49.736 PM ET,7.965,3,24,Ask,Off Exchange,Deriv Priced; Odd Lot; Trade Thru Exmpt
03:33:13.886 PM ET,7.945,3,24,Mid,Off Exchange,Odd Lot
03:34:24.199 PM ET,7.935,3,24,Mid,Off Exchange,Odd Lot
03:34:51.520 PM ET,7.945,3,24,Mid,Off Exchange,Odd Lot
03:35:26.009 PM ET,7.950,3,24,Mid,IEX,Odd Lot
03:35:53.492 PM ET,7.940,3,24,Mid,Off Exchange,Odd Lot
03:36:14.194 PM ET,7.950,3,24,Mid,IEX,Odd Lot
03:39:26.910 PM ET,7.950,3,24,Mid,Off Exchange,Odd Lot
03:40:36.848 PM ET,7.930,3,24,Mid,Off Exchange,Odd Lot
03:41:34.602 PM ET,7.925,3,24,Mid,Off Exchange,Odd Lot
03:42:01.742 PM ET,7.903,3,24,Mid,Off Exchange,Odd Lot
03:43:30.354 PM ET,7.925,3,24,Mid,IEX,Odd Lot
03:43:30.358 PM ET,7.925,3,24,Mid,IEX,Odd Lot
03:44:21.629 PM ET,7.925,3,24,Mid,IEX,Odd Lot
03:45:08.400 PM ET,7.930,3,24,Mid,Off Exchange,Odd Lot
03:49:57.323 PM ET,7.936,3,24,Mid,Off Exchange,Odd Lot
03:52:13.685 PM ET,7.970,3,24,Bid,Cboe BZX,Odd Lot
03:52:22.246 PM ET,7.970,3,24,Ask,Cboe BZX,Inter Mkt Swp; Odd Lot; Trade Thru Exmpt
03:56:01.990 PM ET,7.985,3,24,Mid,Off Exchange,Odd Lot
03:56:31.514 PM ET,8.010,3,24,Mid,Off Exchange,Odd Lot
03:56:38.369 PM ET,8.020,3,24,Mid,Off Exchange,Odd Lot
03:56:44.387 PM ET,8.016,3,24,Mid,Off Exchange,Deriv Priced; Odd Lot; Trade Thru Exmpt
03:57:09.141 PM ET,8.020,3,24,Mid,Off Exchange,Odd Lot
03:57:28.047 PM ET,8.000,3,24,Bid,Off Exchange,Odd Lot
03:57:49.901 PM ET,8.020,3,24,Mid,NYSE,Odd Lot
03:58:18.221 PM ET,7.990,3,24,Mid,Off Exchange,Odd Lot
03:58:40.108 PM ET,7.990,3,24,Mid,Off Exchange,Odd Lot
03:59:06.929 PM ET,8.000,3,24,None,Off Exchange,Odd Lot
03:59:09.604 PM ET,7.990,3,24,None,Off Exchange,Odd Lot
03:59:26.426 PM ET,8.000,3,24,None,Nasdaq GSM,Inter Mkt Swp; Odd Lot; Trade Thru Exmpt
03:59:26.437 PM ET,7.995,3,24,None,Off Exchange,Odd Lot
03:59:30.818 PM ET,7.985,3,24,None,Off Exchange,Odd Lot
03:59:41.230 PM ET,7.990,3,24,None,Off Exchange,Odd Lot
03:59:42.318 PM ET,7.995,3,24,None,Off Exchange,Odd Lot
03:59:43.321 PM ET,7.990,3,24,None,Off Exchange,Odd Lot
03:59:45.014 PM ET,7.995,3,24,None,Off Exchange,Odd Lot
03:59:48.527 PM ET,7.990,3,24,None,Nasdaq GSM,Odd Lot
03:59:50.046 PM ET,7.995,3,24,None,Nasdaq GSM,Odd Lot
07:00:04.778 AM ET,8.410,2,17,Mid,Cboe EDGX,Frm T Ext Hrs; Odd Lot
08:40:30.206 AM ET,8.370,2,17,Mid,NYSE Arca,Frm T Ext Hrs; Odd Lot
09:30:00.984 AM ET,8.320,2,17,Mid,Cboe BZX,Odd Lot
09:32:40.043 AM ET,8.300,2,17,Mid,Cboe BZX,Odd Lot
09:36:38.299 AM ET,8.200,2,16,Bid,Cboe BZX,Inter Mkt Swp; Odd Lot; Trade Thru Exmpt
09:36:38.304 AM ET,8.220,2,16,Mid,Off Exchange,Odd Lot
09:44:47.237 AM ET,8.215,2,16,Mid,Nasdaq GSM,Inter Mkt Swp; Odd Lot; Trade Thru Exmpt
09:54:32.131 AM ET,8.200,2,16,Ask,Nasdaq GSM,Odd Lot
10:11:12.980 AM ET,8.230,2,16,Mid,Nasdaq GSM,Odd Lot
10:14:07.092 AM ET,8.230,2,16,Bid,Nasdaq GSM,Inter Mkt Swp; Odd Lot; Trade Thru Exmpt
10:16:35.055 AM ET,8.215,2,16,Mid,Off Exchange,Odd Lot
10:17:10.392 AM ET,8.215,2,16,Mid,Off Exchange,Odd Lot
10:18:05.416 AM ET,8.225,2,16,Mid,Off Exchange,Odd Lot
10:19:49.469 AM ET,8.225,2,16,Mid,Off Exchange,Odd Lot
10:22:41.135 AM ET,8.225,2,16,Mid,Off Exchange,Odd Lot
10:22:46.125 AM ET,8.240,2,16,Mid,Nasdaq GSM,Inter Mkt Swp; Odd Lot; Trade Thru Exmpt
10:22:46.126 AM ET,8.235,2,16,Mid,IEX,Odd Lot
10:27:55.718 AM ET,8.240,2,16,Mid,Cboe BZX,Inter Mkt Swp; Odd Lot; Trade Thru Exmpt
10:28:45.029 AM ET,8.280,2,17,Mid,Nasdaq GSM,Odd Lot
10:29:08.861 AM ET,8.286,2,17,Mid,Off Exchange,Odd Lot
10:48:02.242 AM ET,8.220,2,16,Mid,Nasdaq GSM,Odd Lot
10:48:29.943 AM ET,8.210,2,16,Mid,NYSE,Inter Mkt Swp; Odd Lot; Trade Thru Exmpt
11:23:02.454 AM ET,8.120,2,16,Mid,Cboe BZX,Inter Mkt Swp; Odd Lot; Trade Thru Exmpt
11:31:02.703 AM ET,8.160,2,16,Ask,Nasdaq GSM,Inter Mkt Swp; Odd Lot; Trade Thru Exmpt
11:37:43.468 AM ET,8.110,2,16,Bid,Cboe BZX,Odd Lot
11:40:17.131 AM ET,8.050,2,16,Ask,Nasdaq GSM,Inter Mkt Swp; Odd Lot; Trade Thru Exmpt
11:40:17.132 AM ET,8.000,2,16,Ask,NYSE Arca,Inter Mkt Swp; Odd Lot; Trade Thru Exmpt
11:40:17.140 AM ET,7.990,2,16,Bid,MEMX,Inter Mkt Swp; Odd Lot; Trade Thru Exmpt
11:40:17.140 AM ET,7.990,2,16,Bid,Cboe BYX,Inter Mkt Swp; Odd Lot; Trade Thru Exmpt
11:40:17.140 AM ET,7.980,2,16,Bid,Nasdaq GSM,Inter Mkt Swp; Odd Lot; Trade Thru Exmpt
11:40:17.140 AM ET,7.980,2,16,Bid,Cboe BZX,Inter Mkt Swp; Odd Lot; Trade Thru Exmpt
11:40:17.144 AM ET,7.990,2,16,Bid,Nasdaq GSM,Inter Mkt Swp; Odd Lot; Trade Thru Exmpt
11:40:17.146 AM ET,7.970,2,16,Bid,Cboe BYX,Inter Mkt Swp; Odd Lot; Trade Thru Exmpt
11:40:17.146 AM ET,7.970,2,16,Bid,Nasdaq GSM,Inter Mkt Swp; Odd Lot; Trade Thru Exmpt
11:40:17.148 AM ET,7.970,2,16,Bid,Off Exchange,Odd Lot
11:40:17.174 AM ET,8.020,2,16,Bid,Cboe EDGX,Inter Mkt Swp; Odd Lot; Trade Thru Exmpt
11:40:17.183 AM ET,8.010,2,16,Bid,Cboe EDGX,Inter Mkt Swp; Odd Lot; Trade Thru Exmpt
11:40:23.288 AM ET,8.080,2,16,Ask,Nasdaq BX,Inter Mkt Swp; Odd Lot; Trade Thru Exmpt
11:44:22.717 AM ET,8.100,2,16,Ask,Nasdaq GSM,Odd Lot
11:47:44.892 AM ET,8.150,2,16,Bid,Nasdaq GSM,Inter Mkt Swp; Odd Lot; Trade Thru Exmpt
11:53:35.671 AM ET,8.193,2,16,Mid,Off Exchange,Odd Lot
12:01:02.927 PM ET,8.150,2,16,Mid,Nasdaq GSM,Inter Mkt Swp; Odd Lot; Trade Thru Exmpt
12:06:09.955 PM ET,8.160,2,16,Mid,Off Exchange,Odd Lot
12:07:08.106 PM ET,8.172,2,16,Mid,Off Exchange,Odd Lot
12:08:05.426 PM ET,8.165,2,16,Mid,Off Exchange,Odd Lot
12:14:10.084 PM ET,8.195,2,16,Mid,IEX,Odd Lot
12:17:16.641 PM ET,8.230,2,16,Ask,Nasdaq GSM,Odd Lot
12:17:28.258 PM ET,8.250,2,17,None,Cboe EDGX,Inter Mkt Swp; Odd Lot; Trade Thru Exmpt
12:40:27.388 PM ET,8.200,2,16,Ask,Nasdaq GSM,Odd Lot
12:49:00.698 PM ET,8.100,2,16,Bid,Nasdaq GSM,Odd Lot
12:49:43.485 PM ET,8.120,2,16,Mid,Off Exchange,Odd Lot
12:56:47.543 PM ET,8.070,2,16,Mid,Cboe EDGX,Inter Mkt Swp; Odd Lot; Trade Thru Exmpt
01:08:46.300 PM ET,8.010,2,16,Ask,Nasdaq PHLX,Inter Mkt Swp; Odd Lot; Trade Thru Exmpt
01:08:52.444 PM ET,8.000,2,16,Mid,IEX,Odd Lot
01:15:58.260 PM ET,8.065,2,16,Mid,Off Exchange,Odd Lot
01:18:22.352 PM ET,8.045,2,16,Mid,IEX,Odd Lot
01:19:31.498 PM ET,8.045,2,16,Mid,Nasdaq GSM,Odd Lot
01:21:29.251 PM ET,7.995,2,16,Bid,IEX,Odd Lot
01:27:49.395 PM ET,7.950,2,16,Mid,IEX,Odd Lot
01:27:58.695 PM ET,7.950,2,16,Mid,IEX,Odd Lot
01:28:10.241 PM ET,7.950,2,16,Mid,Off Exchange,Odd Lot
01:28:16.965 PM ET,7.950,2,16,Mid,Cboe EDGX,Odd Lot
01:30:48.391 PM ET,7.975,2,16,Mid,Off Exchange,Odd Lot
01:31:43.596 PM ET,7.975,2,16,Mid,Nasdaq GSM,Odd Lot
01:31:43.597 PM ET,7.975,2,16,Mid,Off Exchange,Odd Lot
01:35:04.791 PM ET,8.010,2,16,Mid,Cboe EDGX,Inter Mkt Swp; Odd Lot; Trade Thru Exmpt
01:37:36.132 PM ET,8.010,2,16,Mid,Off Exchange,Odd Lot
01:39:06.435 PM ET,8.000,2,16,Mid,IEX,Odd Lot
01:39:54.885 PM ET,8.020,2,16,Mid,IEX,Odd Lot
01:40:46.963 PM ET,8.025,2,16,Mid,Off Exchange,Odd Lot
01:44:22.918 PM ET,8.030,2,16,Mid,Off Exchange,Odd Lot
01:55:52.511 PM ET,8.015,2,16,Mid,Off Exchange,Odd Lot
01:56:12.661 PM ET,8.015,2,16,Mid,Off Exchange,Odd Lot
01:59:49.484 PM ET,8.020,2,16,Mid,Cboe BZX,Odd Lot
02:08:21.793 PM ET,8.000,2,16,Mid,Off Exchange,Odd Lot
02:10:28.333 PM ET,8.000,2,16,Mid,IEX,Odd Lot
02:10:28.404 PM ET,8.000,2,16,Mid,Off Exchange,Odd Lot
02:14:06.082 PM ET,8.025,2,16,Mid,Nasdaq GSM,Odd Lot
02:16:41.741 PM ET,8.070,2,16,Ask,IEX,Odd Lot
02:22:07.297 PM ET,8.070,2,16,Mid,Off Exchange,Odd Lot
02:34:40.665 PM ET,8.050,2,16,Mid,NYSE,Inter Mkt Swp; Odd Lot; Trade Thru Exmpt
02:34:58.057 PM ET,8.050,2,16,Mid,Off Exchange,Odd Lot
02:35:25.584 PM ET,8.040,2,16,Mid,Nasdaq GSM,Inter Mkt Swp; Odd Lot; Trade Thru Exmpt
02:40:54.159 PM ET,8.020,2,16,Mid,Nasdaq GSM,Inter Mkt Swp; Odd Lot; Trade Thru Exmpt
02:40:54.159 PM ET,8.010,2,16,Bid,Nasdaq GSM,Inter Mkt Swp; Odd Lot; Trade Thru Exmpt
02:43:35.680 PM ET,8.000,2,16,Mid,Off Exchange,Odd Lot
02:47:47.571 PM ET,7.980,2,16,Mid,Nasdaq GSM,Inter Mkt Swp; Odd Lot; Trade Thru Exmpt
02:47:47.572 PM ET,7.980,2,16,Mid,IEX,Odd Lot
02:59:13.640 PM ET,7.988,2,16,Mid,Off Exchange,Odd Lot
03:00:25.258 PM ET,7.970,2,16,Mid,Off Exchange,Odd Lot
03:03:44.163 PM ET,7.955,2,16,Mid,IEX,Odd Lot
03:06:22.529 PM ET,7.970,2,16,Mid,Off Exchange,Odd Lot
03:06:22.529 PM ET,7.970,2,16,Mid,IEX,Odd Lot
03:07:21.278 PM ET,7.950,2,16,Mid,Cboe BZX,Odd Lot
03:07:21.279 PM ET,7.950,2,16,Mid,Cboe EDGX,Odd Lot
03:08:50.011 PM ET,7.950,2,16,Mid,Nasdaq GSM,Inter Mkt Swp; Odd Lot; Trade Thru Exmpt
03:11:23.244 PM ET,7.940,2,16,Ask,Nasdaq GSM,Inter Mkt Swp; Odd Lot; Trade Thru Exmpt
03:14:23.737 PM ET,7.970,2,16,Mid,Nasdaq GSM,Odd Lot
03:18:37.240 PM ET,7.975,2,16,Mid,Cboe BZX,Odd Lot
03:25:03.025 PM ET,8.010,2,16,Mid,Off Exchange,Odd Lot
03:29:06.085 PM ET,7.970,2,16,Mid,Cboe EDGX,Odd Lot
03:29:50.057 PM ET,7.970,2,16,Mid,Off Exchange,Odd Lot
03:29:50.062 PM ET,7.970,2,16,Mid,IEX,Odd Lot
03:31:14.472 PM ET,7.970,2,16,Mid,Cboe EDGX,Odd Lot
03:33:11.990 PM ET,7.961,2,16,Ask,Off Exchange,Deriv Priced; Odd Lot; Trade Thru Exmpt
03:33:38.022 PM ET,7.960,2,16,Ask,Off Exchange,Odd Lot
03:34:06.169 PM ET,7.949,2,16,Ask,Off Exchange,Deriv Priced; Odd Lot; Trade Thru Exmpt
03:35:27.793 PM ET,7.941,2,16,Mid,Off Exchange,Odd Lot
03:35:32.643 PM ET,7.944,2,16,Mid,Off Exchange,Odd Lot
03:50:00.065 PM ET,7.950,2,16,Bid,Cboe EDGX,Inter Mkt Swp; Odd Lot; Trade Thru Exmpt
03:51:49.838 PM ET,7.972,2,16,Bid,Off Exchange,Deriv Priced; Odd Lot; Trade Thru Exmpt
03:53:11.610 PM ET,7.990,2,16,Mid,Cboe BYX,Inter Mkt Swp; Odd Lot; Trade Thru Exmpt
03:53:35.261 PM ET,7.976,2,16,Mid,Off Exchange,Deriv Priced; Odd Lot; Trade Thru Exmpt
03:54:27.107 PM ET,7.985,2,16,Mid,Off Exchange,Odd Lot
03:54:43.738 PM ET,7.985,2,16,Mid,Off Exchange,Odd Lot
03:55:00.139 PM ET,7.990,2,16,Mid,Nasdaq GSM,Odd Lot
03:55:00.275 PM ET,7.970,2,16,Bid,Off Exchange,Odd Lot
03:55:08.349 PM ET,7.970,2,16,Bid,Off Exchange,Odd Lot
03:55:14.115 PM ET,7.985,2,16,Mid,Off Exchange,Odd Lot
03:55:20.459 PM ET,7.985,2,16,Mid,Off Exchange,Odd Lot
03:55:29.108 PM ET,7.985,2,16,Mid,Off Exchange,Odd Lot
03:55:50.207 PM ET,7.985,2,16,Mid,Off Exchange,Odd Lot
03:56:08.563 PM ET,7.980,2,16,Mid,Off Exchange,Odd Lot
03:56:13.099 PM ET,8.020,2,16,Mid,Off Exchange,Odd Lot
03:56:20.099 PM ET,8.020,2,16,Mid,Off Exchange,Odd Lot
03:56:27.798 PM ET,8.020,2,16,Mid,Off Exchange,Odd Lot
03:56:27.891 PM ET,8.020,2,16,Mid,Off Exchange,Odd Lot
03:56:44.398 PM ET,8.020,2,16,Mid,Off Exchange,Odd Lot
03:57:18.622 PM ET,8.000,2,16,Bid,Off Exchange,Odd Lot
03:57:35.737 PM ET,8.020,2,16,Mid,Off Exchange,Odd Lot
03:57:41.123 PM ET,8.000,2,16,Bid,Off Exchange,Odd Lot
03:57:47.263 PM ET,8.010,2,16,Bid,Off Exchange,Odd Lot
03:57:54.253 PM ET,8.020,2,16,Mid,Off Exchange,Odd Lot
03:58:01.403 PM ET,8.020,2,16,Mid,Off Exchange,Odd Lot
03:58:09.988 PM ET,8.010,2,16,Bid,Off Exchange,Odd Lot
03:58:11.054 PM ET,8.010,2,16,Ask,Nasdaq GSM,Inter Mkt Swp; Odd Lot; Trade Thru Exmpt
03:58:11.054 PM ET,8.010,2,16,Ask,Off Exchange,Odd Lot
03:58:11.055 PM ET,8.000,2,16,Ask,NYSE,Inter Mkt Swp; Odd Lot; Trade Thru Exmpt
03:58:15.396 PM ET,7.990,2,16,Mid,Off Exchange,Odd Lot
03:58:25.258 PM ET,7.990,2,16,Mid,Off Exchange,Odd Lot
03:58:29.658 PM ET,7.990,2,16,Mid,Off Exchange,Odd Lot
03:58:47.376 PM ET,7.990,2,16,Mid,Off Exchange,Odd Lot
03:58:55.082 PM ET,7.990,2,16,Mid,Off Exchange,Odd Lot
03:59:02.476 PM ET,7.990,2,16,Mid,Off Exchange,Odd Lot
03:59:08.500 PM ET,7.990,2,16,None,Off Exchange,Odd Lot
03:59:14.837 PM ET,7.990,2,16,None,Off Exchange,Odd Lot
03:59:21.646 PM ET,7.990,2,16,None,Off Exchange,Odd Lot
03:59:26.426 PM ET,8.000,2,16,None,Nasdaq GSM,Inter Mkt Swp; Odd Lot; Trade Thru Exmpt
03:59:26.738 PM ET,7.995,2,16,None,Off Exchange,Odd Lot
03:59:27.421 PM ET,7.990,2,16,None,Nasdaq GSM,Odd Lot
03:59:29.115 PM ET,7.995,2,16,None,Off Exchange,Odd Lot
03:59:36.236 PM ET,7.995,2,16,None,Off Exchange,Odd Lot
03:59:48.333 PM ET,7.995,2,16,None,Off Exchange,Odd Lot
04:29:51.362 PM ET,8.100,2,16,Mid,NYSE Arca,Frm T Ext Hrs; Inter Mkt Swp; Odd Lot; Trade Thru Exmpt
04:42:32.481 PM ET,8.000,2,16,Ask,Off Exchange,Frm T Ext Hrs; Odd Lot
09:32:01.504 AM ET,8.340,1,8,Mid,Off Exchange,Odd Lot
09:36:38.299 AM ET,8.220,1,8,Mid,Nasdaq GSM,Inter Mkt Swp; Odd Lot; Trade Thru Exmpt
09:36:38.402 AM ET,8.240,1,8,Ask,TXSE,Inter Mkt Swp; Odd Lot; Trade Thru Exmpt
09:36:38.440 AM ET,8.240,1,8,Mid,Cboe BZX,Inter Mkt Swp; Odd Lot; Trade Thru Exmpt
09:37:42.261 AM ET,8.230,1,8,Mid,Cboe BZX,Inter Mkt Swp; Odd Lot; Trade Thru Exmpt
09:40:44.863 AM ET,8.210,1,8,Mid,Cboe EDGX,Inter Mkt Swp; Odd Lot; Trade Thru Exmpt
09:51:00.011 AM ET,8.200,1,8,Mid,NYSE,Odd Lot
09:54:32.109 AM ET,8.180,1,8,Mid,Off Exchange,Odd Lot
09:54:32.131 AM ET,8.200,1,8,Ask,Nasdaq GSM,Inter Mkt Swp; Odd Lot; Trade Thru Exmpt
09:57:22.313 AM ET,8.200,1,8,Mid,Off Exchange,Odd Lot
10:00:31.288 AM ET,8.202,1,8,Mid,Off Exchange,Odd Lot
10:01:05.628 AM ET,8.200,1,8,Mid,Off Exchange,Odd Lot
10:05:01.371 AM ET,8.190,1,8,Mid,Off Exchange,Odd Lot
10:06:39.627 AM ET,8.230,1,8,Mid,Off Exchange,Odd Lot
10:15:53.592 AM ET,8.211,1,8,Mid,Off Exchange,Odd Lot
10:17:16.422 AM ET,8.190,1,8,Bid,Off Exchange,Odd Lot
10:20:08.707 AM ET,8.232,1,8,Mid,Off Exchange,Odd Lot
10:25:57.232 AM ET,8.240,1,8,Mid,Cboe BZX,Inter Mkt Swp; Odd Lot; Trade Thru Exmpt
10:25:57.233 AM ET,8.240,1,8,Mid,Cboe BZX,Inter Mkt Swp; Odd Lot; Trade Thru Exmpt
10:26:46.692 AM ET,8.240,1,8,Mid,Cboe BZX,Inter Mkt Swp; Odd Lot; Trade Thru Exmpt
10:27:55.718 AM ET,8.240,1,8,Mid,Cboe BZX,Inter Mkt Swp; Odd Lot; Trade Thru Exmpt
10:29:08.882 AM ET,8.286,1,8,Mid,Off Exchange,Deriv Priced; Odd Lot; Trade Thru Exmpt
10:29:10.150 AM ET,8.286,1,8,Mid,Off Exchange,Odd Lot
10:29:15.655 AM ET,8.275,1,8,Mid,Off Exchange,Odd Lot
10:29:30.355 AM ET,8.275,1,8,Mid,Off Exchange,Odd Lot
10:29:45.355 AM ET,8.275,1,8,Mid,Off Exchange,Odd Lot
10:31:53.456 AM ET,8.264,1,8,Mid,Off Exchange,Odd Lot
10:33:30.527 AM ET,8.245,1,8,Mid,Cboe BZX,Odd Lot
10:33:43.819 AM ET,8.270,1,8,Ask,Off Exchange,Odd Lot
10:38:12.511 AM ET,8.270,1,8,Ask,Off Exchange,Odd Lot
10:43:07.183 AM ET,8.220,1,8,Mid,Cboe BZX,Inter Mkt Swp; Odd Lot; Trade Thru Exmpt
10:46:50.017 AM ET,8.240,1,8,Mid,Off Exchange,Odd Lot
10:50:24.018 AM ET,8.220,1,8,Bid,NYSE Arca,Inter Mkt Swp; Odd Lot; Trade Thru Exmpt
10:50:24.018 AM ET,8.230,1,8,Bid,Nasdaq GSM,Inter Mkt Swp; Odd Lot; Trade Thru Exmpt
10:50:24.019 AM ET,8.230,1,8,Bid,Nasdaq GSM,Inter Mkt Swp; Odd Lot; Trade Thru Exmpt
10:52:59.817 AM ET,8.230,1,8,Mid,Cboe BZX,Inter Mkt Swp; Odd Lot; Trade Thru Exmpt
10:52:59.818 AM ET,8.230,1,8,Mid,Off Exchange,Odd Lot
10:52:59.818 AM ET,8.220,1,8,Mid,MEMX,Inter Mkt Swp; Odd Lot; Trade Thru Exmpt
10:53:05.257 AM ET,8.210,1,8,Mid,Nasdaq GSM,Inter Mkt Swp; Odd Lot; Trade Thru Exmpt
10:57:50.044 AM ET,8.220,1,8,Ask,Off Exchange,Odd Lot
11:00:58.084 AM ET,8.200,1,8,Mid,Cboe EDGX,Odd Lot
11:05:46.881 AM ET,8.150,1,8,Mid,Cboe EDGX,Inter Mkt Swp; Odd Lot; Trade Thru Exmpt
11:27:07.947 AM ET,8.160,1,8,Ask,Off Exchange,Odd Lot
11:27:25.497 AM ET,8.130,1,8,Mid,Nasdaq GSM,Odd Lot
11:28:04.341 AM ET,8.120,1,8,Bid,Off Exchange,Odd Lot
11:31:02.703 AM ET,8.160,1,8,Ask,Nasdaq GSM,Inter Mkt Swp; Odd Lot; Trade Thru Exmpt
11:31:33.098 AM ET,8.150,1,8,Bid,Nasdaq BX,Inter Mkt Swp; Odd Lot; Trade Thru Exmpt
11:32:37.288 AM ET,8.140,1,8,Mid,NYSE Arca,Inter Mkt Swp; Odd Lot; Trade Thru Exmpt
11:35:31.006 AM ET,8.130,1,8,Bid,Nasdaq GSM,Odd Lot
11:35:57.033 AM ET,8.130,1,8,Mid,Nasdaq GSM,Inter Mkt Swp; Odd Lot; Trade Thru Exmpt
11:40:17.132 AM ET,8.020,1,8,Ask,24X National,Inter Mkt Swp; Odd Lot; Trade Thru Exmpt
11:40:17.135 AM ET,8.050,1,8,Ask,Nasdaq GSM,Inter Mkt Swp; Odd Lot; Trade Thru Exmpt
11:40:17.135 AM ET,8.040,1,8,Ask,Nasdaq GSM,Odd Lot
11:40:17.136 AM ET,8.040,1,8,Ask,NYSE Arca,Odd Lot
11:40:17.137 AM ET,8.040,1,8,Ask,Nasdaq GSM,Inter Mkt Swp; Odd Lot; Trade Thru Exmpt
11:40:17.137 AM ET,8.010,1,8,Bid,24X National,Inter Mkt Swp; Odd Lot; Trade Thru Exmpt
11:40:17.138 AM ET,8.000,1,8,Bid,MIAX Pearl,Inter Mkt Swp; Odd Lot; Trade Thru Exmpt
11:40:17.138 AM ET,8.000,1,8,Bid,Cboe BYX,Inter Mkt Swp; Odd Lot; Trade Thru Exmpt
11:40:17.139 AM ET,8.000,1,8,Bid,Cboe EDGX,Odd Lot
11:40:17.139 AM ET,7.980,1,8,Bid,Cboe BZX,Inter Mkt Swp; Odd Lot; Trade Thru Exmpt
11:40:17.139 AM ET,7.990,1,8,Bid,NYSE Arca,Inter Mkt Swp; Odd Lot; Trade Thru Exmpt
11:40:17.139 AM ET,7.970,1,8,Bid,Cboe BZX,Inter Mkt Swp; Odd Lot; Trade Thru Exmpt
11:40:17.139 AM ET,8.000,1,8,Bid,IEX,Odd Lot
11:40:17.139 AM ET,8.000,1,8,Bid,Cboe BYX,Inter Mkt Swp; Odd Lot; Trade Thru Exmpt
11:40:17.140 AM ET,7.970,1,8,Bid,Nasdaq GSM,Inter Mkt Swp; Odd Lot; Trade Thru Exmpt
11:40:17.140 AM ET,7.985,1,8,Bid,Off Exchange,Odd Lot
11:40:17.140 AM ET,7.990,1,8,Bid,Off Exchange,Odd Lot
11:40:17.140 AM ET,7.980,1,8,Bid,Cboe BYX,Odd Lot
11:40:17.140 AM ET,7.980,1,8,Bid,NYSE,Odd Lot
11:40:17.140 AM ET,7.990,1,8,Bid,NYSE Arca,Inter Mkt Swp; Odd Lot; Trade Thru Exmpt
11:40:17.140 AM ET,7.980,1,8,Bid,NYSE Arca,Odd Lot
11:40:17.140 AM ET,7.980,1,8,Bid,Nasdaq GSM,Odd Lot
11:40:17.140 AM ET,7.980,1,8,Bid,NYSE Arca,Inter Mkt Swp; Odd Lot; Trade Thru Exmpt
11:40:17.140 AM ET,7.980,1,8,Bid,Nasdaq GSM,Inter Mkt Swp; Odd Lot; Trade Thru Exmpt
11:40:17.141 AM ET,7.990,1,8,Bid,Off Exchange,Odd Lot
11:40:17.141 AM ET,7.980,1,8,Bid,TXSE,Inter Mkt Swp; Odd Lot; Trade Thru Exmpt
11:40:17.141 AM ET,7.980,1,8,Bid,Cboe BYX,Inter Mkt Swp; Odd Lot; Trade Thru Exmpt
11:40:17.141 AM ET,7.980,1,8,Bid,Nasdaq GSM,Inter Mkt Swp; Odd Lot; Trade Thru Exmpt
11:40:17.141 AM ET,7.980,1,8,Bid,Cboe EDGX,Inter Mkt Swp; Odd Lot; Trade Thru Exmpt
11:40:17.141 AM ET,7.970,1,8,Bid,NYSE Arca,Inter Mkt Swp; Odd Lot; Trade Thru Exmpt
11:40:17.141 AM ET,7.970,1,8,Bid,NYSE Arca,Odd Lot
11:40:17.145 AM ET,7.990,1,8,Bid,Off Exchange,Odd Lot
11:40:17.145 AM ET,7.970,1,8,Bid,NYSE Arca,Inter Mkt Swp; Odd Lot; Trade Thru Exmpt
11:40:17.145 AM ET,7.980,1,8,Bid,Cboe BZX,Inter Mkt Swp; Odd Lot; Trade Thru Exmpt
11:40:17.145 AM ET,7.985,1,8,Bid,Off Exchange,Odd Lot
11:40:17.145 AM ET,7.980,1,8,Bid,NYSE Arca,Inter Mkt Swp; Odd Lot; Trade Thru Exmpt
11:40:17.145 AM ET,7.990,1,8,Bid,NYSE,Inter Mkt Swp; Odd Lot; Trade Thru Exmpt
11:40:17.146 AM ET,7.990,1,8,Bid,Off Exchange,Odd Lot
11:40:17.147 AM ET,7.980,1,8,Bid,NYSE Arca,Inter Mkt Swp; Odd Lot; Trade Thru Exmpt
11:40:17.147 AM ET,7.970,1,8,Bid,Cboe BYX,Inter Mkt Swp; Odd Lot; Trade Thru Exmpt
11:40:17.147 AM ET,7.975,1,8,Bid,Off Exchange,Odd Lot
11:40:17.147 AM ET,7.990,1,8,Bid,Off Exchange,Odd Lot
11:40:17.147 AM ET,7.970,1,8,Bid,Nasdaq GSM,Inter Mkt Swp; Odd Lot; Trade Thru Exmpt
11:40:17.148 AM ET,7.975,1,8,Bid,Off Exchange,Odd Lot
11:40:17.148 AM ET,7.970,1,8,Bid,NYSE Arca,Odd Lot
11:40:17.148 AM ET,7.990,1,8,Bid,Nasdaq GSM,Inter Mkt Swp; Odd Lot; Trade Thru Exmpt
11:40:17.149 AM ET,8.000,1,8,Bid,Nasdaq GSM,Inter Mkt Swp; Odd Lot; Trade Thru Exmpt
11:40:17.149 AM ET,7.990,1,8,Bid,Cboe BYX,Inter Mkt Swp; Odd Lot; Trade Thru Exmpt
11:40:17.149 AM ET,8.000,1,8,Bid,Cboe EDGX,Inter Mkt Swp; Odd Lot; Trade Thru Exmpt
11:40:17.156 AM ET,7.990,1,8,Bid,Off Exchange,Odd Lot
11:40:17.159 AM ET,8.010,1,8,Bid,Cboe EDGX,Inter Mkt Swp; Odd Lot; Trade Thru Exmpt
11:40:17.159 AM ET,8.010,1,8,Bid,NYSE Arca,Inter Mkt Swp; Odd Lot; Trade Thru Exmpt
11:40:17.175 AM ET,8.020,1,8,Bid,NYSE Arca,Inter Mkt Swp; Odd Lot; Trade Thru Exmpt
11:40:17.183 AM ET,8.020,1,8,Bid,NYSE Arca,Inter Mkt Swp; Odd Lot; Trade Thru Exmpt
11:40:17.338 AM ET,8.030,1,8,Mid,MEMX,Inter Mkt Swp; Odd Lot; Trade Thru Exmpt
11:40:17.338 AM ET,8.020,1,8,Mid,NYSE Arca,Inter Mkt Swp; Odd Lot; Trade Thru Exmpt
11:45:19.484 AM ET,8.120,1,8,Mid,Cboe EDGX,Odd Lot
11:47:44.892 AM ET,8.150,1,8,Bid,Nasdaq GSM,Inter Mkt Swp; Odd Lot; Trade Thru Exmpt
11:48:14.014 AM ET,8.150,1,8,Bid,Nasdaq GSM,Inter Mkt Swp; Odd Lot; Trade Thru Exmpt
11:48:14.014 AM ET,8.150,1,8,Bid,NYSE Arca,Odd Lot
11:48:14.015 AM ET,8.150,1,8,Bid,NYSE,Odd Lot
11:48:14.015 AM ET,8.150,1,8,Bid,NYSE,Inter Mkt Swp; Odd Lot; Trade Thru Exmpt
11:48:14.015 AM ET,8.150,1,8,Bid,Nasdaq GSM,Inter Mkt Swp; Odd Lot; Trade Thru Exmpt
11:48:16.443 AM ET,8.170,1,8,Ask,Off Exchange,Odd Lot
11:55:49.048 AM ET,8.170,1,8,Bid,Cboe BZX,Inter Mkt Swp; Odd Lot; Trade Thru Exmpt
12:06:09.955 PM ET,8.160,1,8,Mid,Off Exchange,Odd Lot
12:07:07.232 PM ET,8.172,1,8,Mid,Off Exchange,Deriv Priced; Odd Lot; Trade Thru Exmpt
12:08:02.067 PM ET,8.165,1,8,Mid,Off Exchange,Odd Lot
12:08:59.009 PM ET,8.190,1,8,Bid,NYSE Arca,Inter Mkt Swp; Odd Lot; Trade Thru Exmpt
12:08:59.009 PM ET,8.180,1,8,Bid,NYSE Arca,Inter Mkt Swp; Odd Lot; Trade Thru Exmpt
12:09:01.996 PM ET,8.205,1,8,Mid,Off Exchange,Odd Lot
12:12:01.827 PM ET,8.190,1,8,Mid,Off Exchange,Odd Lot
12:13:14.522 PM ET,8.190,1,8,Mid,Off Exchange,Odd Lot
12:14:47.784 PM ET,8.195,1,8,Mid,Off Exchange,Odd Lot
12:15:01.664 PM ET,8.195,1,8,Mid,Off Exchange,Odd Lot
12:17:28.258 PM ET,8.250,1,8,None,Cboe EDGX,Inter Mkt Swp; Odd Lot; Trade Thru Exmpt
12:17:33.352 PM ET,8.270,1,8,None,Nasdaq PHLX,Odd Lot
12:17:35.933 PM ET,8.280,1,8,None,Nasdaq GSM,Odd Lot
12:17:49.335 PM ET,8.270,1,8,None,Cboe BZX,Inter Mkt Swp; Odd Lot; Trade Thru Exmpt
12:17:49.335 PM ET,8.260,1,8,None,Cboe BZX,Odd Lot
12:18:01.613 PM ET,8.260,1,8,None,Off Exchange,Odd Lot
12:18:20.274 PM ET,8.230,1,8,None,Nasdaq GSM,Inter Mkt Swp; Odd Lot; Trade Thru Exmpt
12:21:01.405 PM ET,8.210,1,8,Mid,Off Exchange,Odd Lot
12:24:01.193 PM ET,8.215,1,8,Mid,Off Exchange,Odd Lot
12:27:01.003 PM ET,8.220,1,8,Mid,Off Exchange,Odd Lot
12:31:00.742 PM ET,8.220,1,8,Mid,Off Exchange,Odd Lot
12:34:00.542 PM ET,8.220,1,8,Mid,Off Exchange,Odd Lot
12:35:49.497 PM ET,8.225,1,8,Mid,Off Exchange,Odd Lot
12:36:00.390 PM ET,8.220,1,8,Mid,Off Exchange,Odd Lot
12:39:00.160 PM ET,8.195,1,8,Mid,Off Exchange,Odd Lot
12:40:50.213 PM ET,8.205,1,8,Mid,Off Exchange,Odd Lot
12:43:09.837 PM ET,8.185,1,8,Mid,Off Exchange,Odd Lot
12:47:09.545 PM ET,8.165,1,8,Mid,Off Exchange,Odd Lot
12:50:09.317 PM ET,8.120,1,8,Mid,Off Exchange,Odd Lot
12:55:02.479 PM ET,8.060,1,8,Mid,Off Exchange,Odd Lot
12:55:18.169 PM ET,8.030,1,8,Bid,Off Exchange,Odd Lot
12:57:51.618 PM ET,8.020,1,8,Mid,Cboe EDGX,Inter Mkt Swp; Odd Lot; Trade Thru Exmpt
01:06:00.411 PM ET,7.980,1,8,Ask,Nasdaq GSM,Inter Mkt Swp; Odd Lot; Trade Thru Exmpt
01:07:01.766 PM ET,7.970,1,8,Mid,Off Exchange,Odd Lot
01:08:10.877 PM ET,7.990,1,8,Mid,Nasdaq GSM,Inter Mkt Swp; Odd Lot; Trade Thru Exmpt
01:08:10.878 PM ET,8.000,1,8,Mid,NYSE Arca,Odd Lot
01:10:45.476 PM ET,7.990,1,8,Bid,Cboe BZX,Inter Mkt Swp; Odd Lot; Trade Thru Exmpt
01:12:22.291 PM ET,8.000,1,8,Mid,Nasdaq GSM,Inter Mkt Swp; Odd Lot; Trade Thru Exmpt
01:12:22.309 PM ET,8.000,1,8,Mid,Nasdaq GSM,Inter Mkt Swp; Odd Lot; Trade Thru Exmpt
01:16:29.157 PM ET,8.060,1,8,Mid,Nasdaq GSM,Inter Mkt Swp; Odd Lot; Trade Thru Exmpt
01:16:48.346 PM ET,8.065,1,8,Mid,Off Exchange,Odd Lot
01:17:00.699 PM ET,8.050,1,8,Mid,Nasdaq GSM,Odd Lot
01:17:26.700 PM ET,8.045,1,8,Mid,Off Exchange,Odd Lot
01:19:12.908 PM ET,8.050,1,8,Mid,Off Exchange,Odd Lot
01:19:52.737 PM ET,8.045,1,8,Mid,Off Exchange,Odd Lot
01:20:00.732 PM ET,8.045,1,8,Mid,Off Exchange,Odd Lot
01:20:45.378 PM ET,8.020,1,8,Mid,Off Exchange,Odd Lot
01:22:19.310 PM ET,7.995,1,8,Mid,Off Exchange,Odd Lot
01:23:36.904 PM ET,7.985,1,8,Mid,Off Exchange,Odd Lot
01:26:05.729 PM ET,7.995,1,8,Mid,Off Exchange,Odd Lot
01:26:22.595 PM ET,7.975,1,8,Mid,Off Exchange,Odd Lot
01:27:14.546 PM ET,7.960,1,8,Mid,Off Exchange,Odd Lot
01:28:26.256 PM ET,7.960,1,8,Mid,Nasdaq GSM,Inter Mkt Swp; Odd Lot; Trade Thru Exmpt
01:30:03.755 PM ET,7.980,1,8,Ask,Cboe BZX,Inter Mkt Swp; Odd Lot; Trade Thru Exmpt
01:30:46.284 PM ET,7.975,1,8,Mid,Off Exchange,Odd Lot
01:30:58.041 PM ET,7.960,1,8,Mid,Nasdaq GSM,Odd Lot
01:32:09.792 PM ET,7.975,1,8,Mid,Off Exchange,Odd Lot
01:35:04.791 PM ET,8.020,1,8,Ask,Cboe EDGX,Inter Mkt Swp; Odd Lot; Trade Thru Exmpt
01:35:21.013 PM ET,8.010,1,8,Mid,IEX,Odd Lot
01:35:29.923 PM ET,8.010,1,8,Mid,Off Exchange,Odd Lot
01:36:35.172 PM ET,8.010,1,8,Mid,Off Exchange,Odd Lot
01:36:43.424 PM ET,8.020,1,8,Mid,Cboe EDGX,Inter Mkt Swp; Odd Lot; Trade Thru Exmpt
01:37:18.218 PM ET,8.010,1,8,Mid,Off Exchange,Odd Lot
01:38:25.862 PM ET,8.010,1,8,Mid,Off Exchange,Odd Lot
01:39:11.729 PM ET,8.000,1,8,Mid,Off Exchange,Odd Lot
01:40:30.964 PM ET,8.025,1,8,Mid,Off Exchange,Odd Lot
01:40:57.297 PM ET,8.025,1,8,Mid,Off Exchange,Odd Lot
01:41:33.873 PM ET,8.025,1,8,Mid,Off Exchange,Odd Lot
01:41:42.697 PM ET,8.025,1,8,Mid,Off Exchange,Odd Lot
01:42:11.766 PM ET,8.025,1,8,Mid,Off Exchange,Odd Lot
01:42:43.379 PM ET,8.020,1,8,Mid,Off Exchange,Odd Lot
01:43:28.263 PM ET,8.030,1,8,Mid,IEX,Odd Lot
01:44:09.038 PM ET,8.020,1,8,Mid,Off Exchange,Odd Lot
01:44:22.913 PM ET,8.030,1,8,Mid,Nasdaq GSM,Inter Mkt Swp; Odd Lot; Trade Thru Exmpt
01:46:43.525 PM ET,8.030,1,8,Mid,Nasdaq GSM,Inter Mkt Swp; Odd Lot; Trade Thru Exmpt
01:46:43.526 PM ET,8.025,1,8,Mid,IEX,Odd Lot
01:47:52.095 PM ET,8.004,1,8,Mid,Off Exchange,Odd Lot
01:48:31.510 PM ET,7.990,1,8,Bid,IEX,Odd Lot
01:53:01.075 PM ET,7.990,1,8,Mid,MIAX Pearl,Odd Lot
01:53:01.075 PM ET,7.990,1,8,Mid,IEX,Odd Lot
01:55:52.510 PM ET,8.015,1,8,Mid,Off Exchange,Odd Lot
01:55:52.512 PM ET,8.015,1,8,Mid,Off Exchange,Odd Lot
01:56:32.369 PM ET,8.010,1,8,Mid,Off Exchange,Odd Lot
01:57:08.246 PM ET,8.015,1,8,Mid,Off Exchange,Odd Lot
01:59:05.835 PM ET,8.015,1,8,Mid,Nasdaq GSM,Odd Lot
01:59:05.836 PM ET,8.015,1,8,Mid,IEX,Odd Lot
01:59:22.074 PM ET,8.030,1,8,Ask,Off Exchange,Odd Lot
02:01:18.162 PM ET,7.985,1,8,Bid,Nasdaq GSM,Odd Lot
02:02:52.161 PM ET,8.000,1,8,Ask,Cboe BZX,Inter Mkt Swp; Odd Lot; Trade Thru Exmpt
02:05:19.711 PM ET,8.000,1,8,Mid,Cboe BZX,Inter Mkt Swp; Odd Lot; Trade Thru Exmpt
02:05:19.794 PM ET,8.000,1,8,Mid,Off Exchange,Odd Lot
02:09:07.502 PM ET,8.000,1,8,Mid,Off Exchange,Odd Lot
02:10:23.072 PM ET,8.000,1,8,Mid,Off Exchange,Odd Lot
02:16:41.640 PM ET,8.060,1,8,Ask,Nasdaq GSM,Inter Mkt Swp; Odd Lot; Trade Thru Exmpt
02:19:26.225 PM ET,8.070,1,8,Mid,Off Exchange,Odd Lot
02:20:07.080 PM ET,8.070,1,8,Mid,Off Exchange,Odd Lot
02:21:06.690 PM ET,8.070,1,8,Mid,Off Exchange,Odd Lot
02:22:11.169 PM ET,8.050,1,8,Bid,Nasdaq GSM,Inter Mkt Swp; Odd Lot; Trade Thru Exmpt
02:22:11.170 PM ET,8.050,1,8,Bid,NYSE,Inter Mkt Swp; Odd Lot; Trade Thru Exmpt
02:22:11.172 PM ET,8.050,1,8,Bid,Off Exchange,Odd Lot
02:22:43.607 PM ET,8.060,1,8,Mid,Nasdaq GSM,Inter Mkt Swp; Odd Lot; Trade Thru Exmpt
02:22:43.608 PM ET,8.060,1,8,Mid,Off Exchange,Odd Lot
02:28:35.767 PM ET,8.070,1,8,Mid,IEX,Odd Lot
02:28:51.167 PM ET,8.070,1,8,Mid,Off Exchange,Odd Lot
02:34:40.665 PM ET,8.050,1,8,Mid,NYSE,Odd Lot
02:34:40.665 PM ET,8.050,1,8,Mid,NYSE Arca,Odd Lot
02:34:58.057 PM ET,8.050,1,8,Mid,Off Exchange,Odd Lot
02:35:25.586 PM ET,8.040,1,8,Mid,Off Exchange,Odd Lot
02:41:14.264 PM ET,8.020,1,8,Mid,Off Exchange,Odd Lot
02:42:14.635 PM ET,8.020,1,8,Mid,Off Exchange,Odd Lot
02:42:33.264 PM ET,8.000,1,8,Bid,NYSE American,Inter Mkt Swp; Odd Lot; Trade Thru Exmpt
02:43:35.679 PM ET,8.000,1,8,Mid,Nasdaq GSM,Inter Mkt Swp; Odd Lot; Trade Thru Exmpt
02:43:55.158 PM ET,8.000,1,8,Mid,Nasdaq GSM,Inter Mkt Swp; Odd Lot; Trade Thru Exmpt
02:43:55.159 PM ET,8.000,1,8,Mid,Off Exchange,Odd Lot
02:44:31.000 PM ET,8.000,1,8,Mid,Nasdaq GSM,Inter Mkt Swp; Odd Lot; Trade Thru Exmpt
02:50:01.719 PM ET,7.990,1,8,Ask,Nasdaq GSM,Inter Mkt Swp; Odd Lot; Trade Thru Exmpt
03:00:17.804 PM ET,7.970,1,8,Mid,NYSE Arca,Inter Mkt Swp; Odd Lot; Trade Thru Exmpt
03:01:13.653 PM ET,7.980,1,8,Mid,Off Exchange,Odd Lot
03:01:13.785 PM ET,7.977,1,8,Mid,Off Exchange,Odd Lot
03:01:56.936 PM ET,7.960,1,8,Mid,Nasdaq GSM,Odd Lot
03:08:20.682 PM ET,7.945,1,8,Mid,Cboe EDGX,Odd Lot
03:08:20.683 PM ET,7.945,1,8,Mid,IEX,Odd Lot
03:10:57.203 PM ET,7.940,1,8,Bid,Nasdaq GSM,Inter Mkt Swp; Odd Lot; Trade Thru Exmpt
03:10:57.204 PM ET,7.940,1,8,Bid,NYSE Arca,Odd Lot
03:11:04.245 PM ET,7.945,1,8,Mid,Off Exchange,Odd Lot
03:11:23.244 PM ET,7.940,1,8,Ask,Nasdaq GSM,Inter Mkt Swp; Odd Lot; Trade Thru Exmpt
03:11:23.244 PM ET,7.940,1,8,Ask,Nasdaq GSM,Odd Lot
03:11:52.332 PM ET,7.935,1,8,Mid,Off Exchange,Odd Lot
03:12:34.364 PM ET,7.950,1,8,Ask,NYSE,Odd Lot
03:12:34.364 PM ET,7.955,1,8,Ask,Cboe EDGX,Inter Mkt Swp; Odd Lot; Trade Thru Exmpt
03:16:45.206 PM ET,7.970,1,8,Mid,IEX,Odd Lot
03:16:49.364 PM ET,7.970,1,8,Mid,IEX,Odd Lot
03:20:14.754 PM ET,7.980,1,8,Mid,Nasdaq GSM,Inter Mkt Swp; Odd Lot; Trade Thru Exmpt
03:20:14.757 PM ET,7.980,1,8,Mid,Nasdaq GSM,Odd Lot
03:20:31.455 PM ET,7.980,1,8,Mid,Nasdaq GSM,Odd Lot
03:22:24.638 PM ET,7.990,1,8,Mid,Nasdaq GSM,Odd Lot
03:25:03.029 PM ET,8.010,1,8,Mid,Off Exchange,Odd Lot
03:25:10.434 PM ET,8.010,1,8,Mid,Off Exchange,Odd Lot
03:28:37.943 PM ET,7.975,1,8,Mid,Off Exchange,Odd Lot
03:29:06.085 PM ET,7.970,1,8,Mid,Nasdaq GSM,Odd Lot
03:30:27.586 PM ET,7.960,1,8,Bid,IEX,Odd Lot
03:30:53.286 PM ET,7.960,1,8,Bid,Nasdaq GSM,Inter Mkt Swp; Odd Lot; Trade Thru Exmpt
03:32:03.382 PM ET,7.950,1,8,Bid,Nasdaq GSM,Odd Lot
03:34:00.925 PM ET,7.925,1,8,Mid,TXSE,Inter Mkt Swp; Odd Lot; Trade Thru Exmpt
03:34:12.192 PM ET,7.940,1,8,Ask,Cboe BZX,Odd Lot
03:34:16.930 PM ET,7.935,1,8,Mid,Off Exchange,Odd Lot
03:34:19.213 PM ET,7.945,1,8,Ask,Off Exchange,Deriv Priced; Odd Lot; Trade Thru Exmpt
03:35:09.101 PM ET,7.942,1,8,Mid,Off Exchange,Odd Lot
03:35:46.849 PM ET,7.950,1,8,Mid,IEX,Odd Lot
03:35:58.051 PM ET,7.940,1,8,Bid,Cboe BYX,Odd Lot
03:36:04.529 PM ET,7.940,1,8,Mid,Off Exchange,Odd Lot
03:37:02.190 PM ET,7.950,1,8,Mid,Off Exchange,Odd Lot
03:38:00.236 PM ET,7.950,1,8,Mid,IEX,Odd Lot
03:39:52.581 PM ET,7.950,1,8,Mid,Off Exchange,Odd Lot
03:40:02.206 PM ET,7.940,1,8,Bid,Nasdaq GSM,Odd Lot
03:40:02.290 PM ET,7.940,1,8,Bid,Nasdaq GSM,Odd Lot
03:40:06.115 PM ET,7.940,1,8,Bid,Nasdaq GSM,Odd Lot
03:40:28.835 PM ET,7.940,1,8,Ask,IEX,Odd Lot
03:40:58.064 PM ET,7.910,1,8,Mid,Nasdaq GSM,Odd Lot
03:43:00.350 PM ET,7.930,1,8,Mid,Off Exchange,Odd Lot
03:45:18.897 PM ET,7.915,1,8,Mid,Off Exchange,Odd Lot
03:45:37.957 PM ET,7.920,1,8,Mid,Nasdaq GSM,Inter Mkt Swp; Odd Lot; Trade Thru Exmpt
03:47:44.337 PM ET,7.940,1,8,Mid,Off Exchange,Odd Lot
03:48:12.918 PM ET,7.950,1,8,Ask,Nasdaq GSM,Inter Mkt Swp; Odd Lot; Trade Thru Exmpt
03:48:38.144 PM ET,7.940,1,8,Mid,Off Exchange,Odd Lot
03:48:48.489 PM ET,7.940,1,8,Mid,Off Exchange,Odd Lot
03:48:48.531 PM ET,7.940,1,8,Mid,Off Exchange,Odd Lot
03:50:00.067 PM ET,7.950,1,8,Bid,NYSE,Inter Mkt Swp; Odd Lot; Trade Thru Exmpt
03:51:31.955 PM ET,7.984,1,8,Mid,Off Exchange,Odd Lot
03:52:13.711 PM ET,7.970,1,8,Bid,Nasdaq GSM,Inter Mkt Swp; Odd Lot; Trade Thru Exmpt
03:52:22.246 PM ET,7.970,1,8,Ask,NYSE Arca,Inter Mkt Swp; Odd Lot; Trade Thru Exmpt
03:53:11.610 PM ET,7.990,1,8,Mid,Off Exchange,Odd Lot
03:53:35.261 PM ET,7.976,1,8,Mid,Off Exchange,Deriv Priced; Odd Lot; Trade Thru Exmpt
03:55:00.139 PM ET,7.990,1,8,Mid,Nasdaq GSM,Odd Lot
03:55:29.108 PM ET,7.990,1,8,Mid,Off Exchange,Odd Lot
03:56:08.571 PM ET,8.010,1,8,Ask,IEX,Odd Lot
03:56:12.098 PM ET,8.020,1,8,Mid,Off Exchange,Odd Lot
03:56:12.109 PM ET,8.020,1,8,Mid,Off Exchange,Odd Lot
03:56:27.846 PM ET,8.020,1,8,Mid,Off Exchange,Odd Lot
03:56:27.942 PM ET,8.020,1,8,Mid,Off Exchange,Odd Lot
03:56:44.398 PM ET,8.020,1,8,Mid,IEX,Odd Lot
03:57:47.398 PM ET,8.010,1,8,Bid,Off Exchange,Odd Lot
03:58:16.248 PM ET,7.990,1,8,Mid,Off Exchange,Odd Lot
03:58:16.249 PM ET,7.990,1,8,Mid,Off Exchange,Odd Lot
03:59:02.475 PM ET,7.982,1,8,Mid,Off Exchange,Odd Lot
03:59:25.834 PM ET,7.990,1,8,None,Nasdaq GSM,Odd Lot
03:59:26.426 PM ET,8.000,1,8,None,Nasdaq GSM,Inter Mkt Swp; Odd Lot; Trade Thru Exmpt
03:59:26.427 PM ET,7.990,1,8,None,Cboe BZX,Inter Mkt Swp; Odd Lot; Trade Thru Exmpt
03:59:29.116 PM ET,7.990,1,8,None,NYSE Arca,Inter Mkt Swp; Odd Lot; Trade Thru Exmpt
03:59:30.812 PM ET,7.985,1,8,None,Off Exchange,Odd Lot
03:59:34.994 PM ET,7.990,1,8,None,Nasdaq GSM,Odd Lot
03:59:34.994 PM ET,7.990,1,8,None,Cboe BZX,Inter Mkt Swp; Odd Lot; Trade Thru Exmpt
03:59:41.007 PM ET,7.990,1,8,None,Nasdaq GSM,Inter Mkt Swp; Odd Lot; Trade Thru Exmpt
03:59:41.243 PM ET,7.995,1,8,None,Off Exchange,Odd Lot
03:59:45.859 PM ET,7.995,1,8,None,Off Exchange,Odd Lot
03:59:49.184 PM ET,7.995,1,8,None,Off Exchange,Odd Lot
03:59:52.825 PM ET,7.985,1,8,None,Off Exchange,Odd Lot
03:59:54.921 PM ET,7.990,1,8,None,Nasdaq GSM,Inter Mkt Swp; Odd Lot; Trade Thru Exmpt
04:00:18.398 PM ET,7.990,1,8,None,Off Exchange,Frm T Ext Hrs; Odd Lot
04:00:54.174 PM ET,8.050,1,8,Bid,Cboe BZX,Frm T Ext Hrs; Inter Mkt Swp; Odd Lot; Trade Thru Exmpt
04:04:05.638 PM ET,7.990,1,8,Mid,Off Exchange,Frm T Ext Hrs; Odd Lot
04:10:04.505 PM ET,7.990,1,8,Mid,Off Exchange,Frm T Ext Hrs; Odd Lot
