Time,Price,Size,Premium,Side,Exchange,Conditions
11:00:18.816 AM ET,1.330,"100,000",133.00K,Bid,Off Exchange,
01:18:22.902 PM ET,1.320,"50,000",66.00K,Ask,Off Exchange,
04:00:00.349 PM ET,1.300,"49,958",64.95K,None,Nasdaq GSM,Close; Cross; Trade Thru Exmpt
03:59:54.068 PM ET,1.310,"30,400",39.82K,None,Off Exchange,
03:15:55.427 PM ET,1.295,"20,000",25.90K,Mid,Off Exchange,
09:30:01.485 AM ET,1.310,"14,306",18.74K,Mid,Nasdaq GSM,Cross; Mkt Cntr Open; Trade Thru Exmpt
03:54:50.323 PM ET,1.295,"14,000",18.13K,Mid,Nasdaq GSM,
10:48:35.848 AM ET,1.330,"12,246",16.29K,Mid,Off Exchange,
03:23:37.564 PM ET,1.310,"9,660",12.65K,Ask,Off Exchange,
03:14:22.897 PM ET,1.295,"8,000",10.36K,Mid,Off Exchange,
09:30:04.342 AM ET,1.260,"7,867",9.91K,Bid,Off Exchange,
10:40:53.243 AM ET,1.330,"7,440",9.90K,Ask,Off Exchange,
02:41:08.037 PM ET,1.295,"7,370",9.54K,Mid,Off Exchange,
03:14:22.897 PM ET,1.295,"7,200",9.32K,Mid,Off Exchange,
03:59:54.068 PM ET,1.309,"6,616",8.66K,None,Off Exchange,
03:14:22.899 PM ET,1.290,"6,600",8.51K,Bid,Off Exchange,
05:47:16.423 PM ET,1.300,"6,397",8.32K,Mid,Off Exchange,Frm T Ext Hrs; Prior Ref Price
05:11:51.330 PM ET,1.301,"6,100",7.93K,Mid,Off Exchange,Avg Price; Frm T Ext Hrs
11:43:36.479 AM ET,1.305,"6,000",7.83K,Mid,Off Exchange,
10:48:35.847 AM ET,1.330,"5,350",7.12K,Ask,Off Exchange,
10:48:35.847 AM ET,1.330,"5,350",7.11K,Mid,Off Exchange,
01:19:03.911 PM ET,1.320,"5,208",6.87K,Ask,Nasdaq GSM,Inter Mkt Swp; Trade Thru Exmpt
09:30:02.421 AM ET,1.300,"4,696",6.10K,Bid,Nasdaq GSM,Inter Mkt Swp; Trade Thru Exmpt
03:36:33.701 PM ET,1.300,"4,560",5.93K,Ask,Nasdaq GSM,
09:32:30.079 AM ET,1.310,"4,436",5.81K,Mid,Off Exchange,
03:18:22.146 PM ET,1.290,"4,400",5.68K,Bid,Off Exchange,
03:54:50.547 PM ET,1.300,"3,900",5.07K,Ask,Nasdaq GSM,Inter Mkt Swp; Trade Thru Exmpt
09:35:35.370 AM ET,1.322,"3,700",4.89K,Mid,Off Exchange,
10:00:48.320 AM ET,1.330,"3,700",4.92K,Bid,Nasdaq GSM,Inter Mkt Swp; Trade Thru Exmpt
09:40:24.169 AM ET,1.320,"3,244",4.28K,Bid,Nasdaq GSM,
09:40:24.171 AM ET,1.320,"3,244",4.28K,Mid,Off Exchange,
02:16:49.277 PM ET,1.300,"3,194",4.15K,Bid,Off Exchange,
10:44:54.628 AM ET,1.320,"3,000",3.96K,Bid,Off Exchange,
01:02:27.507 PM ET,1.330,"2,780",3.70K,Ask,Nasdaq GSM,
01:19:03.913 PM ET,1.320,"2,700",3.56K,Ask,Off Exchange,
09:59:06.982 AM ET,1.330,"2,500",3.33K,Bid,Off Exchange,
12:42:12.371 PM ET,1.315,"2,500",3.29K,Mid,Off Exchange,
03:54:50.547 PM ET,1.300,"2,440",3.17K,Ask,Nasdaq GSM,Inter Mkt Swp; Trade Thru Exmpt
12:19:32.416 PM ET,1.320,"2,300",3.04K,Bid,Nasdaq GSM,Inter Mkt Swp; Trade Thru Exmpt
08:32:11.646 AM ET,1.290,"2,182",2.81K,Ask,Cboe EDGX,Frm T Ext Hrs
09:40:24.157 AM ET,1.320,"2,100",2.77K,Bid,Nasdaq GSM,
09:40:24.159 AM ET,1.320,"2,100",2.77K,Mid,Off Exchange,
03:57:01.266 PM ET,1.310,"2,023",2.65K,Ask,Nasdaq GSM,
09:30:02.722 AM ET,1.270,"2,000",2.54K,Bid,Nasdaq GSM,
09:36:35.395 AM ET,1.320,"2,000",2.64K,Bid,Off Exchange,
09:36:38.007 AM ET,1.320,"2,000",2.64K,Ask,NYSE,Inter Mkt Swp; Trade Thru Exmpt
09:56:07.794 AM ET,1.340,"2,000",2.68K,Mid,Off Exchange,
03:54:50.315 PM ET,1.295,"2,000",2.59K,Mid,Nasdaq GSM,
05:02:36.873 PM ET,1.319,"2,000",2.64K,Mid,Off Exchange,Frm T Ext Hrs
03:58:01.272 PM ET,1.305,"1,927",2.51K,Mid,Off Exchange,
03:54:44.381 PM ET,1.293,"1,900",2.46K,Mid,Off Exchange,
09:30:02.421 AM ET,1.300,"1,867",2.43K,Bid,Nasdaq GSM,
10:43:55.661 AM ET,1.325,"1,800",2.38K,Mid,Off Exchange,
03:57:00.951 PM ET,1.305,"1,800",2.35K,Mid,Off Exchange,
09:35:06.290 AM ET,1.310,"1,744",2.28K,Bid,Off Exchange,
01:19:03.911 PM ET,1.320,"1,700",2.24K,Ask,Nasdaq GSM,Inter Mkt Swp; Trade Thru Exmpt
01:19:03.912 PM ET,1.320,"1,700",2.24K,Ask,IEX,
10:55:38.899 AM ET,1.330,"1,646",2.19K,Bid,Nasdaq GSM,
01:02:27.507 PM ET,1.325,"1,600",2.12K,Mid,Nasdaq GSM,
03:57:00.944 PM ET,1.305,"1,600",2.09K,Mid,Off Exchange,
03:59:46.633 PM ET,1.315,"1,600",2.10K,None,Off Exchange,
03:59:11.500 PM ET,1.310,"1,529",2.00K,None,Cboe EDGX,Inter Mkt Swp; Trade Thru Exmpt
11:39:58.568 AM ET,1.310,"1,508",1.98K,Bid,Nasdaq GSM,Inter Mkt Swp; Trade Thru Exmpt
09:30:02.421 AM ET,1.300,"1,500",1.95K,Bid,Nasdaq GSM,Inter Mkt Swp; Trade Thru Exmpt
10:00:48.320 AM ET,1.330,"1,500",2.00K,Bid,Cboe BZX,Inter Mkt Swp; Trade Thru Exmpt
02:16:49.276 PM ET,1.300,"1,500",1.95K,Bid,Cboe BZX,
03:57:01.266 PM ET,1.310,"1,487",1.95K,Ask,Nasdaq GSM,
03:54:50.308 PM ET,1.295,"1,400",1.81K,Mid,Off Exchange,
03:59:00.004 PM ET,1.300,"1,382",1.80K,Bid,Nasdaq GSM,Inter Mkt Swp; Trade Thru Exmpt
03:57:01.266 PM ET,1.310,"1,349",1.77K,Ask,Nasdaq GSM,
11:32:39.954 AM ET,1.305,"1,300",1.70K,Mid,Off Exchange,
02:16:49.276 PM ET,1.300,"1,300",1.69K,Bid,Nasdaq GSM,
01:19:03.912 PM ET,1.320,"1,200",1.58K,Ask,NYSE Arca,Inter Mkt Swp; Trade Thru Exmpt
03:54:41.075 PM ET,1.295,"1,200",1.55K,Mid,IEX,
03:57:00.945 PM ET,1.305,"1,200",1.57K,Mid,IEX,
03:57:00.945 PM ET,1.305,"1,200",1.57K,Mid,Off Exchange,
03:58:06.381 PM ET,1.310,"1,200",1.57K,Bid,Cboe EDGA,Inter Mkt Swp; Trade Thru Exmpt
03:59:00.668 PM ET,1.310,"1,200",1.57K,Ask,NYSE Arca,
03:59:11.501 PM ET,1.310,"1,200",1.57K,None,NYSE Arca,Inter Mkt Swp; Trade Thru Exmpt
03:59:46.631 PM ET,1.315,"1,200",1.58K,None,Cboe EDGX,
03:59:51.083 PM ET,1.315,"1,200",1.58K,None,Nasdaq GSM,
03:54:50.547 PM ET,1.300,"1,167",1.52K,Ask,Cboe BZX,Inter Mkt Swp; Trade Thru Exmpt
11:00:32.839 AM ET,1.325,"1,111",1.47K,Mid,Off Exchange,
10:40:53.231 AM ET,1.330,"1,100",1.46K,Ask,Nasdaq GSM,
11:43:54.873 AM ET,1.310,"1,100",1.44K,Ask,NYSE Arca,Inter Mkt Swp; Trade Thru Exmpt
01:03:29.701 PM ET,1.320,"1,100",1.45K,Bid,Nasdaq GSM,Inter Mkt Swp; Trade Thru Exmpt
03:54:09.371 PM ET,1.295,"1,100",1.42K,Mid,Cboe BZX,
03:54:50.547 PM ET,1.300,"1,100",1.43K,Ask,Cboe BZX,Inter Mkt Swp; Trade Thru Exmpt
03:59:11.500 PM ET,1.310,"1,100",1.44K,None,Cboe BZX,Inter Mkt Swp; Trade Thru Exmpt
03:58:24.534 PM ET,1.310,"1,075",1.41K,Bid,Off Exchange,
08:37:44.365 AM ET,1.280,"1,020",1.31K,Mid,NYSE Arca,Frm T Ext Hrs
03:36:33.701 PM ET,1.300,"1,003",1.30K,Ask,Nasdaq GSM,
02:29:55.866 PM ET,1.290,"1,001",1.29K,Bid,Off Exchange,
10:01:09.485 AM ET,1.325,"1,000",1.32K,Mid,Off Exchange,
10:40:53.231 AM ET,1.330,"1,000",1.33K,Ask,Nasdaq GSM,
10:40:53.231 AM ET,1.330,"1,000",1.33K,Ask,NYSE Arca,
10:40:53.232 AM ET,1.330,"1,000",1.33K,Ask,Nasdaq GSM,Inter Mkt Swp; Trade Thru Exmpt
11:00:14.454 AM ET,1.334,"1,000",1.33K,Mid,Off Exchange,
11:05:29.559 AM ET,1.315,"1,000",1.31K,Bid,Off Exchange,
11:37:48.422 AM ET,1.310,"1,000",1.31K,Bid,NYSE Arca,Inter Mkt Swp; Trade Thru Exmpt
11:39:58.568 AM ET,1.310,"1,000",1.31K,Bid,Nasdaq GSM,Inter Mkt Swp; Trade Thru Exmpt
11:41:06.350 AM ET,1.305,"1,000",1.30K,Mid,Off Exchange,
11:42:38.797 AM ET,1.305,"1,000",1.30K,Mid,Off Exchange,
11:43:52.466 AM ET,1.308,"1,000",1.31K,Mid,Off Exchange,
12:19:32.417 PM ET,1.320,"1,000",1.32K,Bid,NYSE Arca,Inter Mkt Swp; Trade Thru Exmpt
01:19:03.912 PM ET,1.320,"1,000",1.32K,Ask,NYSE National,
01:19:05.373 PM ET,1.320,"1,000",1.32K,Ask,NYSE,Inter Mkt Swp; Trade Thru Exmpt
02:01:05.708 PM ET,1.300,"1,000",1.30K,Bid,Off Exchange,
02:09:09.242 PM ET,1.300,"1,000",1.30K,Ask,Off Exchange,
02:16:49.276 PM ET,1.300,"1,000",1.30K,Bid,Nasdaq GSM,
03:36:33.701 PM ET,1.300,"1,000",1.30K,Ask,TXSE,
03:54:50.547 PM ET,1.300,"1,000",1.30K,Ask,Nasdaq GSM,Inter Mkt Swp; Trade Thru Exmpt
03:54:50.547 PM ET,1.300,"1,000",1.30K,Ask,IEX,
03:54:50.568 PM ET,1.300,"1,000",1.30K,Ask,Off Exchange,
03:57:00.945 PM ET,1.305,"1,000",1.30K,Mid,Off Exchange,
03:57:00.952 PM ET,1.305,"1,000",1.30K,Mid,Off Exchange,
03:57:01.266 PM ET,1.310,"1,000",1.31K,Ask,Nasdaq GSM,
03:58:06.381 PM ET,1.310,"1,000",1.31K,Bid,Nasdaq GSM,
03:59:00.004 PM ET,1.300,"1,000",1.30K,Bid,Nasdaq GSM,Inter Mkt Swp; Trade Thru Exmpt
03:59:57.521 PM ET,1.310,"1,000",1.31K,None,Cboe BZX,Inter Mkt Swp; Trade Thru Exmpt
11:27:48.130 AM ET,1.310,999,1.31K,Ask,Off Exchange,
09:30:02.421 AM ET,1.300,990,1.29K,Bid,Nasdaq GSM,Inter Mkt Swp; Trade Thru Exmpt
08:37:44.365 AM ET,1.280,980,1.25K,Mid,NYSE Arca,Frm T Ext Hrs
03:54:50.547 PM ET,1.300,970,1.26K,Ask,Nasdaq GSM,Inter Mkt Swp; Trade Thru Exmpt
09:30:03.181 AM ET,1.310,967,1.27K,Ask,Off Exchange,Deriv Priced; Trade Thru Exmpt
11:24:11.299 AM ET,1.305,950,1.24K,Mid,Off Exchange,
12:19:32.416 PM ET,1.320,940,1.24K,Bid,Nasdaq GSM,Inter Mkt Swp; Trade Thru Exmpt
10:00:48.320 AM ET,1.330,910,1.21K,Bid,Nasdaq GSM,Inter Mkt Swp; Trade Thru Exmpt
02:16:49.276 PM ET,1.300,910,1.18K,Bid,Nasdaq GSM,
11:09:19.791 AM ET,1.315,900,1.18K,Mid,Off Exchange,
02:16:49.276 PM ET,1.300,900,1.17K,Bid,Cboe BZX,
03:48:21.790 PM ET,1.295,900,1.17K,Mid,Off Exchange,
03:54:50.427 PM ET,1.295,900,1.17K,Mid,Off Exchange,
03:54:50.547 PM ET,1.300,900,1.17K,Ask,Cboe BZX,Inter Mkt Swp; Trade Thru Exmpt
03:54:50.547 PM ET,1.300,900,1.17K,Ask,Off Exchange,
03:55:00.204 PM ET,1.300,900,1.17K,Bid,NYSE Arca,Inter Mkt Swp; Trade Thru Exmpt
03:58:06.381 PM ET,1.310,900,1.18K,Bid,NYSE,
03:49:29.764 PM ET,1.290,880,1.14K,Bid,Off Exchange,
01:19:03.912 PM ET,1.320,865,1.14K,Ask,Cboe BYX,Inter Mkt Swp; Trade Thru Exmpt
01:19:05.373 PM ET,1.320,865,1.14K,Ask,MEMX,Inter Mkt Swp; Trade Thru Exmpt
08:32:11.645 AM ET,1.290,811,1.05K,Ask,NYSE Arca,Frm T Ext Hrs
01:02:27.507 PM ET,1.325,811,1.07K,Mid,Cboe BZX,
03:39:03.499 PM ET,1.290,810,1.04K,Bid,Off Exchange,
09:30:03.542 AM ET,1.300,800,1.04K,Mid,Off Exchange,
10:35:40.482 AM ET,1.325,800,1.06K,Mid,Off Exchange,
10:40:53.231 AM ET,1.330,800,1.06K,Ask,NYSE Arca,
01:19:03.912 PM ET,1.320,800,1.06K,Ask,NYSE,Inter Mkt Swp; Trade Thru Exmpt
01:22:19.411 PM ET,1.320,800,1.06K,Ask,Off Exchange,
02:00:11.987 PM ET,1.300,800,1.04K,Bid,Nasdaq GSM,Inter Mkt Swp; Trade Thru Exmpt
02:00:37.323 PM ET,1.300,800,1.04K,Bid,Off Exchange,
02:14:07.765 PM ET,1.300,800,1.04K,Bid,NYSE,Inter Mkt Swp; Trade Thru Exmpt
03:14:22.897 PM ET,1.295,800,1.04K,Mid,Off Exchange,
03:14:22.899 PM ET,1.295,800,1.04K,Mid,Off Exchange,
03:53:15.373 PM ET,1.300,800,1.04K,Ask,Off Exchange,
03:55:00.204 PM ET,1.300,800,1.04K,Bid,NYSE Arca,Inter Mkt Swp; Trade Thru Exmpt
12:54:06.851 PM ET,1.315,774,1.02K,Mid,Off Exchange,
01:19:03.911 PM ET,1.320,769,1.02K,Ask,Nasdaq GSM,Inter Mkt Swp; Trade Thru Exmpt
09:53:36.118 AM ET,1.340,753,1.01K,Mid,Off Exchange,
11:14:09.475 AM ET,1.310,750,982,Mid,Off Exchange,
11:40:32.485 AM ET,1.300,750,975,Bid,Off Exchange,
01:19:05.373 PM ET,1.320,742,979,Ask,Nasdaq BX,
03:47:10.183 PM ET,1.296,742,962,Mid,Off Exchange,
03:54:50.547 PM ET,1.300,733,953,Ask,Nasdaq GSM,Inter Mkt Swp; Trade Thru Exmpt
12:05:51.014 PM ET,1.310,720,943,Bid,Off Exchange,
03:44:36.104 PM ET,1.290,720,929,Bid,Off Exchange,
06:25:16.178 PM ET,1.260,705,888,Mid,Off Exchange,Frm T Ext Hrs
09:30:01.486 AM ET,1.290,700,903,Mid,Cboe EDGX,Inter Mkt Swp; Trade Thru Exmpt
09:30:03.309 AM ET,1.300,700,910,Mid,Off Exchange,
09:41:40.896 AM ET,1.330,700,931,Ask,Off Exchange,
11:05:29.525 AM ET,1.320,700,924,Bid,TXSE,
11:07:34.024 AM ET,1.315,700,921,Mid,Nasdaq GSM,
11:14:04.293 AM ET,1.310,700,917,Bid,Nasdaq GSM,Inter Mkt Swp; Trade Thru Exmpt
11:39:58.568 AM ET,1.310,700,917,Bid,Cboe BZX,Inter Mkt Swp; Trade Thru Exmpt
12:51:14.652 PM ET,1.315,700,921,Mid,IEX,
01:02:27.508 PM ET,1.325,700,928,Mid,Off Exchange,
01:02:27.509 PM ET,1.325,700,928,Mid,Off Exchange,
01:02:43.401 PM ET,1.325,700,928,Mid,Nasdaq GSM,
01:02:43.401 PM ET,1.325,700,928,Mid,Cboe BZX,
01:02:43.401 PM ET,1.325,700,928,Mid,MEMX,
01:02:43.402 PM ET,1.325,700,928,Mid,NYSE Arca,
01:02:43.402 PM ET,1.325,700,928,Mid,NYSE,
01:03:29.701 PM ET,1.320,700,924,Bid,Nasdaq GSM,Inter Mkt Swp; Trade Thru Exmpt
01:19:03.925 PM ET,1.315,700,921,Mid,Nasdaq GSM,
01:19:05.373 PM ET,1.315,700,921,Mid,Nasdaq GSM,Inter Mkt Swp; Trade Thru Exmpt
01:19:05.373 PM ET,1.315,700,921,Mid,MEMX,Inter Mkt Swp; Trade Thru Exmpt
01:19:05.373 PM ET,1.315,700,921,Mid,NYSE,Inter Mkt Swp; Trade Thru Exmpt
01:22:40.612 PM ET,1.315,700,921,Mid,NYSE Arca,
01:23:40.244 PM ET,1.315,700,921,Mid,NYSE,
01:25:30.833 PM ET,1.315,700,921,Mid,Nasdaq GSM,
01:36:15.576 PM ET,1.315,700,921,Mid,Nasdaq GSM,
01:47:56.902 PM ET,1.315,700,921,Mid,Cboe BZX,
01:47:56.902 PM ET,1.315,700,921,Mid,NYSE Arca,
01:47:56.904 PM ET,1.315,700,921,Mid,NYSE,
01:47:56.907 PM ET,1.315,700,921,Mid,NYSE,
01:52:25.402 PM ET,1.310,700,917,Bid,TXSE,
01:52:25.402 PM ET,1.310,700,917,Bid,MIAX Pearl,
01:52:25.402 PM ET,1.310,700,917,Bid,NYSE Arca,
02:00:11.987 PM ET,1.305,700,914,Mid,Cboe EDGX,
02:00:11.987 PM ET,1.305,700,914,Mid,MEMX,
02:00:11.988 PM ET,1.305,700,914,Mid,NYSE Arca,
02:00:11.988 PM ET,1.305,700,914,Mid,MIAX Pearl,
02:00:11.988 PM ET,1.305,700,914,Mid,NYSE American,
02:01:32.139 PM ET,1.300,700,910,Bid,Nasdaq GSM,Inter Mkt Swp; Trade Thru Exmpt
02:08:47.523 PM ET,1.295,700,907,Mid,NYSE,
03:54:50.308 PM ET,1.295,700,907,Mid,IEX,
03:54:50.547 PM ET,1.300,700,910,Ask,Nasdaq GSM,Inter Mkt Swp; Trade Thru Exmpt
03:57:00.945 PM ET,1.305,700,914,Mid,IEX,
03:57:00.946 PM ET,1.305,700,914,Mid,IEX,
10:40:53.243 AM ET,1.330,692,920,Ask,Nasdaq GSM,
10:48:20.504 AM ET,1.325,630,835,Mid,Off Exchange,
03:59:54.548 PM ET,1.310,624,817,None,Cboe BZX,
02:14:07.764 PM ET,1.300,620,806,Bid,MEMX,Inter Mkt Swp; Trade Thru Exmpt
01:25:30.857 PM ET,1.315,610,802,Mid,IEX,
03:58:06.381 PM ET,1.310,602,789,Bid,NYSE Arca,
09:32:39.736 AM ET,1.310,600,786,Mid,IEX,
09:55:40.747 AM ET,1.340,600,804,Mid,Off Exchange,
10:48:35.837 AM ET,1.325,600,795,Mid,Cboe BZX,
10:48:35.837 AM ET,1.325,600,795,Mid,NYSE,
11:05:29.525 AM ET,1.320,600,792,Bid,TXSE,
11:05:29.525 AM ET,1.320,600,792,Bid,NYSE Arca,Inter Mkt Swp; Trade Thru Exmpt
11:17:50.792 AM ET,1.300,600,780,Mid,Off Exchange,
12:29:07.065 PM ET,1.315,600,789,Mid,IEX,
01:23:10.238 PM ET,1.315,600,789,Mid,NYSE,
01:23:10.240 PM ET,1.315,600,789,Mid,NYSE Arca,
01:23:40.246 PM ET,1.315,600,789,Mid,NYSE Arca,
01:52:25.401 PM ET,1.310,600,786,Bid,Nasdaq GSM,
01:54:57.654 PM ET,1.305,600,783,Mid,Cboe EDGX,
02:00:11.987 PM ET,1.305,600,783,Mid,Nasdaq GSM,Inter Mkt Swp; Trade Thru Exmpt
02:14:07.765 PM ET,1.300,600,780,Bid,NYSE Arca,Inter Mkt Swp; Trade Thru Exmpt
02:16:49.276 PM ET,1.300,600,780,Bid,Cboe BZX,
03:14:22.898 PM ET,1.295,600,777,Mid,Off Exchange,
03:29:24.775 PM ET,1.305,600,783,Mid,Cboe BZX,
03:29:31.083 PM ET,1.305,600,783,Mid,NYSE,
03:32:55.675 PM ET,1.305,600,783,Mid,IEX,
03:36:33.701 PM ET,1.300,600,780,Ask,TXSE,
03:48:29.782 PM ET,1.295,600,777,Mid,Cboe BZX,
03:53:28.680 PM ET,1.295,600,777,Mid,Cboe EDGX,
03:54:50.547 PM ET,1.300,600,780,Ask,Cboe BZX,Inter Mkt Swp; Trade Thru Exmpt
03:57:00.945 PM ET,1.305,600,783,Mid,IEX,
03:57:00.952 PM ET,1.305,600,783,Mid,IEX,
03:58:06.381 PM ET,1.310,600,786,Bid,Nasdaq GSM,
03:59:01.490 PM ET,1.310,600,786,Ask,Cboe BYX,Inter Mkt Swp; Trade Thru Exmpt
03:59:11.500 PM ET,1.310,600,786,None,Cboe BZX,Inter Mkt Swp; Trade Thru Exmpt
03:59:29.200 PM ET,1.310,600,786,None,NYSE Arca,
11:00:18.831 AM ET,1.330,596,793,Bid,Cboe EDGX,Inter Mkt Swp; Trade Thru Exmpt
10:40:53.231 AM ET,1.330,590,785,Ask,Off Exchange,
03:36:33.701 PM ET,1.300,582,757,Ask,Off Exchange,
03:59:00.004 PM ET,1.300,574,746,Bid,Cboe BZX,Inter Mkt Swp; Trade Thru Exmpt
03:59:00.004 PM ET,1.300,552,718,Bid,Nasdaq GSM,Inter Mkt Swp; Trade Thru Exmpt
11:14:21.255 AM ET,1.305,550,718,Mid,Off Exchange,
03:59:00.003 PM ET,1.310,548,718,Bid,Nasdaq GSM,Inter Mkt Swp; Trade Thru Exmpt
01:19:03.912 PM ET,1.320,535,706,Ask,Cboe BYX,Inter Mkt Swp; Trade Thru Exmpt
11:00:18.831 AM ET,1.330,504,670,Bid,Nasdaq GSM,Inter Mkt Swp; Trade Thru Exmpt
02:00:11.987 PM ET,1.300,504,655,Bid,Nasdaq GSM,Inter Mkt Swp; Trade Thru Exmpt
08:32:11.645 AM ET,1.280,500,640,Ask,Cboe EDGX,Frm T Ext Hrs
09:30:04.445 AM ET,1.270,500,635,Mid,Off Exchange,
09:34:06.460 AM ET,1.305,500,653,Mid,Off Exchange,
09:37:06.725 AM ET,1.320,500,660,Mid,Nasdaq GSM,
09:39:49.101 AM ET,1.330,500,665,Mid,Off Exchange,
09:40:24.156 AM ET,1.320,500,660,Bid,Nasdaq GSM,
09:40:24.157 AM ET,1.320,500,660,Bid,Nasdaq GSM,
09:40:24.157 AM ET,1.320,500,660,Mid,Off Exchange,
09:40:24.158 AM ET,1.320,500,660,Mid,Off Exchange,
09:40:24.159 AM ET,1.320,500,660,Mid,Off Exchange,
09:40:24.167 AM ET,1.320,500,660,Bid,Off Exchange,
09:40:24.168 AM ET,1.320,500,660,Mid,Off Exchange,
09:40:24.169 AM ET,1.320,500,660,Bid,Nasdaq GSM,
09:40:24.170 AM ET,1.320,500,660,Mid,Off Exchange,
09:40:24.170 AM ET,1.320,500,660,Bid,NYSE,Inter Mkt Swp; Trade Thru Exmpt
10:08:56.898 AM ET,1.320,500,660,Bid,Nasdaq GSM,Inter Mkt Swp; Trade Thru Exmpt
10:44:54.626 AM ET,1.325,500,663,Mid,Nasdaq GSM,
11:00:31.327 AM ET,1.325,500,663,Mid,Off Exchange,
11:05:29.525 AM ET,1.320,500,660,Bid,Nasdaq GSM,Inter Mkt Swp; Trade Thru Exmpt
11:05:29.525 AM ET,1.320,500,660,Bid,NYSE Arca,Inter Mkt Swp; Trade Thru Exmpt
11:14:04.293 AM ET,1.310,500,655,Bid,Cboe EDGX,Inter Mkt Swp; Trade Thru Exmpt
11:21:08.860 AM ET,1.305,500,653,Mid,Off Exchange,
11:37:48.422 AM ET,1.310,500,655,Bid,NYSE,Inter Mkt Swp; Trade Thru Exmpt
12:19:32.417 PM ET,1.320,500,660,Bid,NYSE,Inter Mkt Swp; Trade Thru Exmpt
12:47:10.158 PM ET,1.310,500,655,Mid,Off Exchange,
12:56:15.928 PM ET,1.320,500,660,Ask,IEX,
12:57:40.453 PM ET,1.320,500,660,Ask,IEX,
01:13:04.499 PM ET,1.315,500,658,Mid,IEX,
01:19:03.912 PM ET,1.320,500,660,Ask,Nasdaq BX,
01:19:03.912 PM ET,1.320,500,660,Ask,NYSE National,
01:19:05.373 PM ET,1.320,500,660,Ask,Nasdaq GSM,Inter Mkt Swp; Trade Thru Exmpt
01:21:26.233 PM ET,1.320,500,660,Ask,Off Exchange,
01:52:25.402 PM ET,1.310,500,655,Bid,Nasdaq GSM,
01:52:25.405 PM ET,1.305,500,653,Mid,NYSE Arca,Inter Mkt Swp; Trade Thru Exmpt
02:13:54.278 PM ET,1.295,500,648,Mid,IEX,
02:30:07.228 PM ET,1.300,500,650,Mid,Off Exchange,
02:34:00.795 PM ET,1.295,500,648,Mid,Off Exchange,
03:13:14.225 PM ET,1.300,500,650,Ask,Nasdaq GSM,
03:23:40.102 PM ET,1.305,500,653,Mid,NYSE Arca,
03:26:54.056 PM ET,1.310,500,655,Ask,Nasdaq GSM,
03:36:33.701 PM ET,1.300,500,650,Ask,Nasdaq GSM,
03:36:33.701 PM ET,1.300,500,650,Ask,NYSE Arca,
03:42:22.932 PM ET,1.295,500,648,Mid,Off Exchange,
03:52:06.545 PM ET,1.295,500,648,Mid,NYSE Arca,
03:54:09.332 PM ET,1.295,500,648,Mid,Cboe EDGX,
03:54:50.336 PM ET,1.295,500,648,Mid,Off Exchange,
03:54:50.547 PM ET,1.300,500,650,Ask,Nasdaq GSM,Inter Mkt Swp; Trade Thru Exmpt
03:54:50.547 PM ET,1.300,500,650,Ask,IEX,
03:54:50.547 PM ET,1.300,500,650,Ask,NYSE Arca,Inter Mkt Swp; Trade Thru Exmpt
03:54:50.554 PM ET,1.300,500,650,Ask,Off Exchange,
03:55:00.204 PM ET,1.300,500,650,Bid,Nasdaq GSM,Inter Mkt Swp; Trade Thru Exmpt
03:58:06.382 PM ET,1.310,500,655,Bid,IEX,
03:59:00.003 PM ET,1.310,500,655,Bid,IEX,
03:59:11.501 PM ET,1.310,500,655,None,IEX,
03:59:29.200 PM ET,1.310,500,655,None,NYSE Arca,
03:59:54.548 PM ET,1.310,500,655,None,Cboe BZX,
03:59:57.521 PM ET,1.310,500,655,None,IEX,
06:02:10.687 PM ET,1.290,500,645,Mid,Off Exchange,Frm T Ext Hrs
03:58:06.382 PM ET,1.310,498,652,Bid,NYSE Arca,
11:39:58.568 AM ET,1.310,492,645,Bid,Nasdaq GSM,Inter Mkt Swp; Trade Thru Exmpt
02:08:47.525 PM ET,1.295,480,622,Mid,Off Exchange,
02:01:32.139 PM ET,1.300,470,611,Bid,Nasdaq GSM,Inter Mkt Swp; Trade Thru Exmpt
01:02:27.507 PM ET,1.325,469,621,Mid,Nasdaq BX,
09:40:24.170 AM ET,1.320,466,615,Bid,NYSE Arca,Inter Mkt Swp; Trade Thru Exmpt
11:37:48.422 AM ET,1.310,465,609,Bid,Nasdaq GSM,Inter Mkt Swp; Trade Thru Exmpt
02:00:11.988 PM ET,1.305,460,600,Mid,NYSE,
12:23:29.504 PM ET,1.315,458,602,Mid,Off Exchange,
11:24:11.283 AM ET,1.305,450,587,Mid,Off Exchange,
01:19:05.373 PM ET,1.315,447,588,Mid,MIAX Pearl,Inter Mkt Swp; Trade Thru Exmpt
02:14:07.764 PM ET,1.300,447,581,Bid,MIAX Pearl,Inter Mkt Swp; Trade Thru Exmpt
03:59:11.500 PM ET,1.310,444,582,None,Nasdaq GSM,Inter Mkt Swp; Trade Thru Exmpt
02:14:07.764 PM ET,1.300,442,575,Bid,Nasdaq GSM,Inter Mkt Swp; Trade Thru Exmpt
11:43:54.873 AM ET,1.310,439,575,Ask,Off Exchange,
10:40:53.232 AM ET,1.330,430,572,Ask,Nasdaq GSM,Inter Mkt Swp; Trade Thru Exmpt
08:32:11.646 AM ET,1.290,426,550,Ask,Nasdaq GSM,Frm T Ext Hrs
03:59:57.521 PM ET,1.310,420,550,None,Cboe BZX,
01:02:27.508 PM ET,1.325,418,554,Mid,Off Exchange,
11:29:21.870 AM ET,1.310,417,546,Ask,Off Exchange,
12:12:33.721 PM ET,1.317,410,540,Mid,Off Exchange,
02:00:11.987 PM ET,1.305,408,532,Mid,Cboe BZX,
09:00:37.534 AM ET,1.280,400,512,Mid,NYSE Arca,Frm T Ext Hrs
09:47:18.760 AM ET,1.330,400,532,Mid,Off Exchange,
09:50:29.497 AM ET,1.335,400,534,Mid,Off Exchange,
09:50:29.523 AM ET,1.335,400,534,Mid,Off Exchange,
10:00:48.320 AM ET,1.330,400,532,Bid,Nasdaq GSM,Inter Mkt Swp; Trade Thru Exmpt
10:08:56.898 AM ET,1.325,400,530,Mid,Nasdaq BX,
10:08:56.899 AM ET,1.325,400,530,Mid,IEX,
10:44:54.626 AM ET,1.325,400,530,Mid,NYSE,
10:50:33.886 AM ET,1.330,400,532,Ask,NYSE Arca,Inter Mkt Swp; Trade Thru Exmpt
10:50:33.909 AM ET,1.335,400,534,Ask,Nasdaq GSM,
10:50:33.909 AM ET,1.335,400,534,Ask,MEMX,
10:50:33.909 AM ET,1.335,400,534,Ask,Cboe BZX,
10:50:33.909 AM ET,1.335,400,534,Ask,Cboe EDGX,
10:50:33.909 AM ET,1.335,400,534,Ask,Cboe EDGA,
10:50:33.909 AM ET,1.335,400,534,Ask,MIAX Pearl,
10:50:33.910 AM ET,1.335,400,534,Ask,NYSE Arca,
10:50:33.910 AM ET,1.335,400,534,Ask,NYSE,
10:51:02.540 AM ET,1.335,400,534,Mid,Nasdaq GSM,Inter Mkt Swp; Trade Thru Exmpt
10:57:53.627 AM ET,1.330,400,532,Bid,IEX,
11:00:18.831 AM ET,1.330,400,532,Bid,Nasdaq GSM,Inter Mkt Swp; Trade Thru Exmpt
11:00:18.831 AM ET,1.330,400,532,Bid,Cboe EDGX,Inter Mkt Swp; Trade Thru Exmpt
11:05:29.525 AM ET,1.320,400,528,Bid,NYSE,Inter Mkt Swp; Trade Thru Exmpt
11:05:29.525 AM ET,1.320,400,528,Bid,NYSE Arca,Inter Mkt Swp; Trade Thru Exmpt
11:14:04.293 AM ET,1.310,400,524,Bid,NYSE,Inter Mkt Swp; Trade Thru Exmpt
11:28:00.220 AM ET,1.310,400,524,Ask,IEX,
11:29:25.744 AM ET,1.305,400,522,Mid,NYSE,
11:39:58.569 AM ET,1.310,400,524,Bid,NYSE,Inter Mkt Swp; Trade Thru Exmpt
11:40:21.312 AM ET,1.305,400,522,Mid,Off Exchange,
11:43:54.872 AM ET,1.310,400,524,Ask,Nasdaq GSM,Inter Mkt Swp; Trade Thru Exmpt
11:43:54.981 AM ET,1.310,400,524,Bid,Nasdaq GSM,Inter Mkt Swp; Trade Thru Exmpt
01:02:27.507 PM ET,1.330,400,532,Ask,Nasdaq GSM,
01:02:27.508 PM ET,1.330,400,532,Ask,Off Exchange,
01:19:03.911 PM ET,1.320,400,528,Ask,Nasdaq GSM,Inter Mkt Swp; Trade Thru Exmpt
01:52:25.402 PM ET,1.310,400,524,Bid,NYSE,
02:00:11.988 PM ET,1.305,400,522,Mid,IEX,
02:05:56.771 PM ET,1.295,400,518,Mid,Nasdaq GSM,Inter Mkt Swp; Trade Thru Exmpt
02:13:54.278 PM ET,1.295,400,518,Mid,Off Exchange,
02:14:07.765 PM ET,1.300,400,520,Bid,NYSE Arca,Inter Mkt Swp; Trade Thru Exmpt
02:16:49.277 PM ET,1.300,400,520,Bid,NYSE,
02:41:52.245 PM ET,1.300,400,520,Ask,IEX,
02:45:22.567 PM ET,1.300,400,520,Ask,Nasdaq GSM,
02:47:52.088 PM ET,1.300,400,520,Ask,IEX,
02:52:48.264 PM ET,1.300,400,520,Ask,NYSE Arca,
02:55:01.866 PM ET,1.300,400,520,Ask,IEX,
02:57:33.764 PM ET,1.295,400,518,Mid,NYSE Arca,
02:59:38.554 PM ET,1.295,400,518,Mid,Cboe BZX,
03:03:56.780 PM ET,1.300,400,520,Ask,Nasdaq GSM,
03:04:02.925 PM ET,1.300,400,520,Ask,IEX,
03:30:09.244 PM ET,1.305,400,522,Mid,Cboe BZX,
03:36:33.701 PM ET,1.300,400,520,Ask,NYSE,
03:36:33.701 PM ET,1.300,400,520,Ask,IEX,
03:43:12.247 PM ET,1.300,400,520,Ask,IEX,
03:53:23.588 PM ET,1.295,400,518,Mid,Off Exchange,
03:54:50.308 PM ET,1.295,400,518,Mid,IEX,
03:54:50.547 PM ET,1.295,400,518,Mid,IEX,
03:54:50.547 PM ET,1.300,400,520,Ask,Nasdaq GSM,Inter Mkt Swp; Trade Thru Exmpt
03:54:50.547 PM ET,1.300,400,520,Ask,NYSE,Inter Mkt Swp; Trade Thru Exmpt
03:57:00.952 PM ET,1.305,400,522,Mid,Off Exchange,
03:57:45.431 PM ET,1.305,400,522,Mid,Off Exchange,
03:58:06.381 PM ET,1.310,400,524,Bid,NYSE,
03:58:24.532 PM ET,1.310,400,524,Bid,Cboe BYX,
03:59:00.004 PM ET,1.300,400,520,Bid,Cboe BYX,Inter Mkt Swp; Trade Thru Exmpt
03:59:00.025 PM ET,1.305,400,522,Bid,Off Exchange,
03:59:01.490 PM ET,1.310,400,524,Ask,Cboe BYX,Inter Mkt Swp; Trade Thru Exmpt
03:59:11.501 PM ET,1.310,400,524,None,Cboe BZX,Inter Mkt Swp; Trade Thru Exmpt
03:59:29.200 PM ET,1.310,400,524,None,Cboe BYX,Inter Mkt Swp; Trade Thru Exmpt
03:59:40.579 PM ET,1.310,400,524,None,Cboe BZX,
03:59:44.448 PM ET,1.310,400,524,None,Off Exchange,
09:25:18.258 AM ET,1.300,397,516,Mid,Nasdaq GSM,Frm T Ext Hrs; Inter Mkt Swp; Trade Thru Exmpt
01:23:50.836 PM ET,1.315,397,522,Mid,NYSE Arca,
11:37:48.422 AM ET,1.310,382,500,Bid,Off Exchange,
11:37:48.430 AM ET,1.310,382,500,Bid,Nasdaq GSM,Inter Mkt Swp; Trade Thru Exmpt
02:14:07.765 PM ET,1.300,352,458,Bid,NYSE,Inter Mkt Swp; Trade Thru Exmpt
09:41:40.900 AM ET,1.330,350,466,Ask,Off Exchange,
10:01:02.278 AM ET,1.325,350,464,Mid,Off Exchange,
11:09:01.472 AM ET,1.315,350,460,Mid,Off Exchange,
01:22:29.259 PM ET,1.315,350,460,Mid,Off Exchange,
03:59:00.007 PM ET,1.310,350,459,Bid,Off Exchange,
03:36:33.707 PM ET,1.290,346,446,Bid,Nasdaq GSM,Inter Mkt Swp; Trade Thru Exmpt
03:59:57.520 PM ET,1.310,345,452,None,Nasdaq GSM,Inter Mkt Swp; Trade Thru Exmpt
12:37:11.536 PM ET,1.315,341,448,Mid,Off Exchange,
08:32:03.862 AM ET,1.310,339,444,Ask,NYSE Arca,Frm T Ext Hrs
02:01:32.139 PM ET,1.300,330,429,Bid,Nasdaq GSM,Inter Mkt Swp; Trade Thru Exmpt
03:01:39.828 PM ET,1.295,330,427,Mid,NYSE Arca,
01:19:03.912 PM ET,1.320,328,433,Ask,Off Exchange,
09:33:16.976 AM ET,1.308,320,419,Mid,Off Exchange,
03:59:00.004 PM ET,1.300,318,413,Bid,Nasdaq GSM,Inter Mkt Swp; Trade Thru Exmpt
01:19:05.373 PM ET,1.315,303,398,Mid,Cboe BZX,Inter Mkt Swp; Trade Thru Exmpt
08:32:11.646 AM ET,1.290,300,387,Ask,Cboe EDGX,Frm T Ext Hrs
09:00:46.582 AM ET,1.270,300,381,Bid,Cboe EDGX,Frm T Ext Hrs; Inter Mkt Swp; Trade Thru Exmpt
09:00:46.582 AM ET,1.270,300,381,Bid,Off Exchange,Frm T Ext Hrs
09:30:01.486 AM ET,1.295,300,389,Mid,Cboe BZX,Inter Mkt Swp; Trade Thru Exmpt
09:30:01.486 AM ET,1.290,300,387,Mid,NYSE Arca,Inter Mkt Swp; Trade Thru Exmpt
09:30:01.486 AM ET,1.290,300,387,Mid,NYSE,Inter Mkt Swp; Trade Thru Exmpt
09:30:55.684 AM ET,1.290,300,387,Mid,Nasdaq GSM,
09:31:17.337 AM ET,1.300,300,390,Mid,IEX,
09:34:54.945 AM ET,1.320,300,396,Bid,Nasdaq GSM,Inter Mkt Swp; Trade Thru Exmpt
09:34:54.948 AM ET,1.320,300,396,Bid,IEX,
09:37:45.484 AM ET,1.325,300,398,Mid,Off Exchange,
09:38:09.785 AM ET,1.320,300,396,Bid,Cboe BZX,
09:40:24.169 AM ET,1.320,300,396,Bid,Nasdaq GSM,
09:40:24.170 AM ET,1.320,300,396,Mid,Off Exchange,
09:44:46.812 AM ET,1.330,300,399,Ask,Nasdaq GSM,Inter Mkt Swp; Trade Thru Exmpt
09:45:49.818 AM ET,1.330,300,399,Ask,IEX,
09:47:13.298 AM ET,1.330,300,399,Ask,IEX,
09:48:20.494 AM ET,1.330,300,399,Ask,Nasdaq GSM,Inter Mkt Swp; Trade Thru Exmpt
09:50:28.872 AM ET,1.340,300,402,Ask,IEX,
09:51:35.317 AM ET,1.335,300,401,Mid,Cboe EDGX,
09:55:45.138 AM ET,1.335,300,401,Mid,NYSE Arca,
09:58:24.019 AM ET,1.335,300,401,Mid,Cboe BZX,
10:00:48.323 AM ET,1.325,300,398,Bid,Nasdaq GSM,Inter Mkt Swp; Trade Thru Exmpt
10:00:48.324 AM ET,1.325,300,398,Bid,Cboe BZX,
10:08:56.898 AM ET,1.320,300,396,Bid,Nasdaq BX,
10:08:56.909 AM ET,1.325,300,398,Mid,Cboe BZX,Inter Mkt Swp; Trade Thru Exmpt
10:13:14.577 AM ET,1.325,300,398,Mid,Off Exchange,
10:41:30.217 AM ET,1.325,300,398,Mid,NYSE Arca,
10:47:33.576 AM ET,1.325,300,398,Mid,NYSE Arca,
10:51:56.369 AM ET,1.335,300,401,Mid,NYSE,
10:53:21.932 AM ET,1.335,300,401,Mid,NYSE,
10:54:58.821 AM ET,1.335,300,401,Mid,NYSE,
11:05:29.525 AM ET,1.320,300,396,Bid,NYSE Arca,Inter Mkt Swp; Trade Thru Exmpt
11:14:04.293 AM ET,1.310,300,393,Bid,Cboe BZX,Inter Mkt Swp; Trade Thru Exmpt
11:14:04.293 AM ET,1.310,300,393,Bid,NYSE Arca,Inter Mkt Swp; Trade Thru Exmpt
11:14:04.294 AM ET,1.310,300,393,Bid,Cboe BZX,Inter Mkt Swp; Trade Thru Exmpt
11:14:04.298 AM ET,1.305,300,392,Bid,Cboe BZX,
11:29:21.869 AM ET,1.310,300,393,Ask,Nasdaq GSM,Inter Mkt Swp; Trade Thru Exmpt
11:31:16.853 AM ET,1.305,300,392,Mid,Cboe BZX,
11:32:44.159 AM ET,1.310,300,393,Ask,Nasdaq GSM,Inter Mkt Swp; Trade Thru Exmpt
11:35:57.183 AM ET,1.310,300,393,Ask,IEX,
11:39:40.185 AM ET,1.315,300,395,Mid,Cboe EDGX,
11:39:40.199 AM ET,1.310,300,393,Bid,Nasdaq GSM,Inter Mkt Swp; Trade Thru Exmpt
11:39:58.568 AM ET,1.310,300,393,Bid,Nasdaq GSM,Inter Mkt Swp; Trade Thru Exmpt
11:43:54.873 AM ET,1.310,300,393,Ask,NYSE,Inter Mkt Swp; Trade Thru Exmpt
11:54:59.243 AM ET,1.315,300,395,Mid,NYSE Arca,
11:56:49.930 AM ET,1.315,300,395,Mid,Cboe EDGX,
11:59:17.727 AM ET,1.315,300,395,Mid,NYSE Arca,
12:02:02.135 PM ET,1.315,300,395,Mid,NYSE Arca,
12:03:51.986 PM ET,1.315,300,395,Mid,NYSE,
12:05:38.152 PM ET,1.315,300,395,Mid,IEX,
12:07:36.370 PM ET,1.315,300,395,Mid,NYSE,
12:09:36.372 PM ET,1.315,300,395,Mid,Cboe BZX,
12:18:00.647 PM ET,1.325,300,398,None,Cboe BZX,
12:36:56.778 PM ET,1.315,300,395,Mid,NYSE,
12:38:58.607 PM ET,1.315,300,395,Mid,Off Exchange,
12:41:22.254 PM ET,1.315,300,395,Mid,Cboe BZX,
12:43:47.027 PM ET,1.315,300,395,Mid,NYSE,
12:45:30.226 PM ET,1.320,300,396,Ask,IEX,
12:45:30.226 PM ET,1.315,300,395,Mid,Nasdaq GSM,
12:45:49.135 PM ET,1.315,300,395,Mid,NYSE Arca,
12:49:48.705 PM ET,1.315,300,395,Mid,NYSE,
12:51:55.726 PM ET,1.315,300,395,Mid,NYSE Arca,
12:53:55.545 PM ET,1.315,300,395,Mid,NYSE Arca,
12:57:40.453 PM ET,1.320,300,396,Ask,NYSE,Inter Mkt Swp; Trade Thru Exmpt
12:58:10.927 PM ET,1.325,300,398,Mid,Cboe EDGX,
01:00:07.502 PM ET,1.325,300,398,Mid,NYSE Arca,
01:02:27.507 PM ET,1.330,300,399,Ask,Nasdaq GSM,
01:03:29.701 PM ET,1.320,300,396,Bid,NYSE Arca,Inter Mkt Swp; Trade Thru Exmpt
01:03:29.701 PM ET,1.320,300,396,Bid,NYSE,Inter Mkt Swp; Trade Thru Exmpt
01:17:10.648 PM ET,1.320,300,396,Ask,NYSE Arca,
01:19:03.911 PM ET,1.320,300,396,Ask,Nasdaq GSM,Inter Mkt Swp; Trade Thru Exmpt
01:21:04.743 PM ET,1.320,300,396,Ask,Nasdaq GSM,
01:21:35.079 PM ET,1.320,300,396,Ask,IEX,
01:23:48.753 PM ET,1.315,300,395,Mid,NYSE,
01:28:47.794 PM ET,1.315,300,395,Mid,NYSE,
01:30:57.118 PM ET,1.315,300,395,Mid,NYSE,
01:30:57.132 PM ET,1.315,300,395,Mid,IEX,
01:39:00.661 PM ET,1.315,300,395,Mid,NYSE,
01:43:13.522 PM ET,1.315,300,395,Mid,NYSE Arca,
01:45:50.735 PM ET,1.315,300,395,Mid,NYSE,
01:47:57.884 PM ET,1.315,300,395,Mid,NYSE,
01:50:12.011 PM ET,1.315,300,395,Mid,IEX,
01:51:59.501 PM ET,1.315,300,395,Mid,Off Exchange,
01:52:25.402 PM ET,1.310,300,393,Bid,NYSE Arca,
01:52:25.402 PM ET,1.310,300,393,Bid,Off Exchange,
01:59:08.678 PM ET,1.305,300,392,Mid,IEX,
02:00:11.987 PM ET,1.300,300,390,Bid,Nasdaq GSM,
02:01:32.140 PM ET,1.300,300,390,Bid,NYSE,Inter Mkt Swp; Trade Thru Exmpt
02:05:56.771 PM ET,1.295,300,389,Mid,Nasdaq GSM,Inter Mkt Swp; Trade Thru Exmpt
02:05:56.771 PM ET,1.290,300,387,Bid,IEX,
02:14:07.766 PM ET,1.300,300,390,Bid,Nasdaq GSM,
02:16:49.276 PM ET,1.300,300,390,Bid,Nasdaq GSM,
02:33:31.690 PM ET,1.300,300,390,Ask,Nasdaq GSM,
02:37:17.197 PM ET,1.300,300,390,Ask,NYSE Arca,
02:38:49.339 PM ET,1.300,300,390,Ask,Nasdaq GSM,
02:43:19.626 PM ET,1.300,300,390,Ask,Nasdaq GSM,
03:36:33.701 PM ET,1.300,300,390,Ask,Cboe BZX,
03:36:33.701 PM ET,1.300,300,390,Ask,NYSE Arca,
03:49:50.358 PM ET,1.295,300,389,Mid,Cboe BZX,
03:50:00.001 PM ET,1.290,300,387,Bid,Nasdaq GSM,
03:51:11.158 PM ET,1.295,300,389,Mid,IEX,
03:54:50.334 PM ET,1.295,300,389,Mid,Off Exchange,
03:54:50.547 PM ET,1.300,300,390,Ask,NYSE,Inter Mkt Swp; Trade Thru Exmpt
03:54:50.547 PM ET,1.300,300,390,Ask,IEX,
03:54:50.547 PM ET,1.300,300,390,Ask,Nasdaq GSM,Inter Mkt Swp; Trade Thru Exmpt
03:55:00.205 PM ET,1.300,300,390,Bid,Nasdaq GSM,Inter Mkt Swp; Trade Thru Exmpt
03:57:01.266 PM ET,1.310,300,393,Ask,Nasdaq GSM,
03:58:06.381 PM ET,1.310,300,393,Bid,Nasdaq GSM,
03:58:24.533 PM ET,1.310,300,393,Bid,Off Exchange,
03:58:58.941 PM ET,1.310,300,393,Bid,Off Exchange,
03:59:00.003 PM ET,1.310,300,393,Bid,Nasdaq GSM,Inter Mkt Swp; Trade Thru Exmpt
03:59:00.004 PM ET,1.300,300,390,Bid,Cboe BYX,Inter Mkt Swp; Trade Thru Exmpt
03:59:01.490 PM ET,1.310,300,393,Ask,Cboe BYX,Inter Mkt Swp; Trade Thru Exmpt
03:59:29.200 PM ET,1.310,300,393,None,NYSE,
03:59:29.458 PM ET,1.310,300,393,None,Off Exchange,
03:59:40.580 PM ET,1.310,300,393,None,Cboe BZX,Inter Mkt Swp; Trade Thru Exmpt
03:59:56.627 PM ET,1.310,300,393,None,Cboe BZX,Inter Mkt Swp; Trade Thru Exmpt
09:48:20.494 AM ET,1.330,299,398,Ask,Nasdaq GSM,Inter Mkt Swp; Trade Thru Exmpt
02:00:11.987 PM ET,1.305,292,381,Mid,Cboe BZX,Inter Mkt Swp; Trade Thru Exmpt
09:45:34.781 AM ET,1.329,282,375,Mid,Off Exchange,
03:50:01.273 PM ET,1.290,278,359,Bid,Off Exchange,
10:40:53.243 AM ET,1.330,277,368,Ask,Nasdaq GSM,
11:03:58.917 AM ET,1.325,275,364,Mid,Off Exchange,
03:59:00.003 PM ET,1.300,270,351,Bid,Nasdaq GSM,Inter Mkt Swp; Trade Thru Exmpt
03:59:11.500 PM ET,1.310,268,351,None,Nasdaq GSM,Inter Mkt Swp; Trade Thru Exmpt
03:50:00.001 PM ET,1.290,261,337,Bid,Nasdaq GSM,Inter Mkt Swp; Trade Thru Exmpt
08:32:11.646 AM ET,1.290,253,326,Ask,Cboe BZX,Frm T Ext Hrs
09:25:38.063 AM ET,1.290,250,323,Mid,NYSE Arca,Frm T Ext Hrs; Inter Mkt Swp; Trade Thru Exmpt
09:55:07.783 AM ET,1.339,250,335,Mid,Off Exchange,
11:33:45.063 AM ET,1.305,250,326,Mid,Off Exchange,
11:40:32.484 AM ET,1.300,250,325,Bid,Off Exchange,
01:50:07.087 PM ET,1.310,250,328,Mid,Off Exchange,
03:40:48.844 PM ET,1.292,250,323,Mid,Off Exchange,
03:41:33.455 PM ET,1.295,250,324,Mid,Off Exchange,
03:59:40.579 PM ET,1.310,248,325,None,Cboe BZX,
01:02:27.507 PM ET,1.325,246,326,Mid,Cboe EDGX,
11:51:38.226 AM ET,1.315,240,316,Mid,NYSE Arca,
01:54:57.655 PM ET,1.305,240,313,Mid,NYSE,
02:00:11.987 PM ET,1.300,240,312,Bid,Nasdaq GSM,Inter Mkt Swp; Trade Thru Exmpt
01:19:03.913 PM ET,1.320,235,310,Ask,Nasdaq GSM,Inter Mkt Swp; Trade Thru Exmpt
01:47:51.635 PM ET,1.315,235,309,Mid,Nasdaq GSM,
01:02:27.507 PM ET,1.325,231,306,Mid,Nasdaq BX,
01:19:03.911 PM ET,1.320,231,305,Ask,Nasdaq GSM,Inter Mkt Swp; Trade Thru Exmpt
02:20:08.843 PM ET,1.300,231,300,Ask,Nasdaq GSM,
01:37:12.191 PM ET,1.315,230,302,Mid,Cboe EDGX,
01:16:29.952 PM ET,1.315,228,300,Mid,Off Exchange,
10:31:52.558 AM ET,1.330,225,299,Mid,Off Exchange,
03:54:50.547 PM ET,1.300,224,291,Ask,Nasdaq GSM,Inter Mkt Swp; Trade Thru Exmpt
03:59:50.385 PM ET,1.310,219,287,None,Nasdaq GSM,Inter Mkt Swp; Trade Thru Exmpt
01:02:27.508 PM ET,1.325,213,282,Mid,NYSE,
01:19:03.913 PM ET,1.320,212,280,Ask,Cboe EDGX,
09:48:20.494 AM ET,1.330,208,277,Ask,Nasdaq GSM,Inter Mkt Swp; Trade Thru Exmpt
10:00:48.320 AM ET,1.330,208,277,Bid,Nasdaq GSM,Inter Mkt Swp; Trade Thru Exmpt
02:05:56.771 PM ET,1.295,208,269,Mid,Cboe BZX,
09:36:47.248 AM ET,1.320,203,268,Mid,Off Exchange,
09:54:13.411 AM ET,1.338,201,269,Mid,Off Exchange,
02:05:56.771 PM ET,1.290,201,259,Bid,Nasdaq GSM,Inter Mkt Swp; Trade Thru Exmpt
08:53:39.582 AM ET,1.271,200,254,Mid,Off Exchange,Frm T Ext Hrs
09:32:44.258 AM ET,1.305,200,261,Mid,Off Exchange,
09:34:54.930 AM ET,1.310,200,262,Ask,Cboe BZX,Inter Mkt Swp; Trade Thru Exmpt
09:35:46.077 AM ET,1.325,200,265,Mid,IEX,
09:37:06.725 AM ET,1.320,200,264,Mid,Nasdaq GSM,
09:40:24.157 AM ET,1.320,200,264,Bid,NYSE,
09:40:24.158 AM ET,1.320,200,264,Mid,Off Exchange,
10:00:48.320 AM ET,1.330,200,266,Bid,Nasdaq GSM,Inter Mkt Swp; Trade Thru Exmpt
10:00:48.320 AM ET,1.330,200,266,Bid,Cboe EDGX,Inter Mkt Swp; Trade Thru Exmpt
10:00:48.325 AM ET,1.320,200,264,Bid,Cboe BZX,
10:06:35.826 AM ET,1.330,200,266,Ask,IEX,
10:08:56.898 AM ET,1.325,200,265,Mid,Nasdaq GSM,Inter Mkt Swp; Trade Thru Exmpt
10:08:56.910 AM ET,1.325,200,265,Mid,Cboe BZX,
10:40:53.231 AM ET,1.330,200,266,Ask,Off Exchange,
10:40:53.232 AM ET,1.330,200,266,Ask,Off Exchange,
10:48:54.958 AM ET,1.330,200,266,Ask,NYSE Arca,Inter Mkt Swp; Trade Thru Exmpt
10:50:33.909 AM ET,1.330,200,266,Ask,IEX,
10:50:33.910 AM ET,1.335,200,267,Ask,NYSE American,
11:00:18.831 AM ET,1.330,200,266,Bid,Cboe EDGX,Inter Mkt Swp; Trade Thru Exmpt
11:00:31.307 AM ET,1.325,200,265,Mid,Off Exchange,
11:05:29.525 AM ET,1.320,200,264,Bid,Nasdaq GSM,Inter Mkt Swp; Trade Thru Exmpt
11:05:29.525 AM ET,1.320,200,264,Bid,Cboe EDGX,Inter Mkt Swp; Trade Thru Exmpt
11:05:29.525 AM ET,1.320,200,264,Bid,Cboe BZX,Inter Mkt Swp; Trade Thru Exmpt
11:14:04.293 AM ET,1.310,200,262,Bid,Nasdaq GSM,Inter Mkt Swp; Trade Thru Exmpt
11:28:36.822 AM ET,1.310,200,262,Ask,IEX,
11:29:25.744 AM ET,1.310,200,262,Ask,IEX,
11:43:27.940 AM ET,1.310,200,262,Ask,IEX,
11:43:46.173 AM ET,1.305,200,261,Mid,Off Exchange,
11:46:47.730 AM ET,1.315,200,263,Mid,NYSE Arca,
11:53:04.849 AM ET,1.315,200,263,Mid,Off Exchange,
11:53:15.509 AM ET,1.315,200,263,Mid,NYSE Arca,
12:08:12.097 PM ET,1.310,200,262,Bid,Nasdaq GSM,Inter Mkt Swp; Trade Thru Exmpt
12:12:07.525 PM ET,1.315,200,263,Mid,IEX,
12:13:55.205 PM ET,1.315,200,263,Mid,NYSE Arca,
12:16:24.636 PM ET,1.315,200,263,Mid,Cboe BZX,
12:27:28.034 PM ET,1.315,200,263,Mid,Off Exchange,
12:32:43.437 PM ET,1.315,200,263,Mid,Off Exchange,
12:35:04.960 PM ET,1.315,200,263,Mid,NYSE Arca,
12:45:30.226 PM ET,1.320,200,264,Ask,IEX,
12:45:30.226 PM ET,1.315,200,263,Mid,Cboe BZX,
12:45:30.226 PM ET,1.315,200,263,Mid,NYSE Arca,
12:45:30.226 PM ET,1.315,200,263,Mid,NYSE,
12:48:06.135 PM ET,1.315,200,263,Mid,Off Exchange,
12:55:00.257 PM ET,1.315,200,263,Mid,IEX,
12:56:51.203 PM ET,1.320,200,264,Ask,IEX,
12:57:40.453 PM ET,1.320,200,264,Ask,IEX,
01:02:27.508 PM ET,1.330,200,266,Ask,Off Exchange,
01:02:27.536 PM ET,1.325,200,265,Mid,Off Exchange,
01:03:29.701 PM ET,1.320,200,264,Bid,Cboe EDGX,Inter Mkt Swp; Trade Thru Exmpt
01:03:29.701 PM ET,1.320,200,264,Bid,Cboe BZX,Inter Mkt Swp; Trade Thru Exmpt
01:03:29.701 PM ET,1.320,200,264,Bid,NYSE Arca,Inter Mkt Swp; Trade Thru Exmpt
01:15:23.033 PM ET,1.315,200,263,Mid,Off Exchange,
01:18:56.977 PM ET,1.320,200,264,Ask,NYSE Arca,
01:19:03.911 PM ET,1.320,200,264,Ask,Nasdaq GSM,Inter Mkt Swp; Trade Thru Exmpt
01:19:03.912 PM ET,1.320,200,264,Ask,Cboe BYX,Inter Mkt Swp; Trade Thru Exmpt
01:19:03.912 PM ET,1.320,200,264,Ask,MIAX Pearl,Inter Mkt Swp; Trade Thru Exmpt
01:19:03.912 PM ET,1.320,200,264,Ask,NYSE,Inter Mkt Swp; Trade Thru Exmpt
01:19:03.912 PM ET,1.320,200,264,Ask,NYSE Arca,Inter Mkt Swp; Trade Thru Exmpt
01:19:05.373 PM ET,1.320,200,264,Ask,MEMX,Inter Mkt Swp; Trade Thru Exmpt
01:41:35.420 PM ET,1.315,200,263,Mid,IEX,
01:47:51.635 PM ET,1.315,200,263,Mid,Nasdaq GSM,
01:52:25.401 PM ET,1.310,200,262,Bid,Nasdaq GSM,
01:52:25.402 PM ET,1.310,200,262,Bid,Cboe BZX,
01:52:25.402 PM ET,1.310,200,262,Bid,Cboe EDGX,
01:52:25.402 PM ET,1.310,200,262,Bid,NYSE Arca,
01:55:02.231 PM ET,1.300,200,260,Mid,Off Exchange,
02:00:11.987 PM ET,1.300,200,260,Bid,Nasdaq GSM,Inter Mkt Swp; Trade Thru Exmpt
02:00:11.987 PM ET,1.300,200,260,Bid,Nasdaq GSM,
02:05:56.771 PM ET,1.295,200,259,Mid,Cboe BZX,Inter Mkt Swp; Trade Thru Exmpt
02:14:07.764 PM ET,1.300,200,260,Bid,MEMX,Inter Mkt Swp; Trade Thru Exmpt
02:14:07.765 PM ET,1.300,200,260,Bid,NYSE Arca,Inter Mkt Swp; Trade Thru Exmpt
02:14:07.766 PM ET,1.300,200,260,Bid,Nasdaq GSM,
02:15:40.463 PM ET,1.305,200,261,Mid,Off Exchange,
02:16:49.276 PM ET,1.300,200,260,Bid,Cboe EDGX,
02:16:49.277 PM ET,1.300,200,260,Bid,NYSE,
02:16:49.277 PM ET,1.300,200,260,Bid,Off Exchange,
02:16:49.277 PM ET,1.300,200,260,Bid,NYSE Arca,
02:16:49.283 PM ET,1.300,200,260,Bid,Off Exchange,
02:16:49.285 PM ET,1.300,200,260,Bid,Off Exchange,
02:23:15.026 PM ET,1.300,200,260,Ask,IEX,
02:31:24.738 PM ET,1.300,200,260,Mid,Off Exchange,
02:32:12.127 PM ET,1.300,200,260,Ask,IEX,
02:34:18.762 PM ET,1.300,200,260,Ask,IEX,
02:41:24.906 PM ET,1.300,200,260,Ask,IEX,
02:49:02.874 PM ET,1.300,200,260,Ask,IEX,
02:50:27.220 PM ET,1.300,200,260,Ask,Cboe BZX,Inter Mkt Swp; Trade Thru Exmpt
02:50:27.220 PM ET,1.300,200,260,Ask,IEX,
02:56:47.677 PM ET,1.295,200,259,Mid,Cboe BZX,
03:04:02.925 PM ET,1.300,200,260,Ask,IEX,
03:04:48.706 PM ET,1.300,200,260,Ask,IEX,
03:06:08.619 PM ET,1.300,200,260,Ask,IEX,
03:08:17.262 PM ET,1.300,200,260,Ask,IEX,
03:12:14.564 PM ET,1.300,200,260,Ask,IEX,
03:13:14.225 PM ET,1.300,200,260,Ask,Nasdaq GSM,Inter Mkt Swp; Trade Thru Exmpt
03:14:02.703 PM ET,1.300,200,260,Ask,IEX,
03:14:22.898 PM ET,1.295,200,259,Mid,Off Exchange,
03:16:08.523 PM ET,1.300,200,260,Ask,IEX,
03:16:45.402 PM ET,1.300,200,260,Ask,IEX,
03:17:35.893 PM ET,1.300,200,260,Ask,Off Exchange,
03:18:06.282 PM ET,1.300,200,260,Ask,IEX,
03:21:43.042 PM ET,1.300,200,260,Ask,IEX,
03:24:18.432 PM ET,1.305,200,261,Mid,NYSE Arca,
03:27:29.500 PM ET,1.310,200,262,Ask,Nasdaq GSM,
03:36:33.701 PM ET,1.300,200,260,Ask,Nasdaq GSM,
03:36:33.701 PM ET,1.300,200,260,Ask,Cboe EDGX,
03:36:33.701 PM ET,1.300,200,260,Ask,Cboe BZX,
03:36:33.701 PM ET,1.300,200,260,Ask,NYSE Arca,
03:36:33.705 PM ET,1.290,200,258,Bid,Cboe BYX,Inter Mkt Swp; Trade Thru Exmpt
03:36:33.705 PM ET,1.290,200,258,Bid,Cboe BYX,
03:36:33.706 PM ET,1.290,200,258,Bid,Cboe BZX,
03:36:33.708 PM ET,1.290,200,258,Bid,Cboe BZX,
03:42:40.975 PM ET,1.300,200,260,Ask,IEX,
03:43:12.247 PM ET,1.300,200,260,Ask,IEX,
03:43:52.562 PM ET,1.300,200,260,Ask,IEX,
03:49:39.926 PM ET,1.295,200,259,Mid,IEX,
03:49:39.926 PM ET,1.300,200,260,Ask,IEX,
03:50:00.001 PM ET,1.290,200,258,Bid,IEX,
03:50:01.273 PM ET,1.290,200,258,Bid,Off Exchange,
03:50:01.274 PM ET,1.290,200,258,Bid,Off Exchange,
03:54:04.420 PM ET,1.300,200,260,Ask,NYSE National,Inter Mkt Swp; Trade Thru Exmpt
03:54:50.309 PM ET,1.295,200,259,Mid,IEX,
03:54:50.312 PM ET,1.295,200,259,Mid,Nasdaq GSM,
03:54:50.547 PM ET,1.300,200,260,Ask,Nasdaq GSM,Inter Mkt Swp; Trade Thru Exmpt
03:54:50.547 PM ET,1.300,200,260,Ask,NYSE Arca,Inter Mkt Swp; Trade Thru Exmpt
03:54:50.548 PM ET,1.300,200,260,Ask,Off Exchange,
03:54:51.338 PM ET,1.300,200,260,Bid,Cboe BZX,Inter Mkt Swp; Trade Thru Exmpt
03:55:00.204 PM ET,1.300,200,260,Bid,Off Exchange,
03:57:00.945 PM ET,1.305,200,261,Mid,IEX,
03:57:01.266 PM ET,1.305,200,261,Mid,Nasdaq GSM,
03:58:06.381 PM ET,1.310,200,262,Bid,Nasdaq GSM,
03:58:06.381 PM ET,1.310,200,262,Bid,Cboe BZX,Inter Mkt Swp; Trade Thru Exmpt
03:58:06.381 PM ET,1.310,200,262,Bid,NYSE,
03:59:00.003 PM ET,1.310,200,262,Bid,Cboe BZX,
03:59:00.003 PM ET,1.310,200,262,Bid,Nasdaq GSM,Inter Mkt Swp; Trade Thru Exmpt
03:59:00.004 PM ET,1.300,200,260,Bid,Cboe BZX,Inter Mkt Swp; Trade Thru Exmpt
03:59:00.005 PM ET,1.310,200,262,Bid,Off Exchange,
03:59:00.006 PM ET,1.310,200,262,Bid,Off Exchange,
03:59:00.025 PM ET,1.300,200,260,Bid,Cboe BZX,
03:59:00.026 PM ET,1.300,200,260,Bid,Nasdaq GSM,Inter Mkt Swp; Trade Thru Exmpt
03:59:29.200 PM ET,1.310,200,262,None,NYSE,
03:59:29.453 PM ET,1.310,200,262,None,Off Exchange,
03:59:50.081 PM ET,1.310,200,262,None,Nasdaq GSM,
03:59:57.521 PM ET,1.310,200,262,None,Cboe BZX,Inter Mkt Swp; Trade Thru Exmpt
10:00:48.320 AM ET,1.330,197,262,Bid,NYSE Arca,Inter Mkt Swp; Trade Thru Exmpt
10:50:29.147 AM ET,1.330,197,262,Ask,Nasdaq GSM,Inter Mkt Swp; Trade Thru Exmpt
03:23:37.560 PM ET,1.300,197,256,Ask,Nasdaq GSM,Inter Mkt Swp; Trade Thru Exmpt
10:08:56.898 AM ET,1.320,196,259,Bid,Nasdaq GSM,Inter Mkt Swp; Trade Thru Exmpt
10:32:06.855 AM ET,1.325,196,260,Mid,Off Exchange,
11:37:48.422 AM ET,1.310,196,257,Bid,Off Exchange,
11:37:48.431 AM ET,1.310,196,257,Bid,NYSE Arca,Inter Mkt Swp; Trade Thru Exmpt
01:19:03.911 PM ET,1.320,196,259,Ask,Nasdaq GSM,Inter Mkt Swp; Trade Thru Exmpt
10:37:02.703 AM ET,1.325,192,254,Mid,NYSE Arca,
03:50:00.001 PM ET,1.290,190,245,Bid,Nasdaq GSM,Inter Mkt Swp; Trade Thru Exmpt
11:27:48.129 AM ET,1.310,188,246,Ask,Nasdaq GSM,Inter Mkt Swp; Trade Thru Exmpt
01:19:05.373 PM ET,1.320,188,248,Ask,Nasdaq GSM,Inter Mkt Swp; Trade Thru Exmpt
03:29:08.934 PM ET,1.305,188,245,Mid,NYSE Arca,
03:40:12.325 PM ET,1.295,187,242,Mid,Off Exchange,
03:10:03.095 PM ET,1.295,185,240,Mid,IEX,
01:26:36.330 PM ET,1.315,184,242,Mid,Cboe BZX,
01:19:05.373 PM ET,1.320,183,242,Ask,NYSE,Inter Mkt Swp; Trade Thru Exmpt
12:30:21.996 PM ET,1.310,180,236,Bid,Off Exchange,
03:54:09.372 PM ET,1.295,180,233,Mid,Off Exchange,
09:43:25.114 AM ET,1.330,176,234,Ask,Nasdaq GSM,Inter Mkt Swp; Trade Thru Exmpt
09:50:57.660 AM ET,1.339,175,234,Mid,Off Exchange,
01:01:13.074 PM ET,1.320,174,230,Bid,Cboe BYX,
03:59:00.012 PM ET,1.300,172,224,Bid,TXSE,Inter Mkt Swp; Trade Thru Exmpt
03:59:04.489 PM ET,1.310,171,224,Ask,Cboe EDGX,
02:16:49.276 PM ET,1.300,170,221,Bid,Nasdaq GSM,
02:20:08.843 PM ET,1.300,170,221,Ask,Nasdaq GSM,
02:31:50.405 PM ET,1.300,170,221,Ask,Nasdaq GSM,
02:41:38.002 PM ET,1.300,170,221,Ask,Nasdaq GSM,
03:13:14.225 PM ET,1.300,170,221,Ask,Nasdaq GSM,Inter Mkt Swp; Trade Thru Exmpt
03:36:33.701 PM ET,1.300,170,221,Ask,Nasdaq GSM,
03:59:00.003 PM ET,1.300,170,221,Bid,Nasdaq GSM,Inter Mkt Swp; Trade Thru Exmpt
03:59:00.004 PM ET,1.300,170,221,Bid,Nasdaq GSM,Inter Mkt Swp; Trade Thru Exmpt
11:01:36.753 AM ET,1.320,168,222,Bid,Off Exchange,
10:50:28.644 AM ET,1.330,166,221,Ask,Nasdaq GSM,Inter Mkt Swp; Trade Thru Exmpt
01:02:27.508 PM ET,1.330,166,221,Ask,Off Exchange,
02:05:56.771 PM ET,1.295,165,214,Mid,NYSE Arca,Inter Mkt Swp; Trade Thru Exmpt
02:57:35.097 PM ET,1.295,164,212,Mid,Nasdaq GSM,Inter Mkt Swp; Trade Thru Exmpt
03:53:36.728 PM ET,1.290,164,212,Bid,Nasdaq GSM,Inter Mkt Swp; Trade Thru Exmpt
11:55:24.922 AM ET,1.315,163,214,Mid,Off Exchange,
10:50:33.888 AM ET,1.335,162,216,Ask,Off Exchange,
11:09:11.372 AM ET,1.315,161,212,Mid,Off Exchange,
10:40:53.232 AM ET,1.330,160,213,Ask,MEMX,Inter Mkt Swp; Trade Thru Exmpt
02:01:32.140 PM ET,1.295,160,207,Bid,Nasdaq GSM,Inter Mkt Swp; Trade Thru Exmpt
10:05:29.169 AM ET,1.330,158,210,Ask,Nasdaq GSM,Inter Mkt Swp; Trade Thru Exmpt
02:00:11.987 PM ET,1.300,158,205,Bid,Nasdaq GSM,Inter Mkt Swp; Trade Thru Exmpt
03:54:50.547 PM ET,1.300,158,205,Ask,Cboe BZX,
03:54:50.547 PM ET,1.300,158,205,Ask,Cboe BZX,Inter Mkt Swp; Trade Thru Exmpt
03:59:57.520 PM ET,1.310,158,207,None,Nasdaq GSM,Inter Mkt Swp; Trade Thru Exmpt
09:25:10.044 AM ET,1.280,154,197,Ask,Nasdaq GSM,Frm T Ext Hrs; Inter Mkt Swp; Trade Thru Exmpt
02:00:33.278 PM ET,1.305,153,200,Mid,Off Exchange,
12:01:58.676 PM ET,1.320,152,201,Ask,Off Exchange,
03:59:00.003 PM ET,1.310,152,199,Bid,Nasdaq GSM,Inter Mkt Swp; Trade Thru Exmpt
09:30:01.094 AM ET,1.290,151,195,Mid,IEX,
08:32:11.646 AM ET,1.280,150,192,Ask,NYSE Arca,Frm T Ext Hrs
09:00:46.581 AM ET,1.270,150,191,Bid,NYSE Arca,Frm T Ext Hrs; Inter Mkt Swp; Trade Thru Exmpt
02:50:10.375 PM ET,1.300,150,195,Ask,Cboe BZX,
03:59:50.385 PM ET,1.310,149,195,None,Nasdaq GSM,Inter Mkt Swp; Trade Thru Exmpt
09:40:24.156 AM ET,1.320,148,195,Bid,Nasdaq GSM,
09:40:24.158 AM ET,1.320,148,195,Mid,Off Exchange,
11:29:21.869 AM ET,1.310,148,194,Ask,Nasdaq GSM,Inter Mkt Swp; Trade Thru Exmpt
11:37:20.601 AM ET,1.305,148,193,Mid,Off Exchange,
11:37:48.421 AM ET,1.310,148,194,Bid,Nasdaq GSM,Inter Mkt Swp; Trade Thru Exmpt
11:39:58.568 AM ET,1.310,148,194,Bid,Nasdaq GSM,Inter Mkt Swp; Trade Thru Exmpt
11:43:54.872 AM ET,1.310,148,194,Ask,Nasdaq GSM,Inter Mkt Swp; Trade Thru Exmpt
12:19:32.416 PM ET,1.320,148,195,Bid,Nasdaq GSM,Inter Mkt Swp; Trade Thru Exmpt
12:45:30.226 PM ET,1.320,148,195,Ask,Nasdaq GSM,
01:03:29.701 PM ET,1.320,148,195,Bid,Nasdaq GSM,Inter Mkt Swp; Trade Thru Exmpt
01:19:03.913 PM ET,1.320,148,195,Ask,Nasdaq GSM,Inter Mkt Swp; Trade Thru Exmpt
01:52:25.401 PM ET,1.310,148,194,Bid,Nasdaq GSM,
03:57:01.266 PM ET,1.310,148,194,Ask,Nasdaq GSM,
03:58:06.381 PM ET,1.310,148,194,Bid,Nasdaq GSM,
08:32:11.646 AM ET,1.290,147,190,Ask,NYSE Arca,Frm T Ext Hrs
08:32:11.647 AM ET,1.280,147,188,Ask,NYSE Arca,Frm T Ext Hrs
09:34:36.906 AM ET,1.310,147,193,Mid,Off Exchange,
11:21:03.730 AM ET,1.300,146,190,Bid,Off Exchange,
03:18:42.387 PM ET,1.300,145,188,Mid,Off Exchange,
03:36:33.707 PM ET,1.290,144,186,Bid,Nasdaq GSM,Inter Mkt Swp; Trade Thru Exmpt
08:32:11.747 AM ET,1.280,143,183,Mid,Nasdaq GSM,Frm T Ext Hrs; Inter Mkt Swp; Trade Thru Exmpt
10:05:29.169 AM ET,1.330,142,189,Ask,Nasdaq GSM,Inter Mkt Swp; Trade Thru Exmpt
12:10:00.807 PM ET,1.315,142,187,Mid,Off Exchange,
09:34:46.900 AM ET,1.310,140,183,Mid,Off Exchange,
03:23:40.102 PM ET,1.300,140,182,Bid,Nasdaq GSM,Inter Mkt Swp; Trade Thru Exmpt
12:51:47.654 PM ET,1.315,139,183,Mid,Off Exchange,
09:35:06.289 AM ET,1.320,138,182,Bid,Nasdaq GSM,
09:36:38.007 AM ET,1.320,138,182,Ask,Nasdaq GSM,Inter Mkt Swp; Trade Thru Exmpt
11:14:04.293 AM ET,1.310,136,178,Bid,Nasdaq GSM,Inter Mkt Swp; Trade Thru Exmpt
12:20:02.422 PM ET,1.315,134,176,Mid,Off Exchange,
02:05:56.771 PM ET,1.290,134,173,Bid,Nasdaq GSM,Inter Mkt Swp; Trade Thru Exmpt
01:31:01.194 PM ET,1.315,131,172,Mid,IEX,
08:32:03.862 AM ET,1.310,130,170,Ask,NYSE Arca,Frm T Ext Hrs
02:01:32.139 PM ET,1.300,130,169,Bid,Nasdaq GSM,Inter Mkt Swp; Trade Thru Exmpt
02:14:07.764 PM ET,1.300,130,169,Bid,Nasdaq GSM,Inter Mkt Swp; Trade Thru Exmpt
02:41:38.002 PM ET,1.300,130,169,Ask,Nasdaq GSM,
03:59:00.003 PM ET,1.300,130,169,Bid,Nasdaq GSM,Inter Mkt Swp; Trade Thru Exmpt
01:30:59.480 PM ET,1.315,128,168,Mid,Off Exchange,
12:41:02.226 PM ET,1.315,127,167,Mid,Off Exchange,
03:16:43.712 PM ET,1.295,125,162,Mid,Off Exchange,
07:22:45.536 PM ET,1.282,125,160,Mid,Off Exchange,Frm T Ext Hrs
09:43:25.114 AM ET,1.330,124,165,Ask,Nasdaq GSM,Inter Mkt Swp; Trade Thru Exmpt
10:40:53.243 AM ET,1.330,120,160,Ask,Nasdaq GSM,
10:55:38.899 AM ET,1.330,120,160,Bid,Nasdaq GSM,
11:00:18.831 AM ET,1.330,120,160,Bid,Nasdaq GSM,Inter Mkt Swp; Trade Thru Exmpt
11:12:23.183 AM ET,1.310,120,157,Bid,Off Exchange,
11:23:53.080 AM ET,1.305,120,157,Mid,Off Exchange,
12:26:00.482 PM ET,1.315,120,158,Mid,Off Exchange,
01:02:27.507 PM ET,1.330,120,160,Ask,Nasdaq GSM,
02:24:02.860 PM ET,1.295,120,155,Mid,Off Exchange,
02:27:11.596 PM ET,1.295,120,155,Mid,Off Exchange,
02:29:51.533 PM ET,1.295,120,155,Mid,Off Exchange,
02:44:21.284 PM ET,1.295,120,155,Mid,Off Exchange,
02:46:53.576 PM ET,1.295,120,155,Mid,Off Exchange,
03:20:06.144 PM ET,1.295,120,155,Mid,Off Exchange,
03:21:53.461 PM ET,1.295,120,155,Mid,Off Exchange,
10:53:41.349 AM ET,1.335,119,159,Mid,Nasdaq GSM,
11:25:01.886 AM ET,1.305,119,155,Mid,Off Exchange,
03:59:50.080 PM ET,1.310,119,156,None,IEX,
10:34:20.819 AM ET,1.325,118,156,Mid,IEX,
10:26:23.639 AM ET,1.330,117,156,Ask,Nasdaq GSM,Inter Mkt Swp; Trade Thru Exmpt
11:37:48.421 AM ET,1.310,117,153,Bid,Nasdaq GSM,Inter Mkt Swp; Trade Thru Exmpt
01:19:03.913 PM ET,1.320,117,154,Ask,Nasdaq GSM,Inter Mkt Swp; Trade Thru Exmpt
01:19:03.913 PM ET,1.315,117,154,Mid,Nasdaq GSM,
01:26:36.330 PM ET,1.315,116,153,Mid,Cboe BZX,
01:32:58.881 PM ET,1.315,116,153,Mid,Cboe BZX,
01:34:58.887 PM ET,1.315,116,153,Mid,Cboe BZX,
11:37:48.422 AM ET,1.310,115,151,Bid,IEX,
01:19:05.373 PM ET,1.320,114,150,Ask,MEMX,Inter Mkt Swp; Trade Thru Exmpt
09:30:02.421 AM ET,1.290,113,146,Bid,Off Exchange,
01:02:27.508 PM ET,1.325,113,150,Mid,NYSE Arca,
01:19:03.911 PM ET,1.320,113,149,Ask,Nasdaq GSM,Inter Mkt Swp; Trade Thru Exmpt
03:36:45.713 PM ET,1.295,113,146,Mid,Off Exchange,
11:05:29.525 AM ET,1.320,112,148,Bid,Nasdaq GSM,Inter Mkt Swp; Trade Thru Exmpt
11:27:48.129 AM ET,1.310,112,147,Ask,Nasdaq GSM,Inter Mkt Swp; Trade Thru Exmpt
03:48:26.014 PM ET,1.290,112,144,Bid,Nasdaq GSM,Inter Mkt Swp; Trade Thru Exmpt
11:02:48.052 AM ET,1.321,110,145,Mid,Off Exchange,
03:36:33.707 PM ET,1.290,110,142,Bid,Cboe EDGX,Inter Mkt Swp; Trade Thru Exmpt
09:25:00.052 AM ET,1.290,107,138,Mid,Cboe BZX,Frm T Ext Hrs
12:51:14.652 PM ET,1.315,107,141,Mid,Nasdaq BX,
01:46:20.314 PM ET,1.315,107,141,Mid,Off Exchange,
02:50:10.375 PM ET,1.295,107,139,Mid,Off Exchange,
10:00:22.779 AM ET,1.330,106,141,Bid,Off Exchange,
10:19:51.158 AM ET,1.325,106,140,Mid,Off Exchange,
11:43:54.873 AM ET,1.310,106,139,Ask,IEX,
02:16:49.278 PM ET,1.300,104,135,Bid,NYSE,
03:25:19.981 PM ET,1.300,104,135,Bid,Off Exchange,
10:50:29.147 AM ET,1.330,103,137,Ask,Nasdaq GSM,Inter Mkt Swp; Trade Thru Exmpt
11:43:54.982 AM ET,1.315,103,135,Mid,Off Exchange,
01:19:03.942 PM ET,1.320,103,136,Ask,Cboe BZX,
01:23:50.835 PM ET,1.315,103,135,Mid,Cboe BZX,
02:14:07.764 PM ET,1.300,103,134,Bid,Cboe BZX,Inter Mkt Swp; Trade Thru Exmpt
03:58:06.381 PM ET,1.310,101,132,Bid,Cboe BYX,Inter Mkt Swp; Trade Thru Exmpt
03:58:06.381 PM ET,1.310,101,132,Bid,Nasdaq GSM,
03:59:00.668 PM ET,1.310,101,132,Ask,Cboe BYX,
08:22:21.331 AM ET,1.337,100,134,Mid,Off Exchange,Frm T Ext Hrs
08:22:49.680 AM ET,1.337,100,134,Mid,Off Exchange,Frm T Ext Hrs
08:32:11.646 AM ET,1.290,100,129,Ask,NYSE Arca,Frm T Ext Hrs
08:32:11.646 AM ET,1.280,100,128,Ask,NYSE Arca,Frm T Ext Hrs
09:04:18.660 AM ET,1.310,100,131,Mid,Off Exchange,Frm T Ext Hrs
09:23:04.710 AM ET,1.270,100,127,Mid,NYSE Arca,Frm T Ext Hrs; Inter Mkt Swp; Trade Thru Exmpt
09:23:04.988 AM ET,1.280,100,128,Ask,NYSE Arca,Frm T Ext Hrs
09:23:29.550 AM ET,1.270,100,127,Mid,NYSE Arca,Frm T Ext Hrs; Inter Mkt Swp; Trade Thru Exmpt
09:25:00.059 AM ET,1.270,100,127,Mid,Nasdaq GSM,Frm T Ext Hrs; Inter Mkt Swp; Trade Thru Exmpt
09:25:10.044 AM ET,1.270,100,127,Mid,NYSE Arca,Frm T Ext Hrs; Inter Mkt Swp; Trade Thru Exmpt
09:25:31.006 AM ET,1.280,100,128,Mid,Cboe EDGX,Frm T Ext Hrs; Inter Mkt Swp; Trade Thru Exmpt
09:30:03.667 AM ET,1.300,100,130,Mid,NYSE Arca,Inter Mkt Swp; Trade Thru Exmpt
09:34:54.930 AM ET,1.310,100,131,Ask,Cboe BZX,Inter Mkt Swp; Trade Thru Exmpt
09:34:54.936 AM ET,1.310,100,131,Ask,Cboe BZX,Inter Mkt Swp; Trade Thru Exmpt
09:34:54.945 AM ET,1.320,100,132,Bid,Cboe BZX,
09:34:54.948 AM ET,1.320,100,132,Bid,NYSE Arca,Inter Mkt Swp; Trade Thru Exmpt
09:34:54.948 AM ET,1.320,100,132,Bid,IEX,
09:35:06.289 AM ET,1.320,100,132,Bid,Nasdaq GSM,
09:38:15.678 AM ET,1.325,100,133,Mid,Off Exchange,
09:40:24.157 AM ET,1.320,100,132,Bid,NYSE,
09:40:24.158 AM ET,1.320,100,132,Mid,Off Exchange,
09:40:24.169 AM ET,1.320,100,132,Bid,NYSE,
09:40:24.170 AM ET,1.320,100,132,Mid,Off Exchange,
09:41:40.859 AM ET,1.330,100,133,Ask,IEX,
09:41:40.894 AM ET,1.330,100,133,Ask,Nasdaq GSM,Inter Mkt Swp; Trade Thru Exmpt
09:42:03.105 AM ET,1.330,100,133,Ask,MEMX,Inter Mkt Swp; Trade Thru Exmpt
09:42:30.840 AM ET,1.325,100,133,Mid,Off Exchange,
09:48:20.494 AM ET,1.330,100,133,Ask,Nasdaq GSM,Inter Mkt Swp; Trade Thru Exmpt
09:48:20.514 AM ET,1.329,100,133,Mid,Off Exchange,
09:49:40.862 AM ET,1.330,100,133,Ask,Cboe BZX,Inter Mkt Swp; Trade Thru Exmpt
09:49:52.277 AM ET,1.340,100,134,Ask,IEX,
09:50:29.497 AM ET,1.340,100,134,Ask,IEX,
09:50:50.775 AM ET,1.335,100,134,Mid,Nasdaq GSM,
09:50:53.210 AM ET,1.335,100,134,Mid,NYSE Arca,
09:51:13.117 AM ET,1.335,100,134,Mid,IEX,
09:51:41.807 AM ET,1.335,100,134,Mid,IEX,
09:51:42.297 AM ET,1.335,100,134,Mid,IEX,
09:52:11.317 AM ET,1.335,100,134,Mid,IEX,
09:52:27.657 AM ET,1.335,100,134,Mid,IEX,
09:52:42.374 AM ET,1.335,100,134,Mid,IEX,
09:53:06.937 AM ET,1.340,100,134,Ask,IEX,
09:53:22.759 AM ET,1.335,100,134,Mid,NYSE,
09:53:54.877 AM ET,1.340,100,134,Ask,IEX,
09:54:29.596 AM ET,1.335,100,134,Mid,NYSE,
09:54:30.037 AM ET,1.340,100,134,Ask,IEX,
09:54:50.287 AM ET,1.338,100,134,Mid,Off Exchange,
09:55:01.117 AM ET,1.340,100,134,Ask,IEX,
09:55:29.117 AM ET,1.335,100,134,Mid,Off Exchange,
09:55:34.557 AM ET,1.335,100,134,Mid,IEX,
09:56:22.837 AM ET,1.340,100,134,Ask,IEX,
09:57:05.317 AM ET,1.340,100,134,Ask,IEX,
09:57:37.597 AM ET,1.340,100,134,Ask,IEX,
09:58:25.357 AM ET,1.340,100,134,Ask,IEX,
09:59:06.977 AM ET,1.340,100,134,Ask,IEX,
09:59:51.597 AM ET,1.335,100,134,Mid,IEX,
10:00:23.977 AM ET,1.335,100,134,Mid,IEX,
10:00:48.320 AM ET,1.330,100,133,Bid,Cboe BZX,Inter Mkt Swp; Trade Thru Exmpt
10:00:48.320 AM ET,1.330,100,133,Bid,NYSE Arca,Inter Mkt Swp; Trade Thru Exmpt
10:00:48.324 AM ET,1.325,100,133,Bid,Cboe BZX,
10:00:48.328 AM ET,1.320,100,132,Bid,Cboe BZX,
10:02:11.156 AM ET,1.325,100,133,Mid,Off Exchange,
10:06:35.826 AM ET,1.330,100,133,Ask,IEX,
10:08:01.563 AM ET,1.330,100,133,Ask,Off Exchange,Avg Price
10:08:56.898 AM ET,1.325,100,133,Mid,Nasdaq GSM,Inter Mkt Swp; Trade Thru Exmpt
10:08:56.899 AM ET,1.325,100,133,Mid,Cboe BZX,
10:11:31.637 AM ET,1.330,100,133,Ask,IEX,
10:12:09.137 AM ET,1.330,100,133,Ask,IEX,
10:13:21.277 AM ET,1.330,100,133,Ask,IEX,
10:14:07.497 AM ET,1.330,100,133,Ask,IEX,
10:14:38.397 AM ET,1.330,100,133,Ask,IEX,
10:15:32.077 AM ET,1.330,100,133,Ask,IEX,
10:16:16.317 AM ET,1.330,100,133,Ask,IEX,
10:16:58.117 AM ET,1.330,100,133,Ask,IEX,
10:17:39.277 AM ET,1.330,100,133,Ask,IEX,
10:17:49.203 AM ET,1.325,100,133,Mid,Off Exchange,
10:18:20.817 AM ET,1.325,100,133,Mid,IEX,
10:18:53.318 AM ET,1.328,100,133,Mid,Off Exchange,
10:19:00.402 AM ET,1.325,100,133,Mid,IEX,
10:19:45.997 AM ET,1.330,100,133,Ask,IEX,
10:19:46.023 AM ET,1.325,100,133,Mid,MIAX Pearl,
10:22:01.377 AM ET,1.330,100,133,Ask,IEX,
10:22:48.077 AM ET,1.330,100,133,Ask,IEX,
10:23:28.717 AM ET,1.330,100,133,Ask,IEX,
10:24:24.197 AM ET,1.330,100,133,Ask,IEX,
10:25:01.877 AM ET,1.330,100,133,Ask,IEX,
10:25:51.797 AM ET,1.330,100,133,Ask,IEX,
10:26:09.674 AM ET,1.330,100,133,Ask,Off Exchange,Avg Price
10:26:23.639 AM ET,1.330,100,133,Ask,Nasdaq GSM,Inter Mkt Swp; Trade Thru Exmpt
10:26:35.877 AM ET,1.330,100,133,Ask,IEX,
10:27:31.837 AM ET,1.330,100,133,Ask,IEX,
10:28:21.117 AM ET,1.330,100,133,Ask,IEX,
10:29:03.337 AM ET,1.330,100,133,Ask,IEX,
10:29:55.937 AM ET,1.330,100,133,Ask,IEX,
10:30:43.977 AM ET,1.330,100,133,Ask,IEX,
10:31:23.357 AM ET,1.330,100,133,Ask,IEX,
10:32:06.757 AM ET,1.330,100,133,Ask,IEX,
10:32:51.137 AM ET,1.330,100,133,Ask,IEX,
10:33:49.897 AM ET,1.330,100,133,Ask,IEX,
10:34:17.587 AM ET,1.330,100,133,Ask,Cboe BZX,
10:34:17.589 AM ET,1.330,100,133,Ask,Cboe BZX,
10:34:24.777 AM ET,1.330,100,133,Ask,IEX,
10:35:13.618 AM ET,1.330,100,133,Ask,IEX,
10:35:40.481 AM ET,1.325,100,133,Mid,NYSE Arca,
10:36:12.737 AM ET,1.330,100,133,Ask,IEX,
10:36:57.577 AM ET,1.330,100,133,Ask,IEX,
10:37:41.717 AM ET,1.330,100,133,Ask,IEX,
10:38:34.557 AM ET,1.330,100,133,Ask,IEX,
10:39:29.277 AM ET,1.330,100,133,Ask,IEX,
10:40:13.297 AM ET,1.330,100,133,Ask,IEX,
10:40:53.231 AM ET,1.330,100,133,Ask,Nasdaq GSM,
10:40:53.231 AM ET,1.330,100,133,Ask,NYSE Arca,
10:40:53.243 AM ET,1.330,100,133,Ask,Nasdaq GSM,
10:40:53.243 AM ET,1.330,100,133,Ask,NYSE Arca,Inter Mkt Swp; Trade Thru Exmpt
10:41:09.677 AM ET,1.330,100,133,Ask,IEX,
10:41:44.877 AM ET,1.330,100,133,Ask,IEX,
10:42:47.117 AM ET,1.330,100,133,Ask,IEX,
10:43:23.997 AM ET,1.330,100,133,Ask,IEX,
10:43:55.661 AM ET,1.325,100,133,Mid,NYSE,
10:44:17.197 AM ET,1.330,100,133,Ask,IEX,
10:44:54.626 AM ET,1.325,100,133,Mid,Nasdaq GSM,
10:45:14.893 AM ET,1.328,100,133,Mid,Off Exchange,Avg Price
10:45:17.357 AM ET,1.330,100,133,Ask,IEX,
10:46:07.517 AM ET,1.330,100,133,Ask,IEX,
10:46:47.637 AM ET,1.330,100,133,Ask,IEX,
10:47:37.897 AM ET,1.330,100,133,Ask,IEX,
10:48:34.997 AM ET,1.330,100,133,Ask,IEX,
10:48:54.958 AM ET,1.330,100,133,Ask,NYSE Arca,Inter Mkt Swp; Trade Thru Exmpt
10:49:25.537 AM ET,1.330,100,133,Ask,IEX,
10:50:13.638 AM ET,1.330,100,133,Ask,IEX,
10:50:31.323 AM ET,1.330,100,133,Ask,Off Exchange,
10:50:33.886 AM ET,1.330,100,133,Ask,MEMX,Inter Mkt Swp; Trade Thru Exmpt
10:50:33.886 AM ET,1.330,100,133,Ask,Cboe BZX,Inter Mkt Swp; Trade Thru Exmpt
10:50:34.412 AM ET,1.340,100,134,Ask,TXSE,Inter Mkt Swp; Trade Thru Exmpt
10:51:28.698 AM ET,1.335,100,134,Mid,NYSE Arca,
10:51:44.296 AM ET,1.335,100,134,Mid,Off Exchange,
10:51:48.347 AM ET,1.335,100,134,Mid,Cboe BZX,
10:55:38.899 AM ET,1.335,100,134,Mid,Nasdaq GSM,
10:56:33.758 AM ET,1.335,100,134,Mid,IEX,
10:57:20.278 AM ET,1.335,100,134,Mid,IEX,
10:57:53.631 AM ET,1.335,100,134,Mid,Nasdaq GSM,
10:57:53.632 AM ET,1.335,100,134,Mid,NYSE Arca,
10:58:09.038 AM ET,1.335,100,134,Mid,IEX,
10:59:00.877 AM ET,1.340,100,134,Ask,IEX,
10:59:00.896 AM ET,1.335,100,134,Mid,Nasdaq BX,
10:59:54.577 AM ET,1.340,100,134,Ask,IEX,
11:00:18.825 AM ET,1.335,100,134,Mid,Nasdaq GSM,
11:00:18.826 AM ET,1.335,100,134,Mid,Nasdaq GSM,
11:00:18.826 AM ET,1.335,100,134,Mid,NYSE Arca,
11:00:18.826 AM ET,1.330,100,133,Bid,Off Exchange,
11:00:18.831 AM ET,1.335,100,134,Mid,Nasdaq GSM,Inter Mkt Swp; Trade Thru Exmpt
11:00:18.831 AM ET,1.330,100,133,Bid,Nasdaq GSM,Inter Mkt Swp; Trade Thru Exmpt
11:00:18.831 AM ET,1.330,100,133,Bid,Cboe BZX,
11:00:18.831 AM ET,1.330,100,133,Bid,Cboe BZX,Inter Mkt Swp; Trade Thru Exmpt
11:05:29.525 AM ET,1.325,100,133,Mid,Nasdaq GSM,Inter Mkt Swp; Trade Thru Exmpt
11:05:29.525 AM ET,1.320,100,132,Bid,Nasdaq GSM,Inter Mkt Swp; Trade Thru Exmpt
11:05:29.525 AM ET,1.320,100,132,Bid,Cboe BZX,Inter Mkt Swp; Trade Thru Exmpt
11:05:29.525 AM ET,1.320,100,132,Bid,MEMX,Inter Mkt Swp; Trade Thru Exmpt
11:05:29.525 AM ET,1.320,100,132,Bid,MIAX Pearl,Inter Mkt Swp; Trade Thru Exmpt
11:05:29.525 AM ET,1.320,100,132,Bid,NYSE Arca,Inter Mkt Swp; Trade Thru Exmpt
11:05:29.525 AM ET,1.320,100,132,Bid,Off Exchange,
11:06:03.453 AM ET,1.315,100,132,Mid,Nasdaq GSM,
11:06:48.222 AM ET,1.320,100,132,Mid,Off Exchange,Avg Price
11:07:33.718 AM ET,1.315,100,132,Mid,Nasdaq GSM,
11:08:35.308 AM ET,1.315,100,132,Mid,Nasdaq GSM,
11:09:19.791 AM ET,1.315,100,132,Mid,Nasdaq GSM,
11:10:04.599 AM ET,1.315,100,132,Mid,Nasdaq GSM,
11:12:23.179 AM ET,1.315,100,132,Mid,Nasdaq GSM,
11:14:04.293 AM ET,1.310,100,131,Bid,Nasdaq GSM,Inter Mkt Swp; Trade Thru Exmpt
11:14:04.296 AM ET,1.305,100,131,Bid,IEX,
11:14:04.298 AM ET,1.305,100,131,Bid,Cboe BZX,
11:14:04.309 AM ET,1.305,100,131,Bid,Cboe BZX,
11:17:29.645 AM ET,1.305,100,131,Mid,Off Exchange,
11:23:53.080 AM ET,1.305,100,131,Mid,IEX,
11:23:57.277 AM ET,1.310,100,131,Ask,IEX,
11:24:46.578 AM ET,1.310,100,131,Ask,IEX,
11:25:41.057 AM ET,1.310,100,131,Ask,IEX,
11:26:28.597 AM ET,1.310,100,131,Ask,IEX,
11:26:55.062 AM ET,1.305,100,131,Mid,IEX,
11:27:39.737 AM ET,1.310,100,131,Ask,IEX,
11:28:00.220 AM ET,1.310,100,131,Ask,IEX,
11:28:26.853 AM ET,1.310,100,131,Ask,Off Exchange,
11:28:56.152 AM ET,1.308,100,131,Mid,Off Exchange,Avg Price
11:29:21.869 AM ET,1.310,100,131,Ask,Nasdaq GSM,Inter Mkt Swp; Trade Thru Exmpt
11:30:29.195 AM ET,1.305,100,131,Mid,Off Exchange,
11:32:39.735 AM ET,1.305,100,131,Mid,Off Exchange,
11:32:39.965 AM ET,1.305,100,131,Mid,Off Exchange,
11:34:15.702 AM ET,1.310,100,131,Ask,Cboe BZX,Inter Mkt Swp; Trade Thru Exmpt
11:35:36.613 AM ET,1.310,100,131,Ask,NYSE Arca,Inter Mkt Swp; Trade Thru Exmpt
11:35:36.618 AM ET,1.305,100,131,Mid,Off Exchange,
11:35:58.651 AM ET,1.305,100,131,Mid,Off Exchange,
11:37:48.422 AM ET,1.310,100,131,Bid,Nasdaq GSM,Inter Mkt Swp; Trade Thru Exmpt
11:38:35.962 AM ET,1.315,100,132,Mid,NYSE National,Inter Mkt Swp; Trade Thru Exmpt
11:38:54.357 AM ET,1.315,100,132,Mid,NYSE National,Inter Mkt Swp; Trade Thru Exmpt
11:39:58.568 AM ET,1.310,100,131,Bid,Nasdaq GSM,Inter Mkt Swp; Trade Thru Exmpt
11:39:58.574 AM ET,1.300,100,130,Bid,Cboe BZX,
11:39:58.600 AM ET,1.305,100,131,Bid,IEX,
11:40:10.207 AM ET,1.305,100,131,Mid,Off Exchange,
11:40:21.312 AM ET,1.305,100,131,Mid,Off Exchange,
11:42:56.006 AM ET,1.310,100,131,Ask,Nasdaq GSM,Inter Mkt Swp; Trade Thru Exmpt
11:43:54.872 AM ET,1.310,100,131,Ask,MIAX Pearl,Inter Mkt Swp; Trade Thru Exmpt
11:43:54.873 AM ET,1.310,100,131,Ask,NYSE Arca,Inter Mkt Swp; Trade Thru Exmpt
11:43:54.982 AM ET,1.310,100,131,Bid,MIAX Pearl,Inter Mkt Swp; Trade Thru Exmpt
11:43:54.984 AM ET,1.315,100,132,Mid,Nasdaq GSM,Inter Mkt Swp; Trade Thru Exmpt
11:46:06.076 AM ET,1.315,100,132,Mid,Cboe BZX,
11:46:47.730 AM ET,1.315,100,132,Mid,NYSE Arca,
11:52:00.057 AM ET,1.320,100,132,Ask,Cboe BYX,Inter Mkt Swp; Trade Thru Exmpt
11:52:44.957 AM ET,1.320,100,132,Ask,IEX,
11:53:04.894 AM ET,1.316,100,132,Mid,Off Exchange,Avg Price
11:53:15.508 AM ET,1.315,100,132,Mid,IEX,
11:54:34.158 AM ET,1.320,100,132,Ask,Cboe BYX,Inter Mkt Swp; Trade Thru Exmpt
11:54:50.057 AM ET,1.320,100,132,Ask,Cboe BYX,Inter Mkt Swp; Trade Thru Exmpt
11:55:49.197 AM ET,1.320,100,132,Ask,Cboe BYX,Inter Mkt Swp; Trade Thru Exmpt
11:56:55.097 AM ET,1.320,100,132,Ask,Cboe BYX,Inter Mkt Swp; Trade Thru Exmpt
11:57:32.810 AM ET,1.315,100,132,Mid,Off Exchange,
11:57:56.997 AM ET,1.320,100,132,Ask,Cboe BYX,Inter Mkt Swp; Trade Thru Exmpt
11:59:13.158 AM ET,1.320,100,132,Ask,Cboe BYX,Inter Mkt Swp; Trade Thru Exmpt
12:00:10.517 PM ET,1.320,100,132,Ask,IEX,
12:01:12.718 PM ET,1.320,100,132,Ask,IEX,
12:02:26.897 PM ET,1.320,100,132,Ask,Cboe BYX,Inter Mkt Swp; Trade Thru Exmpt
12:03:22.557 PM ET,1.320,100,132,Ask,Cboe BYX,Inter Mkt Swp; Trade Thru Exmpt
12:04:12.137 PM ET,1.320,100,132,Ask,Cboe BYX,Inter Mkt Swp; Trade Thru Exmpt
12:05:26.517 PM ET,1.315,100,132,Mid,Cboe BYX,Inter Mkt Swp; Trade Thru Exmpt
12:05:51.011 PM ET,1.315,100,132,Mid,Nasdaq GSM,
12:06:28.956 PM ET,1.320,100,132,Ask,Cboe BYX,Inter Mkt Swp; Trade Thru Exmpt
12:07:52.136 PM ET,1.315,100,132,Mid,Cboe BYX,Inter Mkt Swp; Trade Thru Exmpt
12:08:30.897 PM ET,1.310,100,131,Bid,Nasdaq GSM,Inter Mkt Swp; Trade Thru Exmpt
12:08:42.837 PM ET,1.320,100,132,Ask,IEX,
12:09:44.137 PM ET,1.320,100,132,Ask,IEX,
12:10:13.075 PM ET,1.315,100,132,Mid,NYSE Arca,
12:10:15.707 PM ET,1.315,100,132,Mid,Off Exchange,
12:10:42.597 PM ET,1.320,100,132,Ask,IEX,
12:10:46.056 PM ET,1.315,100,132,Mid,Off Exchange,
12:11:40.477 PM ET,1.320,100,132,Ask,IEX,
12:12:07.526 PM ET,1.315,100,132,Mid,NYSE,
12:12:46.777 PM ET,1.320,100,132,Ask,IEX,
12:13:52.697 PM ET,1.320,100,132,Ask,IEX,
12:13:55.204 PM ET,1.315,100,132,Mid,IEX,
12:14:52.217 PM ET,1.320,100,132,Ask,IEX,
12:16:11.897 PM ET,1.320,100,132,Ask,IEX,
12:16:24.635 PM ET,1.315,100,132,Mid,IEX,
12:17:11.163 PM ET,1.315,100,132,Mid,IEX,
12:17:16.815 PM ET,1.320,100,132,Ask,MIAX Pearl,Inter Mkt Swp; Trade Thru Exmpt
12:17:16.827 PM ET,1.320,100,132,Ask,Off Exchange,
12:17:16.828 PM ET,1.320,100,132,Ask,Off Exchange,
12:17:17.057 PM ET,1.325,100,133,Ask,IEX,
12:18:46.676 PM ET,1.325,100,133,Ask,Cboe BYX,Inter Mkt Swp; Trade Thru Exmpt
12:19:06.923 PM ET,1.320,100,132,Mid,Off Exchange,Avg Price
12:19:32.416 PM ET,1.320,100,132,Bid,Nasdaq GSM,Inter Mkt Swp; Trade Thru Exmpt
12:26:00.482 PM ET,1.315,100,132,Mid,IEX,
12:30:31.977 PM ET,1.320,100,132,Ask,Cboe BYX,Inter Mkt Swp; Trade Thru Exmpt
12:30:32.010 PM ET,1.315,100,132,Mid,Off Exchange,
12:31:30.257 PM ET,1.320,100,132,Ask,IEX,
12:32:43.437 PM ET,1.320,100,132,Ask,IEX,
12:33:39.078 PM ET,1.320,100,132,Ask,Cboe BYX,Inter Mkt Swp; Trade Thru Exmpt
12:34:46.398 PM ET,1.320,100,132,Ask,Cboe BYX,Inter Mkt Swp; Trade Thru Exmpt
12:35:04.959 PM ET,1.315,100,132,Mid,IEX,
12:35:57.017 PM ET,1.320,100,132,Ask,Cboe BYX,Inter Mkt Swp; Trade Thru Exmpt
12:37:01.878 PM ET,1.320,100,132,Ask,Cboe BYX,Inter Mkt Swp; Trade Thru Exmpt
12:38:18.637 PM ET,1.320,100,132,Ask,Cboe BYX,Inter Mkt Swp; Trade Thru Exmpt
12:39:24.797 PM ET,1.320,100,132,Ask,Cboe BYX,Inter Mkt Swp; Trade Thru Exmpt
12:40:25.577 PM ET,1.320,100,132,Ask,IEX,
12:41:36.637 PM ET,1.320,100,132,Ask,IEX,
12:42:43.317 PM ET,1.320,100,132,Ask,IEX,
12:43:59.237 PM ET,1.320,100,132,Ask,Cboe BYX,Inter Mkt Swp; Trade Thru Exmpt
12:44:55.498 PM ET,1.320,100,132,Ask,Cboe BYX,Inter Mkt Swp; Trade Thru Exmpt
12:45:30.226 PM ET,1.315,100,132,Mid,Cboe EDGX,
12:45:30.226 PM ET,1.315,100,132,Mid,Cboe EDGA,
12:45:30.226 PM ET,1.315,100,132,Mid,MEMX,
12:45:30.226 PM ET,1.315,100,132,Mid,MIAX Pearl,
12:45:30.226 PM ET,1.315,100,132,Mid,NYSE American,
12:46:01.017 PM ET,1.319,100,132,Mid,Off Exchange,
12:46:44.782 PM ET,1.316,100,132,Mid,Off Exchange,Avg Price
12:47:35.920 PM ET,1.315,100,132,Mid,Off Exchange,
12:48:06.137 PM ET,1.315,100,132,Mid,Off Exchange,
12:48:06.143 PM ET,1.315,100,132,Mid,NYSE,
12:49:18.359 PM ET,1.315,100,132,Mid,IEX,
12:51:53.057 PM ET,1.320,100,132,Ask,Cboe BYX,Inter Mkt Swp; Trade Thru Exmpt
12:53:14.997 PM ET,1.320,100,132,Ask,Cboe BYX,Inter Mkt Swp; Trade Thru Exmpt
12:54:14.996 PM ET,1.320,100,132,Ask,Cboe BYX,Inter Mkt Swp; Trade Thru Exmpt
12:55:35.657 PM ET,1.320,100,132,Ask,IEX,
12:56:04.227 PM ET,1.315,100,132,Mid,NYSE,
12:56:04.228 PM ET,1.315,100,132,Mid,NYSE Arca,
12:56:04.313 PM ET,1.320,100,132,Ask,NYSE Arca,
01:02:27.507 PM ET,1.330,100,133,Ask,Nasdaq GSM,
01:02:27.507 PM ET,1.325,100,133,Mid,Nasdaq GSM,
01:02:27.508 PM ET,1.330,100,133,Ask,Off Exchange,
01:02:43.401 PM ET,1.325,100,133,Mid,Nasdaq GSM,
01:03:29.701 PM ET,1.320,100,132,Bid,MIAX Pearl,Inter Mkt Swp; Trade Thru Exmpt
01:03:29.701 PM ET,1.320,100,132,Bid,Cboe EDGX,Inter Mkt Swp; Trade Thru Exmpt
01:03:29.701 PM ET,1.320,100,132,Bid,Cboe BZX,Inter Mkt Swp; Trade Thru Exmpt
01:03:29.701 PM ET,1.320,100,132,Bid,MEMX,Inter Mkt Swp; Trade Thru Exmpt
01:03:29.701 PM ET,1.320,100,132,Bid,Nasdaq GSM,Inter Mkt Swp; Trade Thru Exmpt
01:03:29.701 PM ET,1.320,100,132,Bid,NYSE Arca,Inter Mkt Swp; Trade Thru Exmpt
01:05:41.857 PM ET,1.315,100,132,Mid,Off Exchange,
01:05:44.960 PM ET,1.315,100,132,Mid,IEX,
01:13:30.978 PM ET,1.320,100,132,Ask,IEX,
01:14:36.417 PM ET,1.320,100,132,Ask,IEX,
01:15:17.784 PM ET,1.316,100,132,Mid,Off Exchange,Avg Price
01:16:00.417 PM ET,1.320,100,132,Ask,IEX,
01:17:02.997 PM ET,1.320,100,132,Ask,Cboe BYX,Inter Mkt Swp; Trade Thru Exmpt
01:18:22.902 PM ET,1.320,100,132,Ask,Cboe BYX,Inter Mkt Swp; Trade Thru Exmpt
01:18:31.357 PM ET,1.320,100,132,Ask,IEX,
01:18:56.977 PM ET,1.320,100,132,Ask,NYSE Arca,
01:19:03.912 PM ET,1.320,100,132,Ask,Cboe BZX,Inter Mkt Swp; Trade Thru Exmpt
01:19:03.913 PM ET,1.320,100,132,Ask,Nasdaq GSM,Inter Mkt Swp; Trade Thru Exmpt
01:19:03.916 PM ET,1.320,100,132,Ask,NYSE Arca,
01:19:05.373 PM ET,1.320,100,132,Ask,Cboe EDGX,Inter Mkt Swp; Trade Thru Exmpt
01:19:05.373 PM ET,1.315,100,132,Mid,Cboe BZX,
01:19:48.218 PM ET,1.320,100,132,Ask,IEX,
01:20:31.407 PM ET,1.320,100,132,Ask,IEX,
01:20:56.917 PM ET,1.320,100,132,Ask,IEX,
01:22:40.694 PM ET,1.315,100,132,Mid,NYSE,
01:23:40.245 PM ET,1.315,100,132,Mid,IEX,
01:25:01.248 PM ET,1.315,100,132,Mid,Nasdaq GSM,
01:25:01.250 PM ET,1.315,100,132,Mid,Nasdaq GSM,
01:25:01.254 PM ET,1.315,100,132,Mid,Nasdaq GSM,
01:25:47.837 PM ET,1.320,100,132,Ask,NYSE National,Inter Mkt Swp; Trade Thru Exmpt
01:27:10.217 PM ET,1.320,100,132,Ask,NYSE National,Inter Mkt Swp; Trade Thru Exmpt
01:28:18.937 PM ET,1.320,100,132,Ask,IEX,
01:29:41.097 PM ET,1.320,100,132,Ask,IEX,
01:30:54.238 PM ET,1.320,100,132,Ask,IEX,
01:30:59.413 PM ET,1.315,100,132,Mid,IEX,
01:32:13.078 PM ET,1.320,100,132,Ask,IEX,
01:32:58.882 PM ET,1.315,100,132,Mid,NYSE Arca,
01:33:25.039 PM ET,1.320,100,132,Ask,IEX,
01:34:42.937 PM ET,1.320,100,132,Ask,NYSE National,Inter Mkt Swp; Trade Thru Exmpt
01:34:58.889 PM ET,1.315,100,132,Mid,NYSE Arca,
01:36:05.417 PM ET,1.320,100,132,Ask,NYSE National,Inter Mkt Swp; Trade Thru Exmpt
01:37:19.657 PM ET,1.320,100,132,Ask,NYSE National,Inter Mkt Swp; Trade Thru Exmpt
01:37:22.786 PM ET,1.310,100,131,Bid,Off Exchange,
01:37:24.832 PM ET,1.312,100,131,Mid,Off Exchange,
01:38:26.337 PM ET,1.320,100,132,Ask,NYSE National,Inter Mkt Swp; Trade Thru Exmpt
01:39:39.057 PM ET,1.320,100,132,Ask,NYSE National,Inter Mkt Swp; Trade Thru Exmpt
01:41:05.217 PM ET,1.315,100,132,Mid,NYSE National,Inter Mkt Swp; Trade Thru Exmpt
01:41:35.421 PM ET,1.315,100,132,Mid,NYSE Arca,
01:42:21.957 PM ET,1.320,100,132,Ask,NYSE National,Inter Mkt Swp; Trade Thru Exmpt
01:42:27.140 PM ET,1.315,100,132,Mid,Nasdaq GSM,
01:42:27.142 PM ET,1.315,100,132,Mid,Nasdaq GSM,
01:42:40.724 PM ET,1.315,100,132,Mid,Nasdaq GSM,
01:42:40.726 PM ET,1.315,100,132,Mid,Nasdaq GSM,
01:42:40.728 PM ET,1.315,100,132,Mid,Nasdaq GSM,
01:42:40.730 PM ET,1.315,100,132,Mid,Nasdaq GSM,
01:43:22.817 PM ET,1.320,100,132,Ask,NYSE National,Inter Mkt Swp; Trade Thru Exmpt
01:43:42.748 PM ET,1.315,100,132,Mid,Off Exchange,
01:43:45.925 PM ET,1.315,100,132,Mid,Nasdaq GSM,
01:43:59.672 PM ET,1.316,100,132,Mid,Off Exchange,Avg Price
01:44:38.638 PM ET,1.320,100,132,Ask,Cboe BYX,Inter Mkt Swp; Trade Thru Exmpt
01:46:02.757 PM ET,1.320,100,132,Ask,NYSE National,Inter Mkt Swp; Trade Thru Exmpt
01:47:07.277 PM ET,1.320,100,132,Ask,Cboe BYX,Inter Mkt Swp; Trade Thru Exmpt
01:47:56.903 PM ET,1.315,100,132,Mid,Nasdaq GSM,
01:48:26.656 PM ET,1.315,100,132,Mid,Cboe BYX,Inter Mkt Swp; Trade Thru Exmpt
01:49:38.257 PM ET,1.315,100,132,Mid,NYSE National,Inter Mkt Swp; Trade Thru Exmpt
01:50:53.298 PM ET,1.315,100,132,Mid,NYSE National,Inter Mkt Swp; Trade Thru Exmpt
01:52:11.617 PM ET,1.315,100,132,Mid,NYSE National,Inter Mkt Swp; Trade Thru Exmpt
01:52:25.402 PM ET,1.310,100,131,Bid,MEMX,
01:52:25.402 PM ET,1.310,100,131,Bid,Nasdaq GSM,
01:52:25.402 PM ET,1.310,100,131,Bid,Cboe EDGX,
01:52:25.402 PM ET,1.310,100,131,Bid,MIAX Pearl,
01:52:25.402 PM ET,1.310,100,131,Bid,NYSE American,
01:52:25.402 PM ET,1.310,100,131,Bid,NYSE Arca,
01:52:25.405 PM ET,1.305,100,131,Mid,NYSE Arca,Inter Mkt Swp; Trade Thru Exmpt
01:52:25.406 PM ET,1.305,100,131,Mid,Cboe BZX,
01:52:25.407 PM ET,1.305,100,131,Mid,Cboe BZX,
01:52:32.440 PM ET,1.305,100,131,Mid,Off Exchange,
01:52:32.442 PM ET,1.305,100,131,Mid,Nasdaq GSM,
01:52:32.547 PM ET,1.305,100,131,Mid,Nasdaq GSM,
01:52:32.550 PM ET,1.305,100,131,Mid,Nasdaq GSM,
01:52:32.553 PM ET,1.305,100,131,Mid,Nasdaq GSM,
01:52:32.555 PM ET,1.305,100,131,Mid,Nasdaq GSM,
01:52:32.558 PM ET,1.305,100,131,Mid,Nasdaq GSM,
01:52:32.560 PM ET,1.305,100,131,Mid,Nasdaq GSM,
01:52:32.569 PM ET,1.305,100,131,Mid,Nasdaq GSM,
01:53:44.482 PM ET,1.305,100,131,Mid,Cboe EDGX,
01:55:43.958 PM ET,1.305,100,131,Mid,NYSE American,
01:57:44.934 PM ET,1.305,100,131,Mid,Nasdaq GSM,
02:00:11.987 PM ET,1.300,100,130,Bid,Nasdaq GSM,
02:00:11.988 PM ET,1.305,100,131,Mid,Cboe BZX,
02:00:37.322 PM ET,1.300,100,130,Bid,Nasdaq GSM,Inter Mkt Swp; Trade Thru Exmpt
02:00:37.322 PM ET,1.300,100,130,Bid,Cboe BZX,Inter Mkt Swp; Trade Thru Exmpt
02:00:37.322 PM ET,1.300,100,130,Bid,NYSE,Inter Mkt Swp; Trade Thru Exmpt
02:00:37.322 PM ET,1.300,100,130,Bid,IEX,
02:00:37.323 PM ET,1.300,100,130,Bid,NYSE Arca,Inter Mkt Swp; Trade Thru Exmpt
02:01:05.707 PM ET,1.300,100,130,Bid,Nasdaq GSM,Inter Mkt Swp; Trade Thru Exmpt
02:01:05.708 PM ET,1.300,100,130,Bid,NYSE Arca,Inter Mkt Swp; Trade Thru Exmpt
02:01:05.708 PM ET,1.300,100,130,Bid,IEX,
02:01:12.337 PM ET,1.300,100,130,Bid,Cboe BZX,
02:01:32.139 PM ET,1.300,100,130,Bid,Nasdaq GSM,Inter Mkt Swp; Trade Thru Exmpt
02:01:32.139 PM ET,1.300,100,130,Bid,Cboe BZX,Inter Mkt Swp; Trade Thru Exmpt
02:01:32.140 PM ET,1.300,100,130,Bid,NYSE Arca,Inter Mkt Swp; Trade Thru Exmpt
02:01:32.140 PM ET,1.295,100,130,Bid,Nasdaq GSM,Inter Mkt Swp; Trade Thru Exmpt
02:01:32.140 PM ET,1.290,100,129,Bid,IEX,
02:01:32.142 PM ET,1.295,100,130,Bid,IEX,
02:01:32.145 PM ET,1.295,100,130,Bid,Cboe BZX,
02:01:32.146 PM ET,1.295,100,130,Bid,Cboe BZX,
02:01:32.147 PM ET,1.295,100,130,Bid,Cboe BZX,
02:01:32.169 PM ET,1.295,100,130,Mid,IEX,
02:02:21.872 PM ET,1.295,100,130,Mid,IEX,
02:02:21.877 PM ET,1.295,100,130,Mid,Cboe BZX,
02:05:37.126 PM ET,1.295,100,130,Mid,IEX,
02:05:56.771 PM ET,1.295,100,130,Mid,Cboe EDGX,Inter Mkt Swp; Trade Thru Exmpt
02:05:56.771 PM ET,1.290,100,129,Bid,IEX,
02:05:56.771 PM ET,1.295,100,130,Mid,Cboe BZX,
02:05:56.772 PM ET,1.295,100,130,Mid,Cboe BZX,
02:11:31.716 PM ET,1.300,100,130,Ask,Cboe BYX,Inter Mkt Swp; Trade Thru Exmpt
02:11:32.007 PM ET,1.295,100,130,Mid,NYSE Arca,
02:12:45.797 PM ET,1.300,100,130,Ask,IEX,
02:13:54.276 PM ET,1.300,100,130,Ask,Cboe BYX,Inter Mkt Swp; Trade Thru Exmpt
02:14:07.764 PM ET,1.300,100,130,Bid,Cboe BZX,Inter Mkt Swp; Trade Thru Exmpt
02:14:07.765 PM ET,1.300,100,130,Bid,NYSE American,Inter Mkt Swp; Trade Thru Exmpt
02:14:07.765 PM ET,1.300,100,130,Bid,NYSE Arca,Inter Mkt Swp; Trade Thru Exmpt
02:15:07.936 PM ET,1.310,100,131,Ask,Cboe BYX,Inter Mkt Swp; Trade Thru Exmpt
02:16:15.018 PM ET,1.310,100,131,Ask,IEX,
02:16:44.210 PM ET,1.305,100,131,Mid,NYSE Arca,
02:16:49.276 PM ET,1.300,100,130,Bid,MIAX Pearl,
02:16:49.276 PM ET,1.300,100,130,Bid,Cboe BZX,
02:16:49.276 PM ET,1.300,100,130,Bid,MEMX,
02:16:49.276 PM ET,1.305,100,131,Mid,Nasdaq GSM,
02:16:49.277 PM ET,1.300,100,130,Bid,Cboe EDGX,
02:16:49.277 PM ET,1.300,100,130,Bid,Nasdaq GSM,
02:16:49.277 PM ET,1.300,100,130,Bid,Off Exchange,
02:16:49.277 PM ET,1.300,100,130,Bid,NYSE American,
02:16:49.277 PM ET,1.305,100,131,Mid,NYSE Arca,
02:20:42.258 PM ET,1.300,100,130,Ask,IEX,
02:25:42.009 PM ET,1.300,100,130,Ask,IEX,
02:27:14.443 PM ET,1.300,100,130,Ask,IEX,
02:27:50.265 PM ET,1.300,100,130,Ask,IEX,
02:28:25.962 PM ET,1.300,100,130,Ask,IEX,
02:29:00.321 PM ET,1.300,100,130,Ask,IEX,
02:29:51.533 PM ET,1.295,100,130,Mid,IEX,
02:31:50.405 PM ET,1.300,100,130,Ask,Nasdaq GSM,
02:32:51.665 PM ET,1.300,100,130,Ask,Off Exchange,
02:33:51.784 PM ET,1.300,100,130,Ask,Off Exchange,
02:35:13.011 PM ET,1.300,100,130,Ask,IEX,
02:35:15.257 PM ET,1.300,100,130,Ask,IEX,
02:36:04.244 PM ET,1.300,100,130,Ask,IEX,
02:38:31.258 PM ET,1.300,100,130,Ask,Nasdaq GSM,
02:38:55.062 PM ET,1.300,100,130,Ask,IEX,
02:39:13.637 PM ET,1.295,100,130,Mid,NYSE Arca,
02:41:08.060 PM ET,1.295,100,130,Mid,Off Exchange,
02:43:48.437 PM ET,1.290,100,129,Mid,Off Exchange,
02:44:50.996 PM ET,1.300,100,130,Ask,Off Exchange,
02:46:22.188 PM ET,1.295,100,130,Mid,Off Exchange,
02:50:10.375 PM ET,1.300,100,130,Ask,Cboe BZX,
02:50:27.217 PM ET,1.300,100,130,Ask,IEX,
02:50:58.518 PM ET,1.295,100,130,Mid,Off Exchange,
02:53:44.945 PM ET,1.295,100,130,Mid,NYSE Arca,
02:55:35.008 PM ET,1.295,100,130,Mid,IEX,
02:56:54.718 PM ET,1.295,100,130,Mid,IEX,
02:57:21.616 PM ET,1.295,100,130,Mid,Nasdaq GSM,
02:57:21.618 PM ET,1.295,100,130,Mid,Nasdaq GSM,
02:58:16.517 PM ET,1.300,100,130,Ask,IEX,
02:58:16.539 PM ET,1.295,100,130,Mid,IEX,
02:59:09.858 PM ET,1.300,100,130,Ask,IEX,
03:00:18.997 PM ET,1.300,100,130,Ask,IEX,
03:01:15.757 PM ET,1.300,100,130,Ask,IEX,
03:01:15.768 PM ET,1.295,100,130,Mid,IEX,
03:02:58.556 PM ET,1.300,100,130,Ask,Cboe BYX,Inter Mkt Swp; Trade Thru Exmpt
03:02:58.581 PM ET,1.295,100,130,Mid,NYSE Arca,
03:03:27.954 PM ET,1.300,100,130,Ask,IEX,
03:03:32.257 PM ET,1.295,100,130,Mid,Nasdaq GSM,
03:03:32.259 PM ET,1.295,100,130,Mid,Nasdaq GSM,
03:03:32.262 PM ET,1.295,100,130,Mid,Nasdaq GSM,
03:03:48.482 PM ET,1.295,100,130,Mid,IEX,
03:04:01.102 PM ET,1.300,100,130,Ask,Nasdaq GSM,
03:04:59.575 PM ET,1.300,100,130,Ask,Off Exchange,
03:05:14.188 PM ET,1.295,100,130,Mid,Off Exchange,
03:05:59.578 PM ET,1.300,100,130,Ask,Off Exchange,
03:06:39.481 PM ET,1.300,100,130,Ask,IEX,
03:06:59.654 PM ET,1.300,100,130,Ask,Off Exchange,
03:09:00.043 PM ET,1.300,100,130,Ask,Off Exchange,
03:09:52.188 PM ET,1.295,100,130,Mid,Off Exchange,
03:10:11.581 PM ET,1.300,100,130,Ask,MIAX Pearl,Inter Mkt Swp; Trade Thru Exmpt
03:10:11.582 PM ET,1.300,100,130,Ask,IEX,
03:10:45.161 PM ET,1.300,100,130,Ask,Off Exchange,
03:10:45.162 PM ET,1.300,100,130,Ask,Off Exchange,
03:13:14.225 PM ET,1.300,100,130,Ask,Nasdaq GSM,Inter Mkt Swp; Trade Thru Exmpt
03:13:14.226 PM ET,1.300,100,130,Ask,Nasdaq PHLX,Inter Mkt Swp; Trade Thru Exmpt
03:13:25.087 PM ET,1.300,100,130,Ask,IEX,
03:14:03.644 PM ET,1.300,100,130,Ask,Off Exchange,
03:15:54.953 PM ET,1.300,100,130,Ask,Off Exchange,
03:16:49.997 PM ET,1.295,100,130,Mid,Off Exchange,
03:17:21.651 PM ET,1.300,100,130,Ask,Off Exchange,
03:18:36.840 PM ET,1.300,100,130,Ask,IEX,
03:20:01.282 PM ET,1.300,100,130,Ask,IEX,
03:20:38.518 PM ET,1.300,100,130,Ask,IEX,
03:22:28.639 PM ET,1.295,100,130,Mid,Off Exchange,
03:23:13.118 PM ET,1.300,100,130,Ask,IEX,
03:23:26.761 PM ET,1.295,100,130,Mid,Off Exchange,
03:23:37.560 PM ET,1.300,100,130,Ask,Cboe BZX,
03:23:37.560 PM ET,1.300,100,130,Ask,MEMX,Inter Mkt Swp; Trade Thru Exmpt
03:23:37.561 PM ET,1.300,100,130,Ask,Nasdaq GSM,Inter Mkt Swp; Trade Thru Exmpt
03:23:37.951 PM ET,1.300,100,130,Bid,IEX,
03:23:38.653 PM ET,1.300,100,130,Bid,Nasdaq GSM,Inter Mkt Swp; Trade Thru Exmpt
03:23:39.162 PM ET,1.300,100,130,Bid,NYSE Arca,
03:23:40.102 PM ET,1.305,100,131,Mid,NYSE Arca,
03:26:53.971 PM ET,1.305,100,131,Mid,IEX,
03:26:54.081 PM ET,1.305,100,131,Mid,IEX,
03:27:30.768 PM ET,1.305,100,131,Mid,Nasdaq GSM,
03:29:46.201 PM ET,1.305,100,131,Mid,NYSE Arca,
03:29:46.201 PM ET,1.300,100,130,Bid,NYSE Arca,
03:29:46.333 PM ET,1.300,100,130,Bid,Cboe BZX,
03:30:09.245 PM ET,1.305,100,131,Mid,Off Exchange,
03:31:04.737 PM ET,1.310,100,131,Ask,IEX,
03:32:01.718 PM ET,1.310,100,131,Ask,IEX,
03:32:59.237 PM ET,1.310,100,131,Ask,IEX,
03:33:56.217 PM ET,1.310,100,131,Ask,IEX,
03:34:46.977 PM ET,1.310,100,131,Ask,IEX,
03:35:37.677 PM ET,1.310,100,131,Ask,IEX,
03:35:37.696 PM ET,1.305,100,131,Mid,Nasdaq GSM,
03:36:33.701 PM ET,1.300,100,130,Ask,MEMX,
03:36:33.701 PM ET,1.300,100,130,Ask,Cboe BZX,
03:36:33.701 PM ET,1.300,100,130,Ask,MIAX Pearl,
03:36:33.701 PM ET,1.305,100,131,Ask,NYSE Arca,
03:36:33.701 PM ET,1.300,100,130,Ask,NYSE Arca,
03:36:33.701 PM ET,1.300,100,130,Ask,NYSE American,
03:36:33.701 PM ET,1.300,100,130,Ask,NYSE Arca,Inter Mkt Swp; Trade Thru Exmpt
03:36:33.703 PM ET,1.295,100,130,Mid,Off Exchange,
03:36:33.705 PM ET,1.290,100,129,Bid,NYSE American,
03:36:33.706 PM ET,1.290,100,129,Bid,Cboe BZX,
03:36:33.708 PM ET,1.290,100,129,Bid,Nasdaq GSM,Inter Mkt Swp; Trade Thru Exmpt
03:36:33.708 PM ET,1.290,100,129,Bid,Cboe BZX,
03:42:40.975 PM ET,1.300,100,130,Ask,IEX,
03:42:40.976 PM ET,1.295,100,130,Mid,Off Exchange,
03:42:41.028 PM ET,1.295,100,130,Mid,Off Exchange,
03:43:12.248 PM ET,1.295,100,130,Mid,Off Exchange,
03:43:32.901 PM ET,1.295,100,130,Mid,IEX,
03:43:32.903 PM ET,1.295,100,130,Mid,Off Exchange,
03:44:30.940 PM ET,1.295,100,130,Mid,NYSE Arca,
03:44:36.101 PM ET,1.295,100,130,Mid,Nasdaq GSM,
03:44:59.365 PM ET,1.300,100,130,Ask,IEX,
03:45:26.365 PM ET,1.295,100,130,Mid,Off Exchange,
03:45:26.372 PM ET,1.295,100,130,Mid,Off Exchange,
03:48:21.789 PM ET,1.295,100,130,Mid,Nasdaq GSM,
03:49:39.917 PM ET,1.295,100,130,Mid,Off Exchange,
03:49:39.920 PM ET,1.295,100,130,Mid,Off Exchange,
03:49:39.923 PM ET,1.295,100,130,Mid,Off Exchange,
03:49:39.926 PM ET,1.300,100,130,Ask,IEX,
03:49:50.351 PM ET,1.295,100,130,Mid,Off Exchange,
03:49:50.353 PM ET,1.295,100,130,Mid,Off Exchange,
03:49:50.355 PM ET,1.295,100,130,Mid,Off Exchange,
03:50:00.001 PM ET,1.290,100,129,Bid,IEX,
03:51:11.113 PM ET,1.295,100,130,Mid,Off Exchange,
03:51:11.118 PM ET,1.295,100,130,Mid,Off Exchange,
03:51:11.122 PM ET,1.295,100,130,Mid,NYSE Arca,
03:51:45.976 PM ET,1.300,100,130,Ask,Cboe BYX,Inter Mkt Swp; Trade Thru Exmpt
03:52:06.545 PM ET,1.295,100,130,Mid,Off Exchange,
03:52:06.956 PM ET,1.300,100,130,Ask,Cboe BYX,Inter Mkt Swp; Trade Thru Exmpt
03:52:07.621 PM ET,1.295,100,130,Mid,Nasdaq GSM,
03:52:32.536 PM ET,1.300,100,130,Ask,Cboe BYX,Inter Mkt Swp; Trade Thru Exmpt
03:52:45.742 PM ET,1.295,100,130,Mid,Nasdaq GSM,
03:53:10.436 PM ET,1.300,100,130,Ask,Cboe BYX,Inter Mkt Swp; Trade Thru Exmpt
03:53:15.372 PM ET,1.300,100,130,Ask,Off Exchange,
03:53:15.373 PM ET,1.295,100,130,Mid,Off Exchange,
03:53:15.373 PM ET,1.300,100,130,Ask,Off Exchange,
03:53:36.728 PM ET,1.290,100,129,Bid,Nasdaq GSM,Inter Mkt Swp; Trade Thru Exmpt
03:53:36.729 PM ET,1.290,100,129,Bid,Nasdaq GSM,Inter Mkt Swp; Trade Thru Exmpt
03:54:09.332 PM ET,1.295,100,130,Mid,Cboe EDGX,
03:54:09.371 PM ET,1.295,100,130,Mid,Cboe BZX,
03:54:17.256 PM ET,1.300,100,130,Ask,Cboe BYX,Inter Mkt Swp; Trade Thru Exmpt
03:54:44.380 PM ET,1.295,100,130,Mid,Nasdaq GSM,
03:54:47.717 PM ET,1.300,100,130,Ask,Cboe BYX,Inter Mkt Swp; Trade Thru Exmpt
03:54:50.547 PM ET,1.300,100,130,Ask,Nasdaq GSM,Inter Mkt Swp; Trade Thru Exmpt
03:54:50.547 PM ET,1.300,100,130,Ask,Cboe BZX,Inter Mkt Swp; Trade Thru Exmpt
03:54:50.547 PM ET,1.300,100,130,Ask,Cboe BZX,
03:54:50.547 PM ET,1.300,100,130,Ask,Off Exchange,
03:54:50.547 PM ET,1.300,100,130,Ask,IEX,
03:54:50.547 PM ET,1.300,100,130,Ask,NYSE Arca,Inter Mkt Swp; Trade Thru Exmpt
03:54:50.548 PM ET,1.295,100,130,Mid,Off Exchange,
03:54:50.548 PM ET,1.300,100,130,Ask,Off Exchange,
03:54:50.588 PM ET,1.300,100,130,Ask,Off Exchange,
03:54:50.608 PM ET,1.300,100,130,Ask,Off Exchange,
03:54:51.244 PM ET,1.300,100,130,Bid,Off Exchange,
03:54:52.362 PM ET,1.300,100,130,Bid,NYSE Arca,Inter Mkt Swp; Trade Thru Exmpt
03:54:53.358 PM ET,1.300,100,130,Bid,NYSE Arca,Inter Mkt Swp; Trade Thru Exmpt
03:54:54.358 PM ET,1.300,100,130,Bid,NYSE Arca,Inter Mkt Swp; Trade Thru Exmpt
03:55:00.163 PM ET,1.300,100,130,Bid,Nasdaq GSM,
03:55:00.164 PM ET,1.300,100,130,Bid,Nasdaq GSM,
03:55:00.172 PM ET,1.300,100,130,Bid,Nasdaq GSM,
03:55:00.730 PM ET,1.300,100,130,Bid,Nasdaq GSM,Inter Mkt Swp; Trade Thru Exmpt
03:56:34.886 PM ET,1.300,100,130,Bid,NYSE Arca,
03:57:00.995 PM ET,1.305,100,131,Mid,Off Exchange,
03:57:57.101 PM ET,1.305,100,131,Mid,Off Exchange,
03:58:06.381 PM ET,1.310,100,131,Bid,Nasdaq GSM,
03:58:06.381 PM ET,1.310,100,131,Bid,Cboe BYX,Inter Mkt Swp; Trade Thru Exmpt
03:58:06.381 PM ET,1.310,100,131,Bid,Cboe BZX,Inter Mkt Swp; Trade Thru Exmpt
03:58:06.381 PM ET,1.310,100,131,Bid,NYSE Arca,
03:58:06.381 PM ET,1.310,100,131,Bid,NYSE,
03:58:06.382 PM ET,1.310,100,131,Bid,Off Exchange,
03:58:06.382 PM ET,1.310,100,131,Bid,IEX,
03:58:24.521 PM ET,1.315,100,132,Mid,NYSE Arca,
03:58:24.521 PM ET,1.315,100,132,Mid,NYSE,
03:59:00.003 PM ET,1.310,100,131,Bid,Cboe BZX,
03:59:00.003 PM ET,1.310,100,131,Bid,Nasdaq GSM,Inter Mkt Swp; Trade Thru Exmpt
03:59:00.003 PM ET,1.300,100,130,Bid,MIAX Pearl,Inter Mkt Swp; Trade Thru Exmpt
03:59:00.003 PM ET,1.310,100,131,Bid,Cboe BYX,Inter Mkt Swp; Trade Thru Exmpt
03:59:00.004 PM ET,1.300,100,130,Bid,Cboe BZX,Inter Mkt Swp; Trade Thru Exmpt
03:59:00.025 PM ET,1.300,100,130,Bid,Cboe BZX,
03:59:00.025 PM ET,1.305,100,131,Bid,NYSE Arca,
03:59:00.026 PM ET,1.300,100,130,Bid,Nasdaq GSM,Inter Mkt Swp; Trade Thru Exmpt
03:59:00.668 PM ET,1.310,100,131,Ask,Cboe EDGX,
03:59:20.282 PM ET,1.315,100,132,None,Nasdaq GSM,
03:59:29.199 PM ET,1.310,100,131,None,Nasdaq GSM,
03:59:29.200 PM ET,1.315,100,132,None,NYSE Arca,
03:59:29.200 PM ET,1.315,100,132,None,NYSE,
03:59:29.200 PM ET,1.310,100,131,None,NYSE American,
03:59:29.453 PM ET,1.310,100,131,None,Off Exchange,
03:59:40.579 PM ET,1.310,100,131,None,Cboe BZX,
03:59:44.438 PM ET,1.315,100,132,None,Nasdaq GSM,
03:59:50.081 PM ET,1.315,100,132,None,Nasdaq GSM,
03:59:50.121 PM ET,1.315,100,132,None,Cboe BZX,
03:59:50.215 PM ET,1.315,100,132,None,Nasdaq GSM,Inter Mkt Swp; Trade Thru Exmpt
03:59:50.215 PM ET,1.310,100,131,None,Nasdaq GSM,Inter Mkt Swp; Trade Thru Exmpt
03:59:50.385 PM ET,1.315,100,132,None,Nasdaq GSM,Inter Mkt Swp; Trade Thru Exmpt
03:59:51.083 PM ET,1.315,100,132,None,Nasdaq GSM,
03:59:52.618 PM ET,1.315,100,132,None,Nasdaq GSM,Inter Mkt Swp; Trade Thru Exmpt
03:59:53.831 PM ET,1.315,100,132,None,Nasdaq GSM,
03:59:56.627 PM ET,1.310,100,131,None,Cboe BZX,Inter Mkt Swp; Trade Thru Exmpt
03:59:56.628 PM ET,1.310,100,131,None,Cboe BZX,
03:59:57.521 PM ET,1.310,100,131,None,Cboe BZX,
05:23:51.929 PM ET,1.290,100,129,Mid,Off Exchange,Frm T Ext Hrs
11:05:29.525 AM ET,1.320,99,131,Bid,NYSE Arca,Inter Mkt Swp; Odd Lot; Trade Thru Exmpt
02:20:08.843 PM ET,1.300,99,129,Ask,Nasdaq GSM,Odd Lot
02:34:18.763 PM ET,1.300,99,129,Ask,Nasdaq GSM,Odd Lot
12:07:08.485 PM ET,1.315,96,126,Mid,Off Exchange,Odd Lot
02:00:11.987 PM ET,1.300,96,125,Bid,Nasdaq GSM,Inter Mkt Swp; Odd Lot; Trade Thru Exmpt
02:16:49.276 PM ET,1.300,96,125,Bid,Nasdaq GSM,Odd Lot
03:54:50.547 PM ET,1.300,96,125,Ask,Cboe BZX,Odd Lot
03:54:50.547 PM ET,1.300,96,125,Ask,Cboe BZX,Inter Mkt Swp; Odd Lot; Trade Thru Exmpt
10:50:33.886 AM ET,1.330,94,125,Ask,NYSE Arca,Inter Mkt Swp; Odd Lot; Trade Thru Exmpt
11:37:22.495 AM ET,1.305,93,121,Mid,Off Exchange,Odd Lot
03:55:00.164 PM ET,1.300,93,121,Bid,Nasdaq GSM,Odd Lot
03:55:00.205 PM ET,1.300,93,121,Bid,Nasdaq GSM,Inter Mkt Swp; Odd Lot; Trade Thru Exmpt
02:05:56.771 PM ET,1.295,92,119,Mid,Cboe BZX,Odd Lot
09:25:10.037 AM ET,1.280,91,116,Ask,NYSE Arca,Frm T Ext Hrs; Inter Mkt Swp; Odd Lot; Trade Thru Exmpt
09:30:02.676 AM ET,1.280,91,116,Bid,NYSE Arca,Odd Lot
02:00:11.988 PM ET,1.305,91,119,Mid,Off Exchange,Odd Lot
03:36:33.701 PM ET,1.300,91,118,Ask,Nasdaq GSM,Odd Lot
09:23:04.711 AM ET,1.280,90,115,Ask,Cboe EDGX,Frm T Ext Hrs; Odd Lot
09:23:04.719 AM ET,1.270,90,114,Mid,NYSE Arca,Frm T Ext Hrs; Inter Mkt Swp; Odd Lot; Trade Thru Exmpt
09:25:10.037 AM ET,1.280,90,115,Ask,NYSE Arca,Frm T Ext Hrs; Inter Mkt Swp; Odd Lot; Trade Thru Exmpt
09:25:10.044 AM ET,1.270,90,114,Mid,NYSE Arca,Frm T Ext Hrs; Inter Mkt Swp; Odd Lot; Trade Thru Exmpt
09:25:18.257 AM ET,1.280,90,115,Mid,NYSE Arca,Frm T Ext Hrs; Inter Mkt Swp; Odd Lot; Trade Thru Exmpt
09:35:36.882 AM ET,1.325,90,119,Mid,Off Exchange,Odd Lot
11:19:59.904 AM ET,1.305,90,117,Mid,Off Exchange,Odd Lot
11:19:59.904 AM ET,1.305,90,117,Mid,IEX,Odd Lot
11:27:58.947 AM ET,1.305,90,117,Mid,Off Exchange,Odd Lot
11:34:15.701 AM ET,1.305,90,117,Mid,Off Exchange,Odd Lot
12:23:22.992 PM ET,1.315,90,118,Mid,IEX,Odd Lot
12:23:22.993 PM ET,1.315,90,118,Mid,Off Exchange,Odd Lot
12:42:37.047 PM ET,1.315,90,118,Mid,Off Exchange,Odd Lot
01:16:54.825 PM ET,1.315,90,118,Mid,IEX,Odd Lot
01:16:54.826 PM ET,1.315,90,118,Mid,Off Exchange,Odd Lot
01:25:30.857 PM ET,1.315,90,118,Mid,IEX,Odd Lot
01:30:57.227 PM ET,1.315,90,118,Mid,Off Exchange,Odd Lot
02:05:37.127 PM ET,1.295,90,117,Mid,IEX,Odd Lot
02:21:37.727 PM ET,1.295,90,117,Mid,Off Exchange,Odd Lot
02:25:50.230 PM ET,1.295,90,117,Mid,Off Exchange,Odd Lot
02:26:23.739 PM ET,1.295,90,117,Mid,Off Exchange,Odd Lot
02:33:13.581 PM ET,1.295,90,117,Mid,Off Exchange,Odd Lot
02:36:38.113 PM ET,1.295,90,117,Mid,Off Exchange,Odd Lot
02:48:28.291 PM ET,1.295,90,117,Mid,Off Exchange,Odd Lot
02:50:48.748 PM ET,1.295,90,117,Mid,IEX,Odd Lot
02:54:50.614 PM ET,1.295,90,117,Mid,IEX,Odd Lot
03:06:51.742 PM ET,1.295,90,117,Mid,Off Exchange,Odd Lot
03:08:48.759 PM ET,1.295,90,117,Mid,Off Exchange,Odd Lot
03:10:11.582 PM ET,1.300,90,117,Ask,MIAX Pearl,Odd Lot
03:12:50.096 PM ET,1.295,90,117,Mid,Off Exchange,Odd Lot
03:14:34.462 PM ET,1.295,90,117,Mid,Off Exchange,Odd Lot
03:16:22.702 PM ET,1.295,90,117,Mid,Off Exchange,Odd Lot
03:23:37.560 PM ET,1.300,90,117,Ask,MIAX Pearl,Odd Lot
03:36:33.707 PM ET,1.290,90,116,Bid,Cboe EDGX,Inter Mkt Swp; Odd Lot; Trade Thru Exmpt
03:59:11.501 PM ET,1.310,90,118,None,NYSE Arca,Odd Lot
03:59:57.521 PM ET,1.310,90,118,None,NYSE Arca,Inter Mkt Swp; Odd Lot; Trade Thru Exmpt
11:11:02.320 AM ET,1.315,88,116,Mid,Off Exchange,Odd Lot
03:36:33.701 PM ET,1.300,88,114,Ask,Cboe BZX,Odd Lot
02:07:40.490 PM ET,1.290,87,112,Bid,Off Exchange,Odd Lot
10:31:08.251 AM ET,1.325,86,114,Mid,Nasdaq GSM,Odd Lot
02:39:24.817 PM ET,1.295,85,110,Mid,Off Exchange,Odd Lot
03:59:52.618 PM ET,1.310,85,111,None,Nasdaq GSM,Inter Mkt Swp; Odd Lot; Trade Thru Exmpt
01:32:58.883 PM ET,1.315,84,110,Mid,Nasdaq GSM,Odd Lot
01:34:58.889 PM ET,1.315,84,110,Mid,NYSE Arca,Odd Lot
03:55:00.162 PM ET,1.300,83,108,Bid,Nasdaq GSM,Odd Lot
03:56:48.839 PM ET,1.300,83,108,Bid,NYSE,Odd Lot
03:59:46.633 PM ET,1.315,83,109,None,Off Exchange,Odd Lot
09:23:22.820 AM ET,1.260,82,103,Mid,Cboe EDGX,Frm T Ext Hrs; Inter Mkt Swp; Odd Lot; Trade Thru Exmpt
10:20:33.677 AM ET,1.330,82,109,Ask,IEX,Odd Lot
10:21:19.157 AM ET,1.330,82,109,Ask,IEX,Odd Lot
10:50:33.886 AM ET,1.330,81,108,Ask,NYSE Arca,Inter Mkt Swp; Odd Lot; Trade Thru Exmpt
03:36:41.711 PM ET,1.295,81,105,Mid,Off Exchange,Odd Lot
09:04:27.024 AM ET,1.280,80,102,Mid,Off Exchange,Frm T Ext Hrs; Odd Lot
09:04:29.734 AM ET,1.270,80,102,Mid,Off Exchange,Frm T Ext Hrs; Odd Lot
09:25:00.052 AM ET,1.280,80,102,Mid,NYSE Arca,Frm T Ext Hrs; Odd Lot
09:25:10.036 AM ET,1.300,80,104,Ask,Cboe BZX,Frm T Ext Hrs; Odd Lot
09:25:10.037 AM ET,1.290,80,103,Ask,NYSE Arca,Frm T Ext Hrs; Odd Lot
09:59:06.832 AM ET,1.335,80,107,Mid,Off Exchange,Odd Lot
11:00:18.831 AM ET,1.335,80,107,Mid,NYSE Arca,Inter Mkt Swp; Odd Lot; Trade Thru Exmpt
11:14:58.300 AM ET,1.305,80,104,Mid,Off Exchange,Odd Lot
11:15:30.219 AM ET,1.305,80,104,Mid,Off Exchange,Odd Lot
11:42:09.304 AM ET,1.305,80,104,Mid,Off Exchange,Odd Lot
11:56:46.227 AM ET,1.315,80,105,Mid,Off Exchange,Odd Lot
12:28:34.914 PM ET,1.315,80,105,Mid,Off Exchange,Odd Lot
01:13:57.496 PM ET,1.315,80,105,Mid,Off Exchange,Odd Lot
01:19:03.911 PM ET,1.320,80,106,Ask,Nasdaq GSM,Inter Mkt Swp; Odd Lot; Trade Thru Exmpt
01:33:07.169 PM ET,1.315,80,105,Mid,Off Exchange,Odd Lot
02:19:11.650 PM ET,1.295,80,104,Mid,Off Exchange,Odd Lot
02:19:11.651 PM ET,1.290,80,103,Bid,Off Exchange,Odd Lot
02:20:24.939 PM ET,1.295,80,104,Mid,Off Exchange,Odd Lot
02:34:30.453 PM ET,1.295,80,104,Mid,Off Exchange,Odd Lot
02:38:16.259 PM ET,1.295,80,104,Mid,Off Exchange,Odd Lot
02:43:16.192 PM ET,1.295,80,104,Mid,Off Exchange,Odd Lot
02:52:09.676 PM ET,1.295,80,104,Mid,IEX,Odd Lot
02:52:50.855 PM ET,1.295,80,104,Mid,IEX,Odd Lot
02:59:31.161 PM ET,1.295,80,104,Mid,IEX,Odd Lot
03:03:48.482 PM ET,1.295,80,104,Mid,IEX,Odd Lot
03:03:49.002 PM ET,1.295,80,104,Mid,Off Exchange,Odd Lot
03:04:59.576 PM ET,1.295,80,104,Mid,Off Exchange,Odd Lot
03:05:55.599 PM ET,1.295,80,104,Mid,Off Exchange,Odd Lot
03:07:54.028 PM ET,1.295,80,104,Mid,Off Exchange,Odd Lot
03:11:57.184 PM ET,1.295,80,104,Mid,Off Exchange,Odd Lot
03:15:32.014 PM ET,1.295,80,104,Mid,Off Exchange,Odd Lot
03:54:50.547 PM ET,1.295,80,104,Mid,Off Exchange,Odd Lot
03:57:10.509 PM ET,1.305,80,104,Mid,Off Exchange,Odd Lot
03:57:21.116 PM ET,1.305,80,104,Mid,Off Exchange,Odd Lot
03:59:00.668 PM ET,1.310,80,105,Ask,NYSE Arca,Odd Lot
03:59:57.521 PM ET,1.310,80,105,None,Cboe BZX,Odd Lot
03:17:55.697 PM ET,1.295,79,102,Mid,Off Exchange,Odd Lot
09:40:24.170 AM ET,1.320,78,103,Bid,NYSE Arca,Inter Mkt Swp; Odd Lot; Trade Thru Exmpt
11:37:48.528 AM ET,1.315,78,103,Mid,Cboe BZX,Inter Mkt Swp; Odd Lot; Trade Thru Exmpt
03:50:00.001 PM ET,1.290,78,101,Bid,Nasdaq GSM,Inter Mkt Swp; Odd Lot; Trade Thru Exmpt
11:58:38.268 AM ET,1.315,77,101,Mid,Off Exchange,Odd Lot
01:24:33.668 PM ET,1.312,77,101,Mid,Off Exchange,Odd Lot
02:28:40.559 PM ET,1.295,77,100,Mid,Off Exchange,Odd Lot
02:29:18.785 PM ET,1.295,77,100,Mid,Off Exchange,Odd Lot
02:30:48.319 PM ET,1.295,77,100,Mid,Off Exchange,Odd Lot
03:36:33.703 PM ET,1.300,77,100,Ask,Cboe BYX,Inter Mkt Swp; Odd Lot; Trade Thru Exmpt
07:10:30.618 AM ET,1.320,76,100,Mid,Off Exchange,Frm T Ext Hrs; Odd Lot
02:28:15.974 PM ET,1.299,76,99,Mid,Off Exchange,Odd Lot
02:28:27.213 PM ET,1.299,76,99,Mid,Off Exchange,Odd Lot
02:29:39.957 PM ET,1.299,76,99,Mid,Off Exchange,Odd Lot
02:30:28.199 PM ET,1.299,76,99,Mid,Off Exchange,Odd Lot
02:30:39.200 PM ET,1.299,76,99,Mid,Off Exchange,Odd Lot
02:31:15.673 PM ET,1.299,76,99,Mid,Off Exchange,Odd Lot
09:25:10.044 AM ET,1.270,75,95,Mid,NYSE Arca,Frm T Ext Hrs; Inter Mkt Swp; Odd Lot; Trade Thru Exmpt
02:14:07.768 PM ET,1.305,75,98,Mid,Off Exchange,Odd Lot
10:12:42.620 AM ET,1.320,74,98,Bid,NYSE Arca,Odd Lot
10:39:09.417 AM ET,1.325,73,97,Mid,Off Exchange,Odd Lot
09:25:10.466 AM ET,1.280,72,92,Ask,NYSE Arca,Frm T Ext Hrs; Odd Lot
03:27:29.501 PM ET,1.300,72,94,Bid,Off Exchange,Odd Lot
03:33:47.135 PM ET,1.305,72,94,Mid,Nasdaq GSM,Inter Mkt Swp; Odd Lot; Trade Thru Exmpt
03:36:33.702 PM ET,1.300,72,94,Ask,Cboe BZX,Odd Lot
03:59:54.158 PM ET,1.310,72,94,None,IEX,Odd Lot
12:00:10.518 PM ET,1.310,71,93,Bid,Off Exchange,Odd Lot
11:00:18.831 AM ET,1.330,70,93,Bid,NYSE Arca,Inter Mkt Swp; Odd Lot; Trade Thru Exmpt
11:10:04.603 AM ET,1.310,70,92,Bid,Off Exchange,Odd Lot
11:16:34.127 AM ET,1.305,70,91,Mid,Off Exchange,Odd Lot
11:22:07.987 AM ET,1.305,70,91,Mid,IEX,Odd Lot
11:22:07.988 AM ET,1.305,70,91,Mid,Off Exchange,Odd Lot
11:32:39.965 AM ET,1.305,70,91,Mid,IEX,Odd Lot
11:36:22.117 AM ET,1.305,70,91,Mid,Off Exchange,Odd Lot
11:37:21.007 AM ET,1.305,70,91,Mid,Off Exchange,Odd Lot
11:40:51.183 AM ET,1.310,70,92,Ask,Off Exchange,Odd Lot
11:43:18.457 AM ET,1.305,70,91,Mid,Off Exchange,Odd Lot
12:17:16.250 PM ET,1.315,70,92,Mid,Off Exchange,Odd Lot
12:20:51.070 PM ET,1.315,70,92,Mid,IEX,Odd Lot
12:20:51.070 PM ET,1.315,70,92,Mid,Off Exchange,Odd Lot
12:55:51.933 PM ET,1.315,70,92,Mid,IEX,Odd Lot
12:55:51.992 PM ET,1.315,70,92,Mid,Off Exchange,Odd Lot
01:32:04.795 PM ET,1.315,70,92,Mid,Off Exchange,Odd Lot
01:34:42.952 PM ET,1.315,70,92,Mid,Off Exchange,Odd Lot
01:37:12.190 PM ET,1.315,70,92,Mid,IEX,Odd Lot
02:22:59.198 PM ET,1.295,70,91,Mid,Off Exchange,Odd Lot
02:32:12.118 PM ET,1.295,70,91,Mid,Off Exchange,Odd Lot
02:35:39.072 PM ET,1.295,70,91,Mid,Off Exchange,Odd Lot
02:40:01.593 PM ET,1.295,70,91,Mid,IEX,Odd Lot
02:40:01.593 PM ET,1.295,70,91,Mid,Off Exchange,Odd Lot
02:42:19.372 PM ET,1.295,70,91,Mid,Off Exchange,Odd Lot
02:45:57.678 PM ET,1.295,70,91,Mid,Off Exchange,Odd Lot
02:53:43.402 PM ET,1.295,70,91,Mid,IEX,Odd Lot
02:55:19.519 PM ET,1.295,70,91,Mid,Off Exchange,Odd Lot
03:01:39.827 PM ET,1.295,70,91,Mid,IEX,Odd Lot
03:13:49.171 PM ET,1.295,70,91,Mid,Off Exchange,Odd Lot
03:17:19.729 PM ET,1.295,70,91,Mid,Off Exchange,Odd Lot
03:57:31.610 PM ET,1.305,70,91,Mid,Off Exchange,Odd Lot
03:57:40.824 PM ET,1.305,70,91,Mid,Off Exchange,Odd Lot
03:57:50.181 PM ET,1.305,70,91,Mid,Off Exchange,Odd Lot
09:45:58.335 AM ET,1.329,69,92,Mid,Off Exchange,Odd Lot
12:52:43.721 PM ET,1.315,69,91,Mid,Off Exchange,Odd Lot
03:34:35.760 PM ET,1.305,69,90,Mid,Nasdaq GSM,Odd Lot
09:23:04.988 AM ET,1.280,68,87,Ask,NYSE Arca,Frm T Ext Hrs; Odd Lot
11:20:05.956 AM ET,1.305,68,89,Mid,Off Exchange,Odd Lot
10:00:48.325 AM ET,1.320,67,88,Bid,Cboe BZX,Odd Lot
12:13:11.855 PM ET,1.315,67,88,Mid,Off Exchange,Odd Lot
01:52:32.407 PM ET,1.305,67,87,Mid,Off Exchange,Odd Lot
03:58:21.418 PM ET,1.315,67,88,Mid,Nasdaq GSM,Odd Lot
10:50:00.663 AM ET,1.330,66,88,Ask,Nasdaq GSM,Inter Mkt Swp; Odd Lot; Trade Thru Exmpt
03:04:01.111 PM ET,1.300,66,86,Ask,Off Exchange,Odd Lot
03:59:20.376 PM ET,1.315,66,87,None,Nasdaq GSM,Odd Lot
11:08:27.310 AM ET,1.315,65,85,Mid,Off Exchange,Odd Lot
12:55:26.455 PM ET,1.315,65,85,Mid,Off Exchange,Odd Lot
11:54:50.526 AM ET,1.315,64,84,Mid,Nasdaq GSM,Odd Lot
03:58:06.381 PM ET,1.310,64,84,Bid,Cboe BZX,Inter Mkt Swp; Odd Lot; Trade Thru Exmpt
09:25:38.069 AM ET,1.270,63,80,Bid,Cboe EDGX,Frm T Ext Hrs; Inter Mkt Swp; Odd Lot; Trade Thru Exmpt
12:51:14.652 PM ET,1.310,63,83,Bid,Cboe BYX,Inter Mkt Swp; Odd Lot; Trade Thru Exmpt
01:37:00.084 PM ET,1.315,63,83,Mid,Off Exchange,Odd Lot
03:36:45.713 PM ET,1.290,63,81,Bid,Off Exchange,Odd Lot
03:19:13.388 PM ET,1.295,62,80,Mid,Off Exchange,Odd Lot
12:28:34.906 PM ET,1.315,61,80,Mid,Off Exchange,Odd Lot
02:19:21.277 PM ET,1.295,61,79,Mid,Off Exchange,Odd Lot
10:40:53.231 AM ET,1.330,60,80,Ask,Nasdaq GSM,Odd Lot
10:50:33.886 AM ET,1.330,60,80,Ask,NYSE Arca,Inter Mkt Swp; Odd Lot; Trade Thru Exmpt
11:39:58.568 AM ET,1.310,60,79,Bid,Nasdaq GSM,Inter Mkt Swp; Odd Lot; Trade Thru Exmpt
11:51:38.217 AM ET,1.315,60,79,Mid,Off Exchange,Odd Lot
01:03:29.701 PM ET,1.320,60,79,Bid,Cboe BZX,Inter Mkt Swp; Odd Lot; Trade Thru Exmpt
03:23:39.093 PM ET,1.300,60,78,Bid,Nasdaq GSM,Odd Lot
03:55:51.890 PM ET,1.305,60,78,Mid,Off Exchange,Odd Lot
12:19:32.422 PM ET,1.310,59,77,Bid,Cboe BYX,Inter Mkt Swp; Odd Lot; Trade Thru Exmpt
03:48:30.782 PM ET,1.295,58,75,Mid,Off Exchange,Odd Lot
09:34:54.936 AM ET,1.310,57,75,Ask,Cboe BZX,Inter Mkt Swp; Odd Lot; Trade Thru Exmpt
09:40:24.156 AM ET,1.320,57,75,Bid,Nasdaq GSM,Odd Lot
09:40:24.158 AM ET,1.320,57,75,Mid,Off Exchange,Odd Lot
11:35:40.414 AM ET,1.310,57,75,Ask,IEX,Odd Lot
03:50:57.352 PM ET,1.295,57,74,Mid,Off Exchange,Odd Lot
03:20:32.058 PM ET,1.290,56,72,Bid,Off Exchange,Odd Lot
03:39:41.298 PM ET,1.295,56,73,Mid,Off Exchange,Odd Lot
03:58:48.178 PM ET,1.315,56,74,Mid,Off Exchange,Odd Lot
03:00:40.078 PM ET,1.295,55,71,Mid,Off Exchange,Odd Lot
03:53:54.729 PM ET,1.295,54,70,Mid,Off Exchange,Odd Lot
03:58:19.058 PM ET,1.315,54,71,Mid,Off Exchange,Odd Lot
03:59:22.048 PM ET,1.310,54,71,None,Off Exchange,Odd Lot
12:44:07.675 PM ET,1.315,53,70,Mid,Nasdaq GSM,Odd Lot
02:42:57.038 PM ET,1.295,53,69,Mid,Off Exchange,Odd Lot
08:32:11.646 AM ET,1.280,52,67,Ask,NYSE Arca,Frm T Ext Hrs; Odd Lot
10:40:53.244 AM ET,1.330,52,69,Ask,NYSE Arca,Odd Lot
03:44:49.283 PM ET,1.295,52,67,Mid,Off Exchange,Odd Lot
03:47:21.607 PM ET,1.295,52,67,Mid,Off Exchange,Odd Lot
03:57:17.636 PM ET,1.305,52,68,Mid,Off Exchange,Odd Lot
03:59:00.668 PM ET,1.310,52,68,Ask,Cboe EDGX,Odd Lot
03:59:11.500 PM ET,1.310,52,68,None,Cboe BZX,Inter Mkt Swp; Odd Lot; Trade Thru Exmpt
03:59:40.579 PM ET,1.310,52,68,None,Cboe BZX,Odd Lot
02:31:02.261 PM ET,1.295,51,66,Mid,Off Exchange,Odd Lot
03:50:20.001 PM ET,1.295,51,66,Mid,Off Exchange,Odd Lot
03:54:50.547 PM ET,1.300,51,66,Ask,NYSE Arca,Inter Mkt Swp; Odd Lot; Trade Thru Exmpt
03:56:45.864 PM ET,1.305,51,67,Mid,Off Exchange,Odd Lot
10:53:27.952 AM ET,1.330,50,67,Bid,Off Exchange,Odd Lot
10:57:53.631 AM ET,1.330,50,67,Bid,Nasdaq GSM,Odd Lot
11:03:14.870 AM ET,1.320,50,66,Bid,Off Exchange,Odd Lot
11:03:20.751 AM ET,1.330,50,67,Ask,Off Exchange,Odd Lot
11:05:29.525 AM ET,1.320,50,66,Bid,Cboe EDGX,Inter Mkt Swp; Odd Lot; Trade Thru Exmpt
11:13:47.961 AM ET,1.310,50,66,Bid,Off Exchange,Odd Lot
11:32:09.995 AM ET,1.305,50,65,Mid,Off Exchange,Odd Lot
01:24:30.172 PM ET,1.320,50,66,Ask,Off Exchange,Odd Lot
02:50:10.375 PM ET,1.300,50,65,Ask,Cboe BZX,Odd Lot
02:50:58.519 PM ET,1.295,50,65,Mid,Off Exchange,Odd Lot
02:50:58.535 PM ET,1.295,50,65,Mid,Off Exchange,Odd Lot
02:50:58.536 PM ET,1.295,50,65,Mid,Off Exchange,Odd Lot
02:50:58.542 PM ET,1.295,50,65,Mid,Off Exchange,Odd Lot
02:50:58.543 PM ET,1.295,50,65,Mid,Off Exchange,Odd Lot
02:50:59.792 PM ET,1.295,50,65,Mid,Off Exchange,Odd Lot
02:50:59.793 PM ET,1.295,50,65,Mid,Off Exchange,Odd Lot
03:23:37.560 PM ET,1.300,50,65,Ask,Cboe BZX,Odd Lot
04:06:18.093 PM ET,1.309,50,65,Mid,Off Exchange,Frm T Ext Hrs; Odd Lot
05:29:47.631 PM ET,1.285,50,64,Mid,Off Exchange,Frm T Ext Hrs; Odd Lot
09:52:57.668 AM ET,1.335,49,65,Mid,Off Exchange,Odd Lot
03:42:19.510 PM ET,1.295,49,63,Mid,Off Exchange,Odd Lot
03:53:17.337 PM ET,1.295,49,63,Mid,Off Exchange,Odd Lot
11:18:21.733 AM ET,1.305,48,63,Mid,Off Exchange,Odd Lot
02:05:56.771 PM ET,1.290,48,62,Bid,Nasdaq GSM,Inter Mkt Swp; Odd Lot; Trade Thru Exmpt
02:09:13.242 PM ET,1.295,48,62,Mid,Off Exchange,Odd Lot
03:34:35.761 PM ET,1.305,48,63,Mid,Cboe BZX,Odd Lot
03:59:00.003 PM ET,1.310,48,63,Bid,Nasdaq GSM,Inter Mkt Swp; Odd Lot; Trade Thru Exmpt
08:32:11.646 AM ET,1.290,47,61,Ask,Cboe BZX,Frm T Ext Hrs; Odd Lot
12:51:14.653 PM ET,1.315,47,62,Mid,Off Exchange,Odd Lot
03:22:56.225 PM ET,1.290,47,61,Bid,Off Exchange,Odd Lot
11:37:11.418 AM ET,1.310,46,60,Ask,IEX,Odd Lot
03:48:18.060 PM ET,1.299,46,60,Mid,Off Exchange,Odd Lot
03:51:44.468 PM ET,1.295,46,60,Mid,Off Exchange,Odd Lot
03:53:15.372 PM ET,1.300,46,60,Ask,Off Exchange,Odd Lot
03:54:50.547 PM ET,1.300,46,60,Ask,Cboe BZX,Inter Mkt Swp; Odd Lot; Trade Thru Exmpt
03:58:05.419 PM ET,1.305,46,60,Mid,Off Exchange,Odd Lot
11:37:49.446 AM ET,1.310,45,59,Bid,Cboe BYX,Inter Mkt Swp; Odd Lot; Trade Thru Exmpt
02:37:34.221 PM ET,1.295,45,58,Mid,Off Exchange,Odd Lot
02:53:24.820 PM ET,1.295,45,58,Mid,Off Exchange,Odd Lot
11:30:47.411 AM ET,1.310,44,58,Ask,IEX,Odd Lot
02:16:49.291 PM ET,1.300,44,57,Bid,Off Exchange,Odd Lot
02:16:49.292 PM ET,1.300,44,57,Bid,Off Exchange,Odd Lot
02:23:31.039 PM ET,1.295,44,57,Mid,Off Exchange,Odd Lot
03:45:54.854 PM ET,1.290,44,57,Bid,Off Exchange,Odd Lot
03:56:20.974 PM ET,1.305,44,57,Mid,Off Exchange,Odd Lot
10:26:23.639 AM ET,1.330,43,57,Ask,Nasdaq GSM,Inter Mkt Swp; Odd Lot; Trade Thru Exmpt
01:30:53.418 PM ET,1.318,43,57,Mid,Off Exchange,Odd Lot
03:36:41.710 PM ET,1.290,42,54,Bid,Off Exchange,Odd Lot
09:23:04.989 AM ET,1.280,41,52,Ask,NYSE Arca,Frm T Ext Hrs; Odd Lot
01:52:32.407 PM ET,1.305,41,54,Mid,Off Exchange,Odd Lot
01:57:43.618 PM ET,1.305,41,54,Mid,Off Exchange,Odd Lot
03:59:11.502 PM ET,1.315,41,54,None,Off Exchange,Odd Lot
03:59:47.476 PM ET,1.320,41,54,None,Cboe BYX,Inter Mkt Swp; Odd Lot; Trade Thru Exmpt
03:59:49.972 PM ET,1.320,41,54,None,Cboe BYX,Inter Mkt Swp; Odd Lot; Trade Thru Exmpt
10:26:23.639 AM ET,1.330,40,53,Ask,Nasdaq GSM,Inter Mkt Swp; Odd Lot; Trade Thru Exmpt
10:50:33.886 AM ET,1.330,40,53,Ask,NYSE Arca,Inter Mkt Swp; Odd Lot; Trade Thru Exmpt
01:19:03.912 PM ET,1.320,40,53,Ask,MEMX,Inter Mkt Swp; Odd Lot; Trade Thru Exmpt
03:41:03.334 PM ET,1.295,40,52,Mid,Off Exchange,Odd Lot
03:54:23.372 PM ET,1.295,40,52,Mid,Off Exchange,Odd Lot
03:57:59.977 PM ET,1.305,40,52,Mid,Off Exchange,Odd Lot
03:58:33.635 PM ET,1.315,40,53,Mid,Off Exchange,Odd Lot
03:59:50.386 PM ET,1.315,40,53,None,Cboe BZX,Odd Lot
11:43:54.981 AM ET,1.310,39,51,Bid,Nasdaq GSM,Inter Mkt Swp; Odd Lot; Trade Thru Exmpt
03:59:03.491 PM ET,1.305,39,51,Mid,Off Exchange,Odd Lot
01:24:21.067 PM ET,1.315,38,50,Mid,Off Exchange,Odd Lot
01:30:59.413 PM ET,1.315,38,50,Mid,Off Exchange,Odd Lot
01:46:20.314 PM ET,1.315,38,50,Mid,Off Exchange,Odd Lot
02:14:07.767 PM ET,1.305,38,50,Mid,Off Exchange,Odd Lot
03:28:31.408 PM ET,1.305,38,50,Mid,Off Exchange,Odd Lot
03:49:14.453 PM ET,1.295,38,49,Mid,Off Exchange,Odd Lot
03:52:32.297 PM ET,1.295,38,49,Mid,Off Exchange,Odd Lot
03:57:36.460 PM ET,1.305,38,50,Mid,Off Exchange,Odd Lot
03:59:10.233 PM ET,1.300,38,49,None,Off Exchange,Odd Lot
02:48:20.281 PM ET,1.295,37,48,Mid,Off Exchange,Odd Lot
03:37:27.714 PM ET,1.295,37,48,Mid,Off Exchange,Odd Lot
03:38:06.714 PM ET,1.295,37,48,Mid,Off Exchange,Odd Lot
03:45:54.856 PM ET,1.290,37,48,Bid,Off Exchange,Odd Lot
03:54:40.244 PM ET,1.295,37,48,Mid,Off Exchange,Odd Lot
10:00:48.320 AM ET,1.330,36,48,Bid,NYSE Arca,Inter Mkt Swp; Odd Lot; Trade Thru Exmpt
10:55:38.899 AM ET,1.330,36,48,Bid,Cboe BYX,Inter Mkt Swp; Odd Lot; Trade Thru Exmpt
03:52:45.743 PM ET,1.290,36,46,Bid,Off Exchange,Odd Lot
03:56:30.441 PM ET,1.305,36,47,Mid,Off Exchange,Odd Lot
03:57:17.637 PM ET,1.305,36,47,Mid,Off Exchange,Odd Lot
03:57:50.182 PM ET,1.305,36,47,Mid,Off Exchange,Odd Lot
03:58:09.703 PM ET,1.315,36,47,Mid,Off Exchange,Odd Lot
03:58:33.637 PM ET,1.315,36,47,Mid,Off Exchange,Odd Lot
03:59:33.399 PM ET,1.315,36,47,None,Off Exchange,Odd Lot
03:59:39.782 PM ET,1.315,36,47,None,Off Exchange,Odd Lot
11:37:48.421 AM ET,1.310,35,46,Bid,Nasdaq GSM,Inter Mkt Swp; Odd Lot; Trade Thru Exmpt
01:02:27.507 PM ET,1.325,35,46,Mid,MEMX,Odd Lot
03:48:30.782 PM ET,1.295,35,45,Mid,Off Exchange,Odd Lot
03:55:46.446 PM ET,1.305,35,46,Mid,Off Exchange,Odd Lot
03:59:15.504 PM ET,1.315,35,46,None,Off Exchange,Odd Lot
10:50:00.663 AM ET,1.330,34,45,Ask,Nasdaq GSM,Inter Mkt Swp; Odd Lot; Trade Thru Exmpt
10:50:28.644 AM ET,1.330,34,45,Ask,Nasdaq GSM,Inter Mkt Swp; Odd Lot; Trade Thru Exmpt
10:55:38.899 AM ET,1.330,34,45,Bid,Nasdaq GSM,Odd Lot
11:37:48.523 AM ET,1.315,34,45,Mid,Off Exchange,Odd Lot
11:43:54.982 AM ET,1.315,34,45,Mid,Off Exchange,Odd Lot
02:26:23.739 PM ET,1.295,34,44,Mid,Off Exchange,Odd Lot
03:04:01.102 PM ET,1.300,34,44,Ask,Nasdaq GSM,Odd Lot
03:53:54.730 PM ET,1.290,34,44,Bid,Off Exchange,Odd Lot
03:57:39.590 PM ET,1.305,34,44,Mid,Off Exchange,Odd Lot
03:58:54.098 PM ET,1.315,34,45,Mid,Off Exchange,Odd Lot
09:30:02.412 AM ET,1.310,33,43,Ask,Off Exchange,Deriv Priced; Odd Lot; Trade Thru Exmpt
10:46:11.517 AM ET,1.325,33,44,Mid,Off Exchange,Odd Lot
12:39:02.608 PM ET,1.315,33,43,Mid,Off Exchange,Odd Lot
02:42:57.038 PM ET,1.295,33,43,Mid,Off Exchange,Odd Lot
03:39:41.298 PM ET,1.295,33,43,Mid,Off Exchange,Odd Lot
03:55:13.269 PM ET,1.300,33,43,Bid,Off Exchange,Odd Lot
10:57:53.631 AM ET,1.330,32,43,Bid,Cboe BYX,Inter Mkt Swp; Odd Lot; Trade Thru Exmpt
03:55:32.490 PM ET,1.305,32,42,Mid,Off Exchange,Odd Lot
03:59:39.382 PM ET,1.310,32,42,None,Nasdaq GSM,Inter Mkt Swp; Odd Lot; Trade Thru Exmpt
10:57:53.631 AM ET,1.330,31,41,Bid,Cboe BYX,Inter Mkt Swp; Odd Lot; Trade Thru Exmpt
03:50:45.601 PM ET,1.295,31,40,Mid,Off Exchange,Odd Lot
03:55:01.320 PM ET,1.305,31,40,Mid,Off Exchange,Odd Lot
03:58:50.426 PM ET,1.315,31,41,Mid,Off Exchange,Odd Lot
03:59:29.028 PM ET,1.315,31,41,None,Off Exchange,Odd Lot
10:00:48.325 AM ET,1.320,30,40,Bid,Cboe BZX,Odd Lot
10:09:50.766 AM ET,1.321,30,40,Mid,Off Exchange,Odd Lot
11:00:18.832 AM ET,1.325,30,40,Bid,Off Exchange,Odd Lot
11:40:51.176 AM ET,1.310,30,39,Ask,Nasdaq GSM,Inter Mkt Swp; Odd Lot; Trade Thru Exmpt
01:44:09.529 PM ET,1.310,30,39,Bid,Off Exchange,Odd Lot
02:16:49.276 PM ET,1.300,30,39,Bid,Nasdaq GSM,Odd Lot
02:31:50.405 PM ET,1.300,30,39,Ask,Nasdaq GSM,Odd Lot
03:19:13.388 PM ET,1.295,30,39,Mid,Off Exchange,Odd Lot
03:51:44.469 PM ET,1.295,30,39,Mid,Off Exchange,Odd Lot
03:55:08.049 PM ET,1.305,30,39,Mid,Off Exchange,Odd Lot
03:56:59.417 PM ET,1.305,30,39,Mid,Off Exchange,Odd Lot
03:59:00.004 PM ET,1.300,30,39,Bid,Cboe EDGX,Inter Mkt Swp; Odd Lot; Trade Thru Exmpt
03:59:16.469 PM ET,1.315,30,39,None,Off Exchange,Odd Lot
12:29:18.565 PM ET,1.310,29,38,Bid,Cboe BYX,Inter Mkt Swp; Odd Lot; Trade Thru Exmpt
01:33:18.393 PM ET,1.315,29,38,Mid,Off Exchange,Odd Lot
02:31:02.261 PM ET,1.295,29,38,Mid,Off Exchange,Odd Lot
03:42:10.808 PM ET,1.290,29,37,Bid,Off Exchange,Odd Lot
03:46:56.553 PM ET,1.295,29,38,Mid,Off Exchange,Odd Lot
03:54:23.372 PM ET,1.295,29,38,Mid,Off Exchange,Odd Lot
03:56:06.798 PM ET,1.305,29,38,Mid,Off Exchange,Odd Lot
09:25:10.466 AM ET,1.280,28,36,Ask,NYSE Arca,Frm T Ext Hrs; Odd Lot
03:36:33.701 PM ET,1.300,28,36,Ask,Cboe BZX,Odd Lot
03:43:31.562 PM ET,1.295,28,36,Mid,Off Exchange,Odd Lot
03:59:25.049 PM ET,1.315,28,37,None,Off Exchange,Odd Lot
03:59:43.968 PM ET,1.315,28,37,None,Off Exchange,Odd Lot
09:25:10.036 AM ET,1.300,27,35,Ask,Cboe BZX,Frm T Ext Hrs; Odd Lot
09:34:54.936 AM ET,1.320,27,36,Ask,Cboe BZX,Inter Mkt Swp; Odd Lot; Trade Thru Exmpt
02:03:34.252 PM ET,1.295,27,35,Mid,Off Exchange,Odd Lot
03:24:00.102 PM ET,1.305,27,35,Mid,Off Exchange,Odd Lot
03:59:22.048 PM ET,1.310,27,35,None,Cboe BZX,Inter Mkt Swp; Odd Lot; Trade Thru Exmpt
03:55:21.221 PM ET,1.300,26,34,Bid,Off Exchange,Odd Lot
03:59:00.003 PM ET,1.310,26,34,Bid,Cboe BZX,Odd Lot
03:59:00.004 PM ET,1.300,26,34,Bid,Cboe BZX,Inter Mkt Swp; Odd Lot; Trade Thru Exmpt
03:59:00.007 PM ET,1.305,26,34,Bid,Off Exchange,Odd Lot
03:59:23.125 PM ET,1.310,26,34,None,IEX,Odd Lot
05:57:17.628 PM ET,1.290,26,34,Ask,Cboe BZX,Frm T Ext Hrs; Inter Mkt Swp; Odd Lot; Trade Thru Exmpt
09:31:54.335 AM ET,1.305,25,33,Mid,Off Exchange,Odd Lot
09:35:24.463 AM ET,1.325,25,33,Mid,Off Exchange,Odd Lot
11:11:00.033 AM ET,1.319,25,33,Mid,Off Exchange,Odd Lot
12:07:13.812 PM ET,1.310,25,33,Bid,Cboe BYX,Inter Mkt Swp; Odd Lot; Trade Thru Exmpt
01:36:15.577 PM ET,1.315,25,33,Mid,Off Exchange,Odd Lot
02:50:59.794 PM ET,1.295,25,32,Mid,Off Exchange,Odd Lot
02:50:59.795 PM ET,1.295,25,32,Mid,Off Exchange,Odd Lot
02:50:59.796 PM ET,1.295,25,32,Mid,Off Exchange,Odd Lot
02:50:59.797 PM ET,1.295,25,32,Mid,Off Exchange,Odd Lot
02:50:59.798 PM ET,1.295,25,32,Mid,Off Exchange,Odd Lot
02:50:59.799 PM ET,1.295,25,32,Mid,Off Exchange,Odd Lot
03:41:03.334 PM ET,1.295,25,32,Mid,Off Exchange,Odd Lot
03:58:07.049 PM ET,1.315,25,33,Mid,Cboe EDGX,Odd Lot
03:58:13.046 PM ET,1.315,25,33,Mid,Off Exchange,Odd Lot
03:58:19.057 PM ET,1.315,25,33,Mid,Off Exchange,Odd Lot
03:58:24.520 PM ET,1.315,25,33,Mid,Nasdaq GSM,Odd Lot
03:58:31.052 PM ET,1.315,25,33,Mid,Off Exchange,Odd Lot
03:58:36.039 PM ET,1.315,25,33,Mid,Off Exchange,Odd Lot
03:58:42.033 PM ET,1.315,25,33,Mid,Off Exchange,Odd Lot
03:58:48.177 PM ET,1.315,25,33,Mid,Off Exchange,Odd Lot
03:58:54.097 PM ET,1.315,25,33,Mid,Off Exchange,Odd Lot
03:58:54.997 PM ET,1.315,25,33,Mid,Off Exchange,Odd Lot
03:59:34.964 PM ET,1.315,25,33,None,Off Exchange,Odd Lot
11:39:58.573 AM ET,1.300,24,31,Bid,Cboe BYX,Inter Mkt Swp; Odd Lot; Trade Thru Exmpt
03:43:31.562 PM ET,1.295,24,31,Mid,Off Exchange,Odd Lot
03:51:04.791 PM ET,1.295,24,31,Mid,Off Exchange,Odd Lot
03:26:18.960 PM ET,1.305,23,30,Mid,Off Exchange,Odd Lot
03:57:55.098 PM ET,1.300,23,30,Bid,Off Exchange,Odd Lot
03:59:26.877 PM ET,1.315,23,30,None,Off Exchange,Odd Lot
10:50:33.886 AM ET,1.330,22,29,Ask,NYSE Arca,Inter Mkt Swp; Odd Lot; Trade Thru Exmpt
11:13:43.797 AM ET,1.310,22,29,Bid,Cboe BYX,Inter Mkt Swp; Odd Lot; Trade Thru Exmpt
12:51:14.676 PM ET,1.315,22,29,Mid,Off Exchange,Odd Lot
03:44:15.710 PM ET,1.295,22,28,Mid,Off Exchange,Odd Lot
03:59:25.053 PM ET,1.310,22,29,None,IEX,Odd Lot
01:39:25.908 PM ET,1.315,21,28,Mid,Off Exchange,Odd Lot
03:53:17.337 PM ET,1.295,21,27,Mid,Off Exchange,Odd Lot
03:58:19.058 PM ET,1.315,21,28,Mid,Off Exchange,Odd Lot
03:59:34.966 PM ET,1.315,21,28,None,Nasdaq GSM,Inter Mkt Swp; Odd Lot; Trade Thru Exmpt
09:25:10.044 AM ET,1.280,20,26,Ask,Nasdaq GSM,Frm T Ext Hrs; Inter Mkt Swp; Odd Lot; Trade Thru Exmpt
09:31:04.650 AM ET,1.300,20,26,Ask,Off Exchange,Odd Lot
10:53:26.683 AM ET,1.331,20,27,Mid,Off Exchange,Odd Lot
10:54:07.004 AM ET,1.340,20,27,Ask,Off Exchange,Odd Lot
11:13:43.797 AM ET,1.310,20,26,Bid,Cboe BYX,Inter Mkt Swp; Odd Lot; Trade Thru Exmpt
12:19:32.416 PM ET,1.320,20,26,Bid,Cboe BZX,Inter Mkt Swp; Odd Lot; Trade Thru Exmpt
02:08:47.525 PM ET,1.295,20,26,Mid,NYSE Arca,Odd Lot
02:21:37.727 PM ET,1.290,20,26,Bid,Off Exchange,Odd Lot
03:21:43.042 PM ET,1.295,20,26,Mid,Off Exchange,Odd Lot
03:54:09.382 PM ET,1.295,20,26,Mid,NYSE,Odd Lot
03:54:34.373 PM ET,1.295,20,26,Mid,Off Exchange,Odd Lot
03:59:04.489 PM ET,1.305,20,26,Mid,Off Exchange,Odd Lot
03:59:24.974 PM ET,1.310,20,26,None,Cboe BZX,Inter Mkt Swp; Odd Lot; Trade Thru Exmpt
09:25:10.470 AM ET,1.260,19,24,Bid,Cboe BZX,Frm T Ext Hrs; Odd Lot
09:25:10.470 AM ET,1.270,19,24,Mid,Cboe BZX,Frm T Ext Hrs; Odd Lot
10:50:33.886 AM ET,1.330,19,25,Ask,NYSE Arca,Inter Mkt Swp; Odd Lot; Trade Thru Exmpt
03:57:03.361 PM ET,1.305,19,25,Mid,Off Exchange,Odd Lot
03:59:22.883 PM ET,1.310,19,25,None,Cboe BZX,Inter Mkt Swp; Odd Lot; Trade Thru Exmpt
03:59:23.103 PM ET,1.315,19,25,None,Off Exchange,Odd Lot
06:25:16.028 PM ET,1.270,19,24,Mid,Off Exchange,Frm T Ext Hrs; Odd Lot
09:25:10.044 AM ET,1.290,18,23,Ask,Nasdaq GSM,Frm T Ext Hrs; Odd Lot
09:35:06.289 AM ET,1.320,18,24,Bid,Nasdaq GSM,Odd Lot
09:40:24.170 AM ET,1.320,18,24,Bid,Cboe BZX,Inter Mkt Swp; Odd Lot; Trade Thru Exmpt
10:20:33.677 AM ET,1.330,18,24,Ask,IEX,Odd Lot
10:21:19.157 AM ET,1.330,18,24,Ask,IEX,Odd Lot
10:36:06.278 AM ET,1.320,18,24,Bid,Cboe BYX,Inter Mkt Swp; Odd Lot; Trade Thru Exmpt
10:50:33.886 AM ET,1.330,18,24,Ask,NYSE Arca,Inter Mkt Swp; Odd Lot; Trade Thru Exmpt
11:13:43.797 AM ET,1.310,18,24,Bid,Cboe BYX,Inter Mkt Swp; Odd Lot; Trade Thru Exmpt
12:58:00.942 PM ET,1.320,18,24,Bid,Cboe BYX,Inter Mkt Swp; Odd Lot; Trade Thru Exmpt
03:47:29.989 PM ET,1.295,18,23,Mid,Off Exchange,Odd Lot
03:59:27.291 PM ET,1.310,18,24,None,Nasdaq GSM,Inter Mkt Swp; Odd Lot; Trade Thru Exmpt
03:59:39.479 PM ET,1.315,18,24,None,Off Exchange,Odd Lot
03:59:57.048 PM ET,1.305,18,23,None,Off Exchange,Odd Lot
11:29:21.977 AM ET,1.305,17,22,Mid,Nasdaq GSM,Inter Mkt Swp; Odd Lot; Trade Thru Exmpt
01:01:13.074 PM ET,1.320,17,22,Bid,Cboe BYX,Odd Lot
03:49:14.532 PM ET,1.295,17,22,Mid,Off Exchange,Odd Lot
03:49:57.304 PM ET,1.295,17,22,Mid,Off Exchange,Odd Lot
03:55:00.162 PM ET,1.300,17,22,Bid,Nasdaq GSM,Odd Lot
03:56:48.839 PM ET,1.300,17,22,Bid,NYSE Arca,Odd Lot
03:59:31.611 PM ET,1.315,17,22,None,Nasdaq GSM,Inter Mkt Swp; Odd Lot; Trade Thru Exmpt
07:17:04.027 AM ET,1.335,16,21,Mid,NYSE Arca,Frm T Ext Hrs; Odd Lot
09:34:54.936 AM ET,1.320,16,21,Ask,Cboe BZX,Inter Mkt Swp; Odd Lot; Trade Thru Exmpt
10:48:08.899 AM ET,1.325,16,21,Mid,IEX,Odd Lot
11:39:58.573 AM ET,1.300,16,21,Bid,Cboe BYX,Inter Mkt Swp; Odd Lot; Trade Thru Exmpt
12:29:07.047 PM ET,1.310,16,21,Bid,Cboe BYX,Inter Mkt Swp; Odd Lot; Trade Thru Exmpt
12:38:11.356 PM ET,1.310,16,21,Bid,Cboe BYX,Inter Mkt Swp; Odd Lot; Trade Thru Exmpt
01:02:27.508 PM ET,1.325,16,21,Mid,Off Exchange,Odd Lot
03:04:02.848 PM ET,1.297,16,21,Mid,Off Exchange,Odd Lot
03:09:02.849 PM ET,1.299,16,21,Mid,Off Exchange,Odd Lot
03:56:45.864 PM ET,1.305,16,21,Mid,Off Exchange,Odd Lot
03:59:26.879 PM ET,1.310,16,21,None,Nasdaq GSM,Inter Mkt Swp; Odd Lot; Trade Thru Exmpt
03:59:37.653 PM ET,1.310,16,21,None,Nasdaq GSM,Inter Mkt Swp; Odd Lot; Trade Thru Exmpt
08:32:03.862 AM ET,1.310,15,20,Ask,NYSE Arca,Frm T Ext Hrs; Odd Lot
09:23:22.809 AM ET,1.270,15,19,Mid,Cboe BZX,Frm T Ext Hrs; Odd Lot
10:03:11.752 AM ET,1.329,15,20,Mid,Off Exchange,Odd Lot
10:27:17.312 AM ET,1.325,15,20,Mid,IEX,Odd Lot
11:05:37.248 AM ET,1.315,15,20,Mid,Off Exchange,Odd Lot
02:53:24.820 PM ET,1.298,15,19,Mid,Off Exchange,Odd Lot
03:19:37.102 PM ET,1.294,15,19,Mid,Off Exchange,Odd Lot
03:30:11.901 PM ET,1.305,15,20,Mid,Off Exchange,Odd Lot
03:50:13.001 PM ET,1.295,15,19,Mid,Off Exchange,Odd Lot
09:45:45.091 AM ET,1.329,14,19,Mid,Off Exchange,Odd Lot
12:07:13.812 PM ET,1.310,14,18,Bid,Cboe BYX,Inter Mkt Swp; Odd Lot; Trade Thru Exmpt
12:19:32.422 PM ET,1.310,14,18,Bid,Cboe BYX,Inter Mkt Swp; Odd Lot; Trade Thru Exmpt
03:14:22.124 PM ET,1.299,14,18,Mid,Off Exchange,Odd Lot
09:25:10.044 AM ET,1.270,13,17,Mid,NYSE Arca,Frm T Ext Hrs; Inter Mkt Swp; Odd Lot; Trade Thru Exmpt
11:30:47.405 AM ET,1.310,13,17,Ask,NYSE Arca,Odd Lot
11:39:40.199 AM ET,1.310,13,17,Bid,Cboe BYX,Inter Mkt Swp; Odd Lot; Trade Thru Exmpt
12:07:13.812 PM ET,1.310,13,17,Bid,Cboe BYX,Inter Mkt Swp; Odd Lot; Trade Thru Exmpt
03:59:11.503 PM ET,1.315,13,17,None,Off Exchange,Odd Lot
03:59:39.481 PM ET,1.310,13,17,None,Nasdaq GSM,Inter Mkt Swp; Odd Lot; Trade Thru Exmpt
03:59:57.199 PM ET,1.305,13,17,None,Off Exchange,Odd Lot
09:25:18.257 AM ET,1.280,12,15,Mid,NYSE Arca,Frm T Ext Hrs; Inter Mkt Swp; Odd Lot; Trade Thru Exmpt
09:30:02.677 AM ET,1.280,12,15,Bid,Cboe BZX,Odd Lot
10:36:06.278 AM ET,1.320,12,16,Bid,Cboe BYX,Inter Mkt Swp; Odd Lot; Trade Thru Exmpt
12:48:10.489 PM ET,1.310,12,16,Bid,Cboe BYX,Inter Mkt Swp; Odd Lot; Trade Thru Exmpt
01:06:06.488 PM ET,1.310,12,16,Bid,NYSE National,Inter Mkt Swp; Odd Lot; Trade Thru Exmpt
01:19:03.912 PM ET,1.320,12,16,Ask,Nasdaq BX,Inter Mkt Swp; Odd Lot; Trade Thru Exmpt
02:16:49.277 PM ET,1.300,12,16,Bid,NYSE American,Odd Lot
03:54:51.338 PM ET,1.305,12,16,Mid,Off Exchange,Odd Lot
03:59:03.169 PM ET,1.310,12,16,Ask,Off Exchange,Odd Lot
03:59:06.251 PM ET,1.310,12,16,None,Off Exchange,Odd Lot
03:59:09.214 PM ET,1.310,12,16,None,Off Exchange,Odd Lot
03:59:15.127 PM ET,1.315,12,16,None,Off Exchange,Odd Lot
03:59:17.057 PM ET,1.315,12,16,None,Off Exchange,Odd Lot
03:59:20.110 PM ET,1.315,12,16,None,Off Exchange,Odd Lot
03:59:23.102 PM ET,1.315,12,16,None,Off Exchange,Odd Lot
03:59:30.112 PM ET,1.315,12,16,None,Nasdaq GSM,Inter Mkt Swp; Odd Lot; Trade Thru Exmpt
03:59:31.335 PM ET,1.310,12,16,None,NYSE Arca,Odd Lot
03:59:36.049 PM ET,1.315,12,16,None,IEX,Odd Lot
03:59:36.351 PM ET,1.310,12,16,None,NYSE Arca,Odd Lot
03:59:39.381 PM ET,1.310,12,16,None,NYSE Arca,Odd Lot
03:59:42.358 PM ET,1.310,12,16,None,NYSE Arca,Odd Lot
03:59:43.904 PM ET,1.310,12,16,None,Off Exchange,Odd Lot
03:59:47.041 PM ET,1.315,12,16,None,Off Exchange,Odd Lot
03:59:47.343 PM ET,1.310,12,16,None,NYSE Arca,Odd Lot
03:59:48.163 PM ET,1.315,12,16,None,Off Exchange,Odd Lot
09:23:04.719 AM ET,1.270,11,14,Mid,NYSE Arca,Frm T Ext Hrs; Inter Mkt Swp; Odd Lot; Trade Thru Exmpt
09:23:04.988 AM ET,1.270,11,14,Mid,NYSE Arca,Frm T Ext Hrs; Odd Lot
09:23:04.988 AM ET,1.280,11,14,Ask,NYSE Arca,Frm T Ext Hrs; Odd Lot
10:12:42.620 AM ET,1.320,11,15,Bid,Cboe BYX,Odd Lot
10:27:17.312 AM ET,1.325,11,15,Mid,Off Exchange,Odd Lot
10:27:17.322 AM ET,1.325,11,15,Mid,Off Exchange,Odd Lot
10:48:08.898 AM ET,1.325,11,15,Mid,Off Exchange,Odd Lot
10:48:08.913 AM ET,1.325,11,15,Mid,Off Exchange,Odd Lot
11:13:43.797 AM ET,1.310,11,14,Bid,Cboe BYX,Inter Mkt Swp; Odd Lot; Trade Thru Exmpt
11:39:58.573 AM ET,1.300,11,14,Bid,Cboe BYX,Inter Mkt Swp; Odd Lot; Trade Thru Exmpt
12:29:07.047 PM ET,1.310,11,14,Bid,Cboe BYX,Inter Mkt Swp; Odd Lot; Trade Thru Exmpt
12:38:11.356 PM ET,1.310,11,14,Bid,Cboe BYX,Inter Mkt Swp; Odd Lot; Trade Thru Exmpt
12:48:10.489 PM ET,1.310,11,14,Bid,Cboe BYX,Inter Mkt Swp; Odd Lot; Trade Thru Exmpt
02:58:41.984 PM ET,1.296,11,14,Mid,Off Exchange,Odd Lot
03:59:20.545 PM ET,1.310,11,14,None,Cboe BZX,Inter Mkt Swp; Odd Lot; Trade Thru Exmpt
03:59:20.647 PM ET,1.310,11,14,None,Cboe BZX,Inter Mkt Swp; Odd Lot; Trade Thru Exmpt
03:59:46.123 PM ET,1.315,11,14,None,Off Exchange,Odd Lot
03:59:56.641 PM ET,1.305,11,14,None,Off Exchange,Odd Lot
09:25:38.063 AM ET,1.290,10,13,Mid,NYSE Arca,Frm T Ext Hrs; Inter Mkt Swp; Odd Lot; Trade Thru Exmpt
09:40:24.167 AM ET,1.320,10,13,Bid,Cboe BZX,Inter Mkt Swp; Odd Lot; Trade Thru Exmpt
09:40:24.169 AM ET,1.320,10,13,Bid,Cboe BZX,Odd Lot
09:40:24.169 AM ET,1.320,10,13,Mid,Off Exchange,Odd Lot
11:00:18.831 AM ET,1.330,10,13,Bid,NYSE Arca,Inter Mkt Swp; Odd Lot; Trade Thru Exmpt
11:14:04.293 AM ET,1.310,10,13,Bid,NYSE Arca,Inter Mkt Swp; Odd Lot; Trade Thru Exmpt
11:14:04.294 AM ET,1.310,10,13,Bid,IEX,Odd Lot
11:14:04.294 AM ET,1.310,10,13,Bid,Cboe EDGX,Inter Mkt Swp; Odd Lot; Trade Thru Exmpt
11:34:15.702 AM ET,1.310,10,13,Ask,Cboe BZX,Inter Mkt Swp; Odd Lot; Trade Thru Exmpt
01:03:29.701 PM ET,1.320,10,13,Bid,Cboe EDGX,Inter Mkt Swp; Odd Lot; Trade Thru Exmpt
01:15:08.746 PM ET,1.315,10,13,Mid,Off Exchange,Odd Lot
01:52:25.402 PM ET,1.310,10,13,Bid,Nasdaq GSM,Odd Lot
01:52:25.402 PM ET,1.310,10,13,Bid,Cboe EDGX,Odd Lot
01:52:25.402 PM ET,1.310,10,13,Bid,NYSE American,Odd Lot
02:00:11.987 PM ET,1.300,10,13,Bid,Nasdaq GSM,Inter Mkt Swp; Odd Lot; Trade Thru Exmpt
02:01:32.140 PM ET,1.300,10,13,Bid,NYSE Arca,Inter Mkt Swp; Odd Lot; Trade Thru Exmpt
02:16:49.276 PM ET,1.300,10,13,Bid,Cboe BZX,Odd Lot
03:36:33.707 PM ET,1.290,10,13,Bid,Cboe EDGX,Inter Mkt Swp; Odd Lot; Trade Thru Exmpt
03:59:30.592 PM ET,1.315,10,13,None,Off Exchange,Odd Lot
03:59:36.158 PM ET,1.315,10,13,None,Nasdaq GSM,Inter Mkt Swp; Odd Lot; Trade Thru Exmpt
09:23:29.551 AM ET,1.270,9,11,Mid,NYSE Arca,Frm T Ext Hrs; Odd Lot
09:25:40.053 AM ET,1.290,9,12,Mid,NYSE Arca,Frm T Ext Hrs; Odd Lot
09:30:02.676 AM ET,1.280,9,12,Bid,NYSE Arca,Odd Lot
09:30:02.683 AM ET,1.270,9,11,Bid,Cboe BZX,Odd Lot
09:38:10.369 AM ET,1.320,9,12,Bid,Cboe BZX,Inter Mkt Swp; Odd Lot; Trade Thru Exmpt
09:40:24.157 AM ET,1.320,9,12,Bid,Cboe BZX,Odd Lot
09:40:24.157 AM ET,1.320,9,12,Mid,Off Exchange,Odd Lot
11:05:29.525 AM ET,1.320,9,12,Bid,Cboe BYX,Inter Mkt Swp; Odd Lot; Trade Thru Exmpt
12:03:22.441 PM ET,1.310,9,12,Bid,Off Exchange,Odd Lot
12:07:13.812 PM ET,1.310,9,12,Bid,Cboe BYX,Inter Mkt Swp; Odd Lot; Trade Thru Exmpt
12:19:32.422 PM ET,1.310,9,12,Bid,Cboe BYX,Inter Mkt Swp; Odd Lot; Trade Thru Exmpt
12:48:10.489 PM ET,1.310,9,12,Bid,Cboe BYX,Inter Mkt Swp; Odd Lot; Trade Thru Exmpt
12:58:29.684 PM ET,1.320,9,12,Bid,NYSE National,Inter Mkt Swp; Odd Lot; Trade Thru Exmpt
01:01:13.074 PM ET,1.320,9,12,Bid,NYSE National,Odd Lot
03:36:33.701 PM ET,1.305,9,12,Ask,Nasdaq GSM,Odd Lot
03:36:33.701 PM ET,1.300,9,12,Ask,Nasdaq GSM,Inter Mkt Swp; Odd Lot; Trade Thru Exmpt
03:59:41.821 PM ET,1.315,9,12,None,Off Exchange,Odd Lot
03:59:46.213 PM ET,1.315,9,12,None,Off Exchange,Odd Lot
10:36:06.278 AM ET,1.320,8,11,Bid,Cboe BYX,Inter Mkt Swp; Odd Lot; Trade Thru Exmpt
10:37:02.703 AM ET,1.320,8,11,Bid,Cboe BYX,Odd Lot
12:18:31.535 PM ET,1.320,8,11,None,Cboe BYX,Inter Mkt Swp; Odd Lot; Trade Thru Exmpt
12:51:14.653 PM ET,1.315,8,11,Mid,Off Exchange,Odd Lot
12:52:43.721 PM ET,1.315,8,11,Mid,MEMX,Odd Lot
01:03:29.701 PM ET,1.320,8,11,Bid,Cboe BYX,Inter Mkt Swp; Odd Lot; Trade Thru Exmpt
01:06:06.488 PM ET,1.310,8,10,Bid,NYSE National,Inter Mkt Swp; Odd Lot; Trade Thru Exmpt
02:05:56.771 PM ET,1.295,8,10,Mid,Cboe BZX,Odd Lot
02:16:49.276 PM ET,1.300,8,10,Bid,Cboe BZX,Odd Lot
03:59:29.026 PM ET,1.310,8,10,None,Nasdaq GSM,Inter Mkt Swp; Odd Lot; Trade Thru Exmpt
10:36:06.278 AM ET,1.320,7,9,Bid,Cboe BYX,Inter Mkt Swp; Odd Lot; Trade Thru Exmpt
11:13:43.797 AM ET,1.310,7,9,Bid,Cboe BYX,Inter Mkt Swp; Odd Lot; Trade Thru Exmpt
11:22:20.982 AM ET,1.301,7,9,Mid,Off Exchange,Odd Lot
11:39:40.199 AM ET,1.310,7,9,Bid,Cboe BYX,Inter Mkt Swp; Odd Lot; Trade Thru Exmpt
11:39:43.397 AM ET,1.310,7,9,Bid,Cboe BYX,Inter Mkt Swp; Odd Lot; Trade Thru Exmpt
11:39:58.573 AM ET,1.300,7,9,Bid,Cboe BYX,Inter Mkt Swp; Odd Lot; Trade Thru Exmpt
11:42:59.695 AM ET,1.310,7,9,Ask,Off Exchange,Odd Lot
12:18:18.258 PM ET,1.320,7,9,None,Cboe BYX,Inter Mkt Swp; Odd Lot; Trade Thru Exmpt
12:18:20.535 PM ET,1.320,7,9,None,Cboe BYX,Inter Mkt Swp; Odd Lot; Trade Thru Exmpt
12:29:07.047 PM ET,1.310,7,9,Bid,Cboe BYX,Inter Mkt Swp; Odd Lot; Trade Thru Exmpt
12:38:11.356 PM ET,1.310,7,9,Bid,Cboe BYX,Inter Mkt Swp; Odd Lot; Trade Thru Exmpt
12:48:10.489 PM ET,1.310,7,9,Bid,Cboe BYX,Inter Mkt Swp; Odd Lot; Trade Thru Exmpt
01:06:06.488 PM ET,1.310,7,9,Bid,NYSE National,Inter Mkt Swp; Odd Lot; Trade Thru Exmpt
01:15:10.089 PM ET,1.317,7,9,Mid,Off Exchange,Odd Lot
01:19:03.912 PM ET,1.320,7,9,Ask,NYSE Arca,Odd Lot
03:55:00.164 PM ET,1.300,7,9,Bid,Nasdaq GSM,Odd Lot
03:55:00.205 PM ET,1.300,7,9,Bid,Nasdaq GSM,Inter Mkt Swp; Odd Lot; Trade Thru Exmpt
03:59:29.202 PM ET,1.310,7,9,None,Nasdaq GSM,Inter Mkt Swp; Odd Lot; Trade Thru Exmpt
03:59:49.706 PM ET,1.315,7,9,None,Off Exchange,Odd Lot
10:20:37.030 AM ET,1.325,6,8,Mid,NYSE Arca,Odd Lot
11:05:29.525 AM ET,1.320,6,8,Bid,Cboe BYX,Inter Mkt Swp; Odd Lot; Trade Thru Exmpt
11:35:00.461 AM ET,1.305,6,8,Mid,Off Exchange,Odd Lot
11:39:58.573 AM ET,1.300,6,8,Bid,Cboe BYX,Inter Mkt Swp; Odd Lot; Trade Thru Exmpt
12:07:13.812 PM ET,1.310,6,8,Bid,Cboe BYX,Inter Mkt Swp; Odd Lot; Trade Thru Exmpt
12:18:18.258 PM ET,1.320,6,8,None,Cboe BYX,Inter Mkt Swp; Odd Lot; Trade Thru Exmpt
12:19:12.536 PM ET,1.320,6,8,Bid,Cboe BYX,Inter Mkt Swp; Odd Lot; Trade Thru Exmpt
12:19:32.422 PM ET,1.310,6,8,Bid,Cboe BYX,Inter Mkt Swp; Odd Lot; Trade Thru Exmpt
01:03:29.701 PM ET,1.320,6,8,Bid,Cboe BYX,Inter Mkt Swp; Odd Lot; Trade Thru Exmpt
03:59:36.505 PM ET,1.310,6,8,None,Nasdaq GSM,Inter Mkt Swp; Odd Lot; Trade Thru Exmpt
09:41:35.848 AM ET,1.326,5,7,Mid,Off Exchange,Odd Lot
11:13:43.797 AM ET,1.310,5,7,Bid,Cboe BYX,Inter Mkt Swp; Odd Lot; Trade Thru Exmpt
11:39:58.573 AM ET,1.300,5,7,Bid,Cboe BYX,Inter Mkt Swp; Odd Lot; Trade Thru Exmpt
12:29:07.047 PM ET,1.310,5,7,Bid,Cboe BYX,Inter Mkt Swp; Odd Lot; Trade Thru Exmpt
12:38:11.356 PM ET,1.310,5,7,Bid,Cboe BYX,Inter Mkt Swp; Odd Lot; Trade Thru Exmpt
12:48:10.489 PM ET,1.310,5,7,Bid,Cboe BYX,Inter Mkt Swp; Odd Lot; Trade Thru Exmpt
03:44:49.282 PM ET,1.299,5,6,Mid,Off Exchange,Odd Lot
03:59:27.135 PM ET,1.310,5,7,None,Nasdaq GSM,Inter Mkt Swp; Odd Lot; Trade Thru Exmpt
03:59:40.581 PM ET,1.315,5,7,None,Nasdaq GSM,Inter Mkt Swp; Odd Lot; Trade Thru Exmpt
03:59:56.799 PM ET,1.305,5,7,None,Off Exchange,Odd Lot
09:25:10.470 AM ET,1.260,4,5,Bid,Cboe BZX,Frm T Ext Hrs; Odd Lot
09:25:10.470 AM ET,1.270,4,5,Mid,Cboe BZX,Frm T Ext Hrs; Odd Lot
10:08:56.898 AM ET,1.320,4,5,Bid,Nasdaq GSM,Inter Mkt Swp; Odd Lot; Trade Thru Exmpt
11:05:29.525 AM ET,1.320,4,5,Bid,Cboe BYX,Inter Mkt Swp; Odd Lot; Trade Thru Exmpt
12:07:13.812 PM ET,1.310,4,5,Bid,Cboe BYX,Inter Mkt Swp; Odd Lot; Trade Thru Exmpt
12:18:18.258 PM ET,1.320,4,5,None,Cboe BYX,Inter Mkt Swp; Odd Lot; Trade Thru Exmpt
12:19:31.535 PM ET,1.320,4,5,Bid,Cboe BYX,Inter Mkt Swp; Odd Lot; Trade Thru Exmpt
03:59:29.458 PM ET,1.310,4,5,None,Nasdaq GSM,Inter Mkt Swp; Odd Lot; Trade Thru Exmpt
03:59:48.093 PM ET,1.315,4,5,None,Off Exchange,Odd Lot
03:59:49.692 PM ET,1.315,4,5,None,Off Exchange,Odd Lot
03:59:56.740 PM ET,1.305,4,5,None,Off Exchange,Odd Lot
03:59:57.097 PM ET,1.305,4,5,None,Off Exchange,Odd Lot
09:23:04.711 AM ET,1.280,3,4,Ask,Cboe EDGX,Frm T Ext Hrs; Odd Lot
09:23:22.809 AM ET,1.270,3,4,Mid,Cboe BZX,Frm T Ext Hrs; Odd Lot
09:25:40.053 AM ET,1.290,3,4,Mid,Cboe EDGX,Frm T Ext Hrs; Odd Lot
09:25:40.053 AM ET,1.290,3,4,Mid,Cboe EDGA,Frm T Ext Hrs; Odd Lot
09:30:01.487 AM ET,1.310,3,4,Mid,Nasdaq GSM,Odd Lot
09:30:02.683 AM ET,1.270,3,4,Bid,Cboe BZX,Odd Lot
09:32:55.557 AM ET,1.305,3,4,Mid,Off Exchange,Odd Lot
09:41:43.322 AM ET,1.325,3,4,Mid,Off Exchange,Odd Lot
10:00:48.325 AM ET,1.320,3,4,Bid,Cboe BZX,Odd Lot
10:12:42.620 AM ET,1.320,3,4,Bid,Cboe BYX,Odd Lot
10:26:09.482 AM ET,1.325,3,4,Mid,Off Exchange,Odd Lot
10:36:35.397 AM ET,1.325,3,4,Mid,Off Exchange,Odd Lot
10:50:33.886 AM ET,1.330,3,4,Ask,Nasdaq GSM,Inter Mkt Swp; Odd Lot; Trade Thru Exmpt
11:05:29.525 AM ET,1.320,3,4,Bid,Cboe BYX,Inter Mkt Swp; Odd Lot; Trade Thru Exmpt
11:09:45.385 AM ET,1.311,3,4,Mid,Off Exchange,Odd Lot
11:13:43.797 AM ET,1.310,3,4,Bid,Cboe BYX,Inter Mkt Swp; Odd Lot; Trade Thru Exmpt
11:39:53.398 AM ET,1.310,3,4,Bid,Cboe BYX,Inter Mkt Swp; Odd Lot; Trade Thru Exmpt
11:39:58.573 AM ET,1.300,3,4,Bid,Cboe BYX,Inter Mkt Swp; Odd Lot; Trade Thru Exmpt
12:07:13.812 PM ET,1.310,3,4,Bid,Cboe BYX,Inter Mkt Swp; Odd Lot; Trade Thru Exmpt
12:19:20.536 PM ET,1.320,3,4,Bid,Cboe BYX,Inter Mkt Swp; Odd Lot; Trade Thru Exmpt
12:19:32.422 PM ET,1.310,3,4,Bid,Cboe BYX,Inter Mkt Swp; Odd Lot; Trade Thru Exmpt
12:29:07.047 PM ET,1.310,3,4,Bid,Cboe BYX,Inter Mkt Swp; Odd Lot; Trade Thru Exmpt
12:29:09.564 PM ET,1.310,3,4,Bid,Cboe BYX,Inter Mkt Swp; Odd Lot; Trade Thru Exmpt
12:38:11.356 PM ET,1.310,3,4,Bid,Cboe BYX,Inter Mkt Swp; Odd Lot; Trade Thru Exmpt
01:06:06.488 PM ET,1.310,3,4,Bid,NYSE National,Inter Mkt Swp; Odd Lot; Trade Thru Exmpt
03:59:36.064 PM ET,1.315,3,4,None,Nasdaq GSM,Inter Mkt Swp; Odd Lot; Trade Thru Exmpt
03:59:48.146 PM ET,1.315,3,4,None,Off Exchange,Odd Lot
03:59:48.735 PM ET,1.315,3,4,None,Off Exchange,Odd Lot
03:59:49.697 PM ET,1.315,3,4,None,Off Exchange,Odd Lot
03:59:56.862 PM ET,1.305,3,4,None,Off Exchange,Odd Lot
08:32:11.644 AM ET,1.300,2,3,Ask,Cboe EDGX,Frm T Ext Hrs; Odd Lot
09:25:10.044 AM ET,1.270,2,3,Mid,Cboe BZX,Frm T Ext Hrs; Inter Mkt Swp; Odd Lot; Trade Thru Exmpt
09:25:10.044 AM ET,1.270,2,3,Mid,Cboe EDGX,Frm T Ext Hrs; Inter Mkt Swp; Odd Lot; Trade Thru Exmpt
09:43:33.752 AM ET,1.325,2,3,Mid,Off Exchange,Odd Lot
11:05:29.525 AM ET,1.320,2,3,Bid,Cboe BYX,Inter Mkt Swp; Odd Lot; Trade Thru Exmpt
11:13:43.797 AM ET,1.310,2,3,Bid,Cboe BYX,Inter Mkt Swp; Odd Lot; Trade Thru Exmpt
11:39:58.573 AM ET,1.300,2,3,Bid,Cboe BYX,Inter Mkt Swp; Odd Lot; Trade Thru Exmpt
12:07:13.812 PM ET,1.310,2,3,Bid,Cboe BYX,Inter Mkt Swp; Odd Lot; Trade Thru Exmpt
12:18:50.536 PM ET,1.320,2,3,Ask,Cboe BYX,Inter Mkt Swp; Odd Lot; Trade Thru Exmpt
12:19:00.537 PM ET,1.320,2,3,Bid,Cboe BYX,Inter Mkt Swp; Odd Lot; Trade Thru Exmpt
12:19:32.422 PM ET,1.310,2,3,Bid,Cboe BYX,Inter Mkt Swp; Odd Lot; Trade Thru Exmpt
12:29:07.047 PM ET,1.310,2,3,Bid,Cboe BYX,Inter Mkt Swp; Odd Lot; Trade Thru Exmpt
12:38:11.356 PM ET,1.310,2,3,Bid,Cboe BYX,Inter Mkt Swp; Odd Lot; Trade Thru Exmpt
01:15:08.746 PM ET,1.315,2,3,Mid,Cboe BZX,Odd Lot
02:20:55.935 PM ET,1.295,2,3,Mid,Off Exchange,Odd Lot
03:59:26.414 PM ET,1.310,2,3,None,Cboe BZX,Inter Mkt Swp; Odd Lot; Trade Thru Exmpt
07:43:34.107 AM ET,1.349,1,1,Mid,Off Exchange,Frm T Ext Hrs; Odd Lot
08:32:03.862 AM ET,1.310,1,1,Ask,NYSE Arca,Frm T Ext Hrs; Odd Lot
08:32:11.647 AM ET,1.280,1,1,Ask,Cboe EDGA,Frm T Ext Hrs; Odd Lot
08:32:11.647 AM ET,1.280,1,1,Ask,Cboe BZX,Frm T Ext Hrs; Odd Lot
08:32:11.647 AM ET,1.280,1,1,Ask,Cboe EDGX,Frm T Ext Hrs; Odd Lot
09:25:18.257 AM ET,1.280,1,1,Mid,NYSE Arca,Frm T Ext Hrs; Inter Mkt Swp; Odd Lot; Trade Thru Exmpt
09:41:43.322 AM ET,1.325,1,1,Mid,NYSE Arca,Odd Lot
10:00:48.320 AM ET,1.330,1,1,Bid,NYSE Arca,Inter Mkt Swp; Odd Lot; Trade Thru Exmpt
10:02:27.576 AM ET,1.330,1,1,Mid,Off Exchange,Odd Lot
10:10:05.591 AM ET,1.325,1,1,Mid,Off Exchange,Odd Lot
10:12:42.620 AM ET,1.320,1,1,Bid,Cboe BYX,Odd Lot
10:17:24.552 AM ET,1.328,1,1,Mid,Off Exchange,Odd Lot
11:00:18.825 AM ET,1.330,1,1,Bid,Cboe BYX,Inter Mkt Swp; Odd Lot; Trade Thru Exmpt
11:05:29.525 AM ET,1.320,1,1,Bid,Cboe BYX,Inter Mkt Swp; Odd Lot; Trade Thru Exmpt
11:13:43.797 AM ET,1.310,1,1,Bid,Cboe BYX,Inter Mkt Swp; Odd Lot; Trade Thru Exmpt
11:16:11.274 AM ET,1.310,1,1,Ask,Off Exchange,Odd Lot
11:39:58.573 AM ET,1.300,1,1,Bid,Cboe BYX,Inter Mkt Swp; Odd Lot; Trade Thru Exmpt
12:07:13.812 PM ET,1.310,1,1,Bid,Cboe BYX,Inter Mkt Swp; Odd Lot; Trade Thru Exmpt
12:19:32.422 PM ET,1.310,1,1,Bid,Cboe BYX,Inter Mkt Swp; Odd Lot; Trade Thru Exmpt
12:29:07.047 PM ET,1.310,1,1,Bid,Cboe BYX,Inter Mkt Swp; Odd Lot; Trade Thru Exmpt
12:29:18.565 PM ET,1.310,1,1,Bid,Cboe BYX,Inter Mkt Swp; Odd Lot; Trade Thru Exmpt
12:38:11.356 PM ET,1.310,1,1,Bid,Cboe BYX,Inter Mkt Swp; Odd Lot; Trade Thru Exmpt
12:49:20.449 PM ET,1.310,1,1,Bid,Cboe BYX,Inter Mkt Swp; Odd Lot; Trade Thru Exmpt
12:49:27.355 PM ET,1.310,1,1,Bid,Cboe BYX,Inter Mkt Swp; Odd Lot; Trade Thru Exmpt
12:49:34.425 PM ET,1.310,1,1,Bid,Cboe BYX,Inter Mkt Swp; Odd Lot; Trade Thru Exmpt
12:49:46.644 PM ET,1.310,1,1,Bid,Cboe BYX,Inter Mkt Swp; Odd Lot; Trade Thru Exmpt
12:49:56.644 PM ET,1.310,1,1,Bid,Cboe BYX,Inter Mkt Swp; Odd Lot; Trade Thru Exmpt
12:50:06.645 PM ET,1.310,1,1,Bid,Cboe BYX,Inter Mkt Swp; Odd Lot; Trade Thru Exmpt
12:50:17.644 PM ET,1.310,1,1,Bid,Cboe BYX,Inter Mkt Swp; Odd Lot; Trade Thru Exmpt
12:50:27.646 PM ET,1.310,1,1,Bid,Cboe BYX,Inter Mkt Swp; Odd Lot; Trade Thru Exmpt
12:50:38.647 PM ET,1.310,1,1,Bid,Cboe BYX,Inter Mkt Swp; Odd Lot; Trade Thru Exmpt
12:50:48.648 PM ET,1.310,1,1,Bid,Cboe BYX,Inter Mkt Swp; Odd Lot; Trade Thru Exmpt
12:51:01.651 PM ET,1.310,1,1,Bid,Cboe BYX,Inter Mkt Swp; Odd Lot; Trade Thru Exmpt
12:51:14.652 PM ET,1.310,1,1,Bid,Cboe BYX,Inter Mkt Swp; Odd Lot; Trade Thru Exmpt
01:06:06.488 PM ET,1.310,1,1,Bid,NYSE National,Inter Mkt Swp; Odd Lot; Trade Thru Exmpt
01:35:49.178 PM ET,1.315,1,1,Mid,Off Exchange,Odd Lot
01:44:09.518 PM ET,1.312,1,1,Mid,Off Exchange,Odd Lot
02:00:33.278 PM ET,1.305,1,1,Mid,Off Exchange,Odd Lot
02:21:37.729 PM ET,1.290,1,1,Bid,Off Exchange,Odd Lot
02:28:15.975 PM ET,1.299,1,1,Mid,Off Exchange,Deriv Priced; Odd Lot; Trade Thru Exmpt
02:28:27.214 PM ET,1.299,1,1,Mid,Off Exchange,Deriv Priced; Odd Lot; Trade Thru Exmpt
02:29:39.958 PM ET,1.299,1,1,Mid,Off Exchange,Deriv Priced; Odd Lot; Trade Thru Exmpt
02:30:28.199 PM ET,1.299,1,1,Mid,Off Exchange,Deriv Priced; Odd Lot; Trade Thru Exmpt
02:30:39.201 PM ET,1.299,1,1,Mid,Off Exchange,Deriv Priced; Odd Lot; Trade Thru Exmpt
02:31:15.673 PM ET,1.299,1,1,Mid,Off Exchange,Deriv Priced; Odd Lot; Trade Thru Exmpt
03:40:03.378 PM ET,1.300,1,1,Ask,NYSE National,Odd Lot
03:40:43.030 PM ET,1.300,1,1,Ask,Cboe BYX,Odd Lot
03:59:24.018 PM ET,1.310,1,1,None,Cboe BZX,Inter Mkt Swp; Odd Lot; Trade Thru Exmpt
03:59:25.394 PM ET,1.310,1,1,None,Cboe BZX,Inter Mkt Swp; Odd Lot; Trade Thru Exmpt
03:59:25.604 PM ET,1.310,1,1,None,Cboe BZX,Inter Mkt Swp; Odd Lot; Trade Thru Exmpt
03:59:49.974 PM ET,1.315,1,1,None,Off Exchange,Odd Lot
03:59:56.491 PM ET,1.305,1,1,None,IEX,Odd Lot
04:00:15.626 PM ET,1.300,1,1,None,Off Exchange,Frm T Ext Hrs; Odd Lot
04:04:05.743 PM ET,1.300,1,1,Mid,Off Exchange,Frm T Ext Hrs; Odd Lot
04:10:04.018 PM ET,1.300,1,1,Mid,Off Exchange,Frm T Ext Hrs; Odd Lot
06:31:00.472 PM ET,1.270,1,1,Mid,Cboe EDGX,Frm T Ext Hrs; Inter Mkt Swp; Odd Lot; Trade Thru Exmpt
06:31:10.091 PM ET,1.319,1,1,Mid,Off Exchange,Frm T Ext Hrs; Odd Lot
07:24:41.110 PM ET,1.290,1,1,Mid,NYSE Arca,Frm T Ext Hrs; Odd Lot
07:24:51.243 PM ET,1.317,1,1,Mid,Off Exchange,Frm T Ext Hrs; Odd Lot
07:31:33.610 PM ET,1.280,1,1,Bid,NYSE Arca,Frm T Ext Hrs; Inter Mkt Swp; Odd Lot; Trade Thru Exmpt
07:31:43.180 PM ET,1.319,1,1,Mid,Off Exchange,Frm T Ext Hrs; Odd Lot
