Time,Price,Size,Premium,Side,Exchange,Conditions
04:00:00.229 PM ET,3.210,"584,683",1.88M,None,Nasdaq GSM,Close; Cross; Trade Thru Exmpt
12:58:04.359 PM ET,3.150,"350,000",1.10M,Bid,Off Exchange,
12:26:16.764 PM ET,3.150,"25,000",78.75K,Ask,Off Exchange,
12:55:41.218 PM ET,3.170,"25,000",79.25K,Ask,Off Exchange,
12:55:45.075 PM ET,3.160,"25,000",79.00K,Bid,Off Exchange,
12:57:21.905 PM ET,3.160,"25,000",79.00K,Bid,Off Exchange,
12:26:24.773 PM ET,3.170,"18,300",58.01K,Ask,Off Exchange,
12:51:39.631 PM ET,3.150,"17,362",54.69K,Bid,Off Exchange,
12:52:04.181 PM ET,3.150,"13,400",42.21K,Bid,Off Exchange,
12:57:34.656 PM ET,3.160,"12,377",39.11K,Ask,Nasdaq GSM,
12:27:49.576 PM ET,3.150,"11,100",34.96K,Mid,Off Exchange,
12:17:35.040 PM ET,3.200,"11,089",35.48K,None,Off Exchange,
01:48:54.053 PM ET,3.155,"10,835",34.18K,Mid,Off Exchange,
12:27:40.052 PM ET,3.150,"10,625",33.47K,Mid,Off Exchange,
02:17:33.297 PM ET,3.200,"10,000",32.00K,Ask,Off Exchange,
01:26:57.702 PM ET,3.160,"9,000",28.44K,Mid,Off Exchange,
12:56:22.557 PM ET,3.170,"8,400",26.63K,Ask,Nasdaq GSM,Inter Mkt Swp; Trade Thru Exmpt
12:56:22.558 PM ET,3.170,"8,400",26.63K,Ask,NYSE Arca,Inter Mkt Swp; Trade Thru Exmpt
04:00:01.476 PM ET,3.210,"8,305",26.66K,None,Nasdaq GSM,Frm T Ext Hrs; Inter Mkt Swp; Trade Thru Exmpt
12:56:22.557 PM ET,3.170,"8,200",25.99K,Ask,Cboe BZX,Inter Mkt Swp; Trade Thru Exmpt
01:07:58.841 PM ET,3.165,"8,000",25.32K,Mid,Off Exchange,
01:08:07.147 PM ET,3.165,"8,000",25.32K,Mid,Off Exchange,
01:26:24.161 PM ET,3.170,"8,000",25.36K,Mid,Off Exchange,
01:27:09.233 PM ET,3.160,"7,600",24.02K,Mid,Off Exchange,
01:26:30.365 PM ET,3.170,"7,358",23.33K,Ask,Off Exchange,
01:27:20.296 PM ET,3.150,"7,032",22.15K,Bid,Off Exchange,
01:26:17.741 PM ET,3.170,"7,000",22.19K,Mid,Off Exchange,
01:27:03.247 PM ET,3.160,"7,000",22.12K,Mid,Off Exchange,
01:40:23.542 PM ET,3.130,"6,321",19.78K,Ask,NYSE Arca,
12:53:24.460 PM ET,3.150,"5,700",17.95K,Ask,Nasdaq GSM,Inter Mkt Swp; Trade Thru Exmpt
12:53:24.460 PM ET,3.150,"5,332",16.80K,Ask,NYSE Arca,
12:20:09.657 PM ET,3.160,"5,290",16.71K,Mid,Off Exchange,
12:30:58.392 PM ET,3.140,"5,000",15.70K,Bid,Nasdaq GSM,
01:02:25.462 PM ET,3.160,"5,000",15.80K,Ask,Off Exchange,
01:26:15.212 PM ET,3.180,"4,900",15.58K,Ask,Off Exchange,
03:59:50.081 PM ET,3.190,"4,900",15.63K,None,Off Exchange,
12:18:24.725 PM ET,3.170,"4,800",15.22K,None,Nasdaq GSM,Inter Mkt Swp; Trade Thru Exmpt
12:29:39.833 PM ET,3.150,"4,800",15.12K,Bid,Off Exchange,
03:13:23.893 PM ET,3.190,"4,620",14.74K,Bid,Off Exchange,
12:52:11.041 PM ET,3.150,"4,530",14.27K,Bid,Off Exchange,
09:30:00.178 AM ET,3.270,"4,319",14.12K,Mid,Nasdaq GSM,Cross; Mkt Cntr Open; Trade Thru Exmpt
12:31:34.915 PM ET,3.130,"4,300",13.46K,Bid,MEMX,Inter Mkt Swp; Trade Thru Exmpt
12:53:17.190 PM ET,3.150,"4,194",13.21K,Ask,Off Exchange,
09:38:02.045 AM ET,3.190,"4,080",13.02K,Bid,Nasdaq GSM,Inter Mkt Swp; Trade Thru Exmpt
11:58:36.439 AM ET,3.210,"4,060",13.03K,Ask,Nasdaq GSM,Inter Mkt Swp; Trade Thru Exmpt
12:55:48.765 PM ET,3.160,"3,900",12.32K,Ask,Off Exchange,
02:17:27.962 PM ET,3.210,"3,900",12.52K,Bid,Off Exchange,
10:18:46.151 AM ET,3.210,"3,827",12.28K,Bid,Nasdaq GSM,Inter Mkt Swp; Trade Thru Exmpt
12:52:11.041 PM ET,3.150,"3,800",11.97K,Bid,Off Exchange,
12:53:10.390 PM ET,3.150,"3,800",11.97K,Bid,Cboe BZX,Inter Mkt Swp; Trade Thru Exmpt
12:53:10.390 PM ET,3.150,"3,800",11.97K,Bid,IEX,
12:53:10.390 PM ET,3.150,"3,800",11.97K,Bid,Cboe EDGX,Inter Mkt Swp; Trade Thru Exmpt
12:53:10.390 PM ET,3.150,"3,800",11.97K,Bid,Nasdaq GSM,Inter Mkt Swp; Trade Thru Exmpt
12:53:10.390 PM ET,3.150,"3,800",11.97K,Bid,NYSE Arca,Inter Mkt Swp; Trade Thru Exmpt
03:35:11.498 PM ET,3.215,"3,681",11.83K,Mid,Off Exchange,
01:04:31.953 PM ET,3.155,"3,438",10.85K,Ask,Cboe BZX,Inter Mkt Swp; Trade Thru Exmpt
12:27:49.575 PM ET,3.150,"3,400",10.71K,Ask,Off Exchange,
12:27:49.576 PM ET,3.150,"3,400",10.71K,Mid,Off Exchange,
01:57:40.944 PM ET,3.155,"3,400",10.73K,Mid,Off Exchange,
12:52:07.400 PM ET,3.150,"3,376",10.63K,Bid,Nasdaq GSM,Inter Mkt Swp; Trade Thru Exmpt
12:52:11.035 PM ET,3.150,"3,161",9.96K,Bid,Off Exchange,
12:53:24.460 PM ET,3.150,"3,145",9.91K,Ask,IEX,
01:05:19.366 PM ET,3.150,"3,123",9.84K,Ask,Cboe BZX,Inter Mkt Swp; Trade Thru Exmpt
12:29:39.851 PM ET,3.150,"3,100",9.77K,Bid,Off Exchange,
01:51:34.127 PM ET,3.150,"3,100",9.77K,Bid,Off Exchange,
12:26:47.113 PM ET,3.170,"3,000",9.51K,Ask,Off Exchange,
12:29:26.698 PM ET,3.155,"3,000",9.46K,Mid,Off Exchange,
12:52:11.034 PM ET,3.150,"3,000",9.45K,Bid,Off Exchange,
02:26:14.064 PM ET,3.195,"3,000",9.59K,Mid,Off Exchange,
12:53:10.390 PM ET,3.150,"2,912",9.17K,Bid,MEMX,Inter Mkt Swp; Trade Thru Exmpt
12:52:07.400 PM ET,3.150,"2,911",9.17K,Bid,Nasdaq GSM,Inter Mkt Swp; Trade Thru Exmpt
12:29:39.826 PM ET,3.150,"2,900",9.13K,Bid,Off Exchange,
12:53:24.461 PM ET,3.150,"2,877",9.06K,Ask,IEX,
12:57:26.732 PM ET,3.160,"2,706",8.55K,Ask,Off Exchange,
12:58:01.750 PM ET,3.150,"2,700",8.51K,Bid,Off Exchange,
01:50:13.768 PM ET,3.165,"2,585",8.18K,Mid,Off Exchange,
12:17:35.032 PM ET,3.200,"2,500",8.00K,None,Off Exchange,
12:17:35.036 PM ET,3.200,"2,500",8.00K,None,Off Exchange,
12:55:33.039 PM ET,3.150,"2,300",7.25K,Ask,IEX,
12:58:04.363 PM ET,3.150,"2,273",7.16K,Bid,Nasdaq GSM,Inter Mkt Swp; Trade Thru Exmpt
02:00:56.823 PM ET,3.170,"2,266",7.18K,Bid,Nasdaq GSM,Inter Mkt Swp; Trade Thru Exmpt
12:59:51.959 PM ET,3.155,"2,200",6.94K,Mid,Off Exchange,
01:32:04.450 PM ET,3.150,"2,200",6.93K,Bid,Off Exchange,
02:47:06.021 PM ET,3.190,"2,200",7.02K,Bid,Nasdaq GSM,Inter Mkt Swp; Trade Thru Exmpt
01:32:04.508 PM ET,3.150,"2,120",6.68K,Bid,Off Exchange,
02:17:27.962 PM ET,3.210,"2,100",6.74K,Bid,Off Exchange,
12:52:11.035 PM ET,3.150,"2,090",6.58K,Bid,Off Exchange,
11:39:58.118 AM ET,3.220,"2,000",6.44K,Ask,NYSE Arca,Inter Mkt Swp; Trade Thru Exmpt
01:53:13.350 PM ET,3.147,"2,000",6.29K,Mid,Off Exchange,
09:41:09.740 AM ET,3.180,"1,800",5.72K,Bid,NYSE Arca,Inter Mkt Swp; Trade Thru Exmpt
12:57:26.732 PM ET,3.160,"1,800",5.69K,Ask,Off Exchange,
01:15:15.125 PM ET,3.150,"1,800",5.67K,Bid,Off Exchange,
01:15:15.205 PM ET,3.150,"1,800",5.67K,Bid,Off Exchange,
01:51:34.022 PM ET,3.150,"1,800",5.67K,Bid,Off Exchange,
12:17:12.676 PM ET,3.200,"1,700",5.44K,Ask,Off Exchange,
01:51:20.748 PM ET,3.150,"1,700",5.36K,Bid,Off Exchange,
01:51:23.300 PM ET,3.150,"1,700",5.36K,Bid,Off Exchange,
04:01:07.153 PM ET,3.210,"1,677",5.38K,Ask,Off Exchange,Frm T Ext Hrs; Prior Ref Price; Trade Thru Exmpt
11:58:35.439 AM ET,3.210,"1,600",5.14K,Bid,Off Exchange,
01:17:59.672 PM ET,3.150,"1,600",5.04K,Bid,Off Exchange,
01:58:41.155 PM ET,3.170,"1,600",5.07K,Ask,Off Exchange,
09:43:49.675 AM ET,3.171,"1,527",4.84K,Mid,Off Exchange,
09:50:23.539 AM ET,3.235,"1,500",4.85K,Bid,Off Exchange,
09:53:29.153 AM ET,3.245,"1,500",4.87K,Mid,Off Exchange,
11:58:44.581 AM ET,3.180,"1,500",4.77K,Bid,Cboe BZX,Inter Mkt Swp; Trade Thru Exmpt
12:26:24.812 PM ET,3.170,"1,500",4.75K,Ask,Nasdaq GSM,Inter Mkt Swp; Trade Thru Exmpt
12:26:24.813 PM ET,3.180,"1,500",4.77K,Ask,Nasdaq GSM,Inter Mkt Swp; Trade Thru Exmpt
12:26:24.814 PM ET,3.180,"1,500",4.77K,Ask,Cboe EDGX,Inter Mkt Swp; Trade Thru Exmpt
12:26:47.107 PM ET,3.170,"1,500",4.75K,Ask,Off Exchange,
12:26:47.116 PM ET,3.170,"1,500",4.75K,Ask,Off Exchange,
12:51:39.579 PM ET,3.150,"1,500",4.72K,Bid,Off Exchange,
12:52:11.034 PM ET,3.150,"1,500",4.72K,Bid,Off Exchange,
01:14:16.374 PM ET,3.150,"1,500",4.72K,Bid,Off Exchange,
03:23:33.987 PM ET,3.205,"1,452",4.65K,Mid,Off Exchange,
12:43:41.811 PM ET,3.144,"1,426",4.48K,Mid,Off Exchange,
12:26:24.814 PM ET,3.180,"1,400",4.45K,Ask,Cboe BZX,Inter Mkt Swp; Trade Thru Exmpt
12:40:27.387 PM ET,3.150,"1,400",4.41K,Ask,Off Exchange,
12:51:28.496 PM ET,3.150,"1,400",4.41K,Ask,Off Exchange,
02:00:56.821 PM ET,3.170,"1,375",4.36K,Bid,Off Exchange,
12:26:24.771 PM ET,3.170,"1,302",4.13K,Ask,Off Exchange,
12:17:12.281 PM ET,3.200,"1,300",4.16K,Ask,Nasdaq GSM,Inter Mkt Swp; Trade Thru Exmpt
01:04:31.953 PM ET,3.155,"1,300",4.10K,Ask,Off Exchange,
01:04:31.954 PM ET,3.155,"1,300",4.10K,Ask,Off Exchange,
01:15:10.824 PM ET,3.150,"1,300",4.09K,Ask,Off Exchange,
12:26:24.772 PM ET,3.170,"1,260",3.99K,Ask,Off Exchange,
12:26:24.771 PM ET,3.170,"1,208",3.83K,Ask,Off Exchange,
12:26:24.813 PM ET,3.180,"1,200",3.82K,Ask,Nasdaq GSM,Inter Mkt Swp; Trade Thru Exmpt
12:52:14.443 PM ET,3.150,"1,200",3.78K,Bid,MEMX,
12:55:38.414 PM ET,3.160,"1,200",3.79K,Ask,MEMX,Inter Mkt Swp; Trade Thru Exmpt
12:55:48.764 PM ET,3.160,"1,200",3.79K,Ask,MEMX,
12:55:50.536 PM ET,3.160,"1,200",3.79K,Bid,MEMX,Inter Mkt Swp; Trade Thru Exmpt
12:57:15.759 PM ET,3.170,"1,200",3.80K,Bid,MEMX,
12:57:26.731 PM ET,3.160,"1,200",3.79K,Ask,MEMX,
12:57:34.656 PM ET,3.160,"1,200",3.79K,Ask,MEMX,Inter Mkt Swp; Trade Thru Exmpt
12:57:39.617 PM ET,3.160,"1,200",3.79K,Bid,MEMX,
12:59:51.959 PM ET,3.155,"1,200",3.79K,Mid,Off Exchange,
01:05:19.366 PM ET,3.150,"1,200",3.78K,Ask,MEMX,Inter Mkt Swp; Trade Thru Exmpt
01:08:09.291 PM ET,3.160,"1,200",3.79K,Ask,MEMX,Inter Mkt Swp; Trade Thru Exmpt
01:12:49.533 PM ET,3.150,"1,200",3.78K,Ask,MEMX,Inter Mkt Swp; Trade Thru Exmpt
01:20:58.550 PM ET,3.140,"1,200",3.77K,Bid,MEMX,Inter Mkt Swp; Trade Thru Exmpt
01:27:03.235 PM ET,3.160,"1,200",3.79K,Bid,Nasdaq GSM,
01:28:06.799 PM ET,3.160,"1,200",3.79K,Bid,Nasdaq GSM,
01:30:35.199 PM ET,3.150,"1,200",3.78K,Ask,Off Exchange,
01:40:23.542 PM ET,3.130,"1,200",3.76K,Ask,MEMX,
01:49:08.290 PM ET,3.160,"1,200",3.79K,Ask,MEMX,Inter Mkt Swp; Trade Thru Exmpt
01:51:00.716 PM ET,3.150,"1,200",3.78K,Bid,Off Exchange,
02:00:56.823 PM ET,3.170,"1,189",3.77K,Bid,Off Exchange,
12:53:24.460 PM ET,3.150,"1,182",3.72K,Ask,MEMX,Inter Mkt Swp; Trade Thru Exmpt
04:00:00.244 PM ET,3.210,"1,174",3.77K,None,Off Exchange,Frm T Ext Hrs
10:18:46.151 AM ET,3.210,"1,173",3.77K,Bid,Nasdaq GSM,Inter Mkt Swp; Trade Thru Exmpt
11:39:58.117 AM ET,3.220,"1,100",3.54K,Ask,Nasdaq GSM,Inter Mkt Swp; Trade Thru Exmpt
12:39:34.536 PM ET,3.140,"1,100",3.45K,Bid,Nasdaq GSM,
01:25:46.091 PM ET,3.170,"1,100",3.49K,Ask,NYSE Arca,Inter Mkt Swp; Trade Thru Exmpt
01:28:42.199 PM ET,3.160,"1,100",3.48K,Bid,Nasdaq GSM,Inter Mkt Swp; Trade Thru Exmpt
01:34:03.318 PM ET,3.150,"1,100",3.46K,Bid,Off Exchange,
02:17:27.963 PM ET,3.200,"1,100",3.52K,Bid,Nasdaq GSM,Inter Mkt Swp; Trade Thru Exmpt
02:01:35.430 PM ET,3.170,"1,086",3.44K,Ask,Off Exchange,
12:11:53.472 PM ET,3.190,"1,054",3.36K,Ask,Nasdaq GSM,Inter Mkt Swp; Trade Thru Exmpt
11:54:36.473 AM ET,3.225,"1,050",3.39K,Mid,Off Exchange,
12:53:10.390 PM ET,3.150,"1,044",3.29K,Bid,NYSE,Inter Mkt Swp; Trade Thru Exmpt
01:59:20.063 PM ET,3.180,"1,035",3.29K,Mid,Off Exchange,
01:53:49.011 PM ET,3.151,"1,022",3.22K,Mid,Off Exchange,
09:36:10.511 AM ET,3.200,"1,000",3.20K,Bid,Off Exchange,
11:12:21.306 AM ET,3.222,"1,000",3.22K,Mid,Off Exchange,
11:30:29.151 AM ET,3.205,"1,000",3.21K,Mid,Off Exchange,
11:35:57.292 AM ET,3.211,"1,000",3.21K,Mid,Off Exchange,
12:17:12.282 PM ET,3.200,"1,000",3.20K,Ask,Nasdaq GSM,Inter Mkt Swp; Trade Thru Exmpt
12:17:18.095 PM ET,3.190,"1,000",3.19K,None,Off Exchange,
12:33:09.399 PM ET,3.120,"1,000",3.12K,Ask,NYSE Arca,Inter Mkt Swp; Trade Thru Exmpt
12:33:56.645 PM ET,3.124,"1,000",3.12K,Mid,Off Exchange,
12:51:28.512 PM ET,3.150,"1,000",3.15K,Ask,Off Exchange,
01:02:11.399 PM ET,3.160,"1,000",3.16K,Bid,Nasdaq GSM,Inter Mkt Swp; Trade Thru Exmpt
01:08:29.378 PM ET,3.155,"1,000",3.15K,Mid,Off Exchange,
01:26:41.651 PM ET,3.161,"1,000",3.16K,Mid,Off Exchange,
01:57:39.450 PM ET,3.150,"1,000",3.15K,Bid,Off Exchange,
02:41:09.882 PM ET,3.190,"1,000",3.19K,Ask,Off Exchange,
03:10:03.629 PM ET,3.190,"1,000",3.19K,Ask,Off Exchange,
03:36:13.610 PM ET,3.210,"1,000",3.21K,Ask,Off Exchange,
01:05:19.366 PM ET,3.150,966,3.04K,Ask,Nasdaq GSM,Inter Mkt Swp; Trade Thru Exmpt
01:04:31.953 PM ET,3.155,962,3.04K,Ask,Cboe BZX,
12:59:51.963 PM ET,3.160,958,3.03K,Mid,Off Exchange,
01:57:45.021 PM ET,3.155,957,3.02K,Bid,Nasdaq GSM,Inter Mkt Swp; Trade Thru Exmpt
01:58:41.147 PM ET,3.170,949,3.01K,Ask,Cboe BZX,Inter Mkt Swp; Trade Thru Exmpt
10:24:04.985 AM ET,3.220,900,2.90K,Bid,MEMX,Inter Mkt Swp; Trade Thru Exmpt
12:17:12.282 PM ET,3.200,900,2.88K,Ask,Off Exchange,
12:17:12.671 PM ET,3.200,900,2.88K,Ask,Off Exchange,
12:17:35.017 PM ET,3.200,900,2.88K,None,Off Exchange,
12:17:35.018 PM ET,3.200,900,2.88K,None,Off Exchange,
12:17:35.019 PM ET,3.200,900,2.88K,None,Off Exchange,
12:17:35.090 PM ET,3.190,900,2.87K,None,Off Exchange,
12:26:24.771 PM ET,3.170,900,2.85K,Ask,Off Exchange,
12:52:11.041 PM ET,3.155,900,2.84K,Mid,Off Exchange,
12:53:17.191 PM ET,3.150,900,2.83K,Ask,Off Exchange,
12:53:17.199 PM ET,3.150,900,2.83K,Ask,Off Exchange,
01:02:11.399 PM ET,3.160,900,2.84K,Bid,Nasdaq GSM,Inter Mkt Swp; Trade Thru Exmpt
01:14:16.418 PM ET,3.150,900,2.83K,Bid,Off Exchange,
01:15:14.946 PM ET,3.150,900,2.83K,Bid,Off Exchange,
01:15:14.947 PM ET,3.150,900,2.83K,Bid,Off Exchange,
01:15:14.970 PM ET,3.150,900,2.83K,Bid,Off Exchange,
01:15:14.971 PM ET,3.150,900,2.83K,Bid,Off Exchange,
01:15:14.990 PM ET,3.150,900,2.83K,Bid,Off Exchange,
01:15:14.992 PM ET,3.150,900,2.83K,Bid,Off Exchange,
01:15:15.124 PM ET,3.150,900,2.83K,Bid,Off Exchange,
01:15:15.156 PM ET,3.150,900,2.83K,Bid,Off Exchange,
01:15:15.185 PM ET,3.150,900,2.83K,Bid,Off Exchange,
01:15:15.229 PM ET,3.150,900,2.83K,Bid,Off Exchange,
01:15:15.236 PM ET,3.150,900,2.83K,Bid,Off Exchange,
01:15:15.241 PM ET,3.150,900,2.83K,Bid,Off Exchange,
01:15:15.246 PM ET,3.150,900,2.83K,Bid,Off Exchange,
01:15:27.375 PM ET,3.150,900,2.83K,Bid,Off Exchange,
01:15:42.471 PM ET,3.150,900,2.83K,Bid,Off Exchange,
01:15:42.475 PM ET,3.150,900,2.83K,Bid,Off Exchange,
01:15:42.478 PM ET,3.150,900,2.83K,Bid,Off Exchange,
01:15:42.494 PM ET,3.150,900,2.83K,Bid,Off Exchange,
01:15:42.495 PM ET,3.150,900,2.83K,Bid,Off Exchange,
01:25:46.090 PM ET,3.170,900,2.85K,Ask,Nasdaq GSM,Inter Mkt Swp; Trade Thru Exmpt
01:26:15.279 PM ET,3.170,900,2.85K,Bid,Off Exchange,
01:26:15.280 PM ET,3.170,900,2.85K,Bid,Off Exchange,
01:28:06.800 PM ET,3.160,900,2.84K,Bid,Nasdaq GSM,Inter Mkt Swp; Trade Thru Exmpt
01:28:42.199 PM ET,3.160,900,2.84K,Bid,Nasdaq GSM,
01:28:42.199 PM ET,3.160,900,2.84K,Bid,Nasdaq GSM,Inter Mkt Swp; Trade Thru Exmpt
01:51:23.129 PM ET,3.150,900,2.83K,Bid,Off Exchange,
01:51:23.136 PM ET,3.150,900,2.83K,Bid,Off Exchange,
01:51:23.142 PM ET,3.150,900,2.83K,Bid,Off Exchange,
01:51:23.149 PM ET,3.150,900,2.83K,Bid,Off Exchange,
01:51:23.291 PM ET,3.150,900,2.83K,Bid,Off Exchange,
01:51:23.313 PM ET,3.150,900,2.83K,Bid,Off Exchange,
01:57:04.550 PM ET,3.160,900,2.84K,Bid,Off Exchange,
01:26:46.736 PM ET,3.164,899,2.84K,Mid,Off Exchange,
11:58:44.549 AM ET,3.190,897,2.86K,Bid,MEMX,Inter Mkt Swp; Trade Thru Exmpt
01:50:11.313 PM ET,3.160,870,2.75K,Bid,Off Exchange,
12:57:26.730 PM ET,3.160,859,2.71K,Ask,MEMX,
12:55:33.036 PM ET,3.150,856,2.70K,Ask,Nasdaq GSM,
12:55:33.036 PM ET,3.150,856,2.70K,Ask,Cboe BZX,
12:55:33.036 PM ET,3.150,856,2.70K,Ask,NYSE Arca,
12:57:34.656 PM ET,3.160,844,2.67K,Ask,Nasdaq GSM,
12:57:39.617 PM ET,3.160,844,2.67K,Bid,Nasdaq GSM,
12:27:40.052 PM ET,3.150,837,2.64K,Ask,Off Exchange,
11:58:44.549 AM ET,3.190,834,2.66K,Bid,NYSE,Inter Mkt Swp; Trade Thru Exmpt
10:15:19.554 AM ET,3.225,816,2.63K,Mid,Off Exchange,
10:00:19.382 AM ET,3.220,800,2.58K,Bid,NYSE Arca,
10:57:19.533 AM ET,3.220,800,2.58K,Ask,Off Exchange,
11:29:51.042 AM ET,3.210,800,2.57K,Ask,Off Exchange,
11:31:32.569 AM ET,3.220,800,2.58K,Ask,Nasdaq GSM,Inter Mkt Swp; Trade Thru Exmpt
11:41:59.316 AM ET,3.230,800,2.58K,Bid,Nasdaq GSM,Inter Mkt Swp; Trade Thru Exmpt
11:41:59.316 AM ET,3.230,800,2.58K,Bid,MEMX,Inter Mkt Swp; Trade Thru Exmpt
11:43:04.504 AM ET,3.230,800,2.58K,Ask,Nasdaq GSM,Inter Mkt Swp; Trade Thru Exmpt
11:56:13.890 AM ET,3.220,800,2.58K,Ask,MEMX,Inter Mkt Swp; Trade Thru Exmpt
11:58:36.439 AM ET,3.210,800,2.57K,Ask,MEMX,Inter Mkt Swp; Trade Thru Exmpt
11:58:44.549 AM ET,3.190,800,2.55K,Bid,MEMX,Inter Mkt Swp; Trade Thru Exmpt
11:59:22.760 AM ET,3.180,800,2.54K,Bid,MEMX,Inter Mkt Swp; Trade Thru Exmpt
12:17:13.510 PM ET,3.180,800,2.54K,Bid,MEMX,Inter Mkt Swp; Trade Thru Exmpt
12:17:18.089 PM ET,3.190,800,2.55K,None,MEMX,Inter Mkt Swp; Trade Thru Exmpt
12:17:35.083 PM ET,3.190,800,2.55K,None,MEMX,Inter Mkt Swp; Trade Thru Exmpt
12:17:35.936 PM ET,3.190,800,2.55K,None,MEMX,
12:21:55.770 PM ET,3.140,800,2.51K,Bid,NYSE Arca,Inter Mkt Swp; Trade Thru Exmpt
12:26:24.812 PM ET,3.170,800,2.54K,Ask,MEMX,Inter Mkt Swp; Trade Thru Exmpt
12:53:24.460 PM ET,3.150,800,2.52K,Ask,Nasdaq GSM,
12:59:36.408 PM ET,3.150,800,2.52K,Bid,Off Exchange,
01:07:33.668 PM ET,3.160,800,2.53K,Bid,Off Exchange,
01:27:09.229 PM ET,3.160,800,2.53K,Mid,Off Exchange,
01:57:43.527 PM ET,3.150,800,2.52K,Bid,Off Exchange,
01:57:44.947 PM ET,3.150,800,2.52K,Bid,Nasdaq GSM,
04:00:00.838 PM ET,3.210,790,2.54K,None,Off Exchange,Frm T Ext Hrs
03:43:55.021 PM ET,3.200,786,2.52K,Bid,Nasdaq GSM,
12:53:17.199 PM ET,3.150,785,2.47K,Ask,Off Exchange,
09:38:02.045 AM ET,3.190,761,2.43K,Bid,Nasdaq GSM,Inter Mkt Swp; Trade Thru Exmpt
02:24:44.611 PM ET,3.185,758,2.41K,Mid,Nasdaq GSM,
12:55:38.414 PM ET,3.160,739,2.34K,Ask,Nasdaq GSM,Inter Mkt Swp; Trade Thru Exmpt
12:55:38.414 PM ET,3.160,723,2.28K,Ask,Nasdaq GSM,Inter Mkt Swp; Trade Thru Exmpt
11:59:27.760 AM ET,3.180,700,2.23K,Bid,Nasdaq GSM,
12:04:01.316 PM ET,3.180,700,2.23K,Ask,Nasdaq GSM,Inter Mkt Swp; Trade Thru Exmpt
12:17:35.017 PM ET,3.200,700,2.24K,None,Off Exchange,
12:26:47.115 PM ET,3.170,700,2.22K,Ask,Off Exchange,
12:26:47.116 PM ET,3.170,700,2.22K,Ask,Off Exchange,
12:31:10.582 PM ET,3.130,700,2.19K,Bid,MEMX,Inter Mkt Swp; Trade Thru Exmpt
12:53:10.390 PM ET,3.150,700,2.21K,Bid,Nasdaq GSM,Inter Mkt Swp; Trade Thru Exmpt
12:55:38.450 PM ET,3.170,700,2.22K,Ask,Nasdaq GSM,Inter Mkt Swp; Trade Thru Exmpt
01:16:59.342 PM ET,3.150,700,2.21K,Ask,Nasdaq GSM,Inter Mkt Swp; Trade Thru Exmpt
01:25:46.090 PM ET,3.170,700,2.22K,Ask,Nasdaq GSM,Inter Mkt Swp; Trade Thru Exmpt
01:27:09.229 PM ET,3.160,700,2.21K,Mid,Off Exchange,
01:49:08.290 PM ET,3.160,700,2.21K,Ask,Nasdaq GSM,Inter Mkt Swp; Trade Thru Exmpt
01:58:41.147 PM ET,3.170,700,2.22K,Ask,Nasdaq GSM,Inter Mkt Swp; Trade Thru Exmpt
01:58:41.148 PM ET,3.170,700,2.22K,Ask,IEX,
02:01:57.854 PM ET,3.180,700,2.23K,Bid,Nasdaq GSM,
02:35:11.445 PM ET,3.200,700,2.24K,Ask,Nasdaq GSM,Inter Mkt Swp; Trade Thru Exmpt
03:19:55.953 PM ET,3.195,700,2.24K,Mid,Off Exchange,
09:34:36.885 AM ET,3.220,699,2.25K,Bid,NYSE Arca,
01:38:19.652 PM ET,3.140,699,2.19K,Ask,Off Exchange,
11:31:32.569 AM ET,3.220,695,2.24K,Ask,Nasdaq GSM,Inter Mkt Swp; Trade Thru Exmpt
09:35:29.468 AM ET,3.210,684,2.20K,Mid,Off Exchange,
01:57:45.022 PM ET,3.150,677,2.13K,Bid,Off Exchange,
01:57:45.022 PM ET,3.160,665,2.10K,Bid,MEMX,
03:48:14.950 PM ET,3.185,633,2.02K,Mid,Off Exchange,
12:53:10.390 PM ET,3.150,617,1.94K,Bid,NYSE Arca,
12:53:10.390 PM ET,3.150,617,1.94K,Bid,NYSE,
12:33:09.399 PM ET,3.120,610,1.90K,Ask,NYSE Arca,Inter Mkt Swp; Trade Thru Exmpt
09:51:01.082 AM ET,3.250,603,1.96K,Ask,Off Exchange,
10:20:42.256 AM ET,3.200,600,1.92K,Ask,Nasdaq GSM,Inter Mkt Swp; Trade Thru Exmpt
10:21:04.765 AM ET,3.200,600,1.92K,Ask,Nasdaq GSM,Inter Mkt Swp; Trade Thru Exmpt
10:24:04.985 AM ET,3.230,600,1.94K,Mid,Nasdaq GSM,Inter Mkt Swp; Trade Thru Exmpt
10:30:15.623 AM ET,3.220,600,1.93K,Bid,Off Exchange,
10:36:53.076 AM ET,3.230,600,1.94K,Bid,Nasdaq GSM,Inter Mkt Swp; Trade Thru Exmpt
12:20:35.910 PM ET,3.150,600,1.89K,Bid,Off Exchange,
12:20:37.548 PM ET,3.150,600,1.89K,Bid,Nasdaq GSM,
12:39:17.285 PM ET,3.130,600,1.88K,Mid,Off Exchange,
12:53:24.460 PM ET,3.150,600,1.89K,Ask,IEX,
12:55:38.414 PM ET,3.160,600,1.90K,Ask,Nasdaq GSM,Inter Mkt Swp; Trade Thru Exmpt
12:55:38.450 PM ET,3.170,600,1.90K,Ask,Nasdaq GSM,Inter Mkt Swp; Trade Thru Exmpt
12:59:48.820 PM ET,3.150,600,1.89K,Bid,Off Exchange,
01:08:09.291 PM ET,3.160,600,1.90K,Ask,Nasdaq GSM,Inter Mkt Swp; Trade Thru Exmpt
01:57:44.947 PM ET,3.150,600,1.89K,Bid,MEMX,
01:57:44.977 PM ET,3.150,600,1.89K,Bid,MEMX,Inter Mkt Swp; Trade Thru Exmpt
01:57:45.021 PM ET,3.160,600,1.90K,Bid,MEMX,Inter Mkt Swp; Trade Thru Exmpt
01:58:06.965 PM ET,3.160,600,1.90K,Bid,MEMX,
01:58:41.147 PM ET,3.170,600,1.90K,Ask,MEMX,Inter Mkt Swp; Trade Thru Exmpt
01:58:41.147 PM ET,3.170,600,1.90K,Ask,Cboe BZX,
03:42:36.953 PM ET,3.208,600,1.92K,Mid,Off Exchange,Avg Price; Deriv Priced; Trade Thru Exmpt
03:43:55.021 PM ET,3.200,600,1.92K,Bid,Nasdaq GSM,
03:46:55.619 PM ET,3.190,600,1.91K,Ask,Nasdaq GSM,Inter Mkt Swp; Trade Thru Exmpt
03:54:48.540 PM ET,3.190,600,1.91K,Bid,IEX,
01:16:59.206 PM ET,3.150,578,1.82K,Bid,Nasdaq GSM,Inter Mkt Swp; Trade Thru Exmpt
01:07:09.619 PM ET,3.155,564,1.78K,Mid,Off Exchange,
12:55:38.385 PM ET,3.155,547,1.73K,Ask,IEX,
03:54:48.540 PM ET,3.190,546,1.74K,Bid,Cboe BZX,
12:40:27.324 PM ET,3.150,538,1.69K,Ask,Off Exchange,
01:08:09.291 PM ET,3.160,523,1.65K,Ask,Nasdaq GSM,Inter Mkt Swp; Trade Thru Exmpt
01:58:05.640 PM ET,3.160,523,1.65K,Bid,Off Exchange,
03:43:55.021 PM ET,3.200,514,1.64K,Bid,Nasdaq GSM,Inter Mkt Swp; Trade Thru Exmpt
01:28:42.199 PM ET,3.160,511,1.61K,Bid,Nasdaq GSM,
04:01:17.230 PM ET,3.210,501,1.61K,Ask,Off Exchange,Frm T Ext Hrs; Prior Ref Price; Trade Thru Exmpt
09:44:56.728 AM ET,3.190,500,1.59K,Ask,NYSE Arca,
09:49:43.931 AM ET,3.230,500,1.61K,Bid,Nasdaq GSM,
10:06:08.686 AM ET,3.210,500,1.60K,Ask,Nasdaq GSM,Inter Mkt Swp; Trade Thru Exmpt
11:17:32.970 AM ET,3.220,500,1.61K,Ask,NYSE American,Inter Mkt Swp; Trade Thru Exmpt
11:39:58.117 AM ET,3.220,500,1.61K,Ask,MEMX,Inter Mkt Swp; Trade Thru Exmpt
11:58:36.439 AM ET,3.210,500,1.60K,Ask,Nasdaq GSM,Inter Mkt Swp; Trade Thru Exmpt
11:59:22.760 AM ET,3.180,500,1.59K,Bid,Cboe BZX,Inter Mkt Swp; Trade Thru Exmpt
11:59:22.760 AM ET,3.180,500,1.59K,Bid,Nasdaq GSM,Inter Mkt Swp; Trade Thru Exmpt
12:17:13.384 PM ET,3.180,500,1.59K,Bid,Nasdaq GSM,Inter Mkt Swp; Trade Thru Exmpt
12:17:13.510 PM ET,3.180,500,1.59K,Bid,Nasdaq GSM,Inter Mkt Swp; Trade Thru Exmpt
12:17:16.687 PM ET,3.190,500,1.59K,Ask,Nasdaq GSM,
12:17:18.089 PM ET,3.190,500,1.59K,None,Nasdaq GSM,Inter Mkt Swp; Trade Thru Exmpt
12:17:19.826 PM ET,3.190,500,1.59K,None,Nasdaq GSM,Inter Mkt Swp; Trade Thru Exmpt
12:17:35.083 PM ET,3.190,500,1.59K,None,Nasdaq GSM,Inter Mkt Swp; Trade Thru Exmpt
12:18:24.725 PM ET,3.170,500,1.58K,None,Nasdaq GSM,Inter Mkt Swp; Trade Thru Exmpt
12:26:24.759 PM ET,3.160,500,1.58K,Ask,Nasdaq GSM,Inter Mkt Swp; Trade Thru Exmpt
12:26:24.812 PM ET,3.170,500,1.58K,Ask,Nasdaq GSM,Inter Mkt Swp; Trade Thru Exmpt
12:26:24.814 PM ET,3.180,500,1.59K,Ask,NYSE Arca,Inter Mkt Swp; Trade Thru Exmpt
12:26:47.121 PM ET,3.160,500,1.58K,Ask,Cboe BZX,Inter Mkt Swp; Trade Thru Exmpt
12:38:46.897 PM ET,3.120,500,1.56K,Ask,Nasdaq GSM,
12:51:39.594 PM ET,3.150,500,1.57K,Bid,Off Exchange,
12:51:39.597 PM ET,3.150,500,1.57K,Bid,Off Exchange,
12:53:10.395 PM ET,3.150,500,1.57K,Bid,Off Exchange,
12:55:41.218 PM ET,3.170,500,1.58K,Ask,Nasdaq GSM,
12:58:00.190 PM ET,3.150,500,1.57K,Bid,Off Exchange,
01:27:03.233 PM ET,3.160,500,1.58K,Bid,Off Exchange,
01:27:03.233 PM ET,3.160,500,1.58K,Mid,Off Exchange,
01:30:06.548 PM ET,3.150,500,1.57K,Bid,Off Exchange,
01:30:06.549 PM ET,3.150,500,1.57K,Bid,Off Exchange,
01:30:06.555 PM ET,3.150,500,1.57K,Bid,Off Exchange,
01:30:06.559 PM ET,3.150,500,1.57K,Bid,Off Exchange,
01:30:39.274 PM ET,3.150,500,1.57K,Ask,Off Exchange,
01:55:02.392 PM ET,3.160,500,1.58K,Bid,Off Exchange,
01:57:44.977 PM ET,3.150,500,1.57K,Bid,IEX,
01:57:45.021 PM ET,3.150,500,1.57K,Bid,Off Exchange,
01:57:45.021 PM ET,3.160,500,1.58K,Bid,Nasdaq GSM,Inter Mkt Swp; Trade Thru Exmpt
01:57:45.022 PM ET,3.160,500,1.58K,Bid,IEX,
02:51:16.938 PM ET,3.180,500,1.59K,Bid,Nasdaq GSM,
03:10:03.622 PM ET,3.190,500,1.59K,Ask,Nasdaq GSM,Inter Mkt Swp; Trade Thru Exmpt
03:14:06.951 PM ET,3.200,500,1.60K,Ask,Off Exchange,
03:31:42.260 PM ET,3.210,500,1.60K,Ask,IEX,
03:34:36.278 PM ET,3.210,500,1.60K,Bid,IEX,
03:54:48.540 PM ET,3.190,500,1.59K,Bid,Nasdaq GSM,
03:59:21.670 PM ET,3.200,500,1.60K,None,Nasdaq GSM,
03:59:46.963 PM ET,3.200,500,1.60K,None,IEX,
03:59:51.059 PM ET,3.195,500,1.60K,None,Nasdaq GSM,
03:59:56.077 PM ET,3.195,500,1.60K,None,Nasdaq GSM,
01:13:35.072 PM ET,3.150,496,1.56K,Bid,Off Exchange,
03:56:25.651 PM ET,3.200,496,1.59K,Bid,Nasdaq GSM,
03:55:00.815 PM ET,3.215,494,1.59K,Mid,Off Exchange,
03:58:47.919 PM ET,3.195,494,1.58K,Mid,Nasdaq GSM,
03:59:21.670 PM ET,3.195,494,1.58K,None,Nasdaq GSM,
03:59:21.670 PM ET,3.195,494,1.58K,None,Cboe BZX,
03:59:56.077 PM ET,3.195,494,1.58K,None,Nasdaq GSM,
01:46:27.947 PM ET,3.141,492,1.55K,Mid,Off Exchange,
09:34:36.885 AM ET,3.220,488,1.57K,Bid,Nasdaq GSM,
01:52:56.760 PM ET,3.150,486,1.53K,Bid,Nasdaq GSM,Inter Mkt Swp; Trade Thru Exmpt
01:34:18.144 PM ET,3.150,483,1.52K,Ask,Nasdaq GSM,Inter Mkt Swp; Trade Thru Exmpt
03:59:56.009 PM ET,3.190,472,1.51K,None,Nasdaq BX,
12:17:13.252 PM ET,3.190,470,1.50K,Bid,Nasdaq GSM,Inter Mkt Swp; Trade Thru Exmpt
02:00:56.820 PM ET,3.170,466,1.48K,Bid,MEMX,
03:54:48.540 PM ET,3.190,464,1.48K,Bid,Cboe BZX,
01:05:19.366 PM ET,3.150,462,1.46K,Ask,NYSE,Inter Mkt Swp; Trade Thru Exmpt
03:58:39.684 PM ET,3.190,462,1.47K,Bid,Off Exchange,
12:56:22.700 PM ET,3.175,458,1.45K,Mid,Off Exchange,
11:59:27.760 AM ET,3.180,457,1.45K,Bid,MEMX,
11:18:33.141 AM ET,3.229,453,1.46K,Mid,Off Exchange,
12:05:08.966 PM ET,3.180,453,1.44K,Bid,IEX,
11:58:44.549 AM ET,3.190,450,1.44K,Bid,MEMX,Inter Mkt Swp; Trade Thru Exmpt
01:57:44.977 PM ET,3.150,447,1.41K,Bid,Nasdaq GSM,
03:58:46.997 PM ET,3.195,447,1.43K,Mid,Off Exchange,
11:58:38.084 AM ET,3.195,446,1.42K,Mid,Off Exchange,
12:51:28.504 PM ET,3.150,445,1.40K,Ask,Nasdaq GSM,Inter Mkt Swp; Trade Thru Exmpt
11:54:36.032 AM ET,3.225,442,1.43K,Mid,Off Exchange,
01:38:19.656 PM ET,3.140,442,1.39K,Ask,Off Exchange,
01:57:44.947 PM ET,3.150,441,1.39K,Bid,Nasdaq GSM,
12:34:29.721 PM ET,3.125,434,1.36K,Mid,Off Exchange,
03:39:05.870 PM ET,3.200,433,1.39K,Bid,NYSE American,Inter Mkt Swp; Trade Thru Exmpt
03:58:57.554 PM ET,3.200,432,1.38K,Ask,Nasdaq GSM,Inter Mkt Swp; Trade Thru Exmpt
02:17:27.962 PM ET,3.210,431,1.38K,Bid,Nasdaq GSM,
12:26:24.759 PM ET,3.160,430,1.36K,Ask,Nasdaq GSM,Inter Mkt Swp; Trade Thru Exmpt
03:56:25.653 PM ET,3.200,428,1.37K,Bid,Off Exchange,
03:56:25.651 PM ET,3.200,425,1.36K,Bid,NYSE American,Inter Mkt Swp; Trade Thru Exmpt
02:37:59.484 PM ET,3.190,424,1.35K,Ask,Nasdaq GSM,Inter Mkt Swp; Trade Thru Exmpt
01:18:46.906 PM ET,3.150,422,1.33K,Ask,Nasdaq GSM,
10:16:23.637 AM ET,3.220,420,1.35K,Ask,Nasdaq GSM,Inter Mkt Swp; Trade Thru Exmpt
04:00:07.195 PM ET,3.210,420,1.35K,None,Off Exchange,Frm T Ext Hrs
01:16:59.206 PM ET,3.150,418,1.32K,Bid,Nasdaq GSM,Inter Mkt Swp; Trade Thru Exmpt
01:08:09.291 PM ET,3.160,406,1.28K,Ask,Nasdaq GSM,Inter Mkt Swp; Trade Thru Exmpt
02:47:06.022 PM ET,3.190,405,1.29K,Bid,IEX,
01:01:09.320 PM ET,3.150,404,1.27K,Ask,Nasdaq GSM,
03:55:58.208 PM ET,3.205,403,1.29K,Mid,Off Exchange,
09:41:09.740 AM ET,3.180,400,1.27K,Bid,Nasdaq GSM,Inter Mkt Swp; Trade Thru Exmpt
09:41:09.740 AM ET,3.180,400,1.27K,Bid,NYSE Arca,Inter Mkt Swp; Trade Thru Exmpt
09:44:56.728 AM ET,3.190,400,1.28K,Ask,NYSE Arca,Inter Mkt Swp; Trade Thru Exmpt
10:06:08.660 AM ET,3.210,400,1.28K,Ask,Nasdaq GSM,Inter Mkt Swp; Trade Thru Exmpt
10:24:38.028 AM ET,3.240,400,1.30K,Mid,Off Exchange,
10:38:13.023 AM ET,3.235,400,1.29K,Mid,Off Exchange,
10:56:32.140 AM ET,3.220,400,1.29K,Ask,Nasdaq GSM,Inter Mkt Swp; Trade Thru Exmpt
11:58:44.549 AM ET,3.190,400,1.28K,Bid,NYSE,Inter Mkt Swp; Trade Thru Exmpt
11:59:22.760 AM ET,3.180,400,1.27K,Bid,NYSE,Inter Mkt Swp; Trade Thru Exmpt
12:17:18.089 PM ET,3.190,400,1.28K,None,NYSE,Inter Mkt Swp; Trade Thru Exmpt
12:17:35.083 PM ET,3.190,400,1.28K,None,NYSE,Inter Mkt Swp; Trade Thru Exmpt
12:21:55.770 PM ET,3.140,400,1.26K,Bid,Nasdaq GSM,Inter Mkt Swp; Trade Thru Exmpt
12:26:24.759 PM ET,3.160,400,1.26K,Ask,NYSE,Inter Mkt Swp; Trade Thru Exmpt
12:32:48.690 PM ET,3.125,400,1.25K,Mid,Off Exchange,
12:36:27.854 PM ET,3.125,400,1.25K,Mid,Off Exchange,
12:53:32.996 PM ET,3.140,400,1.26K,Bid,NYSE Arca,
12:55:48.764 PM ET,3.160,400,1.26K,Ask,Cboe BZX,
12:57:15.759 PM ET,3.170,400,1.27K,Bid,NYSE Arca,
12:57:15.759 PM ET,3.170,400,1.27K,Bid,IEX,
12:57:39.618 PM ET,3.160,400,1.26K,Bid,NYSE Arca,
12:57:42.084 PM ET,3.155,400,1.26K,Bid,Off Exchange,
01:12:49.533 PM ET,3.150,400,1.26K,Ask,IEX,
01:13:26.331 PM ET,3.156,400,1.26K,Ask,Off Exchange,Avg Price; Deriv Priced; Trade Thru Exmpt
01:27:03.235 PM ET,3.160,400,1.26K,Bid,NYSE Arca,
01:27:26.028 PM ET,3.155,400,1.26K,Mid,Off Exchange,
01:28:06.800 PM ET,3.160,400,1.26K,Bid,NYSE Arca,
01:40:23.541 PM ET,3.130,400,1.25K,Ask,Nasdaq GSM,
01:51:23.149 PM ET,3.150,400,1.26K,Bid,Off Exchange,
01:51:36.873 PM ET,3.150,400,1.26K,Bid,Off Exchange,
01:52:08.094 PM ET,3.150,400,1.26K,Bid,Off Exchange,
01:57:39.452 PM ET,3.150,400,1.26K,Bid,Off Exchange,
01:57:44.977 PM ET,3.150,400,1.26K,Bid,Off Exchange,
02:00:56.822 PM ET,3.170,400,1.27K,Bid,Nasdaq GSM,
02:00:56.824 PM ET,3.170,400,1.27K,Bid,NYSE Arca,Inter Mkt Swp; Trade Thru Exmpt
02:01:38.914 PM ET,3.170,400,1.27K,Bid,MEMX,
02:17:27.962 PM ET,3.210,400,1.28K,Bid,Nasdaq GSM,
02:17:27.962 PM ET,3.210,400,1.28K,Bid,Off Exchange,
02:25:58.104 PM ET,3.195,400,1.28K,Mid,Off Exchange,
02:26:29.135 PM ET,3.198,400,1.28K,Mid,Off Exchange,
02:35:11.445 PM ET,3.200,400,1.28K,Ask,Nasdaq GSM,Inter Mkt Swp; Trade Thru Exmpt
02:47:06.021 PM ET,3.190,400,1.28K,Bid,Cboe EDGX,Inter Mkt Swp; Trade Thru Exmpt
03:36:13.603 PM ET,3.210,400,1.28K,Ask,NYSE American,Inter Mkt Swp; Trade Thru Exmpt
03:54:48.540 PM ET,3.190,400,1.28K,Bid,NYSE Arca,
03:55:00.043 PM ET,3.200,400,1.28K,Ask,Nasdaq GSM,Inter Mkt Swp; Trade Thru Exmpt
03:56:25.651 PM ET,3.200,400,1.28K,Bid,Nasdaq GSM,Inter Mkt Swp; Trade Thru Exmpt
03:58:47.919 PM ET,3.200,400,1.28K,Ask,Nasdaq GSM,
03:58:57.554 PM ET,3.200,400,1.28K,Ask,Nasdaq GSM,Inter Mkt Swp; Trade Thru Exmpt
03:59:21.242 PM ET,3.195,400,1.28K,None,Cboe BZX,
03:59:21.671 PM ET,3.200,400,1.28K,None,IEX,
04:00:00.857 PM ET,3.210,400,1.28K,None,Off Exchange,Frm T Ext Hrs
03:46:23.212 PM ET,3.195,397,1.27K,Mid,Off Exchange,
03:56:25.652 PM ET,3.200,397,1.27K,Bid,Off Exchange,
12:17:16.688 PM ET,3.190,395,1.26K,Ask,Nasdaq GSM,Inter Mkt Swp; Trade Thru Exmpt
02:47:06.022 PM ET,3.190,395,1.26K,Bid,IEX,
02:31:27.962 PM ET,3.200,394,1.26K,Ask,Nasdaq GSM,
03:34:59.434 PM ET,3.215,394,1.27K,Mid,Off Exchange,
03:35:11.488 PM ET,3.215,394,1.27K,Mid,Off Exchange,
03:35:11.489 PM ET,3.215,394,1.27K,Mid,Off Exchange,
03:43:50.294 PM ET,3.205,394,1.26K,Mid,Off Exchange,
03:47:16.403 PM ET,3.185,394,1.25K,Mid,Nasdaq GSM,
03:52:23.196 PM ET,3.185,394,1.25K,Mid,Off Exchange,
03:52:45.254 PM ET,3.185,394,1.25K,Mid,Nasdaq GSM,
03:52:47.624 PM ET,3.185,394,1.25K,Mid,Off Exchange,
03:59:21.670 PM ET,3.200,394,1.26K,None,Nasdaq GSM,
01:21:33.098 PM ET,3.145,391,1.23K,Mid,Off Exchange,
03:52:45.254 PM ET,3.180,386,1.23K,Bid,Nasdaq GSM,
11:29:51.035 AM ET,3.210,381,1.22K,Ask,MEMX,
01:28:06.799 PM ET,3.160,377,1.19K,Bid,Nasdaq GSM,
01:28:06.800 PM ET,3.160,377,1.19K,Bid,Nasdaq GSM,
03:59:51.059 PM ET,3.195,377,1.20K,None,Nasdaq GSM,
12:17:12.623 PM ET,3.200,374,1.20K,Ask,IEX,
03:08:41.637 PM ET,3.190,371,1.18K,Ask,IEX,
12:53:24.460 PM ET,3.150,368,1.16K,Ask,NYSE Arca,
11:58:44.549 AM ET,3.190,366,1.17K,Bid,NYSE,Inter Mkt Swp; Trade Thru Exmpt
12:57:26.731 PM ET,3.160,359,1.13K,Ask,NYSE Arca,
01:51:23.073 PM ET,3.155,358,1.13K,Mid,Off Exchange,
01:51:23.074 PM ET,3.155,358,1.13K,Mid,Off Exchange,
01:57:43.594 PM ET,3.150,357,1.12K,Bid,Off Exchange,
03:58:47.919 PM ET,3.200,347,1.11K,Ask,Nasdaq GSM,
12:26:24.850 PM ET,3.175,344,1.09K,Ask,Off Exchange,
12:04:01.316 PM ET,3.180,343,1.09K,Ask,NYSE Arca,Inter Mkt Swp; Trade Thru Exmpt
12:57:15.759 PM ET,3.170,342,1.08K,Bid,IEX,
12:59:51.959 PM ET,3.155,342,1.08K,Mid,Off Exchange,
01:27:03.235 PM ET,3.160,342,1.08K,Bid,Nasdaq GSM,
01:27:20.288 PM ET,3.160,342,1.08K,Ask,Nasdaq GSM,
01:27:20.289 PM ET,3.160,342,1.08K,Ask,Off Exchange,
12:57:05.203 PM ET,3.175,341,1.08K,Mid,Cboe BZX,
12:57:24.677 PM ET,3.165,341,1.08K,Mid,NYSE Arca,
12:57:26.730 PM ET,3.165,341,1.08K,Mid,Nasdaq GSM,
12:57:26.730 PM ET,3.165,341,1.08K,Ask,Cboe BZX,
12:57:26.730 PM ET,3.165,341,1.08K,Ask,MEMX,
12:57:26.731 PM ET,3.165,341,1.08K,Ask,NYSE Arca,
12:57:26.732 PM ET,3.160,341,1.08K,Ask,Off Exchange,
12:57:35.271 PM ET,3.165,341,1.08K,Mid,NYSE Arca,
12:57:35.275 PM ET,3.165,341,1.08K,Mid,NYSE Arca,
01:02:11.399 PM ET,3.160,341,1.08K,Bid,NYSE,
01:04:31.953 PM ET,3.160,341,1.08K,Ask,Nasdaq GSM,
01:05:19.367 PM ET,3.155,341,1.08K,Ask,NYSE,
12:57:31.026 PM ET,3.155,340,1.07K,Mid,Cboe EDGX,
02:26:28.459 PM ET,3.195,340,1.09K,Mid,Off Exchange,
01:04:31.953 PM ET,3.160,338,1.07K,Ask,Cboe BZX,Inter Mkt Swp; Trade Thru Exmpt
01:28:06.799 PM ET,3.160,331,1.05K,Bid,Cboe BZX,
01:06:20.280 PM ET,3.150,330,1.04K,Ask,Off Exchange,
03:55:00.482 PM ET,3.210,329,1.06K,Bid,Off Exchange,
02:24:44.611 PM ET,3.180,326,1.04K,Bid,Cboe BZX,
02:17:27.964 PM ET,3.200,320,1.02K,Bid,NYSE Arca,Inter Mkt Swp; Trade Thru Exmpt
01:33:20.358 PM ET,3.155,318,1.00K,Mid,Off Exchange,
09:34:42.303 AM ET,3.220,315,1.01K,Ask,Off Exchange,
01:02:11.399 PM ET,3.160,315,995,Bid,NYSE,Inter Mkt Swp; Trade Thru Exmpt
03:09:19.654 PM ET,3.195,314,1.00K,Mid,Off Exchange,
03:21:10.478 PM ET,3.195,314,1.00K,Mid,Off Exchange,
03:30:36.184 PM ET,3.215,314,1.01K,Mid,Off Exchange,
03:55:01.226 PM ET,3.215,312,1.00K,Ask,Off Exchange,
03:59:50.074 PM ET,3.195,311,994,None,Cboe BZX,Inter Mkt Swp; Trade Thru Exmpt
01:28:29.532 PM ET,3.160,310,980,Bid,Nasdaq GSM,Inter Mkt Swp; Trade Thru Exmpt
11:31:32.569 AM ET,3.220,305,982,Ask,Nasdaq GSM,Inter Mkt Swp; Trade Thru Exmpt
01:21:29.331 PM ET,3.140,301,945,Bid,NYSE Arca,Inter Mkt Swp; Trade Thru Exmpt
09:30:00.320 AM ET,3.265,300,980,Mid,IEX,
09:34:01.356 AM ET,3.220,300,966,Ask,Cboe BZX,Inter Mkt Swp; Trade Thru Exmpt
09:34:36.885 AM ET,3.220,300,966,Bid,Cboe EDGX,
09:34:36.885 AM ET,3.220,300,966,Bid,Cboe BZX,
09:34:38.972 AM ET,3.220,300,966,Mid,Nasdaq GSM,
09:35:26.002 AM ET,3.210,300,963,Ask,NYSE Arca,Inter Mkt Swp; Trade Thru Exmpt
09:41:09.740 AM ET,3.180,300,954,Bid,Cboe BZX,Inter Mkt Swp; Trade Thru Exmpt
09:41:09.740 AM ET,3.180,300,954,Bid,Cboe EDGX,Inter Mkt Swp; Trade Thru Exmpt
09:41:09.740 AM ET,3.180,300,954,Bid,NYSE Arca,Inter Mkt Swp; Trade Thru Exmpt
09:41:49.911 AM ET,3.200,300,960,Bid,NYSE Arca,Inter Mkt Swp; Trade Thru Exmpt
09:44:56.727 AM ET,3.190,300,957,Ask,Nasdaq GSM,
09:44:56.777 AM ET,3.210,300,963,Ask,Cboe BZX,
09:48:56.055 AM ET,3.220,300,966,Bid,Cboe EDGA,Inter Mkt Swp; Trade Thru Exmpt
09:48:56.055 AM ET,3.220,300,966,Bid,Cboe BZX,Inter Mkt Swp; Trade Thru Exmpt
09:48:56.055 AM ET,3.220,300,966,Bid,NYSE Arca,Inter Mkt Swp; Trade Thru Exmpt
09:49:43.931 AM ET,3.230,300,969,Bid,Cboe BZX,
09:49:43.931 AM ET,3.230,300,969,Bid,Cboe EDGX,
09:49:43.931 AM ET,3.230,300,969,Bid,NYSE Arca,
09:50:23.562 AM ET,3.240,300,972,Bid,IEX,
09:52:03.496 AM ET,3.250,300,975,Bid,Cboe BZX,
10:06:08.661 AM ET,3.210,300,963,Ask,NYSE Arca,Inter Mkt Swp; Trade Thru Exmpt
10:06:08.687 AM ET,3.210,300,963,Ask,NYSE Arca,Inter Mkt Swp; Trade Thru Exmpt
10:14:46.895 AM ET,3.220,300,966,Bid,NYSE Arca,Inter Mkt Swp; Trade Thru Exmpt
10:24:04.985 AM ET,3.220,300,966,Bid,Cboe BZX,Inter Mkt Swp; Trade Thru Exmpt
10:24:04.985 AM ET,3.220,300,966,Bid,NYSE Arca,Inter Mkt Swp; Trade Thru Exmpt
10:24:04.992 AM ET,3.220,300,966,Bid,Off Exchange,
10:32:20.292 AM ET,3.230,300,969,Bid,Cboe BZX,Inter Mkt Swp; Trade Thru Exmpt
10:33:18.975 AM ET,3.235,300,971,Mid,Off Exchange,
10:40:11.271 AM ET,3.230,300,969,Bid,Off Exchange,
10:42:25.211 AM ET,3.235,300,971,Mid,Off Exchange,
10:46:29.228 AM ET,3.225,300,968,Mid,Off Exchange,
10:55:56.569 AM ET,3.220,300,966,Bid,NYSE Arca,
11:11:54.096 AM ET,3.220,300,966,Ask,NYSE Arca,
11:31:32.538 AM ET,3.210,300,963,Ask,MEMX,Inter Mkt Swp; Trade Thru Exmpt
11:31:32.538 AM ET,3.210,300,963,Ask,Nasdaq GSM,Inter Mkt Swp; Trade Thru Exmpt
11:31:32.539 AM ET,3.210,300,963,Ask,NYSE Arca,Inter Mkt Swp; Trade Thru Exmpt
11:31:32.539 AM ET,3.210,300,963,Ask,IEX,
11:31:32.569 AM ET,3.220,300,966,Ask,NYSE Arca,Inter Mkt Swp; Trade Thru Exmpt
11:31:32.576 AM ET,3.220,300,966,Ask,Nasdaq GSM,Inter Mkt Swp; Trade Thru Exmpt
11:33:03.427 AM ET,3.220,300,966,Bid,Nasdaq GSM,Inter Mkt Swp; Trade Thru Exmpt
11:39:58.117 AM ET,3.220,300,966,Ask,Nasdaq GSM,Inter Mkt Swp; Trade Thru Exmpt
11:43:04.504 AM ET,3.230,300,969,Ask,Nasdaq GSM,Inter Mkt Swp; Trade Thru Exmpt
11:48:38.424 AM ET,3.225,300,968,Mid,Off Exchange,
11:58:36.442 AM ET,3.200,300,960,Ask,NYSE Arca,Inter Mkt Swp; Trade Thru Exmpt
11:58:44.549 AM ET,3.190,300,957,Bid,NYSE Arca,Inter Mkt Swp; Trade Thru Exmpt
11:58:44.549 AM ET,3.190,300,957,Bid,Cboe BZX,Inter Mkt Swp; Trade Thru Exmpt
11:58:44.581 AM ET,3.180,300,954,Bid,NYSE Arca,Inter Mkt Swp; Trade Thru Exmpt
11:58:44.581 AM ET,3.180,300,954,Bid,Cboe BZX,Inter Mkt Swp; Trade Thru Exmpt
11:59:49.516 AM ET,3.185,300,956,Mid,Off Exchange,
11:59:50.643 AM ET,3.180,300,954,Bid,Cboe BZX,
12:05:08.965 PM ET,3.180,300,954,Bid,Nasdaq GSM,Inter Mkt Swp; Trade Thru Exmpt
12:13:36.887 PM ET,3.182,300,955,Bid,Off Exchange,Avg Price; Deriv Priced; Trade Thru Exmpt
12:17:12.282 PM ET,3.200,300,960,Ask,Nasdaq GSM,
12:17:12.794 PM ET,3.200,300,960,Ask,Off Exchange,
12:17:13.252 PM ET,3.190,300,957,Bid,Nasdaq GSM,Inter Mkt Swp; Trade Thru Exmpt
12:17:13.384 PM ET,3.180,300,954,Bid,Cboe BZX,Inter Mkt Swp; Trade Thru Exmpt
12:18:11.843 PM ET,3.175,300,953,None,IEX,
12:19:37.779 PM ET,3.150,300,945,Bid,Off Exchange,
12:19:52.060 PM ET,3.150,300,945,Bid,Off Exchange,
12:19:58.810 PM ET,3.150,300,945,Bid,Off Exchange,
12:20:24.650 PM ET,3.150,300,945,Bid,Off Exchange,
12:20:37.557 PM ET,3.150,300,945,Bid,Off Exchange,
12:20:55.761 PM ET,3.140,300,942,Ask,IEX,
12:26:24.813 PM ET,3.170,300,951,Ask,NYSE,Inter Mkt Swp; Trade Thru Exmpt
12:26:47.121 PM ET,3.160,300,948,Ask,Cboe BZX,Inter Mkt Swp; Trade Thru Exmpt
12:27:49.592 PM ET,3.150,300,945,Ask,Nasdaq GSM,Inter Mkt Swp; Trade Thru Exmpt
12:27:49.598 PM ET,3.155,300,947,Ask,NYSE Arca,
12:27:49.603 PM ET,3.155,300,947,Ask,NYSE Arca,
12:27:49.609 PM ET,3.155,300,947,Ask,NYSE Arca,
12:40:58.075 PM ET,3.155,300,947,Mid,Off Exchange,
12:51:04.302 PM ET,3.140,300,942,Ask,Off Exchange,
12:51:04.307 PM ET,3.140,300,942,Ask,NYSE Arca,
12:51:04.307 PM ET,3.140,300,942,Ask,NYSE Arca,Inter Mkt Swp; Trade Thru Exmpt
12:52:07.400 PM ET,3.150,300,945,Bid,Off Exchange,
12:52:11.033 PM ET,3.155,300,947,Mid,Nasdaq GSM,
12:52:11.034 PM ET,3.155,300,947,Mid,NYSE Arca,
12:52:11.035 PM ET,3.150,300,945,Bid,Cboe EDGX,
12:53:10.390 PM ET,3.150,300,945,Bid,Cboe BZX,Inter Mkt Swp; Trade Thru Exmpt
12:53:10.390 PM ET,3.150,300,945,Bid,NYSE Arca,Inter Mkt Swp; Trade Thru Exmpt
12:53:10.391 PM ET,3.150,300,945,Bid,NYSE,
12:53:10.396 PM ET,3.155,300,947,Mid,NYSE,
12:53:10.401 PM ET,3.155,300,947,Mid,NYSE,
12:53:10.407 PM ET,3.155,300,947,Mid,NYSE,
12:53:10.412 PM ET,3.155,300,947,Mid,NYSE,
12:53:10.417 PM ET,3.155,300,947,Mid,NYSE,
12:53:10.422 PM ET,3.155,300,947,Mid,NYSE,
12:53:10.427 PM ET,3.155,300,947,Mid,NYSE,
12:53:32.995 PM ET,3.140,300,942,Bid,Nasdaq GSM,
12:55:33.039 PM ET,3.150,300,945,Ask,IEX,
12:55:38.381 PM ET,3.155,300,947,Ask,IEX,
12:55:38.414 PM ET,3.160,300,948,Ask,Nasdaq GSM,Inter Mkt Swp; Trade Thru Exmpt
12:55:38.414 PM ET,3.160,300,948,Ask,Cboe BZX,Inter Mkt Swp; Trade Thru Exmpt
12:55:38.415 PM ET,3.160,300,948,Ask,NYSE Arca,Inter Mkt Swp; Trade Thru Exmpt
12:55:41.218 PM ET,3.170,300,951,Ask,Nasdaq GSM,
12:55:48.764 PM ET,3.160,300,948,Ask,Nasdaq GSM,
12:55:48.764 PM ET,3.160,300,948,Ask,Cboe BZX,
12:55:48.764 PM ET,3.160,300,948,Ask,Nasdaq GSM,Inter Mkt Swp; Trade Thru Exmpt
12:55:50.536 PM ET,3.160,300,948,Bid,Nasdaq GSM,Inter Mkt Swp; Trade Thru Exmpt
12:56:22.558 PM ET,3.170,300,951,Ask,NYSE Arca,Inter Mkt Swp; Trade Thru Exmpt
12:57:15.759 PM ET,3.170,300,951,Bid,Nasdaq GSM,
12:57:26.730 PM ET,3.160,300,948,Ask,Cboe BZX,
12:57:26.731 PM ET,3.165,300,950,Ask,NYSE Arca,
12:57:34.656 PM ET,3.160,300,948,Ask,Nasdaq GSM,
12:57:39.617 PM ET,3.160,300,948,Bid,Nasdaq GSM,
12:57:39.617 PM ET,3.165,300,950,Mid,Nasdaq GSM,
12:57:39.617 PM ET,3.165,300,950,Mid,Cboe BZX,
12:57:39.618 PM ET,3.160,300,948,Bid,NYSE Arca,
12:57:39.618 PM ET,3.160,300,948,Bid,Nasdaq GSM,
12:58:04.365 PM ET,3.145,300,944,Bid,Off Exchange,
12:58:08.865 PM ET,3.150,300,945,Ask,NYSE National,Inter Mkt Swp; Trade Thru Exmpt
12:58:13.869 PM ET,3.145,300,944,Mid,Cboe EDGX,
12:58:28.359 PM ET,3.140,300,942,Bid,Off Exchange,
12:59:02.919 PM ET,3.145,300,944,Mid,NYSE Arca,
12:59:22.289 PM ET,3.150,300,945,Bid,Off Exchange,
01:00:23.083 PM ET,3.155,300,947,Mid,Off Exchange,
01:01:09.320 PM ET,3.150,300,945,Ask,Cboe BZX,Inter Mkt Swp; Trade Thru Exmpt
01:04:31.955 PM ET,3.155,300,947,Ask,Off Exchange,
01:04:31.958 PM ET,3.150,300,945,Ask,NYSE Arca,Inter Mkt Swp; Trade Thru Exmpt
01:04:50.586 PM ET,3.145,300,944,Mid,NYSE National,
01:05:19.366 PM ET,3.150,300,945,Ask,Nasdaq GSM,Inter Mkt Swp; Trade Thru Exmpt
01:12:49.080 PM ET,3.150,300,945,Ask,NYSE Arca,
01:12:49.534 PM ET,3.150,300,945,Ask,NYSE,Inter Mkt Swp; Trade Thru Exmpt
01:13:35.462 PM ET,3.150,300,945,Bid,Off Exchange,
01:20:15.067 PM ET,3.150,300,945,Ask,Nasdaq GSM,Inter Mkt Swp; Trade Thru Exmpt
01:23:26.801 PM ET,3.149,300,945,Bid,Off Exchange,Avg Price; Deriv Priced; Trade Thru Exmpt
01:26:30.363 PM ET,3.170,300,951,Ask,Nasdaq GSM,
01:26:30.364 PM ET,3.170,300,951,Ask,Off Exchange,
01:27:20.300 PM ET,3.155,300,947,Mid,Off Exchange,
01:28:29.532 PM ET,3.160,300,948,Bid,Nasdaq GSM,Inter Mkt Swp; Trade Thru Exmpt
01:33:41.361 PM ET,3.162,300,949,Ask,Off Exchange,Avg Price; Deriv Priced; Trade Thru Exmpt
01:48:23.376 PM ET,3.150,300,945,Bid,NYSE Arca,Inter Mkt Swp; Trade Thru Exmpt
01:48:23.376 PM ET,3.150,300,945,Bid,NYSE,Inter Mkt Swp; Trade Thru Exmpt
01:49:08.290 PM ET,3.160,300,948,Ask,NYSE,Inter Mkt Swp; Trade Thru Exmpt
01:49:08.290 PM ET,3.160,300,948,Ask,NYSE Arca,Inter Mkt Swp; Trade Thru Exmpt
01:49:08.293 PM ET,3.160,300,948,Ask,Off Exchange,
01:50:52.019 PM ET,3.160,300,948,Bid,Off Exchange,
01:56:35.489 PM ET,3.165,300,950,Mid,Off Exchange,
01:57:44.977 PM ET,3.150,300,945,Bid,NYSE,Inter Mkt Swp; Trade Thru Exmpt
01:57:44.981 PM ET,3.150,300,945,Bid,Off Exchange,
01:58:41.147 PM ET,3.170,300,951,Ask,Cboe BZX,Inter Mkt Swp; Trade Thru Exmpt
01:58:41.148 PM ET,3.170,300,951,Ask,NYSE Arca,Inter Mkt Swp; Trade Thru Exmpt
02:00:56.821 PM ET,3.170,300,951,Bid,NYSE Arca,
02:01:38.914 PM ET,3.170,300,951,Bid,Nasdaq GSM,
02:01:38.938 PM ET,3.170,300,951,Bid,NYSE Arca,Inter Mkt Swp; Trade Thru Exmpt
02:13:05.595 PM ET,3.200,300,960,Bid,IEX,
02:17:27.962 PM ET,3.210,300,963,Bid,Off Exchange,
02:17:40.501 PM ET,3.204,300,961,Ask,Off Exchange,Avg Price; Deriv Priced; Trade Thru Exmpt
02:22:49.339 PM ET,3.170,300,951,Bid,Nasdaq GSM,
02:24:44.611 PM ET,3.180,300,954,Bid,NYSE Arca,
02:24:44.612 PM ET,3.190,300,957,Ask,NYSE Arca,
02:25:23.932 PM ET,3.190,300,957,Ask,Nasdaq GSM,Inter Mkt Swp; Trade Thru Exmpt
02:27:37.601 PM ET,3.185,300,955,Bid,Off Exchange,Avg Price; Deriv Priced; Trade Thru Exmpt
02:31:27.967 PM ET,3.200,300,960,Ask,NYSE Arca,Inter Mkt Swp; Trade Thru Exmpt
02:33:57.036 PM ET,3.195,300,959,Mid,Off Exchange,
02:35:11.446 PM ET,3.200,300,960,Ask,NYSE Arca,Inter Mkt Swp; Trade Thru Exmpt
02:47:06.022 PM ET,3.190,300,957,Bid,NYSE,Inter Mkt Swp; Trade Thru Exmpt
02:47:06.022 PM ET,3.190,300,957,Bid,NYSE Arca,Inter Mkt Swp; Trade Thru Exmpt
03:08:41.637 PM ET,3.190,300,957,Ask,NYSE Arca,
03:22:47.801 PM ET,3.200,300,960,Bid,Nasdaq GSM,
03:24:02.009 PM ET,3.210,300,963,Ask,Nasdaq GSM,
03:34:36.277 PM ET,3.210,300,963,Bid,Nasdaq GSM,Inter Mkt Swp; Trade Thru Exmpt
03:39:05.870 PM ET,3.200,300,960,Bid,TXSE,Inter Mkt Swp; Trade Thru Exmpt
03:39:05.870 PM ET,3.200,300,960,Bid,Cboe BZX,Inter Mkt Swp; Trade Thru Exmpt
03:39:05.870 PM ET,3.200,300,960,Bid,NYSE Arca,Inter Mkt Swp; Trade Thru Exmpt
03:39:05.940 PM ET,3.200,300,960,Ask,Cboe BZX,Inter Mkt Swp; Trade Thru Exmpt
03:39:05.941 PM ET,3.200,300,960,Ask,NYSE Arca,Inter Mkt Swp; Trade Thru Exmpt
03:46:13.607 PM ET,3.202,300,961,Ask,Off Exchange,Avg Price; Deriv Priced; Trade Thru Exmpt
03:46:14.025 PM ET,3.190,300,957,Bid,Nasdaq GSM,
03:52:45.255 PM ET,3.180,300,954,Bid,NYSE Arca,
03:53:22.365 PM ET,3.182,300,955,Mid,Off Exchange,Avg Price; Deriv Priced; Trade Thru Exmpt
03:54:48.540 PM ET,3.190,300,957,Bid,Nasdaq GSM,
03:55:00.045 PM ET,3.200,300,960,Ask,NYSE Arca,Inter Mkt Swp; Trade Thru Exmpt
03:56:25.651 PM ET,3.200,300,960,Bid,NYSE Arca,Inter Mkt Swp; Trade Thru Exmpt
03:57:04.817 PM ET,3.190,300,957,Bid,Off Exchange,
03:58:47.919 PM ET,3.200,300,960,Ask,Nasdaq GSM,
03:59:21.670 PM ET,3.200,300,960,None,Nasdaq GSM,
04:00:00.846 PM ET,3.210,300,963,None,Off Exchange,Frm T Ext Hrs
12:20:55.778 PM ET,3.140,299,939,Ask,NYSE,
12:33:33.120 PM ET,3.125,298,931,Mid,Off Exchange,
03:13:24.854 PM ET,3.191,298,951,Mid,Off Exchange,
01:04:31.953 PM ET,3.160,297,939,Ask,Cboe BZX,
01:20:58.550 PM ET,3.140,297,933,Bid,NYSE Arca,Inter Mkt Swp; Trade Thru Exmpt
09:30:00.490 AM ET,3.265,295,963,Mid,IEX,
02:12:22.481 PM ET,3.195,295,943,Mid,Off Exchange,
03:52:45.255 PM ET,3.185,294,936,Mid,NYSE Arca,
12:26:24.772 PM ET,3.170,292,926,Ask,Off Exchange,
01:28:49.554 PM ET,3.160,292,923,Ask,Cboe BZX,
12:33:09.399 PM ET,3.120,290,905,Ask,NYSE Arca,
03:24:02.009 PM ET,3.210,288,924,Ask,Nasdaq GSM,Inter Mkt Swp; Trade Thru Exmpt
01:18:46.906 PM ET,3.150,286,901,Ask,Nasdaq GSM,
01:28:06.799 PM ET,3.160,285,901,Bid,Cboe EDGX,
01:28:16.540 PM ET,3.160,285,901,Bid,Nasdaq GSM,
11:33:03.427 AM ET,3.220,283,911,Bid,MEMX,Inter Mkt Swp; Trade Thru Exmpt
12:53:40.062 PM ET,3.145,283,890,Mid,Nasdaq GSM,Inter Mkt Swp; Trade Thru Exmpt
01:27:49.794 PM ET,3.160,283,894,Bid,Nasdaq GSM,Inter Mkt Swp; Trade Thru Exmpt
01:28:49.554 PM ET,3.160,283,894,Ask,Cboe EDGX,
03:58:11.394 PM ET,3.190,282,900,Bid,Off Exchange,
03:57:36.579 PM ET,3.193,278,888,Mid,Off Exchange,Avg Price; Deriv Priced; Trade Thru Exmpt
11:17:53.469 AM ET,3.220,273,879,Ask,NYSE American,Inter Mkt Swp; Trade Thru Exmpt
12:17:13.252 PM ET,3.190,273,871,Bid,Nasdaq GSM,Inter Mkt Swp; Trade Thru Exmpt
12:55:48.765 PM ET,3.160,272,860,Ask,Nasdaq PHLX,
01:05:19.367 PM ET,3.150,269,847,Ask,NYSE Arca,Inter Mkt Swp; Trade Thru Exmpt
02:17:27.962 PM ET,3.210,268,860,Bid,Nasdaq GSM,Inter Mkt Swp; Trade Thru Exmpt
02:17:27.962 PM ET,3.210,268,860,Bid,NYSE,
02:19:08.142 PM ET,3.195,268,856,Mid,Off Exchange,
03:39:05.870 PM ET,3.200,268,858,Bid,Cboe EDGX,Inter Mkt Swp; Trade Thru Exmpt
01:04:31.958 PM ET,3.150,266,838,Ask,Nasdaq GSM,Inter Mkt Swp; Trade Thru Exmpt
02:00:56.820 PM ET,3.170,266,843,Bid,Cboe BZX,
02:00:56.821 PM ET,3.170,266,843,Bid,NYSE Arca,
03:34:36.277 PM ET,3.210,262,841,Bid,NYSE Arca,Inter Mkt Swp; Trade Thru Exmpt
12:52:14.443 PM ET,3.150,261,822,Bid,NYSE Arca,
12:55:38.414 PM ET,3.160,261,825,Ask,Nasdaq GSM,Inter Mkt Swp; Trade Thru Exmpt
12:58:04.367 PM ET,3.145,258,811,Bid,Off Exchange,
12:04:01.316 PM ET,3.180,257,817,Ask,NYSE Arca,Inter Mkt Swp; Trade Thru Exmpt
02:23:06.075 PM ET,3.170,257,815,Bid,NYSE Arca,Inter Mkt Swp; Trade Thru Exmpt
03:34:36.277 PM ET,3.210,256,822,Bid,Nasdaq GSM,Inter Mkt Swp; Trade Thru Exmpt
03:34:58.134 PM ET,3.215,256,823,Mid,Off Exchange,
11:12:36.295 AM ET,3.221,255,821,Mid,Off Exchange,
01:07:09.617 PM ET,3.160,255,806,Ask,Cboe EDGX,
03:58:57.554 PM ET,3.195,254,812,Mid,Nasdaq GSM,Inter Mkt Swp; Trade Thru Exmpt
02:49:55.024 PM ET,3.185,253,806,Mid,Off Exchange,
03:34:36.277 PM ET,3.210,253,812,Bid,Cboe BZX,Inter Mkt Swp; Trade Thru Exmpt
11:48:37.803 AM ET,3.220,252,811,Bid,NYSE Arca,Inter Mkt Swp; Trade Thru Exmpt
12:55:33.036 PM ET,3.150,252,794,Ask,NYSE Arca,
12:19:43.068 PM ET,3.155,251,792,Mid,Off Exchange,
11:59:22.760 AM ET,3.180,250,795,Bid,NYSE,
12:55:50.536 PM ET,3.160,250,790,Bid,Nasdaq GSM,Inter Mkt Swp; Trade Thru Exmpt
02:47:06.039 PM ET,3.195,250,799,Mid,Off Exchange,
02:50:55.289 PM ET,3.185,250,796,Mid,NYSE Arca,
02:51:16.951 PM ET,3.175,250,794,Bid,Nasdaq GSM,
03:04:38.276 PM ET,3.175,250,794,Mid,Off Exchange,
03:43:22.526 PM ET,3.205,250,801,Mid,Off Exchange,
03:55:23.415 PM ET,3.205,247,792,Mid,IEX,
03:56:25.654 PM ET,3.195,247,789,Bid,Off Exchange,
03:56:25.661 PM ET,3.195,247,789,Bid,Off Exchange,
03:59:21.670 PM ET,3.200,247,790,None,Cboe BYX,Inter Mkt Swp; Trade Thru Exmpt
03:59:32.677 PM ET,3.195,247,789,None,NYSE,
03:59:56.001 PM ET,3.190,247,788,None,Cboe BYX,
12:33:05.131 PM ET,3.111,245,762,Mid,Off Exchange,
01:26:15.213 PM ET,3.180,242,770,Ask,Nasdaq GSM,Inter Mkt Swp; Trade Thru Exmpt
02:23:06.075 PM ET,3.170,242,767,Bid,NYSE Arca,Inter Mkt Swp; Trade Thru Exmpt
03:01:05.928 PM ET,3.175,242,768,Mid,Nasdaq GSM,
03:59:21.670 PM ET,3.200,240,768,None,Nasdaq GSM,
12:52:07.388 PM ET,3.150,238,750,Bid,Off Exchange,
12:17:12.623 PM ET,3.200,237,758,Ask,IEX,
03:31:42.261 PM ET,3.210,236,758,Ask,Off Exchange,
02:06:18.152 PM ET,3.185,234,745,Mid,Off Exchange,
03:54:48.540 PM ET,3.190,234,746,Bid,Cboe BZX,
12:52:11.094 PM ET,3.150,232,731,Bid,Off Exchange,
03:10:27.554 PM ET,3.186,231,736,Bid,Off Exchange,Avg Price; Deriv Priced; Trade Thru Exmpt
01:43:22.465 PM ET,3.140,230,722,Bid,NYSE,
01:43:22.465 PM ET,3.140,230,722,Bid,NYSE Arca,
03:58:47.919 PM ET,3.200,229,733,Ask,Nasdaq GSM,
12:17:13.252 PM ET,3.190,227,724,Bid,Nasdaq GSM,Inter Mkt Swp; Trade Thru Exmpt
11:59:22.760 AM ET,3.180,226,719,Bid,Cboe BZX,Inter Mkt Swp; Trade Thru Exmpt
03:05:30.475 PM ET,3.175,225,714,Mid,Off Exchange,
03:59:58.329 PM ET,3.195,225,719,None,NYSE Arca,
12:53:24.461 PM ET,3.150,223,702,Ask,IEX,
01:27:43.290 PM ET,3.160,223,705,Bid,Off Exchange,
01:27:43.291 PM ET,3.160,223,705,Mid,Off Exchange,
12:33:09.399 PM ET,3.120,222,693,Ask,Cboe BZX,Inter Mkt Swp; Trade Thru Exmpt
02:08:22.038 PM ET,3.190,222,708,Bid,NYSE Arca,Inter Mkt Swp; Trade Thru Exmpt
12:17:19.827 PM ET,3.190,219,699,None,Nasdaq GSM,Inter Mkt Swp; Trade Thru Exmpt
12:53:53.984 PM ET,3.145,218,686,Mid,Off Exchange,
12:53:53.986 PM ET,3.145,218,686,Mid,Off Exchange,
12:53:40.062 PM ET,3.145,217,682,Mid,Nasdaq GSM,Inter Mkt Swp; Trade Thru Exmpt
02:17:27.965 PM ET,3.210,217,697,Bid,Off Exchange,
12:52:11.033 PM ET,3.150,212,668,Bid,Off Exchange,
01:28:42.199 PM ET,3.160,212,670,Bid,Nasdaq GSM,
10:32:20.292 AM ET,3.230,210,678,Bid,Cboe BZX,Inter Mkt Swp; Trade Thru Exmpt
12:57:39.619 PM ET,3.160,210,664,Bid,Off Exchange,
01:01:09.320 PM ET,3.150,210,662,Ask,NYSE Arca,Inter Mkt Swp; Trade Thru Exmpt
12:33:45.643 PM ET,3.155,209,659,Ask,Off Exchange,Avg Price; Deriv Priced; Trade Thru Exmpt
01:27:03.247 PM ET,3.160,209,660,Bid,Off Exchange,
01:27:03.247 PM ET,3.160,209,660,Mid,Off Exchange,
02:56:58.104 PM ET,3.175,209,664,Mid,IEX,
03:58:47.919 PM ET,3.200,208,666,Ask,Nasdaq GSM,
03:59:21.670 PM ET,3.200,208,666,None,Nasdaq GSM,
12:43:49.261 PM ET,3.138,207,649,Bid,Off Exchange,Avg Price; Deriv Priced; Trade Thru Exmpt
03:43:50.300 PM ET,3.205,206,660,Mid,Off Exchange,
03:55:23.416 PM ET,3.205,206,660,Mid,IEX,
12:57:15.762 PM ET,3.165,202,639,Bid,Off Exchange,
01:50:20.355 PM ET,3.169,202,640,Mid,Off Exchange,
09:34:36.885 AM ET,3.220,201,647,Bid,NYSE Arca,
09:41:09.741 AM ET,3.180,201,639,Bid,IEX,
01:12:48.681 PM ET,3.149,201,633,Mid,Off Exchange,
03:56:25.651 PM ET,3.200,201,643,Bid,Nasdaq GSM,Inter Mkt Swp; Trade Thru Exmpt
09:34:36.885 AM ET,3.220,200,644,Bid,Nasdaq GSM,
09:34:37.360 AM ET,3.220,200,644,Mid,Nasdaq GSM,
09:35:26.001 AM ET,3.210,200,642,Ask,Nasdaq GSM,Inter Mkt Swp; Trade Thru Exmpt
09:36:25.851 AM ET,3.200,200,640,Ask,Nasdaq GSM,Inter Mkt Swp; Trade Thru Exmpt
09:38:02.045 AM ET,3.190,200,638,Bid,Nasdaq GSM,Inter Mkt Swp; Trade Thru Exmpt
09:40:44.542 AM ET,3.170,200,634,Mid,Off Exchange,
09:41:09.740 AM ET,3.180,200,636,Bid,Nasdaq GSM,Inter Mkt Swp; Trade Thru Exmpt
09:41:09.740 AM ET,3.180,200,636,Bid,TXSE,Inter Mkt Swp; Trade Thru Exmpt
09:41:09.740 AM ET,3.180,200,636,Bid,Cboe BZX,Inter Mkt Swp; Trade Thru Exmpt
09:41:09.740 AM ET,3.180,200,636,Bid,NYSE,Inter Mkt Swp; Trade Thru Exmpt
09:41:49.910 AM ET,3.200,200,640,Bid,Nasdaq GSM,Inter Mkt Swp; Trade Thru Exmpt
09:42:39.617 AM ET,3.200,200,640,Mid,Nasdaq GSM,Inter Mkt Swp; Trade Thru Exmpt
09:43:01.114 AM ET,3.190,200,638,Mid,Off Exchange,
09:44:56.727 AM ET,3.190,200,638,Ask,Cboe BZX,
09:44:56.727 AM ET,3.190,200,638,Ask,Cboe EDGX,
09:44:56.728 AM ET,3.190,200,638,Ask,NYSE Arca,
09:44:56.777 AM ET,3.210,200,642,Ask,Nasdaq GSM,
09:48:56.055 AM ET,3.220,200,644,Bid,Nasdaq GSM,Inter Mkt Swp; Trade Thru Exmpt
09:48:56.056 AM ET,3.220,200,644,Bid,Nasdaq GSM,Inter Mkt Swp; Trade Thru Exmpt
09:48:56.056 AM ET,3.220,200,644,Bid,Nasdaq GSM,
09:50:23.562 AM ET,3.240,200,648,Bid,Nasdaq GSM,Inter Mkt Swp; Trade Thru Exmpt
09:50:23.562 AM ET,3.240,200,648,Bid,Cboe EDGX,Inter Mkt Swp; Trade Thru Exmpt
09:50:23.562 AM ET,3.240,200,648,Bid,NYSE Arca,Inter Mkt Swp; Trade Thru Exmpt
09:52:03.496 AM ET,3.250,200,650,Bid,NYSE Arca,
09:54:42.938 AM ET,3.240,200,648,Bid,IEX,
09:56:01.661 AM ET,3.240,200,648,Bid,Off Exchange,
09:57:35.501 AM ET,3.240,200,648,Bid,Off Exchange,
10:00:58.401 AM ET,3.220,200,644,Bid,Off Exchange,
10:05:10.164 AM ET,3.200,200,640,Bid,Off Exchange,
10:06:08.661 AM ET,3.210,200,642,Ask,NYSE,Inter Mkt Swp; Trade Thru Exmpt
10:11:43.416 AM ET,3.230,200,646,Ask,Nasdaq GSM,
10:11:45.271 AM ET,3.230,200,646,Bid,Nasdaq BX,Inter Mkt Swp; Trade Thru Exmpt
10:14:51.961 AM ET,3.220,200,644,Bid,Nasdaq GSM,
10:14:51.962 AM ET,3.220,200,644,Bid,Cboe BZX,
10:14:51.962 AM ET,3.220,200,644,Bid,NYSE Arca,
10:16:23.637 AM ET,3.220,200,644,Ask,Nasdaq GSM,Inter Mkt Swp; Trade Thru Exmpt
10:21:04.765 AM ET,3.200,200,640,Ask,NYSE Arca,Inter Mkt Swp; Trade Thru Exmpt
10:21:33.391 AM ET,3.200,200,640,Bid,Nasdaq GSM,Inter Mkt Swp; Trade Thru Exmpt
10:24:04.985 AM ET,3.220,200,644,Bid,Nasdaq GSM,Inter Mkt Swp; Trade Thru Exmpt
10:27:01.399 AM ET,3.230,200,646,Bid,Cboe BYX,
10:32:20.292 AM ET,3.230,200,646,Bid,Nasdaq GSM,Inter Mkt Swp; Trade Thru Exmpt
10:32:20.292 AM ET,3.230,200,646,Bid,Cboe BZX,Inter Mkt Swp; Trade Thru Exmpt
10:36:53.076 AM ET,3.230,200,646,Bid,Nasdaq GSM,Inter Mkt Swp; Trade Thru Exmpt
10:48:15.279 AM ET,3.220,200,644,Ask,NYSE,Inter Mkt Swp; Trade Thru Exmpt
10:55:56.569 AM ET,3.220,200,644,Bid,Cboe BZX,
11:06:35.160 AM ET,3.210,200,642,Bid,Nasdaq GSM,
11:10:08.386 AM ET,3.210,200,642,Ask,Cboe EDGX,
11:11:54.096 AM ET,3.220,200,644,Ask,Nasdaq GSM,
11:31:32.538 AM ET,3.210,200,642,Ask,Nasdaq GSM,Inter Mkt Swp; Trade Thru Exmpt
11:31:32.539 AM ET,3.210,200,642,Ask,NYSE Arca,Inter Mkt Swp; Trade Thru Exmpt
11:31:32.569 AM ET,3.220,200,644,Ask,Nasdaq GSM,Inter Mkt Swp; Trade Thru Exmpt
11:31:32.576 AM ET,3.220,200,644,Ask,Cboe BZX,Inter Mkt Swp; Trade Thru Exmpt
11:33:03.427 AM ET,3.220,200,644,Bid,NYSE Arca,Inter Mkt Swp; Trade Thru Exmpt
11:34:51.818 AM ET,3.220,200,644,Bid,Nasdaq GSM,
11:34:51.818 AM ET,3.220,200,644,Bid,NYSE Arca,
11:39:58.118 AM ET,3.220,200,644,Ask,NYSE Arca,Inter Mkt Swp; Trade Thru Exmpt
11:43:04.495 AM ET,3.230,200,646,Ask,Nasdaq BX,Inter Mkt Swp; Trade Thru Exmpt
11:43:04.505 AM ET,3.230,200,646,Ask,NYSE,Inter Mkt Swp; Trade Thru Exmpt
11:43:04.505 AM ET,3.230,200,646,Ask,NYSE Arca,Inter Mkt Swp; Trade Thru Exmpt
11:48:12.406 AM ET,3.220,200,644,Bid,Off Exchange,
11:48:37.775 AM ET,3.220,200,644,Bid,Nasdaq GSM,Inter Mkt Swp; Trade Thru Exmpt
11:56:13.890 AM ET,3.220,200,644,Ask,Nasdaq GSM,Inter Mkt Swp; Trade Thru Exmpt
11:56:42.639 AM ET,3.215,200,643,Mid,Off Exchange,
11:58:44.548 AM ET,3.190,200,638,Bid,Nasdaq GSM,Inter Mkt Swp; Trade Thru Exmpt
11:58:44.549 AM ET,3.190,200,638,Bid,NYSE Arca,Inter Mkt Swp; Trade Thru Exmpt
11:59:22.760 AM ET,3.180,200,636,Bid,NYSE Arca,Inter Mkt Swp; Trade Thru Exmpt
11:59:22.760 AM ET,3.180,200,636,Bid,Nasdaq GSM,Inter Mkt Swp; Trade Thru Exmpt
11:59:50.643 AM ET,3.180,200,636,Bid,Nasdaq GSM,
12:02:22.901 PM ET,3.170,200,634,Bid,Nasdaq GSM,Inter Mkt Swp; Trade Thru Exmpt
12:04:01.316 PM ET,3.180,200,636,Ask,Nasdaq GSM,Inter Mkt Swp; Trade Thru Exmpt
12:04:01.316 PM ET,3.180,200,636,Ask,Cboe BZX,Inter Mkt Swp; Trade Thru Exmpt
12:17:11.594 PM ET,3.195,200,639,Mid,Off Exchange,
12:17:12.623 PM ET,3.200,200,640,Ask,IEX,
12:17:13.252 PM ET,3.190,200,638,Bid,Cboe BZX,Inter Mkt Swp; Trade Thru Exmpt
12:17:13.384 PM ET,3.180,200,636,Bid,Nasdaq GSM,Inter Mkt Swp; Trade Thru Exmpt
12:17:13.505 PM ET,3.180,200,636,Bid,Off Exchange,
12:17:13.509 PM ET,3.180,200,636,Bid,Off Exchange,
12:17:13.510 PM ET,3.180,200,636,Bid,Off Exchange,
12:17:18.793 PM ET,3.190,200,638,None,Nasdaq GSM,Inter Mkt Swp; Trade Thru Exmpt
12:17:51.260 PM ET,3.190,200,638,None,MEMX,
12:20:37.548 PM ET,3.150,200,630,Bid,Cboe EDGX,
12:20:55.761 PM ET,3.140,200,628,Ask,IEX,
12:21:15.281 PM ET,3.135,200,627,Mid,NYSE Arca,
12:22:21.140 PM ET,3.140,200,628,Bid,Off Exchange,
12:22:31.890 PM ET,3.140,200,628,Bid,Nasdaq GSM,Inter Mkt Swp; Trade Thru Exmpt
12:23:39.561 PM ET,3.182,200,636,Ask,Off Exchange,Avg Price; Deriv Priced; Trade Thru Exmpt
12:25:42.364 PM ET,3.140,200,628,Ask,Nasdaq GSM,Inter Mkt Swp; Trade Thru Exmpt
12:25:42.365 PM ET,3.140,200,628,Ask,NYSE Arca,Inter Mkt Swp; Trade Thru Exmpt
12:26:24.759 PM ET,3.160,200,632,Ask,Nasdaq GSM,Inter Mkt Swp; Trade Thru Exmpt
12:26:24.812 PM ET,3.170,200,634,Ask,Nasdaq GSM,Inter Mkt Swp; Trade Thru Exmpt
12:26:24.813 PM ET,3.180,200,636,Ask,Nasdaq GSM,Inter Mkt Swp; Trade Thru Exmpt
12:26:24.813 PM ET,3.170,200,634,Ask,NYSE Arca,Inter Mkt Swp; Trade Thru Exmpt
12:27:39.600 PM ET,3.150,200,630,Bid,Nasdaq GSM,
12:30:58.392 PM ET,3.140,200,628,Bid,IEX,
12:30:59.945 PM ET,3.130,200,626,Bid,Cboe BZX,Inter Mkt Swp; Trade Thru Exmpt
12:32:18.614 PM ET,3.120,200,624,Bid,Nasdaq GSM,Inter Mkt Swp; Trade Thru Exmpt
12:32:41.810 PM ET,3.120,200,624,Bid,Nasdaq GSM,Inter Mkt Swp; Trade Thru Exmpt
12:32:49.035 PM ET,3.120,200,624,Bid,IEX,
12:32:55.608 PM ET,3.120,200,624,Ask,Cboe EDGX,Inter Mkt Swp; Trade Thru Exmpt
12:39:17.301 PM ET,3.130,200,626,Ask,Nasdaq GSM,Inter Mkt Swp; Trade Thru Exmpt
12:39:17.301 PM ET,3.130,200,626,Ask,Cboe BZX,Inter Mkt Swp; Trade Thru Exmpt
12:41:19.958 PM ET,3.150,200,630,Bid,Nasdaq GSM,Inter Mkt Swp; Trade Thru Exmpt
12:42:16.287 PM ET,3.150,200,630,Bid,NYSE Arca,
12:50:07.822 PM ET,3.140,200,628,Ask,Cboe BZX,
12:51:39.632 PM ET,3.150,200,630,Bid,IEX,
12:52:11.033 PM ET,3.150,200,630,Bid,Off Exchange,
12:52:11.034 PM ET,3.150,200,630,Bid,Off Exchange,
12:52:11.034 PM ET,3.150,200,630,Bid,NYSE,
12:52:11.041 PM ET,3.150,200,630,Bid,Off Exchange,
12:52:14.443 PM ET,3.150,200,630,Bid,NYSE Arca,
12:52:14.443 PM ET,3.150,200,630,Bid,Nasdaq GSM,
12:53:10.390 PM ET,3.150,200,630,Bid,Nasdaq GSM,Inter Mkt Swp; Trade Thru Exmpt
12:53:17.190 PM ET,3.150,200,630,Ask,Cboe BZX,
12:53:17.191 PM ET,3.150,200,630,Ask,Off Exchange,
12:53:24.460 PM ET,3.150,200,630,Ask,Nasdaq GSM,Inter Mkt Swp; Trade Thru Exmpt
12:53:24.460 PM ET,3.150,200,630,Ask,Cboe BZX,Inter Mkt Swp; Trade Thru Exmpt
12:53:24.462 PM ET,3.150,200,630,Ask,Off Exchange,
12:53:32.995 PM ET,3.140,200,628,Bid,Nasdaq GSM,
12:53:32.996 PM ET,3.140,200,628,Bid,NYSE Arca,
12:53:40.062 PM ET,3.145,200,629,Mid,NYSE,Inter Mkt Swp; Trade Thru Exmpt
12:53:57.481 PM ET,3.150,200,630,Mid,Off Exchange,Avg Price; Deriv Priced; Trade Thru Exmpt
12:55:38.381 PM ET,3.160,200,632,Ask,NYSE Arca,Inter Mkt Swp; Trade Thru Exmpt
12:55:38.450 PM ET,3.170,200,634,Ask,NYSE Arca,Inter Mkt Swp; Trade Thru Exmpt
12:55:38.451 PM ET,3.170,200,634,Ask,NYSE Arca,Inter Mkt Swp; Trade Thru Exmpt
12:55:45.630 PM ET,3.165,200,633,Mid,NYSE Arca,
12:55:48.766 PM ET,3.160,200,632,Ask,NYSE Arca,
12:56:22.557 PM ET,3.170,200,634,Ask,Nasdaq GSM,Inter Mkt Swp; Trade Thru Exmpt
12:56:37.788 PM ET,3.175,200,635,Mid,Nasdaq GSM,
12:56:50.671 PM ET,3.175,200,635,Mid,IEX,
12:57:15.759 PM ET,3.170,200,634,Bid,Cboe BZX,
12:57:15.761 PM ET,3.165,200,633,Bid,NYSE Arca,
12:57:26.731 PM ET,3.165,200,633,Ask,NYSE,
12:57:26.731 PM ET,3.160,200,632,Ask,NYSE Arca,
12:57:26.732 PM ET,3.160,200,632,Ask,Nasdaq GSM,
12:57:26.732 PM ET,3.160,200,632,Ask,Off Exchange,
12:57:26.740 PM ET,3.160,200,632,Ask,Off Exchange,
12:57:39.617 PM ET,3.160,200,632,Bid,Cboe BZX,
12:57:53.879 PM ET,3.150,200,630,Bid,Off Exchange,
12:58:04.363 PM ET,3.150,200,630,Bid,Nasdaq GSM,
12:58:04.363 PM ET,3.150,200,630,Bid,Nasdaq GSM,Inter Mkt Swp; Trade Thru Exmpt
12:58:59.603 PM ET,3.150,200,630,Ask,NYSE National,Inter Mkt Swp; Trade Thru Exmpt
12:59:19.912 PM ET,3.150,200,630,Bid,Nasdaq GSM,
01:00:00.940 PM ET,3.150,200,630,Bid,Off Exchange,
01:00:45.500 PM ET,3.150,200,630,Ask,Nasdaq GSM,Inter Mkt Swp; Trade Thru Exmpt
01:00:45.501 PM ET,3.150,200,630,Ask,Cboe EDGX,
01:01:02.167 PM ET,3.145,200,629,Mid,NYSE Arca,
01:01:09.320 PM ET,3.150,200,630,Ask,NYSE Arca,Inter Mkt Swp; Trade Thru Exmpt
01:01:12.818 PM ET,3.150,200,630,Bid,Off Exchange,
01:01:56.095 PM ET,3.155,200,631,Mid,NYSE Arca,
01:02:11.399 PM ET,3.160,200,632,Bid,NYSE Arca,
01:04:31.958 PM ET,3.150,200,630,Ask,NYSE Arca,Inter Mkt Swp; Trade Thru Exmpt
01:05:19.366 PM ET,3.150,200,630,Ask,NYSE,
01:05:19.366 PM ET,3.150,200,630,Ask,Cboe BZX,Inter Mkt Swp; Trade Thru Exmpt
01:05:19.367 PM ET,3.150,200,630,Ask,NYSE Arca,Inter Mkt Swp; Trade Thru Exmpt
01:05:19.367 PM ET,3.150,200,630,Ask,NYSE,Inter Mkt Swp; Trade Thru Exmpt
01:06:19.917 PM ET,3.150,200,630,Ask,IEX,
01:07:33.667 PM ET,3.162,200,632,Mid,Off Exchange,
01:08:09.291 PM ET,3.160,200,632,Ask,Nasdaq GSM,Inter Mkt Swp; Trade Thru Exmpt
01:08:09.292 PM ET,3.160,200,632,Ask,NYSE Arca,Inter Mkt Swp; Trade Thru Exmpt
01:09:28.260 PM ET,3.150,200,630,Bid,IEX,
01:12:49.080 PM ET,3.150,200,630,Ask,IEX,
01:12:49.534 PM ET,3.150,200,630,Ask,NYSE Arca,Inter Mkt Swp; Trade Thru Exmpt
01:12:49.534 PM ET,3.150,200,630,Ask,IEX,
01:12:54.984 PM ET,3.150,200,630,Ask,NYSE Arca,Inter Mkt Swp; Trade Thru Exmpt
01:14:59.318 PM ET,3.150,200,630,Ask,Nasdaq GSM,Inter Mkt Swp; Trade Thru Exmpt
01:15:00.874 PM ET,3.150,200,630,Bid,Off Exchange,
01:15:15.373 PM ET,3.150,200,630,Bid,Off Exchange,
01:16:08.933 PM ET,3.150,200,630,Bid,Nasdaq GSM,
01:20:58.550 PM ET,3.140,200,628,Bid,Nasdaq GSM,Inter Mkt Swp; Trade Thru Exmpt
01:21:29.331 PM ET,3.140,200,628,Bid,NYSE Arca,Inter Mkt Swp; Trade Thru Exmpt
01:26:15.213 PM ET,3.180,200,636,Ask,Nasdaq GSM,Inter Mkt Swp; Trade Thru Exmpt
01:27:03.234 PM ET,3.160,200,632,Bid,Cboe BZX,
01:27:03.235 PM ET,3.160,200,632,Mid,Off Exchange,
01:27:03.235 PM ET,3.160,200,632,Bid,NYSE American,
01:27:09.227 PM ET,3.160,200,632,Bid,IEX,
01:27:09.230 PM ET,3.160,200,632,Mid,Off Exchange,
01:27:20.289 PM ET,3.160,200,632,Ask,NYSE Arca,
01:27:20.291 PM ET,3.160,200,632,Ask,Off Exchange,
01:27:36.164 PM ET,3.160,200,632,Bid,IEX,
01:27:57.271 PM ET,3.160,200,632,Bid,IEX,
01:28:42.199 PM ET,3.160,200,632,Bid,Nasdaq GSM,Inter Mkt Swp; Trade Thru Exmpt
01:28:47.633 PM ET,3.160,200,632,Bid,IEX,
01:29:57.324 PM ET,3.150,200,630,Bid,Nasdaq GSM,Inter Mkt Swp; Trade Thru Exmpt
01:30:06.618 PM ET,3.150,200,630,Bid,IEX,
01:30:39.274 PM ET,3.150,200,630,Ask,NYSE Arca,
01:34:18.144 PM ET,3.150,200,630,Ask,Nasdaq GSM,Inter Mkt Swp; Trade Thru Exmpt
01:36:20.842 PM ET,3.140,200,628,Bid,Nasdaq GSM,Inter Mkt Swp; Trade Thru Exmpt
01:40:23.541 PM ET,3.130,200,626,Ask,Nasdaq GSM,
01:40:23.542 PM ET,3.130,200,626,Ask,IEX,
01:40:23.550 PM ET,3.132,200,627,Ask,Off Exchange,
01:41:10.499 PM ET,3.130,200,626,Ask,Nasdaq GSM,Inter Mkt Swp; Trade Thru Exmpt
01:48:23.375 PM ET,3.150,200,630,Bid,Nasdaq GSM,Inter Mkt Swp; Trade Thru Exmpt
01:49:08.290 PM ET,3.160,200,632,Ask,Nasdaq GSM,Inter Mkt Swp; Trade Thru Exmpt
01:49:08.290 PM ET,3.160,200,632,Ask,NYSE Arca,Inter Mkt Swp; Trade Thru Exmpt
01:49:45.615 PM ET,3.165,200,633,Mid,Off Exchange,
01:50:52.024 PM ET,3.160,200,632,Bid,Cboe BYX,Inter Mkt Swp; Trade Thru Exmpt
01:50:52.039 PM ET,3.160,200,632,Bid,IEX,
01:51:36.390 PM ET,3.150,200,630,Bid,Nasdaq GSM,
01:55:35.281 PM ET,3.154,200,631,Bid,Off Exchange,Avg Price; Deriv Priced; Trade Thru Exmpt
01:57:39.447 PM ET,3.160,200,632,Bid,Nasdaq GSM,
01:57:39.447 PM ET,3.160,200,632,Bid,Cboe BZX,
01:57:39.447 PM ET,3.160,200,632,Bid,NYSE,
01:57:44.947 PM ET,3.150,200,630,Bid,Nasdaq GSM,
01:57:44.947 PM ET,3.150,200,630,Bid,NYSE,
01:57:44.977 PM ET,3.150,200,630,Bid,NYSE,Inter Mkt Swp; Trade Thru Exmpt
01:57:44.977 PM ET,3.150,200,630,Bid,Nasdaq GSM,Inter Mkt Swp; Trade Thru Exmpt
01:57:45.022 PM ET,3.160,200,632,Bid,NYSE Arca,Inter Mkt Swp; Trade Thru Exmpt
01:57:45.022 PM ET,3.160,200,632,Bid,NYSE,Inter Mkt Swp; Trade Thru Exmpt
01:58:06.965 PM ET,3.160,200,632,Bid,NYSE,
01:58:06.965 PM ET,3.160,200,632,Bid,Nasdaq GSM,
01:58:41.147 PM ET,3.170,200,634,Ask,Nasdaq GSM,Inter Mkt Swp; Trade Thru Exmpt
01:58:41.147 PM ET,3.170,200,634,Ask,Cboe BZX,Inter Mkt Swp; Trade Thru Exmpt
01:58:41.148 PM ET,3.170,200,634,Ask,TXSE,Inter Mkt Swp; Trade Thru Exmpt
01:58:41.148 PM ET,3.170,200,634,Ask,NYSE,Inter Mkt Swp; Trade Thru Exmpt
02:00:56.820 PM ET,3.170,200,634,Bid,Nasdaq GSM,
02:01:35.425 PM ET,3.170,200,634,Ask,NYSE Arca,
02:01:35.425 PM ET,3.170,200,634,Ask,IEX,
02:01:38.937 PM ET,3.170,200,634,Bid,Nasdaq GSM,Inter Mkt Swp; Trade Thru Exmpt
02:01:38.937 PM ET,3.170,200,634,Bid,Cboe BZX,Inter Mkt Swp; Trade Thru Exmpt
02:01:57.855 PM ET,3.180,200,636,Bid,Cboe BZX,Inter Mkt Swp; Trade Thru Exmpt
02:01:57.855 PM ET,3.180,200,636,Bid,Cboe BZX,
02:07:27.173 PM ET,3.184,200,637,Mid,Off Exchange,Avg Price; Deriv Priced; Trade Thru Exmpt
02:08:22.038 PM ET,3.190,200,638,Bid,NYSE Arca,Inter Mkt Swp; Trade Thru Exmpt
02:08:48.989 PM ET,3.200,200,640,Mid,Off Exchange,
02:08:57.927 PM ET,3.195,200,639,Mid,Off Exchange,
02:12:39.811 PM ET,3.195,200,639,Mid,Off Exchange,
02:14:13.061 PM ET,3.210,200,642,Bid,Nasdaq GSM,
02:17:27.962 PM ET,3.210,200,642,Bid,NYSE Arca,
02:19:10.900 PM ET,3.190,200,638,Bid,Off Exchange,
02:19:10.922 PM ET,3.190,200,638,Bid,Nasdaq GSM,Inter Mkt Swp; Trade Thru Exmpt
02:19:10.923 PM ET,3.190,200,638,Bid,NYSE Arca,Inter Mkt Swp; Trade Thru Exmpt
02:19:33.874 PM ET,3.180,200,636,Bid,Nasdaq GSM,
02:19:53.084 PM ET,3.185,200,637,Mid,Off Exchange,
02:22:49.339 PM ET,3.170,200,634,Bid,IEX,
02:23:06.075 PM ET,3.170,200,634,Bid,Cboe EDGX,
02:24:44.611 PM ET,3.180,200,636,Bid,Nasdaq GSM,
02:24:44.612 PM ET,3.180,200,636,Bid,Cboe BZX,
02:24:44.612 PM ET,3.190,200,638,Ask,IEX,
02:31:27.963 PM ET,3.200,200,640,Ask,NYSE Arca,
02:33:26.078 PM ET,3.190,200,638,Bid,Cboe BYX,Inter Mkt Swp; Trade Thru Exmpt
02:35:11.445 PM ET,3.200,200,640,Ask,Nasdaq GSM,Inter Mkt Swp; Trade Thru Exmpt
02:35:11.445 PM ET,3.200,200,640,Ask,Cboe EDGX,Inter Mkt Swp; Trade Thru Exmpt
02:47:06.021 PM ET,3.190,200,638,Bid,Nasdaq GSM,Inter Mkt Swp; Trade Thru Exmpt
02:47:08.894 PM ET,3.190,200,638,Bid,Cboe BYX,Inter Mkt Swp; Trade Thru Exmpt
02:49:46.084 PM ET,3.190,200,638,Bid,Nasdaq GSM,Inter Mkt Swp; Trade Thru Exmpt
02:49:46.084 PM ET,3.190,200,638,Bid,IEX,
02:49:46.085 PM ET,3.190,200,638,Bid,Nasdaq GSM,Inter Mkt Swp; Trade Thru Exmpt
02:53:00.409 PM ET,3.170,200,634,Bid,Off Exchange,
02:57:14.383 PM ET,3.170,200,634,Bid,Off Exchange,
03:03:01.287 PM ET,3.175,200,635,Mid,Off Exchange,
03:03:10.722 PM ET,3.175,200,635,Mid,Cboe BZX,
03:08:47.555 PM ET,3.190,200,638,Bid,Nasdaq GSM,
03:10:03.622 PM ET,3.190,200,638,Ask,Nasdaq GSM,Inter Mkt Swp; Trade Thru Exmpt
03:13:46.015 PM ET,3.195,200,639,Mid,Cboe EDGX,
03:14:55.856 PM ET,3.195,200,639,Mid,NYSE Arca,
03:20:39.001 PM ET,3.193,200,639,Mid,Off Exchange,Avg Price; Deriv Priced; Trade Thru Exmpt
03:21:12.162 PM ET,3.190,200,638,Bid,Cboe BYX,Inter Mkt Swp; Trade Thru Exmpt
03:22:47.801 PM ET,3.200,200,640,Bid,Nasdaq GSM,
03:22:47.802 PM ET,3.200,200,640,Bid,Cboe BZX,
03:29:01.877 PM ET,3.215,200,643,Mid,Off Exchange,
03:29:01.878 PM ET,3.215,200,643,Mid,Off Exchange,
03:29:05.130 PM ET,3.215,200,643,Mid,Nasdaq GSM,
03:29:39.434 PM ET,3.215,200,643,Mid,Off Exchange,
03:29:39.623 PM ET,3.215,200,643,Mid,Off Exchange,
03:29:42.253 PM ET,3.215,200,643,Mid,Off Exchange,
03:29:42.265 PM ET,3.215,200,643,Mid,Off Exchange,
03:30:36.184 PM ET,3.215,200,643,Mid,Off Exchange,
03:30:48.915 PM ET,3.210,200,642,Bid,Nasdaq BX,Inter Mkt Swp; Trade Thru Exmpt
03:31:42.260 PM ET,3.210,200,642,Ask,Nasdaq GSM,Inter Mkt Swp; Trade Thru Exmpt
03:31:42.286 PM ET,3.205,200,641,Mid,Off Exchange,
03:31:42.291 PM ET,3.205,200,641,Mid,Off Exchange,
03:31:42.295 PM ET,3.205,200,641,Mid,Off Exchange,
03:33:44.462 PM ET,3.208,200,642,Mid,Off Exchange,
03:33:44.462 PM ET,3.210,200,642,Ask,Off Exchange,
03:33:44.469 PM ET,3.210,200,642,Ask,Off Exchange,
03:33:56.169 PM ET,3.205,200,641,Mid,Nasdaq GSM,
03:34:28.455 PM ET,3.205,200,641,Mid,IEX,
03:34:28.473 PM ET,3.205,200,641,Mid,IEX,
03:34:36.277 PM ET,3.210,200,642,Bid,Nasdaq GSM,Inter Mkt Swp; Trade Thru Exmpt
03:34:36.277 PM ET,3.210,200,642,Bid,NYSE Arca,Inter Mkt Swp; Trade Thru Exmpt
03:34:37.052 PM ET,3.215,200,643,Mid,Off Exchange,
03:34:37.055 PM ET,3.215,200,643,Mid,Off Exchange,
03:34:50.690 PM ET,3.210,200,642,Bid,NYSE,Inter Mkt Swp; Trade Thru Exmpt
03:35:11.498 PM ET,3.215,200,643,Mid,Off Exchange,
03:36:20.872 PM ET,3.210,200,642,Ask,Off Exchange,Avg Price; Deriv Priced; Trade Thru Exmpt
03:37:57.109 PM ET,3.205,200,641,Mid,Nasdaq GSM,
03:39:05.919 PM ET,3.195,200,639,Mid,Off Exchange,
03:39:05.923 PM ET,3.195,200,639,Mid,Off Exchange,
03:39:05.972 PM ET,3.205,200,641,Mid,Nasdaq GSM,
03:39:05.984 PM ET,3.205,200,641,Mid,Off Exchange,
03:40:03.661 PM ET,3.200,200,640,Bid,Off Exchange,
03:40:36.359 PM ET,3.200,200,640,Bid,Off Exchange,
03:41:30.157 PM ET,3.205,200,641,Mid,Nasdaq GSM,
03:41:34.446 PM ET,3.205,200,641,Mid,Cboe BZX,
03:43:23.051 PM ET,3.205,200,641,Mid,Off Exchange,
03:44:37.393 PM ET,3.195,200,639,Mid,Off Exchange,
03:46:55.619 PM ET,3.190,200,638,Ask,NYSE Arca,Inter Mkt Swp; Trade Thru Exmpt
03:50:02.659 PM ET,3.190,200,638,Ask,Nasdaq BX,Inter Mkt Swp; Trade Thru Exmpt
03:51:07.914 PM ET,3.185,200,637,Mid,NYSE Arca,
03:51:46.424 PM ET,3.193,200,639,Ask,Off Exchange,Avg Price; Deriv Priced; Trade Thru Exmpt
03:52:45.255 PM ET,3.180,200,636,Bid,IEX,
03:52:45.777 PM ET,3.185,200,637,Mid,Off Exchange,
03:52:47.624 PM ET,3.185,200,637,Mid,Off Exchange,
03:52:47.626 PM ET,3.185,200,637,Mid,Off Exchange,
03:54:30.229 PM ET,3.180,200,636,Bid,Off Exchange,
03:54:43.689 PM ET,3.185,200,637,Mid,Cboe EDGX,
03:54:48.540 PM ET,3.190,200,638,Bid,IEX,
03:54:48.540 PM ET,3.190,200,638,Bid,Cboe EDGX,
03:55:00.043 PM ET,3.200,200,640,Ask,Nasdaq GSM,Inter Mkt Swp; Trade Thru Exmpt
03:55:00.260 PM ET,3.215,200,643,Mid,Off Exchange,
03:55:00.815 PM ET,3.215,200,643,Mid,Off Exchange,
03:55:01.027 PM ET,3.210,200,642,Bid,Nasdaq GSM,
03:55:23.165 PM ET,3.205,200,641,Mid,Off Exchange,
03:55:23.181 PM ET,3.205,200,641,Mid,Off Exchange,
03:56:25.651 PM ET,3.200,200,640,Bid,Nasdaq BX,Inter Mkt Swp; Trade Thru Exmpt
03:56:25.651 PM ET,3.200,200,640,Bid,Nasdaq GSM,Inter Mkt Swp; Trade Thru Exmpt
03:56:25.651 PM ET,3.200,200,640,Bid,Cboe EDGX,Inter Mkt Swp; Trade Thru Exmpt
03:56:25.651 PM ET,3.200,200,640,Bid,Cboe BYX,Inter Mkt Swp; Trade Thru Exmpt
03:56:25.652 PM ET,3.195,200,639,Bid,NYSE National,
03:56:25.653 PM ET,3.195,200,639,Bid,Off Exchange,
03:56:25.653 PM ET,3.195,200,639,Bid,IEX,
03:56:25.661 PM ET,3.195,200,639,Bid,Off Exchange,
03:56:25.661 PM ET,3.195,200,639,Bid,IEX,
03:56:25.662 PM ET,3.195,200,639,Bid,Cboe BYX,
03:56:25.670 PM ET,3.195,200,639,Mid,NYSE National,
03:56:38.809 PM ET,3.195,200,639,Mid,NYSE Arca,
03:56:53.415 PM ET,3.195,200,639,Mid,Off Exchange,
03:57:20.259 PM ET,3.190,200,638,Bid,Off Exchange,
03:57:46.564 PM ET,3.195,200,639,Mid,Off Exchange,
03:58:04.966 PM ET,3.195,200,639,Mid,Off Exchange,
03:58:12.554 PM ET,3.190,200,638,Bid,Nasdaq GSM,
03:58:25.715 PM ET,3.195,200,639,Mid,IEX,
03:58:42.659 PM ET,3.190,200,638,Bid,Cboe BZX,Inter Mkt Swp; Trade Thru Exmpt
03:58:46.996 PM ET,3.195,200,639,Mid,IEX,
03:58:46.996 PM ET,3.195,200,639,Mid,Off Exchange,
03:58:46.997 PM ET,3.195,200,639,Mid,Off Exchange,
03:58:46.998 PM ET,3.195,200,639,Mid,Off Exchange,
03:58:47.018 PM ET,3.195,200,639,Mid,Off Exchange,
03:58:57.554 PM ET,3.195,200,639,Mid,Nasdaq GSM,Inter Mkt Swp; Trade Thru Exmpt
03:58:57.554 PM ET,3.200,200,640,Ask,Nasdaq GSM,Inter Mkt Swp; Trade Thru Exmpt
03:59:01.857 PM ET,3.195,200,639,Mid,NYSE,
03:59:21.244 PM ET,3.200,200,640,None,Off Exchange,
03:59:21.246 PM ET,3.200,200,640,None,Off Exchange,
03:59:21.670 PM ET,3.195,200,639,None,Nasdaq GSM,
03:59:21.670 PM ET,3.200,200,640,None,Off Exchange,
03:59:21.671 PM ET,3.195,200,639,None,NYSE,
03:59:21.671 PM ET,3.200,200,640,None,Off Exchange,
03:59:21.683 PM ET,3.200,200,640,None,Off Exchange,
03:59:21.684 PM ET,3.200,200,640,None,Off Exchange,
03:59:32.677 PM ET,3.195,200,639,None,NYSE,
03:59:34.134 PM ET,3.195,200,639,None,NYSE,
03:59:40.487 PM ET,3.195,200,639,None,Off Exchange,
03:59:40.701 PM ET,3.200,200,640,None,Nasdaq GSM,
03:59:49.144 PM ET,3.195,200,639,None,NYSE,
03:59:50.073 PM ET,3.195,200,639,None,Cboe BZX,
03:59:50.075 PM ET,3.195,200,639,None,Nasdaq GSM,
03:59:51.901 PM ET,3.195,200,639,None,Cboe BZX,
03:59:53.041 PM ET,3.195,200,639,None,NYSE,
03:59:54.954 PM ET,3.190,200,638,None,Cboe BZX,
03:59:55.930 PM ET,3.195,200,639,None,Cboe EDGX,
03:59:59.149 PM ET,3.195,200,639,None,Cboe BZX,
04:00:01.476 PM ET,3.210,200,642,None,NYSE Arca,Frm T Ext Hrs; Inter Mkt Swp; Trade Thru Exmpt
09:34:01.356 AM ET,3.220,199,641,Ask,Nasdaq GSM,Inter Mkt Swp; Trade Thru Exmpt
10:19:04.517 AM ET,3.200,199,637,Bid,Cboe BYX,Inter Mkt Swp; Trade Thru Exmpt
12:27:49.592 PM ET,3.150,199,627,Ask,Nasdaq GSM,Inter Mkt Swp; Trade Thru Exmpt
11:42:02.119 AM ET,3.235,198,641,Mid,Off Exchange,
11:43:12.696 AM ET,3.225,198,639,Mid,MEMX,
11:47:39.606 AM ET,3.225,198,639,Mid,IEX,
11:56:13.891 AM ET,3.220,198,638,Ask,Cboe BZX,Inter Mkt Swp; Trade Thru Exmpt
11:59:49.496 AM ET,3.185,198,631,Mid,Off Exchange,
12:17:22.538 PM ET,3.185,198,631,None,IEX,
12:17:22.539 PM ET,3.185,198,631,None,IEX,
12:17:22.540 PM ET,3.185,198,631,None,IEX,
12:17:22.549 PM ET,3.185,198,631,None,Off Exchange,
12:17:35.083 PM ET,3.195,198,633,None,Off Exchange,
12:17:35.083 PM ET,3.190,198,632,None,Off Exchange,
12:17:35.083 PM ET,3.190,198,632,None,NYSE National,
12:17:35.083 PM ET,3.195,198,633,None,NYSE National,
12:17:35.083 PM ET,3.195,198,633,None,NYSE Arca,Inter Mkt Swp; Trade Thru Exmpt
12:17:35.083 PM ET,3.195,198,633,None,NYSE,Inter Mkt Swp; Trade Thru Exmpt
12:17:35.083 PM ET,3.190,198,632,None,MEMX,Inter Mkt Swp; Trade Thru Exmpt
12:17:35.083 PM ET,3.195,198,633,None,Nasdaq GSM,Inter Mkt Swp; Trade Thru Exmpt
12:17:35.083 PM ET,3.195,198,633,None,Nasdaq PHLX,Inter Mkt Swp; Trade Thru Exmpt
12:17:35.083 PM ET,3.195,198,633,None,Cboe EDGX,Inter Mkt Swp; Trade Thru Exmpt
12:17:35.083 PM ET,3.195,198,633,None,Cboe BZX,Inter Mkt Swp; Trade Thru Exmpt
12:17:35.083 PM ET,3.195,198,633,None,MEMX,Inter Mkt Swp; Trade Thru Exmpt
12:17:35.083 PM ET,3.195,198,633,None,Cboe EDGA,
12:17:35.083 PM ET,3.195,198,633,None,Cboe BYX,Inter Mkt Swp; Trade Thru Exmpt
12:17:35.084 PM ET,3.190,198,632,None,IEX,
12:17:35.089 PM ET,3.195,198,633,None,Off Exchange,
12:17:39.597 PM ET,3.190,198,632,None,Off Exchange,
12:17:39.598 PM ET,3.192,198,632,None,Off Exchange,
12:17:40.874 PM ET,3.195,198,633,None,Off Exchange,
12:19:43.067 PM ET,3.155,198,625,Mid,IEX,
12:20:26.790 PM ET,3.155,198,625,Mid,Off Exchange,
12:26:24.761 PM ET,3.165,198,627,Ask,Nasdaq GSM,
12:26:24.762 PM ET,3.165,198,627,Ask,NYSE Arca,
12:26:24.770 PM ET,3.170,198,628,Ask,Off Exchange,
12:26:24.772 PM ET,3.170,198,628,Ask,Off Exchange,
12:26:24.813 PM ET,3.175,198,629,Ask,Nasdaq GSM,Inter Mkt Swp; Trade Thru Exmpt
12:26:24.814 PM ET,3.180,198,630,Ask,Off Exchange,
12:26:47.128 PM ET,3.155,198,625,Mid,IEX,
12:26:47.128 PM ET,3.155,198,625,Mid,Off Exchange,
12:26:47.154 PM ET,3.155,198,625,Mid,Off Exchange,
12:27:40.042 PM ET,3.145,198,623,Mid,Off Exchange,
12:27:49.593 PM ET,3.155,198,625,Ask,NYSE Arca,Trade Thru Exmpt
12:27:49.593 PM ET,3.155,198,625,Ask,NYSE Arca,
12:27:49.598 PM ET,3.155,198,625,Ask,NYSE Arca,
12:27:49.599 PM ET,3.155,198,625,Ask,NYSE Arca,
12:27:49.602 PM ET,3.155,198,625,Ask,NYSE Arca,
12:33:05.229 PM ET,3.115,198,617,Mid,Off Exchange,
02:01:38.915 PM ET,3.160,198,626,Bid,NYSE Arca,
03:52:45.255 PM ET,3.180,198,630,Bid,Cboe BYX,Inter Mkt Swp; Trade Thru Exmpt
03:57:04.704 PM ET,3.195,198,633,Mid,Off Exchange,
03:57:42.396 PM ET,3.195,198,633,Mid,Off Exchange,
03:59:53.040 PM ET,3.195,198,633,None,IEX,
12:17:15.582 PM ET,3.180,197,626,Bid,Nasdaq GSM,Inter Mkt Swp; Trade Thru Exmpt
01:16:34.538 PM ET,3.150,197,621,Bid,Nasdaq GSM,
03:35:11.489 PM ET,3.215,197,633,Mid,Off Exchange,
03:39:05.919 PM ET,3.195,197,629,Mid,Off Exchange,
03:39:05.919 PM ET,3.195,197,629,Mid,NYSE National,
03:39:05.919 PM ET,3.195,197,629,Mid,IEX,
03:39:05.975 PM ET,3.205,197,631,Mid,IEX,
03:44:45.877 PM ET,3.195,197,629,Mid,IEX,
03:52:23.194 PM ET,3.185,197,627,Mid,IEX,
03:52:23.195 PM ET,3.185,197,627,Mid,Off Exchange,
03:52:23.720 PM ET,3.185,197,627,Mid,Off Exchange,
10:56:32.143 AM ET,3.220,196,631,Ask,IEX,
12:17:51.260 PM ET,3.190,196,625,None,MEMX,
12:52:07.400 PM ET,3.150,196,617,Bid,Nasdaq GSM,Inter Mkt Swp; Trade Thru Exmpt
12:52:11.033 PM ET,3.150,196,617,Bid,Nasdaq GSM,
01:00:45.500 PM ET,3.150,196,617,Ask,IEX,
01:43:08.301 PM ET,3.137,196,615,Mid,Off Exchange,Avg Price; Deriv Priced; Trade Thru Exmpt
03:33:44.469 PM ET,3.210,196,629,Ask,Off Exchange,
03:58:57.554 PM ET,3.200,196,627,Ask,Nasdaq GSM,Inter Mkt Swp; Trade Thru Exmpt
09:38:50.808 AM ET,3.170,195,618,Bid,IEX,
03:09:15.034 PM ET,3.195,195,623,Mid,Off Exchange,
03:56:25.678 PM ET,3.195,195,623,Mid,Off Exchange,
03:56:42.317 PM ET,3.195,195,623,Mid,Off Exchange,
11:43:04.505 AM ET,3.230,194,627,Ask,NYSE Arca,
12:32:55.608 PM ET,3.120,194,605,Ask,IEX,
02:25:24.084 PM ET,3.195,194,620,Mid,Off Exchange,
09:50:23.562 AM ET,3.240,193,625,Bid,NYSE Arca,Inter Mkt Swp; Trade Thru Exmpt
10:01:10.944 AM ET,3.220,192,618,Ask,Nasdaq GSM,
12:26:24.816 PM ET,3.180,192,611,Ask,Off Exchange,
12:32:15.633 PM ET,3.125,192,600,Mid,Off Exchange,
02:49:46.087 PM ET,3.185,192,612,Bid,Off Exchange,
03:46:17.026 PM ET,3.195,192,613,Mid,Off Exchange,
01:12:49.529 PM ET,3.145,191,601,Mid,NYSE Arca,
01:12:49.530 PM ET,3.145,191,601,Mid,Nasdaq GSM,
01:12:49.532 PM ET,3.145,191,601,Mid,Nasdaq GSM,Inter Mkt Swp; Trade Thru Exmpt
01:13:48.185 PM ET,3.155,191,603,Mid,Off Exchange,
01:13:48.185 PM ET,3.155,191,603,Mid,IEX,
01:14:59.323 PM ET,3.145,191,601,Mid,IEX,
01:14:59.323 PM ET,3.145,191,601,Mid,Off Exchange,
01:15:00.982 PM ET,3.150,191,602,Bid,Cboe BZX,
01:15:00.982 PM ET,3.150,191,602,Bid,Cboe EDGX,
01:15:00.982 PM ET,3.150,191,602,Bid,Cboe EDGA,
01:15:10.817 PM ET,3.150,191,602,Ask,Cboe EDGX,
01:18:46.935 PM ET,3.150,191,602,Ask,Off Exchange,
03:54:48.540 PM ET,3.190,191,609,Bid,Cboe BZX,
10:30:02.124 AM ET,3.230,190,614,Ask,Nasdaq GSM,Inter Mkt Swp; Trade Thru Exmpt
12:17:12.624 PM ET,3.200,190,608,Ask,Cboe BZX,Inter Mkt Swp; Trade Thru Exmpt
01:21:41.571 PM ET,3.145,190,598,Mid,Off Exchange,
03:39:05.919 PM ET,3.195,190,607,Mid,Off Exchange,
03:58:47.919 PM ET,3.200,190,608,Ask,Nasdaq GSM,
03:59:47.427 PM ET,3.195,190,607,None,Off Exchange,
09:34:36.885 AM ET,3.220,189,609,Bid,Nasdaq GSM,
12:57:15.759 PM ET,3.170,189,599,Bid,NYSE National,
12:01:38.820 PM ET,3.175,188,597,Mid,Off Exchange,
01:28:06.799 PM ET,3.160,188,594,Bid,Cboe BZX,
03:58:57.554 PM ET,3.200,188,602,Ask,Nasdaq GSM,Inter Mkt Swp; Trade Thru Exmpt
11:31:32.569 AM ET,3.220,187,602,Ask,Nasdaq GSM,Inter Mkt Swp; Trade Thru Exmpt
03:54:48.540 PM ET,3.190,187,597,Bid,IEX,
01:27:36.167 PM ET,3.160,186,588,Bid,Off Exchange,
03:21:10.487 PM ET,3.195,186,594,Mid,Off Exchange,
01:28:42.199 PM ET,3.160,185,585,Bid,NYSE Arca,
02:01:35.425 PM ET,3.170,185,586,Ask,IEX,
01:26:15.213 PM ET,3.180,184,585,Ask,Nasdaq GSM,Inter Mkt Swp; Trade Thru Exmpt
03:52:45.255 PM ET,3.180,184,585,Bid,IEX,
03:57:59.455 PM ET,3.190,184,587,Bid,Nasdaq GSM,
03:58:09.140 PM ET,3.197,184,588,Mid,Off Exchange,Avg Price; Deriv Priced; Trade Thru Exmpt
03:59:21.670 PM ET,3.195,184,588,None,Cboe BZX,
01:28:06.799 PM ET,3.160,183,578,Bid,Nasdaq GSM,Inter Mkt Swp; Trade Thru Exmpt
03:06:27.006 PM ET,3.180,183,582,Bid,Nasdaq GSM,Inter Mkt Swp; Trade Thru Exmpt
03:44:55.766 PM ET,3.195,183,585,Mid,MIAX Pearl,
03:55:01.026 PM ET,3.210,183,587,Bid,Cboe BYX,Inter Mkt Swp; Trade Thru Exmpt
03:56:20.348 PM ET,3.205,183,587,Mid,Off Exchange,
02:00:54.459 PM ET,3.175,182,578,Mid,Off Exchange,
12:17:19.826 PM ET,3.190,181,577,None,Nasdaq GSM,Inter Mkt Swp; Trade Thru Exmpt
01:01:09.320 PM ET,3.150,181,570,Ask,Nasdaq GSM,Inter Mkt Swp; Trade Thru Exmpt
01:16:34.537 PM ET,3.150,181,570,Bid,Nasdaq GSM,Inter Mkt Swp; Trade Thru Exmpt
03:58:42.028 PM ET,3.195,181,578,Mid,Off Exchange,
12:53:10.391 PM ET,3.150,180,567,Bid,NYSE,
12:57:39.617 PM ET,3.160,180,569,Bid,Nasdaq GSM,
01:27:20.289 PM ET,3.160,180,569,Ask,NYSE,
01:34:18.144 PM ET,3.150,180,567,Ask,NYSE Arca,Inter Mkt Swp; Trade Thru Exmpt
02:01:35.430 PM ET,3.170,180,571,Ask,Off Exchange,
03:28:13.810 PM ET,3.215,180,579,Mid,Off Exchange,
03:30:48.915 PM ET,3.210,180,578,Bid,Cboe BYX,
03:36:21.402 PM ET,3.212,180,578,Ask,Off Exchange,Avg Price; Deriv Priced; Trade Thru Exmpt
03:59:34.869 PM ET,3.195,180,575,None,IEX,
12:52:04.186 PM ET,3.150,179,564,Bid,Off Exchange,
01:05:19.366 PM ET,3.150,179,564,Ask,Nasdaq GSM,Inter Mkt Swp; Trade Thru Exmpt
01:39:58.092 PM ET,3.145,179,563,Mid,Off Exchange,
01:40:23.541 PM ET,3.135,179,561,Ask,Nasdaq GSM,
01:40:23.542 PM ET,3.135,179,561,Ask,MEMX,
01:40:23.542 PM ET,3.135,179,561,Ask,Cboe EDGX,
01:40:23.542 PM ET,3.135,179,561,Ask,Cboe BZX,
01:40:23.542 PM ET,3.135,179,561,Ask,Cboe EDGA,
01:40:23.542 PM ET,3.135,179,561,Ask,NYSE Arca,
01:40:23.542 PM ET,3.130,179,560,Ask,NYSE Arca,Inter Mkt Swp; Trade Thru Exmpt
01:40:23.556 PM ET,3.130,179,560,Ask,MEMX,Inter Mkt Swp; Trade Thru Exmpt
01:41:10.499 PM ET,3.130,179,560,Ask,Nasdaq GSM,Inter Mkt Swp; Trade Thru Exmpt
01:41:10.499 PM ET,3.130,179,560,Ask,Cboe EDGX,
01:41:49.057 PM ET,3.135,179,561,Mid,Cboe BZX,
01:41:59.558 PM ET,3.135,179,561,Mid,NYSE,
01:43:22.465 PM ET,3.140,179,562,Bid,NYSE,
01:46:13.936 PM ET,3.145,179,563,Mid,Off Exchange,
01:48:14.543 PM ET,3.150,179,564,Ask,Off Exchange,
01:48:23.375 PM ET,3.145,179,563,Bid,Nasdaq GSM,
01:48:23.375 PM ET,3.145,179,563,Bid,MEMX,
01:48:23.375 PM ET,3.145,179,563,Bid,Cboe BZX,
01:48:23.375 PM ET,3.145,179,563,Bid,Cboe EDGX,
01:48:23.375 PM ET,3.145,179,563,Bid,Cboe EDGA,
01:48:23.375 PM ET,3.145,179,563,Bid,MIAX Pearl,
01:48:23.375 PM ET,3.150,179,564,Bid,Off Exchange,
01:48:23.375 PM ET,3.145,179,563,Bid,NYSE Arca,
01:48:23.375 PM ET,3.145,179,563,Bid,NYSE,
01:48:23.403 PM ET,3.155,179,565,Mid,Off Exchange,
01:50:11.314 PM ET,3.165,179,567,Mid,Off Exchange,
01:50:28.356 PM ET,3.165,179,567,Mid,Cboe EDGX,
01:50:41.298 PM ET,3.165,179,567,Mid,NYSE Arca,
01:51:23.074 PM ET,3.155,179,565,Mid,Off Exchange,
01:52:57.756 PM ET,3.145,179,563,Mid,Cboe BZX,
01:53:05.010 PM ET,3.145,179,563,Mid,Cboe EDGX,
03:55:03.253 PM ET,3.205,179,574,Mid,Off Exchange,
01:12:48.663 PM ET,3.150,178,561,Ask,Cboe BZX,
03:56:17.597 PM ET,3.191,178,568,Bid,Off Exchange,Avg Price; Deriv Priced; Trade Thru Exmpt
03:59:42.458 PM ET,3.195,178,569,None,IEX,
01:08:09.291 PM ET,3.160,177,559,Ask,Nasdaq GSM,Inter Mkt Swp; Trade Thru Exmpt
01:27:44.254 PM ET,3.160,177,559,Bid,Nasdaq GSM,Inter Mkt Swp; Trade Thru Exmpt
01:12:49.534 PM ET,3.150,176,554,Ask,NYSE Arca,Inter Mkt Swp; Trade Thru Exmpt
12:23:35.324 PM ET,3.145,175,550,Mid,Off Exchange,
12:55:41.218 PM ET,3.170,175,555,Ask,Off Exchange,Avg Price; Deriv Priced; Trade Thru Exmpt
01:02:55.463 PM ET,3.154,175,552,Mid,Off Exchange,Avg Price; Deriv Priced; Trade Thru Exmpt
01:53:16.144 PM ET,3.150,175,551,Bid,Nasdaq GSM,Inter Mkt Swp; Trade Thru Exmpt
02:51:55.969 PM ET,3.175,175,556,Mid,Off Exchange,
01:16:27.675 PM ET,3.150,174,548,Bid,Nasdaq GSM,Inter Mkt Swp; Trade Thru Exmpt
10:10:30.384 AM ET,3.220,173,557,Bid,NYSE Arca,Inter Mkt Swp; Trade Thru Exmpt
10:51:57.484 AM ET,3.225,173,558,Mid,Off Exchange,
11:29:51.035 AM ET,3.210,173,555,Ask,Nasdaq GSM,Inter Mkt Swp; Trade Thru Exmpt
11:49:39.743 AM ET,3.225,173,558,Mid,NYSE,
12:53:10.391 PM ET,3.150,173,545,Bid,NYSE,
12:53:17.190 PM ET,3.155,173,546,Ask,NYSE Arca,
12:53:17.190 PM ET,3.150,173,545,Ask,Off Exchange,
12:53:17.192 PM ET,3.150,173,545,Ask,Off Exchange,
01:28:06.800 PM ET,3.160,173,547,Bid,MIAX Pearl,
02:17:27.962 PM ET,3.210,173,555,Bid,Nasdaq GSM,
02:47:37.890 PM ET,3.191,173,552,Mid,Off Exchange,Avg Price; Deriv Priced; Trade Thru Exmpt
03:58:12.396 PM ET,3.195,173,553,Mid,Off Exchange,
01:34:30.351 PM ET,3.145,172,541,Mid,Off Exchange,
02:31:27.967 PM ET,3.200,172,550,Ask,Cboe EDGX,Inter Mkt Swp; Trade Thru Exmpt
03:31:38.133 PM ET,3.215,172,553,Mid,IEX,
03:36:13.604 PM ET,3.210,172,552,Ask,Off Exchange,
12:17:13.510 PM ET,3.180,171,544,Bid,Cboe BYX,Inter Mkt Swp; Trade Thru Exmpt
12:17:15.582 PM ET,3.180,171,544,Bid,Nasdaq GSM,Inter Mkt Swp; Trade Thru Exmpt
02:22:40.741 PM ET,3.185,171,545,Mid,Off Exchange,
01:09:54.490 PM ET,3.145,170,535,Mid,Off Exchange,
01:28:42.199 PM ET,3.160,170,537,Bid,NYSE Arca,
01:39:57.589 PM ET,3.140,168,528,Bid,NYSE Arca,Inter Mkt Swp; Trade Thru Exmpt
01:57:45.022 PM ET,3.160,168,531,Bid,NYSE Arca,Inter Mkt Swp; Trade Thru Exmpt
02:16:40.706 PM ET,3.215,168,540,Mid,Off Exchange,
02:16:40.765 PM ET,3.215,168,540,Mid,Off Exchange,
02:16:40.812 PM ET,3.215,168,540,Mid,Off Exchange,
02:17:27.962 PM ET,3.215,168,540,Mid,Nasdaq GSM,
02:17:27.962 PM ET,3.215,168,540,Mid,Cboe EDGX,
02:17:27.962 PM ET,3.215,168,540,Mid,MEMX,
02:17:27.962 PM ET,3.210,168,539,Bid,MEMX,
02:17:27.962 PM ET,3.215,168,540,Mid,NYSE,
02:17:27.962 PM ET,3.215,168,540,Mid,NYSE Arca,
02:17:27.962 PM ET,3.210,168,539,Bid,Off Exchange,
02:17:27.962 PM ET,3.210,168,539,Bid,NYSE Arca,
02:17:27.962 PM ET,3.210,168,539,Bid,IEX,
02:17:27.970 PM ET,3.215,168,540,Mid,Off Exchange,
02:17:27.976 PM ET,3.195,168,537,Bid,Cboe BZX,
02:17:27.976 PM ET,3.195,168,537,Bid,Cboe EDGX,
02:17:27.984 PM ET,3.210,168,539,Bid,Off Exchange,
02:17:53.075 PM ET,3.195,168,537,Mid,Cboe BZX,
02:18:01.581 PM ET,3.195,168,537,Mid,Off Exchange,
02:18:01.597 PM ET,3.195,168,537,Mid,Off Exchange,
02:19:44.313 PM ET,3.185,168,535,Mid,NYSE Arca,
02:19:44.314 PM ET,3.185,168,535,Mid,Cboe BZX,
02:21:31.181 PM ET,3.185,168,535,Mid,IEX,
02:22:49.340 PM ET,3.170,168,533,Bid,NYSE Arca,
02:22:49.341 PM ET,3.170,168,533,Bid,Off Exchange,
02:24:40.360 PM ET,3.175,168,533,Mid,NYSE,
02:24:44.612 PM ET,3.185,168,535,Mid,NYSE,
02:24:44.612 PM ET,3.185,168,535,Mid,MIAX Pearl,
02:24:44.612 PM ET,3.180,168,534,Bid,MEMX,
02:24:44.612 PM ET,3.185,168,535,Mid,NYSE Arca,
02:24:44.612 PM ET,3.185,168,535,Mid,Cboe EDGA,
02:25:23.932 PM ET,3.190,168,536,Ask,NYSE,Inter Mkt Swp; Trade Thru Exmpt
02:27:41.488 PM ET,3.195,168,537,Mid,Cboe BZX,
02:31:27.963 PM ET,3.200,168,538,Ask,Off Exchange,
02:40:31.430 PM ET,3.185,168,535,Mid,NYSE Arca,
12:18:55.743 PM ET,3.155,167,527,Mid,Off Exchange,
09:35:29.627 AM ET,3.210,166,533,Mid,Off Exchange,
01:53:16.144 PM ET,3.150,166,523,Bid,Nasdaq GSM,
03:22:47.802 PM ET,3.200,166,531,Bid,MEMX,Inter Mkt Swp; Trade Thru Exmpt
03:59:40.701 PM ET,3.200,166,531,None,Nasdaq GSM,
12:57:34.656 PM ET,3.160,165,521,Ask,Nasdaq GSM,
01:36:20.842 PM ET,3.140,165,518,Bid,Cboe EDGX,Inter Mkt Swp; Trade Thru Exmpt
01:40:02.371 PM ET,3.145,165,519,Mid,Off Exchange,
01:40:16.558 PM ET,3.140,165,518,Bid,Nasdaq GSM,Inter Mkt Swp; Trade Thru Exmpt
01:53:16.145 PM ET,3.150,165,520,Bid,NYSE Arca,Inter Mkt Swp; Trade Thru Exmpt
09:47:25.321 AM ET,3.210,164,526,Mid,Off Exchange,
12:53:53.987 PM ET,3.145,164,516,Mid,Off Exchange,
01:28:42.199 PM ET,3.160,164,518,Bid,NYSE Arca,Inter Mkt Swp; Trade Thru Exmpt
02:34:58.100 PM ET,3.195,164,524,Mid,Off Exchange,Avg Price; Deriv Priced; Trade Thru Exmpt
03:31:42.260 PM ET,3.210,164,526,Ask,Nasdaq GSM,Inter Mkt Swp; Trade Thru Exmpt
01:22:19.844 PM ET,3.145,163,513,Mid,Off Exchange,
01:43:47.237 PM ET,3.145,163,513,Mid,Off Exchange,
12:27:49.593 PM ET,3.150,162,510,Ask,NYSE Arca,Inter Mkt Swp; Trade Thru Exmpt
01:27:20.288 PM ET,3.160,162,512,Ask,Nasdaq GSM,
02:45:27.668 PM ET,3.185,162,516,Mid,Off Exchange,
02:47:06.022 PM ET,3.190,162,517,Bid,NYSE Arca,Inter Mkt Swp; Trade Thru Exmpt
12:45:48.103 PM ET,3.145,161,506,Mid,IEX,
03:21:03.346 PM ET,3.193,161,514,Mid,Off Exchange,Avg Price; Deriv Priced; Trade Thru Exmpt
03:22:50.428 PM ET,3.205,161,516,Mid,Off Exchange,
03:24:02.009 PM ET,3.210,161,517,Ask,Nasdaq GSM,
03:58:46.998 PM ET,3.200,161,515,Ask,Off Exchange,
11:10:08.386 AM ET,3.210,160,514,Ask,Nasdaq GSM,Inter Mkt Swp; Trade Thru Exmpt
12:51:04.307 PM ET,3.140,160,502,Ask,NYSE Arca,Inter Mkt Swp; Trade Thru Exmpt
12:57:31.035 PM ET,3.155,160,505,Mid,IEX,
01:16:41.357 PM ET,3.150,160,504,Bid,Nasdaq GSM,
01:28:42.197 PM ET,3.160,160,506,Bid,MEMX,Inter Mkt Swp; Trade Thru Exmpt
01:38:23.039 PM ET,3.140,160,502,Mid,Off Exchange,
01:46:25.621 PM ET,3.135,160,502,Bid,Off Exchange,Avg Price; Deriv Priced; Trade Thru Exmpt
02:34:03.320 PM ET,3.200,160,512,Ask,Nasdaq GSM,
03:08:07.002 PM ET,3.176,160,508,Bid,Off Exchange,Avg Price; Deriv Priced; Trade Thru Exmpt
03:16:57.100 PM ET,3.191,160,511,Mid,Off Exchange,Avg Price; Deriv Priced; Trade Thru Exmpt
03:54:48.540 PM ET,3.190,160,510,Bid,IEX,
03:59:53.041 PM ET,3.195,160,511,None,NYSE,
12:57:05.203 PM ET,3.175,159,505,Mid,Cboe BZX,
12:57:24.678 PM ET,3.165,159,503,Mid,IEX,
03:09:46.140 PM ET,3.184,159,506,Bid,Off Exchange,Avg Price; Deriv Priced; Trade Thru Exmpt
03:58:35.986 PM ET,3.195,159,508,Mid,Off Exchange,
03:59:40.701 PM ET,3.200,159,509,None,Nasdaq GSM,
11:31:32.569 AM ET,3.215,158,508,Ask,Nasdaq PHLX,Inter Mkt Swp; Trade Thru Exmpt
11:31:32.569 AM ET,3.215,158,508,Ask,Nasdaq GSM,Inter Mkt Swp; Trade Thru Exmpt
11:31:32.569 AM ET,3.220,158,509,Ask,Off Exchange,
11:31:32.569 AM ET,3.215,158,508,Ask,Off Exchange,
11:31:32.569 AM ET,3.220,158,509,Ask,NYSE National,
11:31:32.569 AM ET,3.217,158,508,Ask,Off Exchange,
11:31:32.606 AM ET,3.215,158,508,Mid,Off Exchange,
11:31:33.753 AM ET,3.215,158,508,Mid,Off Exchange,
11:31:33.754 AM ET,3.215,158,508,Mid,IEX,
11:31:33.756 AM ET,3.215,158,508,Mid,Off Exchange,
11:33:03.427 AM ET,3.225,158,510,Mid,NYSE Arca,Trade Thru Exmpt
11:33:03.427 AM ET,3.225,158,510,Mid,NYSE Arca,
11:33:03.433 AM ET,3.225,158,510,Mid,Off Exchange,
11:33:19.360 AM ET,3.225,158,510,Mid,Cboe BYX,
11:33:21.298 AM ET,3.225,158,510,Mid,Off Exchange,
11:34:02.184 AM ET,3.220,158,509,Bid,Cboe BYX,Inter Mkt Swp; Trade Thru Exmpt
11:34:11.415 AM ET,3.225,158,510,Mid,Off Exchange,
11:34:13.036 AM ET,3.225,158,510,Mid,Off Exchange,
12:17:13.510 PM ET,3.180,158,502,Bid,MEMX,Inter Mkt Swp; Trade Thru Exmpt
01:53:11.910 PM ET,3.145,158,497,Mid,NYSE Arca,
03:27:29.921 PM ET,3.203,158,506,Bid,Off Exchange,Avg Price; Deriv Priced; Trade Thru Exmpt
10:59:43.960 AM ET,3.221,157,506,Ask,Off Exchange,Avg Price; Deriv Priced; Trade Thru Exmpt
11:15:30.840 AM ET,3.216,157,505,Mid,Off Exchange,Avg Price; Deriv Priced; Trade Thru Exmpt
12:23:34.342 PM ET,3.182,157,500,Ask,Off Exchange,Avg Price; Deriv Priced; Trade Thru Exmpt
01:04:31.953 PM ET,3.160,157,496,Ask,Nasdaq GSM,Inter Mkt Swp; Trade Thru Exmpt
02:57:49.441 PM ET,3.182,157,500,Ask,Off Exchange,Avg Price; Deriv Priced; Trade Thru Exmpt
03:10:03.623 PM ET,3.190,157,501,Ask,Off Exchange,
03:13:23.886 PM ET,3.195,157,502,Mid,Off Exchange,
03:15:57.750 PM ET,3.195,157,502,Mid,IEX,
03:21:58.112 PM ET,3.195,157,502,Mid,IEX,
03:22:25.118 PM ET,3.195,157,502,Mid,NYSE,
03:22:47.802 PM ET,3.205,157,503,Mid,NYSE,Trade Thru Exmpt
03:22:47.802 PM ET,3.205,157,503,Mid,NYSE,
03:23:47.379 PM ET,3.210,157,504,Ask,Off Exchange,
03:28:01.524 PM ET,3.215,157,505,Mid,IEX,
03:30:36.184 PM ET,3.215,157,505,Mid,Off Exchange,
03:31:42.261 PM ET,3.210,157,504,Ask,Off Exchange,
03:31:42.278 PM ET,3.205,157,503,Mid,IEX,
03:31:42.286 PM ET,3.205,157,503,Mid,Off Exchange,
03:31:42.287 PM ET,3.205,157,503,Mid,Off Exchange,
03:33:44.462 PM ET,3.210,157,504,Ask,Off Exchange,
03:44:39.490 PM ET,3.195,157,502,Mid,Nasdaq GSM,
03:44:39.490 PM ET,3.195,157,502,Mid,Cboe BZX,
03:44:39.490 PM ET,3.195,157,502,Mid,NYSE Arca,
03:54:41.093 PM ET,3.185,157,500,Mid,Off Exchange,
03:55:04.381 PM ET,3.190,157,501,Bid,Off Exchange,Avg Price; Deriv Priced; Trade Thru Exmpt
11:15:59.261 AM ET,3.217,156,502,Mid,Off Exchange,Avg Price; Deriv Priced; Trade Thru Exmpt
12:04:37.963 PM ET,3.193,156,498,Ask,Off Exchange,Avg Price; Deriv Priced; Trade Thru Exmpt
01:04:31.955 PM ET,3.155,156,492,Ask,Off Exchange,
01:05:19.366 PM ET,3.150,156,491,Ask,Nasdaq GSM,Inter Mkt Swp; Trade Thru Exmpt
03:55:39.311 PM ET,3.205,156,500,Mid,Off Exchange,
03:58:57.554 PM ET,3.200,156,499,Ask,Nasdaq GSM,Inter Mkt Swp; Trade Thru Exmpt
12:17:12.793 PM ET,3.195,154,492,Mid,Off Exchange,
01:22:19.773 PM ET,3.145,154,484,Mid,Off Exchange,
03:57:39.077 PM ET,3.195,154,492,Mid,Off Exchange,
03:58:11.961 PM ET,3.195,154,492,Mid,Off Exchange,
09:44:56.728 AM ET,3.190,153,488,Ask,NYSE Arca,
11:43:04.504 AM ET,3.230,153,494,Ask,Cboe BZX,Inter Mkt Swp; Trade Thru Exmpt
01:23:02.900 PM ET,3.150,153,482,Bid,NYSE Arca,
01:28:49.554 PM ET,3.160,153,483,Ask,Cboe EDGX,
03:06:27.007 PM ET,3.180,153,487,Bid,Nasdaq GSM,
03:58:46.997 PM ET,3.195,153,489,Mid,Off Exchange,
03:59:27.474 PM ET,3.195,153,489,None,Off Exchange,
03:59:32.677 PM ET,3.195,153,489,None,NYSE,
12:55:50.536 PM ET,3.160,152,480,Bid,Nasdaq GSM,Inter Mkt Swp; Trade Thru Exmpt
01:20:15.067 PM ET,3.150,152,479,Ask,NYSE Arca,Inter Mkt Swp; Trade Thru Exmpt
03:34:50.690 PM ET,3.210,152,488,Bid,Nasdaq GSM,Inter Mkt Swp; Trade Thru Exmpt
01:44:04.137 PM ET,3.149,151,475,Mid,Off Exchange,
01:58:41.148 PM ET,3.170,151,479,Ask,Cboe BZX,Inter Mkt Swp; Trade Thru Exmpt
02:22:49.339 PM ET,3.170,151,479,Bid,IEX,
02:33:26.075 PM ET,3.195,151,482,Mid,Off Exchange,
03:56:25.651 PM ET,3.200,151,483,Bid,Nasdaq GSM,Inter Mkt Swp; Trade Thru Exmpt
03:59:08.525 PM ET,3.195,151,482,None,Nasdaq GSM,
09:30:00.178 AM ET,3.270,150,491,Mid,Nasdaq GSM,Inter Mkt Swp; Trade Thru Exmpt
09:30:04.301 AM ET,3.260,150,489,Mid,Cboe BZX,Inter Mkt Swp; Trade Thru Exmpt
09:35:26.001 AM ET,3.210,150,482,Ask,Cboe BZX,Inter Mkt Swp; Trade Thru Exmpt
09:35:26.002 AM ET,3.210,150,482,Ask,NYSE,Inter Mkt Swp; Trade Thru Exmpt
09:36:26.126 AM ET,3.195,150,479,Mid,Cboe BZX,
09:38:41.242 AM ET,3.180,150,477,Ask,Off Exchange,
09:47:43.852 AM ET,3.220,150,483,Ask,IEX,
09:48:56.064 AM ET,3.225,150,484,Mid,IEX,
09:48:56.064 AM ET,3.225,150,484,Mid,Cboe BZX,
09:48:56.064 AM ET,3.225,150,484,Mid,Cboe EDGX,
09:48:56.064 AM ET,3.225,150,484,Mid,Cboe EDGA,
09:48:56.064 AM ET,3.225,150,484,Mid,MEMX,
10:00:19.382 AM ET,3.220,150,483,Bid,NYSE Arca,
10:03:56.092 AM ET,3.200,150,480,Bid,IEX,
10:03:56.094 AM ET,3.200,150,480,Bid,IEX,
10:06:03.803 AM ET,3.210,150,482,Ask,IEX,
10:06:03.805 AM ET,3.210,150,482,Ask,IEX,
10:15:41.168 AM ET,3.230,150,485,Ask,Off Exchange,
10:15:41.169 AM ET,3.230,150,485,Ask,Off Exchange,
10:56:32.209 AM ET,3.220,150,483,Ask,NYSE Arca,
10:56:51.075 AM ET,3.220,150,483,Ask,NYSE Arca,
10:57:19.526 AM ET,3.220,150,483,Ask,NYSE Arca,
10:57:19.526 AM ET,3.220,150,483,Ask,NYSE,
11:10:00.459 AM ET,3.210,150,482,Ask,Off Exchange,
11:27:36.117 AM ET,3.215,150,482,Mid,IEX,
11:29:21.721 AM ET,3.210,150,482,Bid,Off Exchange,
11:31:32.569 AM ET,3.220,150,483,Ask,Nasdaq GSM,
11:31:32.569 AM ET,3.220,150,483,Ask,Nasdaq GSM,Inter Mkt Swp; Trade Thru Exmpt
11:31:32.569 AM ET,3.220,150,483,Ask,Off Exchange,
11:42:59.415 AM ET,3.235,150,485,Mid,IEX,
11:56:13.890 AM ET,3.220,150,483,Ask,Cboe BZX,Inter Mkt Swp; Trade Thru Exmpt
11:59:22.760 AM ET,3.180,150,477,Bid,NYSE,
11:59:22.760 AM ET,3.180,150,477,Bid,Nasdaq GSM,
11:59:22.760 AM ET,3.180,150,477,Bid,Nasdaq GSM,Inter Mkt Swp; Trade Thru Exmpt
12:11:18.396 PM ET,3.185,150,478,Mid,Nasdaq GSM,
12:17:35.052 PM ET,3.200,150,480,None,Off Exchange,
12:21:07.970 PM ET,3.140,150,471,Ask,IEX,
12:21:21.155 PM ET,3.140,150,471,Ask,Off Exchange,
12:21:21.156 PM ET,3.140,150,471,Ask,Off Exchange,
12:21:21.157 PM ET,3.140,150,471,Ask,Off Exchange,
12:21:21.158 PM ET,3.140,150,471,Ask,Off Exchange,
12:21:37.364 PM ET,3.140,150,471,Ask,Off Exchange,
12:21:37.365 PM ET,3.140,150,471,Ask,Off Exchange,
12:21:37.366 PM ET,3.140,150,471,Ask,Off Exchange,
12:21:44.468 PM ET,3.135,150,470,Mid,IEX,
12:24:21.065 PM ET,3.140,150,471,Ask,Off Exchange,
12:24:55.529 PM ET,3.140,150,471,Ask,Off Exchange,
12:24:57.305 PM ET,3.140,150,471,Ask,Off Exchange,
12:25:42.365 PM ET,3.140,150,471,Ask,Cboe BZX,Inter Mkt Swp; Trade Thru Exmpt
12:25:42.365 PM ET,3.140,150,471,Ask,Cboe BZX,
12:26:16.765 PM ET,3.150,150,473,Ask,Off Exchange,
12:26:24.772 PM ET,3.170,150,476,Ask,Off Exchange,
12:26:24.815 PM ET,3.180,150,477,Ask,Cboe EDGX,Inter Mkt Swp; Trade Thru Exmpt
12:26:24.815 PM ET,3.180,150,477,Ask,Cboe BZX,Inter Mkt Swp; Trade Thru Exmpt
12:26:47.115 PM ET,3.170,150,476,Ask,NYSE,Inter Mkt Swp; Trade Thru Exmpt
12:26:47.116 PM ET,3.165,150,475,Ask,NYSE,Trade Thru Exmpt
12:30:58.392 PM ET,3.140,150,471,Bid,Nasdaq GSM,
12:30:58.392 PM ET,3.140,150,471,Bid,Nasdaq GSM,Inter Mkt Swp; Trade Thru Exmpt
12:33:09.400 PM ET,3.120,150,468,Ask,Cboe BZX,
12:51:04.307 PM ET,3.140,150,471,Ask,IEX,
12:51:04.308 PM ET,3.140,150,471,Ask,Cboe BZX,
12:51:28.504 PM ET,3.150,150,473,Ask,NYSE Arca,Inter Mkt Swp; Trade Thru Exmpt
12:51:39.631 PM ET,3.150,150,473,Bid,Nasdaq GSM,Inter Mkt Swp; Trade Thru Exmpt
12:52:11.033 PM ET,3.150,150,473,Bid,NYSE,
12:52:11.033 PM ET,3.150,150,473,Bid,Off Exchange,
12:52:11.034 PM ET,3.150,150,473,Bid,Off Exchange,
12:53:10.391 PM ET,3.150,150,473,Bid,NYSE,Inter Mkt Swp; Trade Thru Exmpt
12:53:24.462 PM ET,3.150,150,473,Ask,NYSE Arca,
12:53:24.492 PM ET,3.150,150,473,Ask,NYSE Arca,
12:53:31.568 PM ET,3.145,150,472,Mid,Nasdaq GSM,
12:53:31.568 PM ET,3.145,150,472,Mid,Cboe BZX,
12:53:31.568 PM ET,3.145,150,472,Mid,NYSE Arca,
12:53:31.568 PM ET,3.145,150,472,Mid,NYSE,
12:55:38.380 PM ET,3.150,150,473,Ask,Nasdaq GSM,Inter Mkt Swp; Trade Thru Exmpt
12:55:38.380 PM ET,3.150,150,473,Ask,Nasdaq GSM,
12:55:38.381 PM ET,3.150,150,473,Ask,IEX,
12:55:41.218 PM ET,3.170,150,476,Ask,Nasdaq GSM,
12:56:22.557 PM ET,3.170,150,476,Ask,Cboe BZX,
12:57:26.731 PM ET,3.160,150,474,Ask,Cboe EDGX,
12:57:26.731 PM ET,3.160,150,474,Ask,NYSE Arca,
12:57:26.732 PM ET,3.160,150,474,Ask,Cboe EDGX,
12:57:26.751 PM ET,3.160,150,474,Ask,Off Exchange,
01:02:07.347 PM ET,3.160,150,474,Ask,Off Exchange,
01:04:31.953 PM ET,3.160,150,474,Ask,Nasdaq GSM,
01:04:31.953 PM ET,3.160,150,474,Ask,Nasdaq GSM,Inter Mkt Swp; Trade Thru Exmpt
01:04:31.953 PM ET,3.160,150,474,Ask,Cboe EDGX,
01:04:31.954 PM ET,3.155,150,473,Ask,NYSE,
01:04:50.585 PM ET,3.145,150,472,Mid,IEX,
01:05:19.366 PM ET,3.150,150,473,Ask,Nasdaq GSM,Inter Mkt Swp; Trade Thru Exmpt
01:06:59.914 PM ET,3.150,150,473,Ask,IEX,
01:06:59.920 PM ET,3.150,150,473,Ask,IEX,
01:12:49.565 PM ET,3.150,150,473,Ask,NYSE Arca,
01:12:49.565 PM ET,3.150,150,473,Ask,NYSE Arca,Inter Mkt Swp; Trade Thru Exmpt
01:14:16.531 PM ET,3.150,150,473,Bid,Off Exchange,
01:16:59.207 PM ET,3.150,150,473,Bid,IEX,
01:19:31.565 PM ET,3.150,150,473,Ask,NYSE Arca,
01:23:02.900 PM ET,3.150,150,473,Bid,Cboe BZX,
01:26:15.213 PM ET,3.180,150,477,Ask,Off Exchange,
01:27:09.224 PM ET,3.160,150,474,Bid,Off Exchange,
01:27:09.227 PM ET,3.160,150,474,Mid,Off Exchange,
01:28:06.800 PM ET,3.160,150,474,Bid,Nasdaq GSM,Inter Mkt Swp; Trade Thru Exmpt
01:28:49.554 PM ET,3.160,150,474,Ask,Cboe EDGX,
01:28:49.554 PM ET,3.160,150,474,Ask,Cboe BZX,
01:28:49.554 PM ET,3.160,150,474,Ask,MIAX Pearl,
01:28:49.554 PM ET,3.160,150,474,Ask,NYSE Arca,
01:30:56.796 PM ET,3.150,150,473,Bid,Off Exchange,
01:40:23.542 PM ET,3.130,150,470,Ask,Cboe EDGX,
01:41:10.499 PM ET,3.130,150,470,Ask,Cboe EDGX,
01:41:10.499 PM ET,3.130,150,470,Ask,NYSE,
01:41:10.500 PM ET,3.130,150,470,Ask,NYSE Arca,
01:41:10.601 PM ET,3.130,150,470,Bid,NYSE Arca,
01:48:14.543 PM ET,3.150,150,473,Ask,Off Exchange,
01:48:23.375 PM ET,3.150,150,473,Bid,Off Exchange,
01:48:23.376 PM ET,3.150,150,473,Bid,NYSE Arca,
01:48:23.376 PM ET,3.150,150,473,Bid,NYSE,Inter Mkt Swp; Trade Thru Exmpt
01:48:23.377 PM ET,3.150,150,473,Bid,Off Exchange,
01:57:44.983 PM ET,3.155,150,473,Mid,IEX,
01:57:45.021 PM ET,3.160,150,474,Bid,Cboe BZX,Inter Mkt Swp; Trade Thru Exmpt
02:00:56.821 PM ET,3.170,150,476,Bid,Off Exchange,
02:00:56.861 PM ET,3.175,150,476,Mid,Off Exchange,
02:17:27.962 PM ET,3.210,150,482,Bid,Off Exchange,
02:17:27.963 PM ET,3.205,150,481,Bid,Cboe BZX,
02:17:27.992 PM ET,3.210,150,482,Bid,Off Exchange,
02:17:33.301 PM ET,3.195,150,479,Mid,Nasdaq GSM,
02:17:33.302 PM ET,3.195,150,479,Mid,Cboe BZX,
02:17:33.302 PM ET,3.195,150,479,Mid,NYSE Arca,
02:19:10.922 PM ET,3.190,150,479,Bid,Cboe EDGX,Inter Mkt Swp; Trade Thru Exmpt
02:19:33.875 PM ET,3.180,150,477,Bid,Cboe EDGX,
02:21:51.720 PM ET,3.185,150,478,Mid,Off Exchange,
02:25:23.932 PM ET,3.190,150,479,Ask,Cboe BZX,Inter Mkt Swp; Trade Thru Exmpt
02:35:25.879 PM ET,3.200,150,480,Ask,IEX,
02:43:43.372 PM ET,3.190,150,479,Ask,Off Exchange,
02:43:43.373 PM ET,3.190,150,479,Ask,Off Exchange,
02:43:43.374 PM ET,3.190,150,479,Ask,Off Exchange,
02:49:46.085 PM ET,3.190,150,479,Bid,IEX,
03:08:41.637 PM ET,3.190,150,479,Ask,NYSE Arca,
03:08:56.816 PM ET,3.190,150,479,Bid,IEX,
03:08:56.817 PM ET,3.190,150,479,Bid,IEX,
03:22:47.802 PM ET,3.200,150,480,Bid,Cboe EDGX,
03:22:47.802 PM ET,3.200,150,480,Bid,NYSE,Inter Mkt Swp; Trade Thru Exmpt
03:23:47.374 PM ET,3.210,150,482,Ask,Off Exchange,
03:23:47.384 PM ET,3.210,150,482,Ask,Off Exchange,
03:25:37.374 PM ET,3.215,150,482,Mid,NYSE,
03:25:37.374 PM ET,3.215,150,482,Mid,NYSE Arca,
03:26:22.023 PM ET,3.215,150,482,Mid,Nasdaq GSM,
03:26:24.230 PM ET,3.215,150,482,Mid,NYSE Arca,
03:26:24.230 PM ET,3.215,150,482,Mid,NYSE,
03:27:02.847 PM ET,3.215,150,482,Mid,IEX,
03:28:25.989 PM ET,3.215,150,482,Mid,NYSE Arca,
03:28:25.989 PM ET,3.215,150,482,Mid,NYSE,
03:28:27.869 PM ET,3.215,150,482,Mid,Cboe BZX,
03:33:01.638 PM ET,3.205,150,481,Mid,Cboe BZX,
03:33:26.130 PM ET,3.205,150,481,Mid,Nasdaq GSM,
03:33:36.298 PM ET,3.205,150,481,Mid,IEX,
03:34:28.454 PM ET,3.205,150,481,Mid,IEX,
03:36:13.603 PM ET,3.210,150,482,Ask,Nasdaq GSM,Inter Mkt Swp; Trade Thru Exmpt
03:41:43.243 PM ET,3.205,150,481,Mid,NYSE Arca,
03:41:43.243 PM ET,3.205,150,481,Mid,NYSE,
03:45:20.983 PM ET,3.195,150,479,Mid,Off Exchange,
03:47:07.123 PM ET,3.185,150,478,Mid,IEX,
03:48:08.134 PM ET,3.185,150,478,Mid,Off Exchange,
03:50:00.048 PM ET,3.185,150,478,Mid,IEX,
03:50:00.402 PM ET,3.185,150,478,Mid,IEX,
03:54:03.427 PM ET,3.185,150,478,Mid,IEX,
03:54:40.387 PM ET,3.185,150,478,Mid,NYSE Arca,
03:56:25.651 PM ET,3.200,150,480,Bid,Cboe BZX,Inter Mkt Swp; Trade Thru Exmpt
03:59:21.244 PM ET,3.200,150,480,None,Off Exchange,
03:59:21.670 PM ET,3.200,150,480,None,Nasdaq GSM,
03:59:21.740 PM ET,3.200,150,480,None,Off Exchange,
03:59:40.701 PM ET,3.200,150,480,None,Nasdaq GSM,Inter Mkt Swp; Trade Thru Exmpt
03:59:46.963 PM ET,3.200,150,480,None,IEX,
03:59:50.084 PM ET,3.195,150,479,None,Nasdaq GSM,
12:20:13.138 PM ET,3.155,149,470,Mid,Off Exchange,
12:56:22.557 PM ET,3.170,149,472,Ask,Nasdaq GSM,Inter Mkt Swp; Trade Thru Exmpt
03:55:39.310 PM ET,3.205,149,478,Mid,Off Exchange,
03:57:46.108 PM ET,3.190,149,475,Bid,Cboe BYX,
03:59:08.525 PM ET,3.195,149,476,None,Nasdaq GSM,
10:03:56.094 AM ET,3.200,148,474,Bid,IEX,
11:48:37.775 AM ET,3.220,148,477,Bid,Cboe EDGX,Inter Mkt Swp; Trade Thru Exmpt
12:26:24.761 PM ET,3.165,148,468,Ask,Cboe EDGX,
12:26:24.761 PM ET,3.165,148,468,Ask,Cboe BZX,
12:26:24.815 PM ET,3.175,148,470,Ask,Cboe BZX,Inter Mkt Swp; Trade Thru Exmpt
12:26:24.815 PM ET,3.175,148,470,Ask,Cboe EDGX,Inter Mkt Swp; Trade Thru Exmpt
12:27:40.036 PM ET,3.145,148,465,Mid,Off Exchange,
12:27:40.043 PM ET,3.145,148,465,Mid,Off Exchange,
12:27:40.051 PM ET,3.145,148,465,Mid,Off Exchange,
12:27:49.593 PM ET,3.150,148,466,Ask,NYSE Arca,Inter Mkt Swp; Trade Thru Exmpt
12:30:56.161 PM ET,3.145,148,465,Mid,Cboe EDGX,
12:30:56.161 PM ET,3.145,148,465,Mid,Cboe BZX,
12:39:44.179 PM ET,3.150,148,466,Ask,Off Exchange,
12:40:29.242 PM ET,3.150,148,466,Ask,Nasdaq GSM,
12:42:16.287 PM ET,3.150,148,466,Bid,Cboe EDGX,
12:42:16.287 PM ET,3.150,148,466,Bid,NYSE,
12:42:16.288 PM ET,3.150,148,466,Bid,Cboe EDGX,
12:45:48.103 PM ET,3.145,148,465,Mid,IEX,
12:45:48.103 PM ET,3.145,148,465,Mid,Off Exchange,
01:20:15.067 PM ET,3.150,148,466,Ask,NYSE Arca,Inter Mkt Swp; Trade Thru Exmpt
03:58:14.613 PM ET,3.195,148,473,Mid,Off Exchange,
11:38:00.524 AM ET,3.210,147,472,Bid,Cboe BYX,Inter Mkt Swp; Trade Thru Exmpt
11:43:04.504 AM ET,3.230,147,475,Ask,Cboe BZX,
12:17:35.083 PM ET,3.195,147,470,None,Cboe EDGX,
12:17:51.260 PM ET,3.190,147,469,None,Nasdaq GSM,
01:23:02.900 PM ET,3.150,147,463,Bid,NYSE Arca,
03:58:42.420 PM ET,3.195,147,470,Mid,IEX,
12:11:53.472 PM ET,3.190,146,466,Ask,Nasdaq GSM,Inter Mkt Swp; Trade Thru Exmpt
12:23:35.321 PM ET,3.140,146,458,Bid,Nasdaq GSM,Inter Mkt Swp; Trade Thru Exmpt
12:27:49.593 PM ET,3.150,146,460,Ask,NYSE Arca,Inter Mkt Swp; Trade Thru Exmpt
02:47:06.022 PM ET,3.190,146,466,Bid,NYSE,
12:11:00.329 PM ET,3.185,145,462,Mid,Off Exchange,
12:38:46.898 PM ET,3.120,145,452,Ask,IEX,
01:01:09.320 PM ET,3.150,145,457,Ask,Nasdaq GSM,Inter Mkt Swp; Trade Thru Exmpt
09:35:26.001 AM ET,3.210,144,462,Ask,Cboe EDGX,Inter Mkt Swp; Trade Thru Exmpt
03:34:36.277 PM ET,3.210,144,462,Bid,Nasdaq GSM,Inter Mkt Swp; Trade Thru Exmpt
03:59:01.856 PM ET,3.195,144,460,Mid,NYSE,
09:30:06.283 AM ET,3.270,143,468,Mid,Off Exchange,
01:04:31.953 PM ET,3.160,143,452,Ask,Nasdaq GSM,Inter Mkt Swp; Trade Thru Exmpt
01:23:02.900 PM ET,3.150,143,450,Bid,Cboe EDGX,
01:25:59.358 PM ET,3.180,143,455,Ask,NYSE,
01:26:00.097 PM ET,3.185,143,455,Mid,Off Exchange,
01:27:03.233 PM ET,3.160,143,452,Bid,Off Exchange,
01:27:03.233 PM ET,3.160,143,452,Mid,Off Exchange,
01:27:03.237 PM ET,3.160,143,452,Bid,Off Exchange,
01:27:03.237 PM ET,3.165,143,453,Mid,Nasdaq GSM,
01:27:03.237 PM ET,3.165,143,453,Mid,Cboe BZX,
01:27:03.238 PM ET,3.165,143,453,Mid,NYSE Arca,
01:27:03.238 PM ET,3.165,143,453,Mid,Nasdaq PHLX,
01:27:03.238 PM ET,3.165,143,453,Mid,Cboe EDGA,
01:27:03.238 PM ET,3.165,143,453,Mid,MEMX,
01:27:03.239 PM ET,3.165,143,453,Mid,MIAX Pearl,
01:27:20.292 PM ET,3.155,143,451,Mid,Off Exchange,
01:27:20.295 PM ET,3.155,143,451,Mid,Off Exchange,
01:28:28.084 PM ET,3.165,143,453,Mid,Off Exchange,
01:28:28.085 PM ET,3.165,143,453,Mid,Off Exchange,
01:28:49.554 PM ET,3.155,143,451,Mid,Off Exchange,
01:28:49.557 PM ET,3.160,143,452,Ask,Off Exchange,
01:29:00.415 PM ET,3.155,143,451,Mid,NYSE,
01:30:06.547 PM ET,3.150,143,450,Bid,Cboe EDGX,
01:30:18.154 PM ET,3.145,143,450,Mid,NYSE Arca,
01:34:01.087 PM ET,3.155,143,451,Mid,Nasdaq GSM,
01:34:18.145 PM ET,3.145,143,450,Mid,NYSE Arca,Trade Thru Exmpt
01:36:28.117 PM ET,3.135,143,448,Mid,Off Exchange,
01:36:51.105 PM ET,3.135,143,448,Mid,Nasdaq GSM,
01:37:13.087 PM ET,3.135,143,448,Mid,NYSE Arca,
01:37:59.564 PM ET,3.135,143,448,Mid,IEX,
01:38:03.093 PM ET,3.135,143,448,Mid,Off Exchange,
01:38:06.218 PM ET,3.135,143,448,Mid,MEMX,
03:00:13.105 PM ET,3.175,143,454,Mid,Off Exchange,
11:34:11.432 AM ET,3.225,142,458,Mid,Off Exchange,
01:26:05.370 PM ET,3.185,142,452,Mid,Off Exchange,
03:30:07.948 PM ET,3.215,142,457,Mid,Off Exchange,
11:29:51.035 AM ET,3.210,141,453,Ask,Cboe EDGX,
12:23:55.143 PM ET,3.135,141,442,Mid,Off Exchange,
01:12:49.532 PM ET,3.150,141,444,Ask,Nasdaq GSM,Inter Mkt Swp; Trade Thru Exmpt
03:59:22.746 PM ET,3.200,141,451,None,Off Exchange,
10:36:53.077 AM ET,3.230,140,452,Bid,NYSE,Inter Mkt Swp; Trade Thru Exmpt
12:51:28.504 PM ET,3.150,140,441,Ask,NYSE,Inter Mkt Swp; Trade Thru Exmpt
01:27:20.289 PM ET,3.160,140,442,Ask,NYSE Arca,
01:27:20.291 PM ET,3.160,140,442,Ask,Off Exchange,
01:51:36.391 PM ET,3.150,140,441,Bid,NYSE Arca,
02:01:38.914 PM ET,3.170,140,444,Bid,NYSE Arca,
02:19:10.923 PM ET,3.190,140,447,Bid,NYSE Arca,Inter Mkt Swp; Trade Thru Exmpt
12:57:26.731 PM ET,3.160,139,439,Ask,Off Exchange,
12:57:26.732 PM ET,3.160,139,439,Ask,MIAX Pearl,
03:59:45.909 PM ET,3.195,139,444,None,Cboe BZX,
12:51:28.495 PM ET,3.150,138,435,Ask,Off Exchange,
12:51:33.509 PM ET,3.150,138,435,Ask,NYSE Arca,
12:51:33.510 PM ET,3.150,138,435,Ask,NYSE Arca,
12:51:39.631 PM ET,3.150,138,435,Bid,Nasdaq GSM,
12:51:39.632 PM ET,3.155,138,435,Mid,Nasdaq GSM,
12:52:07.389 PM ET,3.150,138,435,Bid,Off Exchange,
12:52:11.033 PM ET,3.155,138,435,Mid,Nasdaq GSM,
12:52:11.033 PM ET,3.155,138,435,Mid,NYSE Arca,
12:52:11.033 PM ET,3.155,138,435,Mid,Off Exchange,
12:52:11.033 PM ET,3.150,138,435,Bid,Off Exchange,
12:52:11.034 PM ET,3.150,138,435,Bid,Off Exchange,
12:52:11.034 PM ET,3.155,138,435,Mid,NYSE National,
12:52:11.034 PM ET,3.155,138,435,Mid,Off Exchange,
12:52:11.042 PM ET,3.155,138,435,Mid,Off Exchange,
12:52:11.048 PM ET,3.150,138,435,Bid,Off Exchange,
01:28:49.554 PM ET,3.160,138,436,Ask,Cboe EDGX,
02:01:35.425 PM ET,3.170,138,437,Ask,Nasdaq GSM,
03:11:00.397 PM ET,3.195,138,441,Mid,Off Exchange,
12:04:01.316 PM ET,3.180,137,436,Ask,MEMX,Inter Mkt Swp; Trade Thru Exmpt
01:20:15.068 PM ET,3.150,136,428,Ask,Cboe EDGX,
01:27:26.275 PM ET,3.160,136,430,Ask,Nasdaq GSM,
02:45:19.790 PM ET,3.185,136,433,Mid,NYSE,
02:47:06.022 PM ET,3.190,136,434,Bid,NYSE Arca,Inter Mkt Swp; Trade Thru Exmpt
03:59:01.922 PM ET,3.195,136,435,Mid,Cboe BZX,
10:28:55.385 AM ET,3.240,135,437,Ask,Off Exchange,
12:17:13.510 PM ET,3.180,135,429,Bid,NYSE,Trade Thru Exmpt
12:17:15.582 PM ET,3.180,135,429,Bid,Nasdaq GSM,Inter Mkt Swp; Trade Thru Exmpt
12:52:07.389 PM ET,3.150,135,425,Bid,NYSE,
01:04:31.958 PM ET,3.150,135,425,Ask,NYSE,Inter Mkt Swp; Trade Thru Exmpt
03:52:46.234 PM ET,3.185,135,430,Mid,IEX,
10:25:55.292 AM ET,3.250,134,436,Ask,Off Exchange,
10:27:55.313 AM ET,3.240,134,434,Ask,Off Exchange,
01:30:39.275 PM ET,3.155,134,423,Ask,IEX,
01:54:09.933 PM ET,3.160,134,423,Bid,Cboe EDGX,
01:54:09.934 PM ET,3.160,134,423,Bid,Cboe EDGX,
01:57:38.606 PM ET,3.165,134,424,Mid,Off Exchange,
01:57:40.662 PM ET,3.160,134,423,Ask,Off Exchange,
01:57:45.056 PM ET,3.155,134,423,Bid,Off Exchange,
02:00:56.820 PM ET,3.175,134,425,Mid,Cboe BZX,
02:00:56.820 PM ET,3.175,134,425,Mid,Cboe EDGX,
02:00:56.820 PM ET,3.175,134,425,Mid,MEMX,
02:00:56.821 PM ET,3.175,134,425,Mid,NYSE,
02:00:56.821 PM ET,3.175,134,425,Mid,NYSE Arca,
02:00:56.821 PM ET,3.175,134,425,Mid,IEX,
02:00:56.822 PM ET,3.175,134,425,Mid,Off Exchange,
02:00:56.830 PM ET,3.170,134,425,Bid,Off Exchange,
02:01:35.470 PM ET,3.170,134,425,Ask,Off Exchange,
02:01:38.915 PM ET,3.165,134,424,Bid,NYSE Arca,
02:03:31.662 PM ET,3.185,134,427,Mid,Off Exchange,
02:06:37.807 PM ET,3.185,134,427,Mid,Off Exchange,
03:31:42.260 PM ET,3.210,134,430,Ask,Nasdaq GSM,Inter Mkt Swp; Trade Thru Exmpt
03:52:23.198 PM ET,3.185,134,427,Mid,Off Exchange,
10:19:55.368 AM ET,3.210,133,427,Ask,Off Exchange,
10:20:55.342 AM ET,3.200,133,426,Ask,Off Exchange,
10:21:55.276 AM ET,3.220,133,428,Ask,Off Exchange,
10:22:55.304 AM ET,3.220,133,428,Ask,Off Exchange,
10:23:55.283 AM ET,3.220,133,428,Ask,Off Exchange,
10:24:55.303 AM ET,3.250,133,432,Ask,Off Exchange,
10:26:55.319 AM ET,3.250,133,432,Ask,Off Exchange,
12:17:18.089 PM ET,3.190,133,424,None,IEX,
12:51:39.631 PM ET,3.150,133,419,Bid,Nasdaq GSM,
02:00:56.820 PM ET,3.175,133,422,Mid,Nasdaq GSM,
03:44:00.312 PM ET,3.195,133,425,Mid,Off Exchange,
03:52:59.873 PM ET,3.185,133,424,Mid,Off Exchange,
09:41:49.910 AM ET,3.200,132,422,Bid,Nasdaq GSM,Inter Mkt Swp; Trade Thru Exmpt
01:04:31.958 PM ET,3.150,132,416,Ask,NYSE Arca,Inter Mkt Swp; Trade Thru Exmpt
01:54:09.934 PM ET,3.160,132,417,Bid,Cboe EDGX,
02:17:27.962 PM ET,3.210,132,424,Bid,Nasdaq GSM,
02:24:44.612 PM ET,3.190,132,421,Ask,NYSE,
03:59:21.246 PM ET,3.200,132,422,None,Off Exchange,
03:58:25.715 PM ET,3.195,131,419,Mid,IEX,
10:30:15.617 AM ET,3.220,130,419,Bid,Cboe EDGX,
11:34:13.037 AM ET,3.225,130,419,Mid,Off Exchange,
12:55:38.451 PM ET,3.170,130,412,Ask,Off Exchange,
01:28:42.199 PM ET,3.160,130,411,Bid,Cboe EDGX,
01:34:17.534 PM ET,3.150,130,410,Bid,Off Exchange,
03:34:36.277 PM ET,3.210,130,417,Bid,Cboe EDGX,Inter Mkt Swp; Trade Thru Exmpt
01:39:57.590 PM ET,3.145,129,406,Mid,Cboe EDGX,
02:18:30.181 PM ET,3.195,129,412,Mid,NYSE Arca,
10:45:24.214 AM ET,3.220,128,412,Bid,NYSE Arca,
01:06:23.322 PM ET,3.150,128,403,Ask,NYSE,
01:23:19.401 PM ET,3.155,128,404,Mid,Off Exchange,
01:30:06.547 PM ET,3.150,128,403,Bid,Cboe EDGX,
03:31:42.260 PM ET,3.210,128,411,Ask,Nasdaq GSM,
10:56:32.140 AM ET,3.220,127,409,Ask,NYSE Arca,Inter Mkt Swp; Trade Thru Exmpt
02:01:38.914 PM ET,3.170,127,403,Bid,Nasdaq GSM,
02:01:38.937 PM ET,3.170,127,403,Bid,Nasdaq GSM,Inter Mkt Swp; Trade Thru Exmpt
03:08:56.817 PM ET,3.190,127,405,Bid,IEX,
03:12:17.841 PM ET,3.187,127,405,Bid,Off Exchange,Avg Price; Deriv Priced; Trade Thru Exmpt
03:54:48.540 PM ET,3.190,127,405,Bid,NYSE Arca,
10:21:04.766 AM ET,3.200,126,403,Ask,NYSE,
10:21:04.766 AM ET,3.200,126,403,Ask,Cboe EDGX,
10:24:08.068 AM ET,3.230,126,407,Mid,IEX,
10:36:53.082 AM ET,3.230,126,407,Bid,Nasdaq GSM,
10:44:55.518 AM ET,3.220,126,406,Bid,Off Exchange,
10:44:55.518 AM ET,3.220,126,406,Bid,Cboe EDGX,
10:46:59.203 AM ET,3.220,126,406,Bid,Off Exchange,
10:48:56.793 AM ET,3.220,126,406,Bid,Off Exchange,
10:53:48.287 AM ET,3.225,126,406,Mid,Nasdaq GSM,
10:57:19.526 AM ET,3.220,126,406,Ask,Off Exchange,
10:59:52.236 AM ET,3.215,126,405,Mid,Cboe BZX,
11:28:04.352 AM ET,3.215,126,405,Mid,NYSE Arca,
11:30:29.188 AM ET,3.205,126,404,Mid,Off Exchange,
11:31:32.569 AM ET,3.215,126,405,Ask,MEMX,Inter Mkt Swp; Trade Thru Exmpt
11:31:32.569 AM ET,3.215,126,405,Ask,Cboe EDGX,Inter Mkt Swp; Trade Thru Exmpt
11:31:32.569 AM ET,3.220,126,406,Ask,Cboe BYX,Inter Mkt Swp; Trade Thru Exmpt
11:33:03.428 AM ET,3.225,126,406,Mid,NYSE Arca,
01:02:08.867 PM ET,3.160,126,398,Ask,IEX,
03:29:42.285 PM ET,3.215,126,405,Mid,Off Exchange,
03:57:04.703 PM ET,3.195,126,403,Mid,Off Exchange,
04:00:07.218 PM ET,3.210,126,404,None,Off Exchange,Frm T Ext Hrs
11:27:36.117 AM ET,3.215,125,402,Mid,IEX,
12:17:35.071 PM ET,3.200,125,400,None,Off Exchange,
12:37:43.178 PM ET,3.125,125,391,Mid,Off Exchange,
01:07:09.619 PM ET,3.160,125,395,Ask,Off Exchange,
01:30:06.618 PM ET,3.150,125,394,Bid,MIAX Pearl,Inter Mkt Swp; Trade Thru Exmpt
01:57:44.977 PM ET,3.150,125,394,Bid,Nasdaq GSM,Inter Mkt Swp; Trade Thru Exmpt
02:01:38.937 PM ET,3.170,125,396,Bid,Nasdaq GSM,Inter Mkt Swp; Trade Thru Exmpt
02:37:58.956 PM ET,3.195,125,399,Mid,Off Exchange,
02:51:16.938 PM ET,3.180,125,398,Bid,Cboe BYX,Inter Mkt Swp; Trade Thru Exmpt
02:51:55.968 PM ET,3.175,125,397,Mid,IEX,
02:51:55.969 PM ET,3.180,125,398,Ask,Cboe BZX,
03:36:13.603 PM ET,3.210,125,401,Ask,NYSE American,Inter Mkt Swp; Trade Thru Exmpt
03:43:22.530 PM ET,3.205,125,401,Mid,Off Exchange,
03:50:00.061 PM ET,3.185,125,398,Mid,IEX,
03:59:21.670 PM ET,3.200,125,400,None,NYSE Arca,
03:59:50.074 PM ET,3.195,125,399,None,Nasdaq GSM,Inter Mkt Swp; Trade Thru Exmpt
03:59:58.119 PM ET,3.195,125,399,None,NYSE Arca,
04:00:01.476 PM ET,3.210,125,401,None,NYSE Arca,Frm T Ext Hrs; Inter Mkt Swp; Trade Thru Exmpt
01:04:31.953 PM ET,3.160,124,392,Ask,Cboe BZX,Inter Mkt Swp; Trade Thru Exmpt
01:27:03.238 PM ET,3.165,124,392,Mid,NYSE American,
01:58:41.148 PM ET,3.170,124,393,Ask,Cboe EDGX,
02:56:58.104 PM ET,3.175,124,394,Mid,IEX,
01:27:36.204 PM ET,3.160,123,389,Bid,Nasdaq GSM,
01:27:44.254 PM ET,3.160,123,389,Bid,Nasdaq GSM,Inter Mkt Swp; Trade Thru Exmpt
12:17:16.688 PM ET,3.190,122,389,Ask,Nasdaq GSM,
12:17:18.793 PM ET,3.190,122,389,None,Nasdaq GSM,Inter Mkt Swp; Trade Thru Exmpt
12:17:19.826 PM ET,3.190,122,389,None,Nasdaq GSM,Inter Mkt Swp; Trade Thru Exmpt
12:17:27.565 PM ET,3.190,122,389,None,Nasdaq GSM,Inter Mkt Swp; Trade Thru Exmpt
11:48:37.778 AM ET,3.219,121,389,Bid,Off Exchange,
01:46:13.936 PM ET,3.145,121,381,Mid,Off Exchange,
01:52:57.757 PM ET,3.145,121,381,Mid,NYSE,
02:00:56.823 PM ET,3.170,121,384,Bid,Nasdaq GSM,Inter Mkt Swp; Trade Thru Exmpt
02:01:13.767 PM ET,3.170,121,384,Ask,Nasdaq GSM,
02:23:06.075 PM ET,3.170,121,384,Bid,Cboe BZX,Inter Mkt Swp; Trade Thru Exmpt
03:54:03.426 PM ET,3.185,121,385,Mid,Off Exchange,
09:30:33.575 AM ET,3.280,120,394,Mid,Off Exchange,
11:56:13.890 AM ET,3.220,120,386,Ask,NYSE Arca,Inter Mkt Swp; Trade Thru Exmpt
11:58:44.581 AM ET,3.180,120,382,Bid,NYSE Arca,Inter Mkt Swp; Trade Thru Exmpt
12:17:35.052 PM ET,3.200,120,384,None,Nasdaq GSM,Inter Mkt Swp; Trade Thru Exmpt
12:48:02.968 PM ET,3.140,120,377,Bid,NYSE,
01:04:31.958 PM ET,3.150,120,378,Ask,Nasdaq GSM,Inter Mkt Swp; Trade Thru Exmpt
01:18:46.934 PM ET,3.150,120,378,Ask,Off Exchange,
01:20:15.068 PM ET,3.150,120,378,Ask,Cboe BZX,
01:30:06.618 PM ET,3.150,120,378,Bid,NYSE Arca,Inter Mkt Swp; Trade Thru Exmpt
02:00:56.824 PM ET,3.170,120,380,Bid,Cboe BZX,Inter Mkt Swp; Trade Thru Exmpt
09:30:03.175 AM ET,3.270,119,389,Mid,Off Exchange,Deriv Priced; Trade Thru Exmpt
12:17:12.672 PM ET,3.200,119,381,Ask,Nasdaq GSM,
11:58:44.529 AM ET,3.195,118,377,Mid,NYSE National,Inter Mkt Swp; Trade Thru Exmpt
12:58:04.363 PM ET,3.150,118,372,Bid,Cboe EDGX,Inter Mkt Swp; Trade Thru Exmpt
02:50:02.016 PM ET,3.185,118,376,Mid,Off Exchange,
12:17:35.083 PM ET,3.190,117,373,None,Nasdaq GSM,
01:58:12.457 PM ET,3.160,117,370,Bid,Nasdaq GSM,
03:23:47.376 PM ET,3.205,117,375,Mid,Off Exchange,
03:44:55.823 PM ET,3.195,117,374,Mid,MEMX,
03:55:00.815 PM ET,3.215,117,376,Mid,Off Exchange,
12:26:47.121 PM ET,3.160,116,367,Ask,Cboe BZX,
01:27:03.235 PM ET,3.160,116,367,Bid,NYSE Arca,
02:25:59.105 PM ET,3.195,116,371,Mid,Off Exchange,
03:57:42.395 PM ET,3.195,116,371,Mid,IEX,
03:57:53.169 PM ET,3.190,116,370,Bid,Off Exchange,
01:12:48.663 PM ET,3.150,115,362,Ask,Nasdaq GSM,
03:02:26.122 PM ET,3.175,115,365,Mid,Off Exchange,
01:28:42.199 PM ET,3.160,114,360,Bid,Cboe BZX,
03:15:07.687 PM ET,3.195,114,364,Mid,Off Exchange,
03:16:19.151 PM ET,3.196,114,364,Mid,Off Exchange,
03:17:06.608 PM ET,3.195,114,364,Mid,NYSE Arca,
03:31:42.286 PM ET,3.205,114,365,Mid,IEX,
03:31:42.295 PM ET,3.205,114,365,Mid,Off Exchange,
12:52:11.033 PM ET,3.155,113,357,Mid,Cboe BZX,
01:21:29.331 PM ET,3.145,113,355,Mid,Nasdaq GSM,
01:36:12.807 PM ET,3.145,113,355,Mid,Off Exchange,
02:04:48.747 PM ET,3.185,113,360,Mid,Off Exchange,
03:34:36.277 PM ET,3.210,113,363,Bid,Cboe EDGX,Inter Mkt Swp; Trade Thru Exmpt
12:57:26.792 PM ET,3.155,112,353,Mid,Nasdaq GSM,
12:17:13.510 PM ET,3.180,111,353,Bid,Nasdaq GSM,Inter Mkt Swp; Trade Thru Exmpt
01:57:45.021 PM ET,3.160,111,351,Bid,Nasdaq GSM,Inter Mkt Swp; Trade Thru Exmpt
02:58:25.242 PM ET,3.175,111,352,Mid,Off Exchange,
12:17:16.687 PM ET,3.190,110,351,Ask,Nasdaq GSM,
12:17:16.688 PM ET,3.190,110,351,Ask,Nasdaq GSM,
12:53:17.190 PM ET,3.155,110,347,Ask,Cboe EDGX,
03:55:23.415 PM ET,3.205,110,353,Mid,IEX,
11:57:44.354 AM ET,3.215,109,350,Mid,Nasdaq GSM,
12:55:38.381 PM ET,3.150,109,343,Ask,IEX,
12:55:38.414 PM ET,3.160,109,344,Ask,Nasdaq GSM,Inter Mkt Swp; Trade Thru Exmpt
02:57:59.578 PM ET,3.175,109,346,Mid,Off Exchange,
03:22:47.802 PM ET,3.200,109,349,Bid,Cboe BZX,
12:17:22.540 PM ET,3.185,108,344,None,IEX,
01:57:39.537 PM ET,3.155,108,341,Mid,Off Exchange,
03:23:55.763 PM ET,3.209,108,347,Mid,Off Exchange,
03:36:21.402 PM ET,3.212,108,347,Ask,Off Exchange,Avg Price; Deriv Priced; Trade Thru Exmpt
03:58:19.916 PM ET,3.195,108,345,Mid,Off Exchange,
01:35:07.968 PM ET,3.145,107,337,Mid,Nasdaq GSM,
03:58:47.919 PM ET,3.200,107,342,Ask,Nasdaq GSM,
03:58:57.554 PM ET,3.200,107,342,Ask,Nasdaq GSM,Inter Mkt Swp; Trade Thru Exmpt
02:31:27.967 PM ET,3.200,106,339,Ask,Nasdaq GSM,Inter Mkt Swp; Trade Thru Exmpt
02:40:59.705 PM ET,3.185,106,338,Mid,Off Exchange,
03:34:59.446 PM ET,3.215,106,341,Mid,Off Exchange,
03:52:47.626 PM ET,3.185,106,338,Mid,Off Exchange,
03:56:17.819 PM ET,3.205,106,340,Mid,Off Exchange,
03:59:21.670 PM ET,3.200,106,339,None,Nasdaq GSM,
03:59:46.963 PM ET,3.200,106,339,None,IEX,
10:35:09.579 AM ET,3.230,105,339,Bid,NYSE Arca,
10:35:19.857 AM ET,3.230,105,339,Ask,NYSE Arca,
01:27:03.235 PM ET,3.160,105,332,Bid,Nasdaq GSM,
01:27:20.288 PM ET,3.160,105,332,Ask,Nasdaq GSM,
01:27:20.290 PM ET,3.160,105,332,Ask,Off Exchange,
01:28:06.799 PM ET,3.160,105,332,Bid,Nasdaq GSM,
01:28:06.800 PM ET,3.160,105,332,Bid,Nasdaq GSM,
02:03:51.562 PM ET,3.185,105,334,Mid,Off Exchange,
02:29:00.393 PM ET,3.195,105,335,Mid,Cboe BZX,
03:36:13.603 PM ET,3.210,105,337,Ask,Cboe BZX,
03:58:47.418 PM ET,3.195,105,335,Mid,Off Exchange,
11:43:14.561 AM ET,3.225,104,335,Mid,MEMX,
01:14:59.356 PM ET,3.145,104,327,Mid,NYSE,
01:27:20.289 PM ET,3.160,104,329,Ask,NYSE,
01:41:10.499 PM ET,3.130,104,326,Ask,Nasdaq GSM,Inter Mkt Swp; Trade Thru Exmpt
02:31:27.967 PM ET,3.200,104,333,Ask,Cboe EDGX,Inter Mkt Swp; Trade Thru Exmpt
02:35:11.445 PM ET,3.200,104,333,Ask,Nasdaq GSM,Inter Mkt Swp; Trade Thru Exmpt
03:54:23.175 PM ET,3.180,104,331,Bid,Cboe BYX,Inter Mkt Swp; Trade Thru Exmpt
03:54:48.540 PM ET,3.190,104,332,Bid,Cboe EDGX,Inter Mkt Swp; Trade Thru Exmpt
03:54:48.542 PM ET,3.190,104,332,Bid,Off Exchange,
03:56:25.651 PM ET,3.200,104,333,Bid,Nasdaq GSM,
03:58:57.554 PM ET,3.200,104,333,Ask,Nasdaq GSM,Inter Mkt Swp; Trade Thru Exmpt
01:14:59.318 PM ET,3.150,103,324,Ask,NYSE,Inter Mkt Swp; Trade Thru Exmpt
01:16:34.537 PM ET,3.150,103,324,Bid,Nasdaq GSM,Inter Mkt Swp; Trade Thru Exmpt
01:16:34.538 PM ET,3.150,103,324,Bid,IEX,
02:03:31.668 PM ET,3.185,103,328,Mid,IEX,
03:06:27.007 PM ET,3.180,103,328,Bid,NYSE Arca,Inter Mkt Swp; Trade Thru Exmpt
03:53:45.882 PM ET,3.185,103,328,Mid,NYSE Arca,
11:43:12.696 AM ET,3.225,102,329,Mid,MEMX,
12:20:26.790 PM ET,3.155,102,322,Mid,Off Exchange,
12:25:42.364 PM ET,3.140,102,320,Ask,Cboe BZX,Inter Mkt Swp; Trade Thru Exmpt
12:26:47.129 PM ET,3.155,102,322,Mid,IEX,
01:28:42.199 PM ET,3.160,102,322,Bid,NYSE Arca,
01:28:49.553 PM ET,3.160,102,322,Ask,Cboe BZX,Inter Mkt Swp; Trade Thru Exmpt
01:53:23.081 PM ET,3.153,102,322,Mid,Off Exchange,Avg Price; Deriv Priced; Trade Thru Exmpt
03:08:47.555 PM ET,3.190,102,325,Bid,Nasdaq GSM,
12:23:35.327 PM ET,3.145,101,318,Mid,Off Exchange,
12:26:24.815 PM ET,3.180,101,321,Ask,Nasdaq GSM,
01:01:18.675 PM ET,3.155,101,319,Mid,NYSE Arca,
01:26:46.735 PM ET,3.165,101,320,Mid,Cboe EDGX,
02:18:16.092 PM ET,3.195,101,323,Mid,Off Exchange,
02:25:24.798 PM ET,3.195,101,323,Mid,Off Exchange,
03:10:03.622 PM ET,3.190,101,322,Ask,Cboe EDGX,Inter Mkt Swp; Trade Thru Exmpt
03:33:44.462 PM ET,3.210,101,324,Ask,Off Exchange,
03:54:47.978 PM ET,3.190,101,322,Ask,IEX,
09:30:00.281 AM ET,3.260,100,326,Mid,Cboe EDGX,
09:30:00.326 AM ET,3.265,100,327,Mid,IEX,
09:30:00.350 AM ET,3.265,100,327,Mid,IEX,
09:30:00.364 AM ET,3.265,100,327,Mid,IEX,
09:30:00.436 AM ET,3.265,100,327,Mid,IEX,
09:30:04.301 AM ET,3.260,100,326,Mid,Cboe EDGX,Inter Mkt Swp; Trade Thru Exmpt
09:30:04.301 AM ET,3.260,100,326,Mid,NYSE Arca,Inter Mkt Swp; Trade Thru Exmpt
09:30:06.283 AM ET,3.270,100,327,Mid,Off Exchange,
09:30:38.299 AM ET,3.230,100,323,Mid,IEX,
09:34:12.047 AM ET,3.215,100,322,Mid,IEX,
09:34:34.668 AM ET,3.210,100,321,Mid,Off Exchange,
09:34:34.669 AM ET,3.210,100,321,Mid,Off Exchange,
09:34:34.675 AM ET,3.210,100,321,Mid,IEX,
09:34:34.676 AM ET,3.210,100,321,Mid,Off Exchange,
09:34:35.299 AM ET,3.210,100,321,Mid,Nasdaq GSM,Inter Mkt Swp; Trade Thru Exmpt
09:34:35.299 AM ET,3.210,100,321,Mid,NYSE Arca,Inter Mkt Swp; Trade Thru Exmpt
09:34:36.885 AM ET,3.220,100,322,Bid,Nasdaq GSM,
09:34:36.885 AM ET,3.220,100,322,Bid,Cboe EDGX,
09:34:36.885 AM ET,3.220,100,322,Bid,NYSE Arca,
09:34:36.886 AM ET,3.230,100,323,Ask,NYSE Arca,
09:34:37.362 AM ET,3.220,100,322,Mid,NYSE Arca,
09:34:37.366 AM ET,3.220,100,322,Mid,IEX,
09:34:43.774 AM ET,3.215,100,322,Mid,IEX,
09:34:43.774 AM ET,3.215,100,322,Mid,Off Exchange,
09:34:50.275 AM ET,3.215,100,322,Mid,IEX,
09:34:50.288 AM ET,3.215,100,322,Mid,Off Exchange,
09:34:54.789 AM ET,3.215,100,322,Mid,Off Exchange,
09:34:54.790 AM ET,3.215,100,322,Mid,Off Exchange,
09:35:26.001 AM ET,3.210,100,321,Ask,Nasdaq GSM,Inter Mkt Swp; Trade Thru Exmpt
09:35:27.051 AM ET,3.210,100,321,Mid,Off Exchange,
09:35:34.540 AM ET,3.200,100,320,Bid,Cboe BZX,Inter Mkt Swp; Trade Thru Exmpt
09:36:12.253 AM ET,3.205,100,321,Mid,MEMX,
09:36:26.127 AM ET,3.195,100,320,Mid,Cboe EDGX,
09:36:26.127 AM ET,3.195,100,320,Mid,NYSE Arca,
09:36:26.127 AM ET,3.195,100,320,Mid,NYSE,
09:36:27.549 AM ET,3.190,100,319,Bid,Nasdaq GSM,Inter Mkt Swp; Trade Thru Exmpt
09:37:33.154 AM ET,3.190,100,319,Bid,IEX,
09:38:04.046 AM ET,3.190,100,319,Mid,Nasdaq GSM,
09:38:04.047 AM ET,3.190,100,319,Mid,Nasdaq GSM,
09:38:06.784 AM ET,3.190,100,319,Mid,Nasdaq GSM,Inter Mkt Swp; Trade Thru Exmpt
09:38:07.649 AM ET,3.190,100,319,Mid,Nasdaq GSM,Inter Mkt Swp; Trade Thru Exmpt
09:38:09.157 AM ET,3.190,100,319,Bid,Nasdaq GSM,
09:38:40.170 AM ET,3.180,100,318,Bid,Nasdaq GSM,Inter Mkt Swp; Trade Thru Exmpt
09:38:40.186 AM ET,3.185,100,319,Mid,MEMX,
09:38:40.201 AM ET,3.185,100,319,Mid,NYSE,
09:38:41.240 AM ET,3.180,100,318,Ask,Nasdaq GSM,
09:38:41.241 AM ET,3.180,100,318,Ask,Off Exchange,
09:39:50.821 AM ET,3.160,100,316,Bid,Off Exchange,
09:40:07.481 AM ET,3.160,100,316,Bid,Off Exchange,
09:40:26.081 AM ET,3.160,100,316,Bid,Off Exchange,
09:41:05.341 AM ET,3.170,100,317,Mid,Off Exchange,
09:41:09.740 AM ET,3.180,100,318,Bid,Cboe EDGX,Inter Mkt Swp; Trade Thru Exmpt
09:41:09.740 AM ET,3.180,100,318,Bid,Cboe BZX,Inter Mkt Swp; Trade Thru Exmpt
09:41:09.740 AM ET,3.180,100,318,Bid,NYSE,Inter Mkt Swp; Trade Thru Exmpt
09:41:49.910 AM ET,3.190,100,319,Bid,MEMX,
09:41:49.910 AM ET,3.200,100,320,Bid,Cboe EDGX,Inter Mkt Swp; Trade Thru Exmpt
09:41:49.910 AM ET,3.200,100,320,Bid,Cboe BZX,Inter Mkt Swp; Trade Thru Exmpt
09:41:49.910 AM ET,3.200,100,320,Bid,MEMX,Inter Mkt Swp; Trade Thru Exmpt
09:41:49.911 AM ET,3.200,100,320,Bid,NYSE,Inter Mkt Swp; Trade Thru Exmpt
09:42:07.868 AM ET,3.210,100,321,Mid,NYSE Arca,
09:42:46.992 AM ET,3.190,100,319,Bid,Nasdaq GSM,Inter Mkt Swp; Trade Thru Exmpt
09:42:50.313 AM ET,3.190,100,319,Bid,Nasdaq GSM,Inter Mkt Swp; Trade Thru Exmpt
09:42:50.314 AM ET,3.190,100,319,Bid,IEX,
09:43:31.257 AM ET,3.180,100,318,Bid,Nasdaq GSM,Inter Mkt Swp; Trade Thru Exmpt
09:43:31.258 AM ET,3.180,100,318,Bid,Nasdaq GSM,Inter Mkt Swp; Trade Thru Exmpt
09:43:31.358 AM ET,3.180,100,318,Ask,Cboe BZX,
09:44:56.727 AM ET,3.190,100,319,Ask,Nasdaq GSM,
09:44:56.727 AM ET,3.190,100,319,Ask,Cboe BZX,
09:44:56.728 AM ET,3.190,100,319,Ask,NYSE Arca,
09:44:56.740 AM ET,3.190,100,319,Ask,Off Exchange,
09:44:56.754 AM ET,3.190,100,319,Ask,IEX,
09:44:56.754 AM ET,3.200,100,320,Ask,NYSE Arca,Inter Mkt Swp; Trade Thru Exmpt
09:44:56.754 AM ET,3.200,100,320,Ask,NYSE,Inter Mkt Swp; Trade Thru Exmpt
09:44:56.758 AM ET,3.210,100,321,Ask,Off Exchange,
09:44:56.777 AM ET,3.210,100,321,Ask,Off Exchange,
09:44:56.777 AM ET,3.210,100,321,Ask,NYSE,
09:44:56.777 AM ET,3.210,100,321,Ask,NYSE Arca,
09:44:57.778 AM ET,3.210,100,321,Bid,Off Exchange,
09:44:57.778 AM ET,3.210,100,321,Bid,Cboe EDGX,
09:44:57.780 AM ET,3.210,100,321,Bid,Off Exchange,
09:44:57.804 AM ET,3.215,100,322,Mid,Nasdaq GSM,
09:45:09.243 AM ET,3.220,100,322,Mid,Nasdaq GSM,
09:45:21.177 AM ET,3.220,100,322,Mid,NYSE,Inter Mkt Swp; Trade Thru Exmpt
09:46:23.660 AM ET,3.210,100,321,Bid,NYSE Arca,Inter Mkt Swp; Trade Thru Exmpt
09:46:31.257 AM ET,3.210,100,321,Bid,NYSE Arca,Inter Mkt Swp; Trade Thru Exmpt
09:46:31.257 AM ET,3.210,100,321,Bid,IEX,
09:46:31.257 AM ET,3.210,100,321,Bid,NYSE Arca,
09:46:33.358 AM ET,3.210,100,321,Bid,IEX,
09:47:50.819 AM ET,3.220,100,322,Bid,Nasdaq GSM,
09:47:50.820 AM ET,3.220,100,322,Bid,NYSE Arca,
09:47:50.820 AM ET,3.220,100,322,Bid,Nasdaq GSM,
09:48:03.807 AM ET,3.230,100,323,Mid,IEX,
09:48:56.055 AM ET,3.220,100,322,Bid,Nasdaq GSM,Inter Mkt Swp; Trade Thru Exmpt
09:48:56.055 AM ET,3.220,100,322,Bid,NYSE Arca,Inter Mkt Swp; Trade Thru Exmpt
09:48:56.064 AM ET,3.225,100,323,Mid,Cboe BYX,
09:48:56.064 AM ET,3.225,100,323,Mid,Off Exchange,
09:48:56.064 AM ET,3.225,100,323,Mid,Cboe EDGA,
09:48:56.064 AM ET,3.225,100,323,Mid,IEX,
09:48:56.066 AM ET,3.225,100,323,Mid,Off Exchange,
09:48:56.070 AM ET,3.225,100,323,Mid,MEMX,
09:48:56.072 AM ET,3.225,100,323,Mid,NYSE,
09:48:57.495 AM ET,3.220,100,322,Bid,Nasdaq GSM,Inter Mkt Swp; Trade Thru Exmpt
09:49:05.525 AM ET,3.220,100,322,Bid,Off Exchange,
09:49:09.897 AM ET,3.225,100,323,Mid,IEX,
09:49:43.931 AM ET,3.230,100,323,Bid,Nasdaq GSM,
09:49:43.931 AM ET,3.230,100,323,Bid,MEMX,
09:49:43.931 AM ET,3.230,100,323,Bid,NYSE Arca,
09:49:46.915 AM ET,3.235,100,324,Mid,Nasdaq GSM,
09:50:17.659 AM ET,3.230,100,323,Bid,NYSE Arca,
09:50:23.556 AM ET,3.240,100,324,Bid,Off Exchange,
09:50:23.559 AM ET,3.240,100,324,Bid,Off Exchange,
09:50:23.562 AM ET,3.240,100,324,Bid,Nasdaq GSM,Inter Mkt Swp; Trade Thru Exmpt
09:50:23.562 AM ET,3.240,100,324,Bid,MEMX,Inter Mkt Swp; Trade Thru Exmpt
09:50:23.562 AM ET,3.240,100,324,Bid,NYSE Arca,Inter Mkt Swp; Trade Thru Exmpt
09:50:23.562 AM ET,3.240,100,324,Bid,IEX,
09:51:01.079 AM ET,3.245,100,325,Mid,Cboe BZX,
09:51:01.080 AM ET,3.245,100,325,Mid,NYSE Arca,
09:51:01.095 AM ET,3.250,100,325,Ask,Off Exchange,
09:51:18.820 AM ET,3.245,100,325,Mid,Nasdaq GSM,
09:51:18.820 AM ET,3.245,100,325,Mid,Cboe EDGX,
09:51:18.820 AM ET,3.245,100,325,Mid,NYSE Arca,
09:51:33.079 AM ET,3.245,100,325,Mid,NYSE Arca,
09:51:33.079 AM ET,3.245,100,325,Mid,Nasdaq GSM,
09:51:48.079 AM ET,3.245,100,325,Mid,Nasdaq GSM,
09:51:48.079 AM ET,3.245,100,325,Mid,Cboe BZX,
09:52:03.495 AM ET,3.250,100,325,Bid,Nasdaq GSM,Inter Mkt Swp; Trade Thru Exmpt
09:52:03.496 AM ET,3.250,100,325,Bid,NYSE Arca,
09:52:03.522 AM ET,3.250,100,325,Bid,Nasdaq GSM,Inter Mkt Swp; Trade Thru Exmpt
09:52:18.079 AM ET,3.255,100,326,Mid,Nasdaq GSM,
09:52:18.080 AM ET,3.255,100,326,Mid,NYSE Arca,
09:52:36.479 AM ET,3.255,100,326,Mid,MEMX,
09:52:58.510 AM ET,3.255,100,326,Mid,Off Exchange,
09:53:26.716 AM ET,3.250,100,325,Bid,Nasdaq GSM,
09:53:26.716 AM ET,3.250,100,325,Bid,MEMX,Inter Mkt Swp; Trade Thru Exmpt
09:53:26.716 AM ET,3.250,100,325,Bid,IEX,
09:54:42.942 AM ET,3.240,100,324,Bid,Off Exchange,
09:54:43.105 AM ET,3.240,100,324,Bid,Off Exchange,
09:54:43.132 AM ET,3.240,100,324,Bid,Off Exchange,
09:55:21.566 AM ET,3.245,100,325,Mid,MEMX,
09:55:21.567 AM ET,3.245,100,325,Mid,MEMX,
09:55:43.141 AM ET,3.250,100,325,Ask,IEX,
09:55:43.142 AM ET,3.250,100,325,Ask,IEX,
09:56:09.895 AM ET,3.245,100,325,Mid,MEMX,
09:56:16.181 AM ET,3.240,100,324,Bid,Off Exchange,
09:56:32.101 AM ET,3.240,100,324,Bid,Off Exchange,
09:56:44.022 AM ET,3.245,100,325,Mid,Nasdaq GSM,
09:56:55.601 AM ET,3.240,100,324,Bid,Off Exchange,
09:57:42.142 AM ET,3.245,100,325,Mid,NYSE Arca,
09:57:45.670 AM ET,3.240,100,324,Mid,IEX,
09:57:45.670 AM ET,3.240,100,324,Mid,NYSE Arca,
09:57:45.675 AM ET,3.240,100,324,Mid,IEX,
09:57:56.295 AM ET,3.230,100,323,Bid,IEX,
09:58:05.069 AM ET,3.230,100,323,Bid,IEX,
09:58:07.321 AM ET,3.220,100,322,Bid,Off Exchange,
09:58:24.735 AM ET,3.220,100,322,Bid,IEX,
09:58:39.189 AM ET,3.220,100,322,Bid,Nasdaq GSM,Inter Mkt Swp; Trade Thru Exmpt
09:58:44.042 AM ET,3.220,100,322,Bid,Off Exchange,
09:58:45.778 AM ET,3.225,100,323,Mid,NYSE,
09:58:45.779 AM ET,3.225,100,323,Mid,Nasdaq GSM,
09:58:58.641 AM ET,3.220,100,322,Bid,Off Exchange,
09:59:32.421 AM ET,3.220,100,322,Bid,Off Exchange,
09:59:47.134 AM ET,3.225,100,323,Mid,NYSE,
09:59:52.461 AM ET,3.220,100,322,Bid,Off Exchange,
10:00:10.195 AM ET,3.220,100,322,Bid,NYSE Arca,Inter Mkt Swp; Trade Thru Exmpt
10:00:11.170 AM ET,3.225,100,323,Mid,Nasdaq GSM,
10:00:16.517 AM ET,3.220,100,322,Bid,Off Exchange,
10:00:19.381 AM ET,3.225,100,323,Mid,Nasdaq GSM,
10:00:19.382 AM ET,3.225,100,323,Mid,NYSE Arca,
10:00:19.382 AM ET,3.220,100,322,Bid,NYSE Arca,Inter Mkt Swp; Trade Thru Exmpt
10:00:19.382 AM ET,3.220,100,322,Bid,NYSE Arca,
10:00:30.041 AM ET,3.220,100,322,Bid,Off Exchange,
10:00:47.991 AM ET,3.220,100,322,Bid,IEX,
10:00:47.991 AM ET,3.220,100,322,Bid,NYSE Arca,
10:01:01.289 AM ET,3.225,100,323,Mid,Cboe BZX,
10:01:10.944 AM ET,3.220,100,322,Ask,Nasdaq GSM,
10:01:10.944 AM ET,3.220,100,322,Ask,Cboe BZX,
10:01:11.264 AM ET,3.210,100,321,Bid,Off Exchange,
10:01:11.265 AM ET,3.215,100,322,Mid,IEX,
10:01:14.387 AM ET,3.215,100,322,Mid,Cboe BZX,
10:01:14.387 AM ET,3.215,100,322,Mid,Cboe EDGX,
10:01:39.757 AM ET,3.215,100,322,Mid,Off Exchange,
10:01:53.355 AM ET,3.210,100,321,Bid,Cboe BZX,Inter Mkt Swp; Trade Thru Exmpt
10:01:58.679 AM ET,3.215,100,322,Mid,Cboe BZX,
10:02:01.815 AM ET,3.210,100,321,Bid,IEX,
10:02:13.105 AM ET,3.200,100,320,Bid,Off Exchange,
10:02:16.643 AM ET,3.210,100,321,Mid,NYSE,
10:02:16.643 AM ET,3.210,100,321,Mid,NYSE Arca,
10:02:23.480 AM ET,3.210,100,321,Mid,NYSE Arca,
10:02:29.163 AM ET,3.200,100,320,Bid,Nasdaq GSM,Inter Mkt Swp; Trade Thru Exmpt
10:02:39.103 AM ET,3.210,100,321,Ask,Off Exchange,
10:02:39.641 AM ET,3.200,100,320,Bid,Off Exchange,
10:03:11.241 AM ET,3.210,100,321,Ask,Off Exchange,
10:03:17.401 AM ET,3.200,100,320,Bid,Off Exchange,
10:03:33.515 AM ET,3.200,100,320,Bid,IEX,
10:03:42.781 AM ET,3.200,100,320,Bid,Off Exchange,
10:03:56.116 AM ET,3.200,100,320,Bid,Nasdaq GSM,Inter Mkt Swp; Trade Thru Exmpt
10:03:56.232 AM ET,3.205,100,321,Mid,IEX,
10:03:56.232 AM ET,3.205,100,321,Mid,Off Exchange,
10:03:56.233 AM ET,3.205,100,321,Mid,Off Exchange,
10:04:09.881 AM ET,3.200,100,320,Bid,Off Exchange,
10:04:23.082 AM ET,3.200,100,320,Bid,Off Exchange,
10:04:35.416 AM ET,3.210,100,321,Ask,Off Exchange,
10:05:17.355 AM ET,3.205,100,321,Mid,Cboe BZX,
10:05:22.921 AM ET,3.200,100,320,Bid,Off Exchange,
10:05:25.179 AM ET,3.205,100,321,Mid,Cboe EDGX,
10:05:38.901 AM ET,3.200,100,320,Bid,Off Exchange,
10:05:54.322 AM ET,3.200,100,320,Bid,Off Exchange,
10:06:08.661 AM ET,3.210,100,321,Ask,Cboe EDGX,Inter Mkt Swp; Trade Thru Exmpt
10:06:08.661 AM ET,3.210,100,321,Ask,NYSE,Inter Mkt Swp; Trade Thru Exmpt
10:06:08.686 AM ET,3.210,100,321,Ask,Nasdaq GSM,Inter Mkt Swp; Trade Thru Exmpt
10:06:08.687 AM ET,3.210,100,321,Ask,NYSE Arca,Inter Mkt Swp; Trade Thru Exmpt
10:06:08.687 AM ET,3.210,100,321,Ask,NYSE Arca,
10:06:13.509 AM ET,3.210,100,321,Bid,Off Exchange,
10:06:41.630 AM ET,3.219,100,322,Mid,Off Exchange,
10:07:14.434 AM ET,3.210,100,321,Bid,Nasdaq GSM,Inter Mkt Swp; Trade Thru Exmpt
10:07:22.311 AM ET,3.210,100,321,Bid,IEX,
10:07:52.804 AM ET,3.215,100,322,Mid,NYSE,
10:08:16.719 AM ET,3.215,100,322,Mid,IEX,
10:08:56.031 AM ET,3.215,100,322,Mid,NYSE,
10:09:00.665 AM ET,3.215,100,322,Mid,Nasdaq GSM,
10:09:00.669 AM ET,3.215,100,322,Mid,Nasdaq GSM,
10:10:16.388 AM ET,3.220,100,322,Ask,Cboe BZX,Inter Mkt Swp; Trade Thru Exmpt
10:10:30.384 AM ET,3.220,100,322,Bid,Cboe EDGX,Inter Mkt Swp; Trade Thru Exmpt
10:10:30.384 AM ET,3.220,100,322,Bid,NYSE,Inter Mkt Swp; Trade Thru Exmpt
10:10:30.384 AM ET,3.220,100,322,Bid,NYSE Arca,Inter Mkt Swp; Trade Thru Exmpt
10:11:43.417 AM ET,3.235,100,324,Ask,Nasdaq GSM,
10:11:50.146 AM ET,3.230,100,323,Bid,Nasdaq GSM,Inter Mkt Swp; Trade Thru Exmpt
10:11:50.146 AM ET,3.230,100,323,Bid,Cboe BZX,Inter Mkt Swp; Trade Thru Exmpt
10:11:50.147 AM ET,3.230,100,323,Bid,NYSE Arca,Inter Mkt Swp; Trade Thru Exmpt
10:12:04.749 AM ET,3.230,100,323,Mid,IEX,
10:12:04.753 AM ET,3.230,100,323,Mid,Off Exchange,
10:12:51.373 AM ET,3.225,100,323,Mid,Cboe EDGX,
10:13:18.875 AM ET,3.220,100,322,Bid,Nasdaq GSM,Inter Mkt Swp; Trade Thru Exmpt
10:13:18.876 AM ET,3.220,100,322,Bid,MEMX,Inter Mkt Swp; Trade Thru Exmpt
10:13:18.876 AM ET,3.220,100,322,Bid,NYSE Arca,
10:14:13.020 AM ET,3.225,100,323,Mid,IEX,
10:14:13.030 AM ET,3.225,100,323,Mid,Off Exchange,
10:14:46.895 AM ET,3.220,100,322,Bid,NYSE Arca,Inter Mkt Swp; Trade Thru Exmpt
10:14:46.895 AM ET,3.220,100,322,Bid,IEX,
10:14:46.902 AM ET,3.215,100,322,Bid,NYSE Arca,
10:14:51.961 AM ET,3.220,100,322,Bid,Nasdaq GSM,
10:14:51.962 AM ET,3.220,100,322,Bid,Cboe BZX,
10:15:41.055 AM ET,3.225,100,322,Mid,Off Exchange,Avg Price
10:16:16.632 AM ET,3.225,100,323,Mid,NYSE Arca,
10:16:16.632 AM ET,3.225,100,323,Mid,Nasdaq GSM,
10:16:17.356 AM ET,3.225,100,323,Mid,NYSE,
10:16:23.636 AM ET,3.220,100,322,Ask,Cboe BYX,Inter Mkt Swp; Trade Thru Exmpt
10:16:23.637 AM ET,3.220,100,322,Ask,NYSE Arca,Inter Mkt Swp; Trade Thru Exmpt
10:16:23.637 AM ET,3.220,100,322,Ask,Cboe BYX,Inter Mkt Swp; Trade Thru Exmpt
10:16:23.738 AM ET,3.220,100,322,Mid,Off Exchange,
10:17:31.641 AM ET,3.215,100,322,Mid,Off Exchange,
10:17:39.596 AM ET,3.210,100,321,Bid,Cboe EDGX,Inter Mkt Swp; Trade Thru Exmpt
10:18:44.353 AM ET,3.222,100,322,Ask,Off Exchange,Avg Price; Deriv Priced; Trade Thru Exmpt
10:18:52.712 AM ET,3.205,100,321,Mid,Nasdaq GSM,
10:18:58.522 AM ET,3.205,100,321,Mid,Off Exchange,
10:20:31.708 AM ET,3.200,100,320,Bid,Nasdaq GSM,Inter Mkt Swp; Trade Thru Exmpt
10:20:42.256 AM ET,3.200,100,320,Ask,Nasdaq GSM,Inter Mkt Swp; Trade Thru Exmpt
10:20:55.131 AM ET,3.195,100,320,Mid,Off Exchange,
10:21:04.494 AM ET,3.195,100,320,Mid,IEX,
10:21:04.494 AM ET,3.195,100,320,Mid,Off Exchange,
10:21:04.496 AM ET,3.195,100,320,Mid,Nasdaq GSM,
10:21:04.765 AM ET,3.195,100,320,Mid,Nasdaq GSM,Inter Mkt Swp; Trade Thru Exmpt
10:21:04.765 AM ET,3.200,100,320,Ask,Nasdaq GSM,Inter Mkt Swp; Trade Thru Exmpt
10:21:04.765 AM ET,3.195,100,320,Mid,Cboe EDGX,
10:21:04.765 AM ET,3.195,100,320,Mid,Cboe BZX,
10:21:04.765 AM ET,3.200,100,320,Ask,Cboe EDGX,Inter Mkt Swp; Trade Thru Exmpt
10:21:04.765 AM ET,3.195,100,320,Mid,MEMX,Inter Mkt Swp; Trade Thru Exmpt
10:21:04.765 AM ET,3.195,100,320,Mid,NYSE Arca,Inter Mkt Swp; Trade Thru Exmpt
10:21:04.765 AM ET,3.200,100,320,Ask,NYSE Arca,Inter Mkt Swp; Trade Thru Exmpt
10:21:04.765 AM ET,3.195,100,320,Mid,NYSE,
10:21:04.765 AM ET,3.200,100,320,Ask,Cboe BZX,
10:21:04.767 AM ET,3.200,100,320,Ask,Nasdaq GSM,
10:21:33.391 AM ET,3.200,100,320,Bid,Nasdaq GSM,Inter Mkt Swp; Trade Thru Exmpt
10:21:33.391 AM ET,3.200,100,320,Bid,NYSE Arca,Inter Mkt Swp; Trade Thru Exmpt
10:21:39.094 AM ET,3.210,100,321,Mid,IEX,
10:22:19.187 AM ET,3.210,100,321,Mid,Cboe BZX,
10:24:04.985 AM ET,3.220,100,322,Bid,Nasdaq GSM,Inter Mkt Swp; Trade Thru Exmpt
10:24:04.985 AM ET,3.220,100,322,Bid,Cboe EDGX,Inter Mkt Swp; Trade Thru Exmpt
10:24:04.985 AM ET,3.220,100,322,Bid,NYSE,Inter Mkt Swp; Trade Thru Exmpt
10:24:04.985 AM ET,3.220,100,322,Bid,NYSE Arca,Inter Mkt Swp; Trade Thru Exmpt
10:24:04.985 AM ET,3.220,100,322,Bid,IEX,
10:24:04.986 AM ET,3.230,100,323,Mid,Off Exchange,
10:24:25.203 AM ET,3.240,100,324,Mid,Nasdaq GSM,Inter Mkt Swp; Trade Thru Exmpt
10:24:33.382 AM ET,3.210,100,321,Bid,Off Exchange,Avg Price; Deriv Priced; Trade Thru Exmpt
10:25:55.723 AM ET,3.240,100,324,Mid,Nasdaq GSM,
10:26:33.180 AM ET,3.240,100,324,Mid,Cboe BZX,
10:27:14.385 AM ET,3.240,100,324,Mid,Cboe BZX,Inter Mkt Swp; Trade Thru Exmpt
10:27:17.082 AM ET,3.230,100,323,Bid,Cboe EDGX,Inter Mkt Swp; Trade Thru Exmpt
10:27:42.432 AM ET,3.228,100,323,Bid,Off Exchange,Avg Price; Deriv Priced; Trade Thru Exmpt
10:30:02.124 AM ET,3.230,100,323,Ask,Nasdaq GSM,Inter Mkt Swp; Trade Thru Exmpt
10:30:02.125 AM ET,3.230,100,323,Ask,NYSE,Inter Mkt Swp; Trade Thru Exmpt
10:30:02.125 AM ET,3.230,100,323,Ask,NYSE Arca,Inter Mkt Swp; Trade Thru Exmpt
10:30:15.616 AM ET,3.220,100,322,Bid,Cboe BYX,Inter Mkt Swp; Trade Thru Exmpt
10:30:15.616 AM ET,3.220,100,322,Bid,Cboe EDGX,
10:31:35.235 AM ET,3.227,100,323,Mid,Off Exchange,Avg Price; Deriv Priced; Trade Thru Exmpt
10:32:20.292 AM ET,3.230,100,323,Bid,Cboe EDGA,Inter Mkt Swp; Trade Thru Exmpt
10:32:20.292 AM ET,3.230,100,323,Bid,Nasdaq GSM,Inter Mkt Swp; Trade Thru Exmpt
10:32:20.292 AM ET,3.230,100,323,Bid,Off Exchange,
10:32:20.292 AM ET,3.230,100,323,Bid,NYSE Arca,Inter Mkt Swp; Trade Thru Exmpt
10:32:20.292 AM ET,3.230,100,323,Bid,Cboe BZX,Inter Mkt Swp; Trade Thru Exmpt
10:32:52.255 AM ET,3.230,100,323,Bid,NYSE Arca,Inter Mkt Swp; Trade Thru Exmpt
10:33:16.903 AM ET,3.227,100,323,Bid,Off Exchange,Avg Price; Deriv Priced; Trade Thru Exmpt
10:33:22.264 AM ET,3.235,100,324,Mid,NYSE,
10:33:33.943 AM ET,3.228,100,323,Bid,Off Exchange,Avg Price; Deriv Priced; Trade Thru Exmpt
10:34:17.480 AM ET,3.235,100,324,Mid,Off Exchange,
10:34:19.176 AM ET,3.235,100,324,Mid,Cboe BZX,
10:35:09.578 AM ET,3.230,100,323,Bid,Cboe BYX,Inter Mkt Swp; Trade Thru Exmpt
10:35:09.579 AM ET,3.230,100,323,Bid,NYSE Arca,Inter Mkt Swp; Trade Thru Exmpt
10:35:09.579 AM ET,3.230,100,323,Bid,Cboe EDGX,
10:35:09.579 AM ET,3.230,100,323,Bid,Cboe BZX,Inter Mkt Swp; Trade Thru Exmpt
10:35:09.579 AM ET,3.230,100,323,Bid,NYSE Arca,
10:35:09.579 AM ET,3.230,100,323,Bid,Cboe BZX,
10:35:09.579 AM ET,3.230,100,323,Bid,IEX,
10:35:19.857 AM ET,3.230,100,323,Ask,NYSE Arca,
10:35:38.315 AM ET,3.220,100,322,Mid,IEX,
10:36:53.076 AM ET,3.230,100,323,Bid,Nasdaq GSM,Inter Mkt Swp; Trade Thru Exmpt
10:36:53.076 AM ET,3.230,100,323,Bid,Cboe EDGA,Inter Mkt Swp; Trade Thru Exmpt
10:36:53.076 AM ET,3.230,100,323,Bid,Cboe BZX,Inter Mkt Swp; Trade Thru Exmpt
10:36:53.077 AM ET,3.230,100,323,Bid,NYSE,
10:36:53.084 AM ET,3.230,100,323,Bid,IEX,
10:38:22.292 AM ET,3.231,100,323,Mid,Off Exchange,Avg Price
10:39:13.631 AM ET,3.235,100,324,Mid,IEX,
10:39:53.261 AM ET,3.229,100,323,Bid,Off Exchange,Avg Price; Deriv Priced; Trade Thru Exmpt
10:39:53.356 AM ET,3.235,100,324,Mid,NYSE,
10:43:18.143 AM ET,3.234,100,323,Mid,Off Exchange,Avg Price
10:44:26.585 AM ET,3.230,100,323,Ask,Nasdaq GSM,Inter Mkt Swp; Trade Thru Exmpt
10:44:26.586 AM ET,3.230,100,323,Ask,NYSE Arca,Inter Mkt Swp; Trade Thru Exmpt
10:44:55.517 AM ET,3.220,100,322,Bid,Cboe BYX,Inter Mkt Swp; Trade Thru Exmpt
10:44:57.401 AM ET,3.220,100,322,Bid,IEX,
10:45:51.370 AM ET,3.220,100,322,Bid,Nasdaq GSM,Inter Mkt Swp; Trade Thru Exmpt
10:46:15.340 AM ET,3.220,100,322,Bid,IEX,
10:48:01.308 AM ET,3.220,100,322,Ask,Cboe BZX,Inter Mkt Swp; Trade Thru Exmpt
10:48:01.308 AM ET,3.220,100,322,Ask,Nasdaq GSM,Inter Mkt Swp; Trade Thru Exmpt
10:48:01.308 AM ET,3.220,100,322,Ask,NYSE Arca,Inter Mkt Swp; Trade Thru Exmpt
10:48:06.962 AM ET,3.223,100,322,Ask,Off Exchange,Avg Price; Deriv Priced; Trade Thru Exmpt
10:48:15.279 AM ET,3.220,100,322,Ask,Nasdaq GSM,Inter Mkt Swp; Trade Thru Exmpt
10:48:15.279 AM ET,3.220,100,322,Ask,Cboe BZX,Inter Mkt Swp; Trade Thru Exmpt
10:48:15.279 AM ET,3.220,100,322,Ask,NYSE Arca,Inter Mkt Swp; Trade Thru Exmpt
10:48:34.294 AM ET,3.220,100,322,Bid,MEMX,Inter Mkt Swp; Trade Thru Exmpt
10:48:56.793 AM ET,3.220,100,322,Bid,Off Exchange,
10:48:56.796 AM ET,3.220,100,322,Bid,Off Exchange,
10:49:35.640 AM ET,3.224,100,322,Mid,Off Exchange,Avg Price; Deriv Priced; Trade Thru Exmpt
10:49:47.462 AM ET,3.220,100,322,Mid,Off Exchange,Avg Price
10:50:54.035 AM ET,3.225,100,323,Mid,Nasdaq GSM,
10:51:15.284 AM ET,3.225,100,323,Mid,NYSE,
10:51:26.020 AM ET,3.225,100,323,Mid,Off Exchange,
10:51:57.485 AM ET,3.225,100,323,Mid,Off Exchange,
10:51:57.488 AM ET,3.225,100,323,Mid,Off Exchange,
10:52:15.429 AM ET,3.230,100,323,Ask,Nasdaq GSM,Inter Mkt Swp; Trade Thru Exmpt
10:53:25.815 AM ET,3.225,100,323,Mid,IEX,
10:53:26.526 AM ET,3.225,100,323,Mid,Nasdaq GSM,
10:53:39.888 AM ET,3.225,100,323,Mid,IEX,
10:53:48.287 AM ET,3.225,100,323,Mid,Nasdaq GSM,
10:54:26.510 AM ET,3.225,100,323,Mid,Nasdaq GSM,
10:54:52.304 AM ET,3.225,100,323,Mid,NYSE Arca,
10:54:52.304 AM ET,3.225,100,323,Mid,NYSE,
10:54:55.540 AM ET,3.225,100,323,Mid,Nasdaq GSM,
10:55:35.422 AM ET,3.225,100,323,Mid,IEX,
10:55:44.372 AM ET,3.225,100,323,Mid,Off Exchange,Avg Price
10:55:56.569 AM ET,3.220,100,322,Bid,MEMX,Inter Mkt Swp; Trade Thru Exmpt
10:55:56.569 AM ET,3.220,100,322,Bid,NYSE Arca,
10:56:32.140 AM ET,3.220,100,322,Ask,NYSE,Inter Mkt Swp; Trade Thru Exmpt
10:56:32.140 AM ET,3.220,100,322,Ask,Cboe BZX,
10:56:32.141 AM ET,3.220,100,322,Ask,NYSE Arca,
10:56:46.020 AM ET,3.220,100,322,Ask,Cboe EDGX,Inter Mkt Swp; Trade Thru Exmpt
10:57:19.526 AM ET,3.220,100,322,Ask,Off Exchange,
10:57:19.526 AM ET,3.220,100,322,Ask,Cboe EDGX,
10:57:19.545 AM ET,3.220,100,322,Ask,Off Exchange,
10:57:22.194 AM ET,3.220,100,322,Ask,Off Exchange,
10:59:21.232 AM ET,3.220,100,322,Ask,Off Exchange,Avg Price; Deriv Priced; Trade Thru Exmpt
10:59:21.233 AM ET,3.210,100,321,Bid,Nasdaq BX,Inter Mkt Swp; Trade Thru Exmpt
10:59:48.196 AM ET,3.215,100,322,Mid,NYSE Arca,
10:59:52.236 AM ET,3.215,100,322,Mid,Nasdaq GSM,
10:59:52.236 AM ET,3.215,100,322,Mid,NYSE,
11:02:13.870 AM ET,3.215,100,322,Mid,Off Exchange,
11:02:59.679 AM ET,3.220,100,322,Ask,NYSE Arca,Inter Mkt Swp; Trade Thru Exmpt
11:03:30.078 AM ET,3.215,100,322,Mid,Cboe BZX,
11:05:02.131 AM ET,3.215,100,322,Mid,NYSE,
11:05:25.284 AM ET,3.215,100,322,Mid,Off Exchange,
11:05:36.696 AM ET,3.210,100,321,Bid,IEX,
11:06:16.901 AM ET,3.210,100,321,Bid,IEX,
11:06:35.160 AM ET,3.210,100,321,Bid,Nasdaq GSM,Inter Mkt Swp; Trade Thru Exmpt
11:06:35.161 AM ET,3.210,100,321,Bid,NYSE Arca,
11:06:35.161 AM ET,3.210,100,321,Bid,NYSE Arca,Inter Mkt Swp; Trade Thru Exmpt
11:06:35.161 AM ET,3.210,100,321,Bid,NYSE,Inter Mkt Swp; Trade Thru Exmpt
11:08:50.543 AM ET,3.205,100,321,Mid,Cboe EDGX,
11:10:08.387 AM ET,3.210,100,321,Ask,NYSE,Inter Mkt Swp; Trade Thru Exmpt
11:10:08.387 AM ET,3.210,100,321,Ask,NYSE Arca,Inter Mkt Swp; Trade Thru Exmpt
11:10:08.387 AM ET,3.210,100,321,Ask,Off Exchange,
11:10:59.520 AM ET,3.210,100,321,Bid,Cboe BYX,Inter Mkt Swp; Trade Thru Exmpt
11:11:09.763 AM ET,3.215,100,322,Mid,Off Exchange,
11:11:29.823 AM ET,3.210,100,321,Mid,Off Exchange,Avg Price
11:11:54.096 AM ET,3.220,100,322,Ask,Nasdaq GSM,
11:11:54.096 AM ET,3.220,100,322,Ask,Cboe BZX,
11:11:54.096 AM ET,3.220,100,322,Ask,MEMX,
11:11:54.096 AM ET,3.220,100,322,Ask,Cboe EDGX,
11:11:54.096 AM ET,3.220,100,322,Ask,NYSE Arca,
11:11:57.917 AM ET,3.225,100,323,Mid,Cboe EDGX,
11:12:21.306 AM ET,3.220,100,322,Bid,Cboe BYX,Inter Mkt Swp; Trade Thru Exmpt
11:12:21.308 AM ET,3.220,100,322,Bid,Cboe BZX,
11:14:44.798 AM ET,3.220,100,322,Ask,Nasdaq GSM,
11:14:44.799 AM ET,3.220,100,322,Ask,NYSE Arca,
11:15:44.656 AM ET,3.220,100,322,Ask,IEX,
11:16:47.620 AM ET,3.215,100,322,Mid,Nasdaq GSM,
11:16:51.171 AM ET,3.215,100,322,Mid,Nasdaq GSM,
11:17:53.469 AM ET,3.220,100,322,Ask,Nasdaq GSM,Inter Mkt Swp; Trade Thru Exmpt
11:17:53.469 AM ET,3.220,100,322,Ask,Cboe EDGX,Inter Mkt Swp; Trade Thru Exmpt
11:17:53.469 AM ET,3.220,100,322,Ask,NYSE Arca,Inter Mkt Swp; Trade Thru Exmpt
11:17:53.470 AM ET,3.225,100,323,Ask,IEX,
11:17:53.475 AM ET,3.225,100,323,Ask,IEX,
11:17:53.489 AM ET,3.225,100,323,Ask,Off Exchange,
11:18:25.168 AM ET,3.220,100,322,Bid,Cboe BYX,Inter Mkt Swp; Trade Thru Exmpt
11:18:39.889 AM ET,3.220,100,322,Ask,Nasdaq GSM,
11:18:39.889 AM ET,3.220,100,322,Ask,Nasdaq GSM,Inter Mkt Swp; Trade Thru Exmpt
11:18:39.890 AM ET,3.220,100,322,Ask,NYSE Arca,
11:18:39.891 AM ET,3.215,100,322,Mid,NYSE National,
11:20:51.300 AM ET,3.210,100,321,Bid,Off Exchange,
11:20:58.752 AM ET,3.221,100,322,Ask,Off Exchange,Avg Price; Deriv Priced; Trade Thru Exmpt
11:21:18.163 AM ET,3.215,100,322,Mid,NYSE,
11:22:17.025 AM ET,3.215,100,322,Mid,Nasdaq GSM,Inter Mkt Swp; Trade Thru Exmpt
11:23:25.661 AM ET,3.215,100,322,Mid,MEMX,
11:23:25.663 AM ET,3.210,100,321,Bid,Off Exchange,
11:25:41.046 AM ET,3.215,100,322,Mid,Cboe EDGX,
11:26:35.462 AM ET,3.214,100,321,Mid,Off Exchange,Avg Price
11:27:36.117 AM ET,3.215,100,322,Mid,Off Exchange,
11:27:36.118 AM ET,3.215,100,322,Mid,Off Exchange,
11:28:04.352 AM ET,3.215,100,322,Mid,NYSE Arca,
11:28:32.230 AM ET,3.210,100,321,Bid,Off Exchange,
11:28:56.630 AM ET,3.215,100,322,Mid,NYSE National,Inter Mkt Swp; Trade Thru Exmpt
11:29:12.319 AM ET,3.215,100,322,Mid,IEX,
11:29:51.035 AM ET,3.210,100,321,Ask,Cboe BZX,
11:29:51.035 AM ET,3.210,100,321,Ask,Cboe BZX,Inter Mkt Swp; Trade Thru Exmpt
11:29:51.035 AM ET,3.210,100,321,Ask,NYSE Arca,
11:30:20.298 AM ET,3.205,100,321,Mid,Cboe BYX,Inter Mkt Swp; Trade Thru Exmpt
11:30:22.960 AM ET,3.205,100,321,Mid,Off Exchange,
11:30:29.151 AM ET,3.205,100,321,Mid,NYSE National,
11:30:29.152 AM ET,3.205,100,321,Mid,Off Exchange,
11:30:29.163 AM ET,3.210,100,321,Ask,Cboe BYX,Inter Mkt Swp; Trade Thru Exmpt
11:30:29.171 AM ET,3.205,100,321,Mid,IEX,
11:30:29.171 AM ET,3.210,100,321,Ask,Cboe EDGX,
11:30:29.176 AM ET,3.205,100,321,Mid,Nasdaq GSM,
11:30:29.199 AM ET,3.205,100,321,Mid,IEX,
11:30:33.102 AM ET,3.205,100,321,Mid,Cboe BZX,
11:30:37.930 AM ET,3.205,100,321,Mid,Off Exchange,
11:30:37.942 AM ET,3.205,100,321,Mid,Off Exchange,
11:30:49.945 AM ET,3.205,100,321,Mid,Nasdaq GSM,
11:31:20.521 AM ET,3.205,100,321,Mid,Nasdaq GSM,
11:31:32.538 AM ET,3.210,100,321,Ask,Cboe EDGA,Inter Mkt Swp; Trade Thru Exmpt
11:31:32.538 AM ET,3.210,100,321,Ask,MIAX Pearl,Inter Mkt Swp; Trade Thru Exmpt
11:31:32.538 AM ET,3.210,100,321,Ask,Cboe BZX,Inter Mkt Swp; Trade Thru Exmpt
11:31:32.538 AM ET,3.210,100,321,Ask,Cboe EDGX,Inter Mkt Swp; Trade Thru Exmpt
11:31:32.538 AM ET,3.205,100,321,Mid,Nasdaq GSM,Inter Mkt Swp; Trade Thru Exmpt
11:31:32.538 AM ET,3.205,100,321,Mid,Cboe BZX,Inter Mkt Swp; Trade Thru Exmpt
11:31:32.538 AM ET,3.210,100,321,Ask,Nasdaq GSM,Inter Mkt Swp; Trade Thru Exmpt
11:31:32.539 AM ET,3.210,100,321,Ask,NYSE Arca,Inter Mkt Swp; Trade Thru Exmpt
11:31:32.539 AM ET,3.205,100,321,Mid,NYSE,Inter Mkt Swp; Trade Thru Exmpt
11:31:32.539 AM ET,3.210,100,321,Ask,NYSE American,Inter Mkt Swp; Trade Thru Exmpt
11:31:32.539 AM ET,3.210,100,321,Ask,Off Exchange,
11:31:32.539 AM ET,3.210,100,321,Ask,NYSE,Inter Mkt Swp; Trade Thru Exmpt
11:31:32.569 AM ET,3.220,100,322,Ask,Nasdaq GSM,Inter Mkt Swp; Trade Thru Exmpt
11:31:32.569 AM ET,3.215,100,322,Ask,Nasdaq GSM,Inter Mkt Swp; Trade Thru Exmpt
11:31:32.569 AM ET,3.220,100,322,Ask,Cboe EDGX,Inter Mkt Swp; Trade Thru Exmpt
11:31:32.569 AM ET,3.220,100,322,Ask,MEMX,Inter Mkt Swp; Trade Thru Exmpt
11:31:32.569 AM ET,3.220,100,322,Ask,Cboe EDGA,Inter Mkt Swp; Trade Thru Exmpt
11:31:32.569 AM ET,3.220,100,322,Ask,Cboe EDGX,
11:31:32.569 AM ET,3.215,100,322,Ask,MIAX Pearl,Inter Mkt Swp; Trade Thru Exmpt
11:31:32.569 AM ET,3.220,100,322,Ask,Off Exchange,
11:31:32.569 AM ET,3.220,100,322,Ask,NYSE,Inter Mkt Swp; Trade Thru Exmpt
11:31:32.569 AM ET,3.220,100,322,Ask,NYSE Arca,Inter Mkt Swp; Trade Thru Exmpt
11:31:32.569 AM ET,3.220,100,322,Ask,NYSE National,
11:31:32.576 AM ET,3.220,100,322,Ask,Nasdaq GSM,Inter Mkt Swp; Trade Thru Exmpt
11:31:32.576 AM ET,3.220,100,322,Ask,MEMX,Inter Mkt Swp; Trade Thru Exmpt
11:31:32.576 AM ET,3.220,100,322,Ask,Cboe EDGX,Inter Mkt Swp; Trade Thru Exmpt
11:31:32.576 AM ET,3.220,100,322,Ask,Cboe BZX,Inter Mkt Swp; Trade Thru Exmpt
11:31:32.576 AM ET,3.220,100,322,Ask,MIAX Pearl,Inter Mkt Swp; Trade Thru Exmpt
11:31:32.577 AM ET,3.220,100,322,Ask,NYSE,Inter Mkt Swp; Trade Thru Exmpt
11:31:32.577 AM ET,3.215,100,322,Ask,Off Exchange,
11:31:33.753 AM ET,3.215,100,322,Mid,Cboe BYX,
11:31:33.753 AM ET,3.215,100,322,Mid,Off Exchange,
11:33:03.427 AM ET,3.220,100,322,Bid,Nasdaq GSM,Inter Mkt Swp; Trade Thru Exmpt
11:33:03.427 AM ET,3.220,100,322,Bid,NYSE Arca,Inter Mkt Swp; Trade Thru Exmpt
11:33:03.427 AM ET,3.220,100,322,Bid,NYSE Arca,
11:33:03.433 AM ET,3.225,100,323,Mid,Cboe BYX,
11:33:03.433 AM ET,3.225,100,323,Mid,NYSE National,
11:33:03.433 AM ET,3.225,100,323,Mid,Off Exchange,
11:33:03.433 AM ET,3.225,100,323,Mid,IEX,
11:33:03.434 AM ET,3.225,100,323,Mid,IEX,
11:33:03.435 AM ET,3.225,100,323,Mid,IEX,
11:33:03.435 AM ET,3.225,100,323,Mid,Off Exchange,
11:33:03.436 AM ET,3.225,100,323,Mid,IEX,
11:33:03.440 AM ET,3.225,100,323,Mid,Off Exchange,
11:33:19.360 AM ET,3.220,100,322,Bid,Cboe BYX,
11:34:02.184 AM ET,3.220,100,322,Bid,Nasdaq BX,Inter Mkt Swp; Trade Thru Exmpt
11:34:02.184 AM ET,3.220,100,322,Bid,Cboe EDGX,
11:34:02.184 AM ET,3.220,100,322,Bid,Cboe BZX,
11:34:13.036 AM ET,3.225,100,323,Mid,Off Exchange,
11:34:51.818 AM ET,3.220,100,322,Bid,Nasdaq GSM,
11:34:51.818 AM ET,3.220,100,322,Bid,NYSE Arca,
11:36:44.472 AM ET,3.221,100,322,Ask,Off Exchange,Avg Price; Deriv Priced; Trade Thru Exmpt
11:37:34.528 AM ET,3.215,100,322,Mid,NYSE Arca,
11:38:17.229 AM ET,3.210,100,321,Bid,Off Exchange,
11:38:29.669 AM ET,3.215,100,322,Mid,Cboe BZX,
11:39:58.117 AM ET,3.220,100,322,Ask,Nasdaq GSM,Inter Mkt Swp; Trade Thru Exmpt
11:39:58.117 AM ET,3.220,100,322,Ask,Cboe EDGX,Inter Mkt Swp; Trade Thru Exmpt
11:39:58.117 AM ET,3.220,100,322,Ask,Cboe BZX,Inter Mkt Swp; Trade Thru Exmpt
11:39:58.118 AM ET,3.220,100,322,Ask,NYSE,Inter Mkt Swp; Trade Thru Exmpt
11:39:58.118 AM ET,3.220,100,322,Ask,NYSE Arca,Inter Mkt Swp; Trade Thru Exmpt
11:41:43.466 AM ET,3.219,100,322,Bid,Off Exchange,Avg Price; Deriv Priced; Trade Thru Exmpt
11:41:59.316 AM ET,3.230,100,323,Bid,Cboe BZX,Inter Mkt Swp; Trade Thru Exmpt
11:41:59.316 AM ET,3.230,100,323,Bid,NYSE Arca,Inter Mkt Swp; Trade Thru Exmpt
11:42:02.081 AM ET,3.235,100,324,Mid,Off Exchange,
11:42:02.113 AM ET,3.235,100,324,Mid,Off Exchange,
11:42:02.118 AM ET,3.235,100,324,Mid,Off Exchange,
11:42:50.055 AM ET,3.235,100,324,Mid,Nasdaq GSM,
11:42:51.554 AM ET,3.235,100,324,Mid,Nasdaq GSM,
11:42:52.036 AM ET,3.235,100,324,Mid,Nasdaq GSM,
11:42:52.089 AM ET,3.235,100,324,Mid,IEX,
11:43:04.500 AM ET,3.230,100,323,Ask,Cboe BYX,Inter Mkt Swp; Trade Thru Exmpt
11:43:04.504 AM ET,3.230,100,323,Ask,Nasdaq GSM,Inter Mkt Swp; Trade Thru Exmpt
11:43:04.504 AM ET,3.230,100,323,Ask,Cboe EDGX,Inter Mkt Swp; Trade Thru Exmpt
11:43:04.504 AM ET,3.230,100,323,Ask,Cboe BZX,
11:43:04.505 AM ET,3.230,100,323,Ask,NYSE Arca,Inter Mkt Swp; Trade Thru Exmpt
11:43:25.138 AM ET,3.225,100,323,Mid,Cboe EDGX,
11:44:00.135 AM ET,3.225,100,323,Mid,Off Exchange,
11:44:53.484 AM ET,3.225,100,323,Mid,Nasdaq GSM,
11:45:09.568 AM ET,3.225,100,323,Mid,NYSE Arca,
11:45:12.152 AM ET,3.230,100,323,Ask,Off Exchange,Avg Price; Deriv Priced; Trade Thru Exmpt
11:45:39.154 AM ET,3.230,100,323,Ask,Off Exchange,Avg Price; Deriv Priced; Trade Thru Exmpt
11:46:27.973 AM ET,3.225,100,323,Mid,Cboe EDGX,
11:46:54.455 AM ET,3.225,100,323,Mid,Cboe BZX,
11:47:39.601 AM ET,3.225,100,323,Mid,Cboe BZX,
11:47:50.963 AM ET,3.229,100,323,Mid,Off Exchange,Avg Price
11:48:03.305 AM ET,3.225,100,323,Mid,NYSE,
11:48:05.179 AM ET,3.220,100,322,Bid,Cboe BYX,Inter Mkt Swp; Trade Thru Exmpt
11:48:37.775 AM ET,3.220,100,322,Bid,Nasdaq GSM,Inter Mkt Swp; Trade Thru Exmpt
11:48:37.775 AM ET,3.220,100,322,Bid,Cboe BZX,Inter Mkt Swp; Trade Thru Exmpt
11:48:37.775 AM ET,3.220,100,322,Bid,NYSE Arca,Inter Mkt Swp; Trade Thru Exmpt
11:48:37.802 AM ET,3.220,100,322,Bid,IEX,
11:48:37.803 AM ET,3.220,100,322,Bid,Nasdaq GSM,
11:48:54.296 AM ET,3.220,100,322,Bid,Nasdaq BX,Inter Mkt Swp; Trade Thru Exmpt
11:51:22.480 AM ET,3.227,100,323,Mid,Off Exchange,Avg Price; Deriv Priced; Trade Thru Exmpt
11:51:41.132 AM ET,3.225,100,323,Mid,Cboe BZX,
11:52:12.952 AM ET,3.221,100,322,Mid,Off Exchange,Avg Price
11:54:48.082 AM ET,3.225,100,323,Mid,Off Exchange,Avg Price
11:55:22.553 AM ET,3.225,100,323,Mid,IEX,
11:55:22.560 AM ET,3.225,100,323,Mid,Nasdaq GSM,
11:55:53.835 AM ET,3.220,100,322,Bid,Off Exchange,
11:56:13.890 AM ET,3.220,100,322,Ask,Nasdaq GSM,Inter Mkt Swp; Trade Thru Exmpt
11:56:13.890 AM ET,3.220,100,322,Ask,Cboe BYX,Inter Mkt Swp; Trade Thru Exmpt
11:56:13.890 AM ET,3.220,100,322,Ask,NYSE Arca,Inter Mkt Swp; Trade Thru Exmpt
11:56:57.121 AM ET,3.215,100,322,Mid,Cboe BZX,
11:57:07.668 AM ET,3.215,100,322,Mid,IEX,
11:57:08.197 AM ET,3.215,100,322,Mid,Off Exchange,
11:57:39.115 AM ET,3.215,100,322,Mid,NYSE,
11:57:49.213 AM ET,3.221,100,322,Ask,Off Exchange,Avg Price; Deriv Priced; Trade Thru Exmpt
11:57:51.599 AM ET,3.210,100,321,Bid,Off Exchange,
11:58:12.450 AM ET,3.210,100,321,Bid,Cboe BYX,Inter Mkt Swp; Trade Thru Exmpt
11:58:12.450 AM ET,3.210,100,321,Bid,Cboe BZX,
11:58:36.439 AM ET,3.210,100,321,Ask,NYSE Arca,Inter Mkt Swp; Trade Thru Exmpt
11:58:36.441 AM ET,3.200,100,320,Ask,Cboe BYX,Inter Mkt Swp; Trade Thru Exmpt
11:58:36.441 AM ET,3.200,100,320,Ask,Nasdaq GSM,Inter Mkt Swp; Trade Thru Exmpt
11:58:36.442 AM ET,3.200,100,320,Ask,NYSE Arca,Inter Mkt Swp; Trade Thru Exmpt
11:58:44.538 AM ET,3.195,100,320,Mid,Nasdaq GSM,
11:58:44.548 AM ET,3.190,100,319,Bid,Nasdaq GSM,Inter Mkt Swp; Trade Thru Exmpt
11:58:44.549 AM ET,3.190,100,319,Bid,NYSE Arca,Inter Mkt Swp; Trade Thru Exmpt
11:58:44.549 AM ET,3.190,100,319,Bid,MEMX,Inter Mkt Swp; Trade Thru Exmpt
11:58:44.549 AM ET,3.190,100,319,Bid,Cboe BZX,Inter Mkt Swp; Trade Thru Exmpt
11:58:44.549 AM ET,3.190,100,319,Bid,NYSE,Inter Mkt Swp; Trade Thru Exmpt
11:58:44.549 AM ET,3.190,100,319,Bid,Cboe EDGX,Inter Mkt Swp; Trade Thru Exmpt
11:58:44.549 AM ET,3.195,100,320,Mid,NYSE,Inter Mkt Swp; Trade Thru Exmpt
11:58:44.549 AM ET,3.190,100,319,Bid,MIAX Pearl,Inter Mkt Swp; Trade Thru Exmpt
11:58:44.581 AM ET,3.180,100,318,Bid,Cboe EDGX,Inter Mkt Swp; Trade Thru Exmpt
11:58:44.581 AM ET,3.180,100,318,Bid,Cboe BZX,Inter Mkt Swp; Trade Thru Exmpt
11:58:44.581 AM ET,3.180,100,318,Bid,NYSE Arca,Inter Mkt Swp; Trade Thru Exmpt
11:58:54.588 AM ET,3.175,100,318,Mid,NYSE National,Inter Mkt Swp; Trade Thru Exmpt
11:59:04.855 AM ET,3.175,100,318,Mid,Off Exchange,
11:59:04.865 AM ET,3.175,100,318,Mid,Nasdaq GSM,
11:59:15.444 AM ET,3.175,100,318,Mid,IEX,
11:59:16.420 AM ET,3.175,100,318,Mid,Cboe EDGX,
11:59:22.760 AM ET,3.180,100,318,Bid,Off Exchange,
11:59:22.760 AM ET,3.180,100,318,Bid,NYSE Arca,Inter Mkt Swp; Trade Thru Exmpt
11:59:22.760 AM ET,3.180,100,318,Bid,Cboe EDGX,Inter Mkt Swp; Trade Thru Exmpt
11:59:22.760 AM ET,3.180,100,318,Bid,MIAX Pearl,Inter Mkt Swp; Trade Thru Exmpt
11:59:22.760 AM ET,3.180,100,318,Bid,Nasdaq GSM,Inter Mkt Swp; Trade Thru Exmpt
11:59:22.760 AM ET,3.180,100,318,Bid,Cboe BZX,Inter Mkt Swp; Trade Thru Exmpt
11:59:22.760 AM ET,3.180,100,318,Bid,Cboe EDGA,Inter Mkt Swp; Trade Thru Exmpt
11:59:27.760 AM ET,3.180,100,318,Bid,Nasdaq GSM,
11:59:35.025 AM ET,3.180,100,318,Bid,Nasdaq GSM,Inter Mkt Swp; Trade Thru Exmpt
11:59:50.643 AM ET,3.180,100,318,Bid,Nasdaq GSM,
11:59:50.643 AM ET,3.180,100,318,Bid,NYSE Arca,Inter Mkt Swp; Trade Thru Exmpt
11:59:52.410 AM ET,3.180,100,318,Ask,NYSE National,Inter Mkt Swp; Trade Thru Exmpt
12:01:08.792 PM ET,3.175,100,318,Mid,Off Exchange,
12:01:22.196 PM ET,3.175,100,318,Mid,NYSE,
12:02:28.917 PM ET,3.175,100,318,Mid,NYSE,
12:02:34.282 PM ET,3.175,100,318,Mid,Cboe EDGX,
12:02:35.135 PM ET,3.175,100,318,Mid,Off Exchange,
12:02:43.054 PM ET,3.175,100,318,Mid,NYSE Arca,
12:02:52.326 PM ET,3.175,100,318,Mid,Cboe EDGX,
12:03:05.827 PM ET,3.175,100,318,Mid,Cboe EDGX,
12:03:34.648 PM ET,3.175,100,318,Mid,IEX,
12:03:54.012 PM ET,3.179,100,318,Mid,Off Exchange,Avg Price
12:04:01.316 PM ET,3.180,100,318,Ask,Cboe EDGX,Inter Mkt Swp; Trade Thru Exmpt
12:04:01.316 PM ET,3.180,100,318,Ask,Cboe BZX,Inter Mkt Swp; Trade Thru Exmpt
12:04:01.316 PM ET,3.180,100,318,Ask,NYSE Arca,Inter Mkt Swp; Trade Thru Exmpt
12:05:08.965 PM ET,3.180,100,318,Bid,Nasdaq GSM,Inter Mkt Swp; Trade Thru Exmpt
12:05:08.965 PM ET,3.180,100,318,Bid,Cboe EDGX,Inter Mkt Swp; Trade Thru Exmpt
12:05:08.965 PM ET,3.180,100,318,Bid,Cboe BZX,Inter Mkt Swp; Trade Thru Exmpt
12:05:08.965 PM ET,3.180,100,318,Bid,NYSE Arca,Inter Mkt Swp; Trade Thru Exmpt
12:05:08.966 PM ET,3.180,100,318,Bid,NYSE Arca,
12:05:13.302 PM ET,3.178,100,318,Mid,Off Exchange,Avg Price
12:05:18.460 PM ET,3.178,100,318,Mid,Off Exchange,Avg Price
12:05:33.285 PM ET,3.175,100,318,Mid,Nasdaq GSM,
12:08:16.921 PM ET,3.180,100,318,Ask,NYSE National,Inter Mkt Swp; Trade Thru Exmpt
12:10:00.716 PM ET,3.179,100,318,Mid,Off Exchange,Avg Price
12:10:36.074 PM ET,3.180,100,318,Ask,Nasdaq GSM,Inter Mkt Swp; Trade Thru Exmpt
12:10:36.074 PM ET,3.180,100,318,Ask,Cboe EDGX,Inter Mkt Swp; Trade Thru Exmpt
12:10:36.074 PM ET,3.180,100,318,Ask,Cboe BZX,Inter Mkt Swp; Trade Thru Exmpt
12:10:36.074 PM ET,3.180,100,318,Ask,NYSE,Inter Mkt Swp; Trade Thru Exmpt
12:10:36.074 PM ET,3.180,100,318,Ask,NYSE Arca,Inter Mkt Swp; Trade Thru Exmpt
12:10:36.075 PM ET,3.185,100,319,Ask,NYSE National,
12:11:18.395 PM ET,3.185,100,319,Mid,Cboe BZX,
12:11:53.472 PM ET,3.190,100,319,Ask,Nasdaq GSM,Inter Mkt Swp; Trade Thru Exmpt
12:11:53.473 PM ET,3.190,100,319,Ask,Cboe BZX,Inter Mkt Swp; Trade Thru Exmpt
12:14:50.672 PM ET,3.185,100,319,Bid,Off Exchange,Avg Price; Deriv Priced; Trade Thru Exmpt
12:15:02.258 PM ET,3.190,100,319,Bid,Off Exchange,
12:15:28.555 PM ET,3.186,100,319,Bid,Off Exchange,Avg Price; Deriv Priced; Trade Thru Exmpt
12:15:36.924 PM ET,3.195,100,320,Mid,Cboe EDGX,
12:17:11.135 PM ET,3.195,100,320,Mid,NYSE National,Inter Mkt Swp; Trade Thru Exmpt
12:17:11.157 PM ET,3.200,100,320,Ask,NYSE National,Inter Mkt Swp; Trade Thru Exmpt
12:17:11.225 PM ET,3.195,100,320,Mid,IEX,
12:17:11.530 PM ET,3.200,100,320,Ask,Cboe EDGX,
12:17:12.281 PM ET,3.200,100,320,Ask,Nasdaq GSM,Inter Mkt Swp; Trade Thru Exmpt
12:17:12.281 PM ET,3.200,100,320,Ask,NYSE Arca,
12:17:12.281 PM ET,3.200,100,320,Ask,Cboe BZX,
12:17:12.282 PM ET,3.200,100,320,Ask,Nasdaq GSM,
12:17:12.283 PM ET,3.200,100,320,Ask,Off Exchange,
12:17:12.287 PM ET,3.200,100,320,Ask,Nasdaq GSM,
12:17:12.289 PM ET,3.200,100,320,Ask,Off Exchange,
12:17:12.299 PM ET,3.200,100,320,Ask,IEX,
12:17:12.328 PM ET,3.200,100,320,Ask,Off Exchange,
12:17:12.623 PM ET,3.200,100,320,Ask,IEX,
12:17:12.623 PM ET,3.200,100,320,Ask,Nasdaq GSM,
12:17:12.624 PM ET,3.200,100,320,Ask,Off Exchange,
12:17:12.680 PM ET,3.195,100,320,Mid,Off Exchange,
12:17:12.680 PM ET,3.195,100,320,Mid,IEX,
12:17:13.252 PM ET,3.190,100,319,Bid,Cboe EDGX,Inter Mkt Swp; Trade Thru Exmpt
12:17:13.252 PM ET,3.190,100,319,Bid,Cboe BZX,Inter Mkt Swp; Trade Thru Exmpt
12:17:13.252 PM ET,3.190,100,319,Bid,Nasdaq GSM,Inter Mkt Swp; Trade Thru Exmpt
12:17:13.253 PM ET,3.190,100,319,Bid,NYSE Arca,Inter Mkt Swp; Trade Thru Exmpt
12:17:13.253 PM ET,3.190,100,319,Bid,NYSE,Inter Mkt Swp; Trade Thru Exmpt
12:17:13.253 PM ET,3.190,100,319,Bid,Cboe BYX,
12:17:13.253 PM ET,3.190,100,319,Bid,Cboe BZX,Inter Mkt Swp; Trade Thru Exmpt
12:17:13.384 PM ET,3.180,100,318,Bid,Cboe EDGX,Inter Mkt Swp; Trade Thru Exmpt
12:17:13.384 PM ET,3.180,100,318,Bid,NYSE American,Inter Mkt Swp; Trade Thru Exmpt
12:17:13.384 PM ET,3.180,100,318,Bid,NYSE Arca,Inter Mkt Swp; Trade Thru Exmpt
12:17:13.384 PM ET,3.180,100,318,Bid,Nasdaq GSM,Inter Mkt Swp; Trade Thru Exmpt
12:17:13.392 PM ET,3.175,100,318,Bid,NYSE National,Trade Thru Exmpt
12:17:13.397 PM ET,3.175,100,318,Bid,Cboe BYX,
12:17:13.397 PM ET,3.175,100,318,Bid,IEX,
12:17:13.397 PM ET,3.175,100,318,Bid,Nasdaq GSM,
12:17:13.398 PM ET,3.175,100,318,Bid,Off Exchange,
12:17:13.399 PM ET,3.175,100,318,Bid,Off Exchange,
12:17:13.402 PM ET,3.180,100,318,Bid,NYSE,Inter Mkt Swp; Trade Thru Exmpt
12:17:13.402 PM ET,3.175,100,318,Bid,NYSE,Inter Mkt Swp; Trade Thru Exmpt
12:17:13.403 PM ET,3.175,100,318,Bid,NYSE Arca,Inter Mkt Swp; Trade Thru Exmpt
12:17:13.403 PM ET,3.180,100,318,Bid,NYSE Arca,Inter Mkt Swp; Trade Thru Exmpt
12:17:13.403 PM ET,3.175,100,318,Bid,NYSE National,Trade Thru Exmpt
12:17:13.409 PM ET,3.175,100,318,Bid,Off Exchange,
12:17:13.410 PM ET,3.175,100,318,Bid,Off Exchange,
12:17:13.415 PM ET,3.175,100,318,Bid,NYSE National,Trade Thru Exmpt
12:17:13.417 PM ET,3.175,100,318,Bid,IEX,
12:17:13.455 PM ET,3.175,100,318,Bid,Cboe BYX,
12:17:13.498 PM ET,3.175,100,318,Bid,Off Exchange,
12:17:13.510 PM ET,3.180,100,318,Bid,Cboe EDGX,Inter Mkt Swp; Trade Thru Exmpt
12:17:13.510 PM ET,3.180,100,318,Bid,Cboe EDGA,Inter Mkt Swp; Trade Thru Exmpt
12:17:13.510 PM ET,3.180,100,318,Bid,Nasdaq GSM,
12:17:13.510 PM ET,3.180,100,318,Bid,Cboe EDGX,
12:17:13.510 PM ET,3.180,100,318,Bid,MIAX Pearl,Inter Mkt Swp; Trade Thru Exmpt
12:17:13.510 PM ET,3.180,100,318,Bid,NYSE Arca,Inter Mkt Swp; Trade Thru Exmpt
12:17:13.510 PM ET,3.180,100,318,Bid,NYSE National,Trade Thru Exmpt
12:17:13.510 PM ET,3.180,100,318,Bid,Nasdaq GSM,Inter Mkt Swp; Trade Thru Exmpt
12:17:13.510 PM ET,3.180,100,318,Bid,Off Exchange,
12:17:13.511 PM ET,3.180,100,318,Bid,MEMX,Inter Mkt Swp; Trade Thru Exmpt
12:17:13.511 PM ET,3.180,100,318,Bid,MIAX Pearl,Inter Mkt Swp; Trade Thru Exmpt
12:17:13.520 PM ET,3.180,100,318,Bid,Off Exchange,
12:17:13.713 PM ET,3.180,100,318,Bid,Cboe BYX,
12:17:14.855 PM ET,3.180,100,318,Bid,IEX,
12:17:15.582 PM ET,3.180,100,318,Bid,Nasdaq GSM,Inter Mkt Swp; Trade Thru Exmpt
12:17:15.582 PM ET,3.180,100,318,Bid,MEMX,Inter Mkt Swp; Trade Thru Exmpt
12:17:15.582 PM ET,3.180,100,318,Bid,NYSE Arca,Inter Mkt Swp; Trade Thru Exmpt
12:17:15.582 PM ET,3.180,100,318,Bid,Off Exchange,
12:17:16.687 PM ET,3.190,100,319,Ask,Nasdaq GSM,
12:17:16.688 PM ET,3.190,100,319,Ask,Cboe EDGA,Inter Mkt Swp; Trade Thru Exmpt
12:17:16.688 PM ET,3.190,100,319,Ask,Cboe EDGX,Inter Mkt Swp; Trade Thru Exmpt
12:17:16.688 PM ET,3.190,100,319,Ask,Nasdaq GSM,
12:17:16.688 PM ET,3.190,100,319,Ask,MIAX Pearl,Inter Mkt Swp; Trade Thru Exmpt
12:17:16.688 PM ET,3.190,100,319,Ask,Off Exchange,
12:17:18.089 PM ET,3.190,100,319,None,Nasdaq GSM,Inter Mkt Swp; Trade Thru Exmpt
12:17:18.089 PM ET,3.190,100,319,None,Cboe BZX,Inter Mkt Swp; Trade Thru Exmpt
12:17:18.089 PM ET,3.190,100,319,None,Cboe EDGA,Inter Mkt Swp; Trade Thru Exmpt
12:17:18.089 PM ET,3.190,100,319,None,MIAX Pearl,Inter Mkt Swp; Trade Thru Exmpt
12:17:18.089 PM ET,3.190,100,319,None,NYSE Arca,Inter Mkt Swp; Trade Thru Exmpt
12:17:18.089 PM ET,3.190,100,319,None,NYSE National,Inter Mkt Swp; Trade Thru Exmpt
12:17:18.089 PM ET,3.190,100,319,None,IEX,
12:17:19.827 PM ET,3.190,100,319,None,Cboe BZX,Inter Mkt Swp; Trade Thru Exmpt
12:17:19.827 PM ET,3.190,100,319,None,Off Exchange,
12:17:22.538 PM ET,3.185,100,319,None,IEX,
12:17:26.479 PM ET,3.185,100,319,None,Nasdaq GSM,
12:17:27.565 PM ET,3.190,100,319,None,Nasdaq GSM,Inter Mkt Swp; Trade Thru Exmpt
12:17:27.565 PM ET,3.190,100,319,None,Off Exchange,
12:17:27.566 PM ET,3.195,100,320,None,NYSE,Trade Thru Exmpt
12:17:35.016 PM ET,3.200,100,320,None,Nasdaq GSM,
12:17:35.052 PM ET,3.200,100,320,None,Off Exchange,
12:17:35.052 PM ET,3.200,100,320,None,Nasdaq GSM,Inter Mkt Swp; Trade Thru Exmpt
12:17:35.053 PM ET,3.200,100,320,None,Off Exchange,
12:17:35.083 PM ET,3.190,100,319,None,Cboe EDGX,Inter Mkt Swp; Trade Thru Exmpt
12:17:35.083 PM ET,3.190,100,319,None,NYSE Arca,Inter Mkt Swp; Trade Thru Exmpt
12:17:35.083 PM ET,3.190,100,319,None,NYSE,Inter Mkt Swp; Trade Thru Exmpt
12:17:35.083 PM ET,3.190,100,319,None,Cboe BZX,Inter Mkt Swp; Trade Thru Exmpt
12:17:35.083 PM ET,3.195,100,320,None,MIAX Pearl,Inter Mkt Swp; Trade Thru Exmpt
12:17:35.083 PM ET,3.190,100,319,None,Nasdaq GSM,Inter Mkt Swp; Trade Thru Exmpt
12:17:39.566 PM ET,3.200,100,320,None,Off Exchange,
12:17:43.543 PM ET,3.200,100,320,None,NYSE National,Inter Mkt Swp; Trade Thru Exmpt
12:17:51.260 PM ET,3.190,100,319,None,Nasdaq GSM,
12:17:51.260 PM ET,3.190,100,319,None,Cboe BZX,Inter Mkt Swp; Trade Thru Exmpt
12:17:51.260 PM ET,3.190,100,319,None,Cboe EDGX,Inter Mkt Swp; Trade Thru Exmpt
12:18:11.839 PM ET,3.180,100,318,None,Nasdaq GSM,Inter Mkt Swp; Trade Thru Exmpt
12:18:11.839 PM ET,3.180,100,318,None,NYSE Arca,
12:18:11.847 PM ET,3.175,100,318,None,Off Exchange,
12:18:11.848 PM ET,3.175,100,318,None,IEX,
12:18:11.861 PM ET,3.175,100,318,None,Off Exchange,
12:18:12.694 PM ET,3.175,100,318,None,IEX,
12:18:12.711 PM ET,3.175,100,318,None,Off Exchange,
12:18:29.362 PM ET,3.165,100,317,None,NYSE National,Inter Mkt Swp; Trade Thru Exmpt
12:19:09.148 PM ET,3.155,100,316,Mid,IEX,
12:19:10.246 PM ET,3.155,100,316,Mid,IEX,
12:19:15.051 PM ET,3.155,100,316,Mid,IEX,
12:19:15.071 PM ET,3.155,100,316,Mid,IEX,
12:19:37.780 PM ET,3.150,100,315,Bid,Off Exchange,
12:20:37.548 PM ET,3.150,100,315,Bid,Nasdaq GSM,Inter Mkt Swp; Trade Thru Exmpt
12:20:37.548 PM ET,3.150,100,315,Bid,Cboe EDGX,
12:20:37.549 PM ET,3.150,100,315,Bid,NYSE Arca,Inter Mkt Swp; Trade Thru Exmpt
12:20:37.549 PM ET,3.150,100,315,Bid,Cboe EDGX,
12:20:55.782 PM ET,3.135,100,314,Mid,IEX,
12:21:05.774 PM ET,3.135,100,314,Mid,Cboe BZX,
12:21:05.776 PM ET,3.135,100,314,Mid,IEX,
12:21:05.777 PM ET,3.135,100,314,Mid,NYSE Arca,
12:21:15.280 PM ET,3.135,100,314,Mid,NYSE,
12:21:29.661 PM ET,3.135,100,314,Mid,NYSE Arca,
12:21:29.662 PM ET,3.135,100,314,Mid,NYSE,
12:21:29.663 PM ET,3.135,100,314,Mid,Cboe BZX,
12:21:29.736 PM ET,3.135,100,314,Mid,Nasdaq GSM,
12:21:44.465 PM ET,3.135,100,314,Mid,IEX,
12:21:44.468 PM ET,3.135,100,314,Mid,IEX,
12:21:55.770 PM ET,3.140,100,314,Bid,MEMX,Inter Mkt Swp; Trade Thru Exmpt
12:21:58.081 PM ET,3.140,100,314,Bid,Off Exchange,
12:22:10.631 PM ET,3.140,100,314,Bid,Off Exchange,
12:22:23.867 PM ET,3.145,100,315,Mid,IEX,
12:22:48.831 PM ET,3.140,100,314,Bid,Nasdaq GSM,Inter Mkt Swp; Trade Thru Exmpt
12:23:11.173 PM ET,3.140,100,314,Bid,Nasdaq GSM,
12:23:22.071 PM ET,3.140,100,314,Bid,Nasdaq GSM,
12:23:35.321 PM ET,3.140,100,314,Bid,Nasdaq GSM,Inter Mkt Swp; Trade Thru Exmpt
12:24:16.022 PM ET,3.135,100,314,Mid,NYSE,
12:24:21.067 PM ET,3.140,100,314,Ask,IEX,
12:24:30.121 PM ET,3.135,100,314,Mid,IEX,
12:25:01.797 PM ET,3.140,100,314,Ask,Off Exchange,
12:25:35.883 PM ET,3.141,100,314,Ask,Off Exchange,Avg Price; Deriv Priced; Trade Thru Exmpt
12:26:02.463 PM ET,3.139,100,314,Bid,Off Exchange,Avg Price; Deriv Priced; Trade Thru Exmpt
12:26:23.421 PM ET,3.150,100,315,Bid,Off Exchange,
12:26:23.426 PM ET,3.150,100,315,Bid,Nasdaq GSM,Inter Mkt Swp; Trade Thru Exmpt
12:26:23.427 PM ET,3.150,100,315,Bid,Off Exchange,
12:26:23.437 PM ET,3.150,100,315,Bid,Off Exchange,
12:26:24.758 PM ET,3.155,100,316,Mid,Nasdaq GSM,
12:26:24.759 PM ET,3.155,100,316,Mid,NYSE,
12:26:24.759 PM ET,3.160,100,316,Ask,NYSE Arca,Inter Mkt Swp; Trade Thru Exmpt
12:26:24.759 PM ET,3.155,100,316,Mid,Cboe BZX,
12:26:24.759 PM ET,3.160,100,316,Ask,Nasdaq GSM,Inter Mkt Swp; Trade Thru Exmpt
12:26:24.759 PM ET,3.155,100,316,Mid,NYSE,Inter Mkt Swp; Trade Thru Exmpt
12:26:24.759 PM ET,3.160,100,316,Ask,Nasdaq GSM,
12:26:24.763 PM ET,3.165,100,317,Ask,IEX,
12:26:24.812 PM ET,3.170,100,317,Ask,Cboe EDGX,Inter Mkt Swp; Trade Thru Exmpt
12:26:24.813 PM ET,3.170,100,317,Ask,Off Exchange,
12:26:24.813 PM ET,3.170,100,317,Ask,MIAX Pearl,Inter Mkt Swp; Trade Thru Exmpt
12:26:24.813 PM ET,3.180,100,318,Ask,Nasdaq GSM,
12:26:24.813 PM ET,3.170,100,317,Ask,Cboe BZX,Inter Mkt Swp; Trade Thru Exmpt
12:26:24.813 PM ET,3.170,100,317,Ask,NYSE Arca,Inter Mkt Swp; Trade Thru Exmpt
12:26:24.813 PM ET,3.170,100,317,Ask,NYSE,Inter Mkt Swp; Trade Thru Exmpt
12:26:24.813 PM ET,3.180,100,318,Ask,Nasdaq GSM,Inter Mkt Swp; Trade Thru Exmpt
12:26:24.814 PM ET,3.180,100,318,Ask,NYSE Arca,Inter Mkt Swp; Trade Thru Exmpt
12:26:24.814 PM ET,3.180,100,318,Ask,NYSE Arca,
12:26:24.815 PM ET,3.180,100,318,Ask,Nasdaq GSM,Inter Mkt Swp; Trade Thru Exmpt
12:26:24.815 PM ET,3.180,100,318,Ask,NYSE Arca,
12:26:24.815 PM ET,3.180,100,318,Ask,Off Exchange,
12:26:24.815 PM ET,3.180,100,318,Ask,Nasdaq GSM,
12:26:24.815 PM ET,3.180,100,318,Ask,Cboe BZX,
12:26:47.115 PM ET,3.170,100,317,Ask,Cboe EDGX,Inter Mkt Swp; Trade Thru Exmpt
12:26:47.115 PM ET,3.170,100,317,Ask,Nasdaq GSM,Inter Mkt Swp; Trade Thru Exmpt
12:26:47.115 PM ET,3.170,100,317,Ask,Off Exchange,
12:26:47.117 PM ET,3.165,100,317,Ask,IEX,
12:26:47.120 PM ET,3.160,100,316,Ask,Nasdaq GSM,Inter Mkt Swp; Trade Thru Exmpt
12:26:47.120 PM ET,3.165,100,317,Ask,Nasdaq GSM,
12:26:47.121 PM ET,3.160,100,316,Ask,Cboe BZX,Inter Mkt Swp; Trade Thru Exmpt
12:26:47.121 PM ET,3.160,100,316,Ask,NYSE Arca,Inter Mkt Swp; Trade Thru Exmpt
12:26:47.121 PM ET,3.160,100,316,Ask,Cboe BZX,
12:26:47.128 PM ET,3.155,100,316,Mid,Off Exchange,
12:26:47.128 PM ET,3.155,100,316,Mid,Cboe BYX,
12:26:47.129 PM ET,3.155,100,316,Mid,NYSE National,
12:26:47.130 PM ET,3.155,100,316,Mid,Off Exchange,
12:27:09.184 PM ET,3.155,100,316,Mid,IEX,
12:27:39.574 PM ET,3.155,100,316,Mid,Off Exchange,
12:27:39.586 PM ET,3.155,100,316,Mid,Off Exchange,
12:27:39.594 PM ET,3.155,100,316,Mid,Off Exchange,
12:27:39.600 PM ET,3.150,100,315,Bid,Nasdaq GSM,
12:27:39.600 PM ET,3.150,100,315,Bid,Cboe BYX,Inter Mkt Swp; Trade Thru Exmpt
12:27:39.601 PM ET,3.150,100,315,Bid,NYSE Arca,
12:27:39.601 PM ET,3.150,100,315,Bid,NYSE,
12:27:39.601 PM ET,3.150,100,315,Bid,IEX,
12:27:39.608 PM ET,3.155,100,316,Mid,Off Exchange,
12:27:39.619 PM ET,3.145,100,315,Bid,Off Exchange,
12:27:39.619 PM ET,3.145,100,315,Bid,IEX,
12:27:39.633 PM ET,3.145,100,315,Mid,Off Exchange,
12:27:39.634 PM ET,3.145,100,315,Mid,Off Exchange,
12:27:49.592 PM ET,3.150,100,315,Ask,Nasdaq GSM,Inter Mkt Swp; Trade Thru Exmpt
12:27:49.593 PM ET,3.150,100,315,Ask,NYSE Arca,
12:27:49.593 PM ET,3.150,100,315,Ask,Off Exchange,
12:27:49.593 PM ET,3.155,100,316,Ask,NYSE Arca,
12:27:49.609 PM ET,3.155,100,316,Ask,NYSE Arca,
12:28:20.224 PM ET,3.155,100,316,Mid,NYSE Arca,
12:29:30.173 PM ET,3.160,100,316,Ask,NYSE Arca,
12:29:40.935 PM ET,3.150,100,315,Bid,IEX,
12:29:51.885 PM ET,3.155,100,316,Mid,NYSE,
12:30:08.146 PM ET,3.150,100,315,Ask,Nasdaq GSM,
12:30:08.146 PM ET,3.150,100,315,Ask,Cboe BZX,Inter Mkt Swp; Trade Thru Exmpt
12:30:08.147 PM ET,3.150,100,315,Ask,NYSE Arca,Inter Mkt Swp; Trade Thru Exmpt
12:30:09.412 PM ET,3.158,100,316,Ask,Off Exchange,Avg Price; Deriv Priced; Trade Thru Exmpt
12:30:56.223 PM ET,3.145,100,315,Mid,NYSE,
12:30:58.328 PM ET,3.140,100,314,Bid,Cboe BYX,Inter Mkt Swp; Trade Thru Exmpt
12:30:58.329 PM ET,3.140,100,314,Bid,Cboe BZX,
12:30:58.392 PM ET,3.140,100,314,Bid,NYSE Arca,
12:30:58.392 PM ET,3.140,100,314,Bid,Nasdaq GSM,
12:30:58.392 PM ET,3.140,100,314,Bid,IEX,
12:31:10.481 PM ET,3.135,100,314,Mid,Cboe BZX,
12:31:20.526 PM ET,3.130,100,313,Bid,Nasdaq GSM,
12:31:34.915 PM ET,3.130,100,313,Bid,Nasdaq GSM,Inter Mkt Swp; Trade Thru Exmpt
12:31:34.915 PM ET,3.130,100,313,Bid,NYSE Arca,Inter Mkt Swp; Trade Thru Exmpt
12:31:35.007 PM ET,3.120,100,312,Bid,Cboe BYX,Inter Mkt Swp; Trade Thru Exmpt
12:31:35.007 PM ET,3.125,100,313,Mid,NYSE Arca,
12:31:48.113 PM ET,3.120,100,312,Bid,Cboe EDGX,Inter Mkt Swp; Trade Thru Exmpt
12:31:48.121 PM ET,3.120,100,312,Bid,Off Exchange,
12:32:05.260 PM ET,3.125,100,313,Mid,NYSE National,Inter Mkt Swp; Trade Thru Exmpt
12:32:41.810 PM ET,3.120,100,312,Bid,Nasdaq GSM,Inter Mkt Swp; Trade Thru Exmpt
12:32:49.035 PM ET,3.120,100,312,Bid,IEX,
12:32:55.608 PM ET,3.120,100,312,Ask,NYSE Arca,Inter Mkt Swp; Trade Thru Exmpt
12:33:03.844 PM ET,3.115,100,312,Mid,IEX,
12:33:09.399 PM ET,3.115,100,312,Mid,Nasdaq GSM,Inter Mkt Swp; Trade Thru Exmpt
12:34:53.020 PM ET,3.125,100,313,Mid,Nasdaq GSM,
12:35:04.731 PM ET,3.120,100,312,Bid,Nasdaq GSM,Inter Mkt Swp; Trade Thru Exmpt
12:35:16.231 PM ET,3.125,100,313,Mid,IEX,
12:35:18.938 PM ET,3.120,100,312,Bid,NYSE Arca,
12:35:44.343 PM ET,3.130,100,313,Ask,Off Exchange,Avg Price
12:35:47.093 PM ET,3.130,100,313,Ask,Off Exchange,Avg Price
12:36:17.600 PM ET,3.125,100,313,Mid,Cboe EDGX,
12:38:46.897 PM ET,3.120,100,312,Ask,Nasdaq GSM,
12:38:46.897 PM ET,3.120,100,312,Ask,Cboe BZX,
12:38:46.898 PM ET,3.120,100,312,Ask,NYSE Arca,
12:38:46.998 PM ET,3.120,100,312,Bid,Off Exchange,
12:38:52.631 PM ET,3.120,100,312,Bid,Off Exchange,
12:39:10.775 PM ET,3.125,100,313,Mid,Nasdaq GSM,
12:39:17.300 PM ET,3.130,100,313,Ask,IEX,
12:39:17.301 PM ET,3.130,100,313,Ask,Cboe BZX,Inter Mkt Swp; Trade Thru Exmpt
12:39:17.301 PM ET,3.130,100,313,Ask,Nasdaq GSM,Inter Mkt Swp; Trade Thru Exmpt
12:39:17.301 PM ET,3.130,100,313,Ask,NYSE Arca,Inter Mkt Swp; Trade Thru Exmpt
12:39:17.301 PM ET,3.130,100,313,Ask,NYSE,Inter Mkt Swp; Trade Thru Exmpt
12:39:17.301 PM ET,3.130,100,313,Ask,Nasdaq GSM,
12:39:17.303 PM ET,3.125,100,313,Mid,Off Exchange,
12:39:23.093 PM ET,3.126,100,313,Bid,Off Exchange,Avg Price; Deriv Priced; Trade Thru Exmpt
12:39:34.529 PM ET,3.140,100,314,Bid,IEX,
12:39:34.531 PM ET,3.140,100,314,Bid,Off Exchange,
12:39:34.536 PM ET,3.140,100,314,Bid,Nasdaq GSM,
12:40:27.322 PM ET,3.150,100,315,Ask,NYSE Arca,
12:40:27.379 PM ET,3.150,100,315,Ask,Cboe BZX,
12:40:27.388 PM ET,3.150,100,315,Ask,Cboe BZX,
12:40:27.388 PM ET,3.150,100,315,Ask,Cboe EDGX,
12:40:29.243 PM ET,3.150,100,315,Ask,Cboe EDGX,
12:40:29.243 PM ET,3.150,100,315,Ask,Cboe BZX,
12:41:19.958 PM ET,3.150,100,315,Bid,NYSE Arca,Inter Mkt Swp; Trade Thru Exmpt
12:41:19.958 PM ET,3.150,100,315,Bid,NYSE,Inter Mkt Swp; Trade Thru Exmpt
12:41:19.958 PM ET,3.150,100,315,Bid,Nasdaq GSM,Inter Mkt Swp; Trade Thru Exmpt
12:41:19.958 PM ET,3.150,100,315,Bid,Cboe BZX,Inter Mkt Swp; Trade Thru Exmpt
12:42:16.287 PM ET,3.150,100,315,Bid,NYSE,
12:42:47.130 PM ET,3.150,100,315,Bid,Nasdaq GSM,Inter Mkt Swp; Trade Thru Exmpt
12:42:47.130 PM ET,3.150,100,315,Bid,Cboe EDGA,Inter Mkt Swp; Trade Thru Exmpt
12:42:47.130 PM ET,3.150,100,315,Bid,Cboe BZX,
12:42:47.131 PM ET,3.150,100,315,Bid,NYSE,Inter Mkt Swp; Trade Thru Exmpt
12:44:18.953 PM ET,3.147,100,315,Mid,Off Exchange,Avg Price
12:44:25.743 PM ET,3.140,100,314,Bid,IEX,
12:45:01.042 PM ET,3.149,100,315,Mid,Off Exchange,Avg Price
12:45:39.482 PM ET,3.140,100,314,Bid,Nasdaq BX,Inter Mkt Swp; Trade Thru Exmpt
12:48:02.967 PM ET,3.140,100,314,Bid,Nasdaq GSM,
12:48:02.967 PM ET,3.140,100,314,Bid,Nasdaq GSM,Inter Mkt Swp; Trade Thru Exmpt
12:48:02.968 PM ET,3.140,100,314,Bid,Cboe BZX,
12:48:02.968 PM ET,3.140,100,314,Bid,NYSE Arca,
12:48:02.969 PM ET,3.140,100,314,Bid,IEX,
12:48:37.916 PM ET,3.130,100,313,Bid,Cboe BYX,Inter Mkt Swp; Trade Thru Exmpt
12:48:56.601 PM ET,3.140,100,314,Ask,Off Exchange,Avg Price; Deriv Priced; Trade Thru Exmpt
12:50:07.820 PM ET,3.140,100,314,Ask,Nasdaq GSM,Inter Mkt Swp; Trade Thru Exmpt
12:51:04.272 PM ET,3.140,100,314,Ask,Off Exchange,
12:51:04.301 PM ET,3.140,100,314,Ask,Off Exchange,
12:51:04.304 PM ET,3.140,100,314,Ask,Off Exchange,
12:51:04.307 PM ET,3.140,100,314,Ask,Nasdaq GSM,Inter Mkt Swp; Trade Thru Exmpt
12:51:04.307 PM ET,3.140,100,314,Ask,NYSE Arca,
12:51:04.307 PM ET,3.140,100,314,Ask,Cboe BZX,Inter Mkt Swp; Trade Thru Exmpt
12:51:04.310 PM ET,3.140,100,314,Ask,Off Exchange,
12:51:28.504 PM ET,3.150,100,315,Ask,Cboe BZX,Inter Mkt Swp; Trade Thru Exmpt
12:51:28.504 PM ET,3.150,100,315,Ask,NYSE,Inter Mkt Swp; Trade Thru Exmpt
12:51:33.511 PM ET,3.150,100,315,Ask,Off Exchange,
12:51:39.632 PM ET,3.150,100,315,Bid,Nasdaq GSM,
12:51:39.632 PM ET,3.155,100,316,Mid,Cboe EDGX,
12:51:39.632 PM ET,3.150,100,315,Bid,IEX,
12:51:42.551 PM ET,3.155,100,316,Mid,Off Exchange,
12:52:04.182 PM ET,3.155,100,316,Mid,IEX,
12:52:04.183 PM ET,3.155,100,316,Mid,Nasdaq GSM,
12:52:04.183 PM ET,3.155,100,316,Mid,Off Exchange,
12:52:07.387 PM ET,3.150,100,315,Bid,Nasdaq GSM,
12:52:07.387 PM ET,3.155,100,316,Mid,Cboe BZX,
12:52:07.387 PM ET,3.150,100,315,Bid,Cboe EDGX,
12:52:07.387 PM ET,3.155,100,316,Mid,NYSE,
12:52:07.387 PM ET,3.155,100,316,Mid,NYSE Arca,
12:52:07.387 PM ET,3.150,100,315,Bid,NYSE Arca,
12:52:07.387 PM ET,3.150,100,315,Bid,IEX,
12:52:07.387 PM ET,3.150,100,315,Bid,Off Exchange,
12:52:07.388 PM ET,3.150,100,315,Bid,Off Exchange,
12:52:07.388 PM ET,3.150,100,315,Bid,NYSE Arca,
12:52:07.389 PM ET,3.150,100,315,Bid,Off Exchange,
12:52:07.389 PM ET,3.150,100,315,Bid,Nasdaq GSM,
12:52:07.389 PM ET,3.150,100,315,Bid,NYSE Arca,
12:52:07.390 PM ET,3.150,100,315,Bid,Cboe BZX,Inter Mkt Swp; Trade Thru Exmpt
12:52:07.390 PM ET,3.150,100,315,Bid,NYSE,
12:52:07.398 PM ET,3.150,100,315,Bid,Off Exchange,
12:52:07.400 PM ET,3.150,100,315,Bid,Nasdaq GSM,Inter Mkt Swp; Trade Thru Exmpt
12:52:07.442 PM ET,3.155,100,316,Mid,NYSE National,
12:52:11.033 PM ET,3.155,100,316,Mid,Nasdaq GSM,
12:52:11.033 PM ET,3.155,100,316,Mid,Cboe BZX,
12:52:11.033 PM ET,3.155,100,316,Mid,Cboe BYX,
12:52:11.033 PM ET,3.150,100,315,Bid,Cboe BZX,
12:52:11.033 PM ET,3.155,100,316,Mid,NYSE Arca,
12:52:11.033 PM ET,3.152,100,315,Mid,Off Exchange,
12:52:11.033 PM ET,3.155,100,316,Mid,NYSE,
12:52:11.033 PM ET,3.150,100,315,Bid,NYSE,
12:52:11.033 PM ET,3.155,100,316,Mid,NYSE National,
12:52:11.033 PM ET,3.150,100,315,Bid,NYSE National,
12:52:11.033 PM ET,3.155,100,316,Mid,IEX,
12:52:11.033 PM ET,3.150,100,315,Bid,IEX,
12:52:11.033 PM ET,3.155,100,316,Mid,Off Exchange,
12:52:11.033 PM ET,3.150,100,315,Bid,Nasdaq GSM,
12:52:11.034 PM ET,3.150,100,315,Bid,Nasdaq GSM,
12:52:11.034 PM ET,3.150,100,315,Bid,NYSE Arca,
12:52:11.034 PM ET,3.150,100,315,Bid,Cboe EDGX,
12:52:11.034 PM ET,3.150,100,315,Bid,IEX,
12:52:11.035 PM ET,3.150,100,315,Bid,IEX,
12:52:11.035 PM ET,3.150,100,315,Bid,Cboe BYX,Inter Mkt Swp; Trade Thru Exmpt
12:52:11.035 PM ET,3.150,100,315,Bid,Cboe EDGX,
12:52:11.039 PM ET,3.152,100,315,Mid,Off Exchange,
12:52:11.041 PM ET,3.155,100,316,Mid,Nasdaq GSM,
12:52:11.043 PM ET,3.155,100,316,Mid,Off Exchange,
12:52:11.044 PM ET,3.155,100,316,Mid,Off Exchange,
12:52:11.045 PM ET,3.155,100,316,Mid,Off Exchange,
12:52:11.046 PM ET,3.155,100,316,Mid,Nasdaq GSM,
12:52:11.048 PM ET,3.155,100,316,Mid,Off Exchange,
12:52:11.083 PM ET,3.155,100,316,Mid,Off Exchange,
12:52:14.443 PM ET,3.150,100,315,Bid,MIAX Pearl,
12:52:14.443 PM ET,3.150,100,315,Bid,Nasdaq GSM,
12:52:14.443 PM ET,3.150,100,315,Bid,NYSE,
12:52:14.443 PM ET,3.150,100,315,Bid,NYSE Arca,
12:52:14.443 PM ET,3.150,100,315,Bid,Cboe EDGX,
12:52:14.443 PM ET,3.150,100,315,Bid,Cboe BZX,
12:52:22.709 PM ET,3.145,100,315,Mid,Off Exchange,
12:52:22.710 PM ET,3.145,100,315,Mid,Off Exchange,
12:53:10.390 PM ET,3.150,100,315,Bid,Cboe BZX,Inter Mkt Swp; Trade Thru Exmpt
12:53:10.390 PM ET,3.145,100,315,Bid,NYSE,Inter Mkt Swp; Trade Thru Exmpt
12:53:10.390 PM ET,3.150,100,315,Bid,Nasdaq GSM,Inter Mkt Swp; Trade Thru Exmpt
12:53:10.390 PM ET,3.145,100,315,Bid,Cboe BZX,Inter Mkt Swp; Trade Thru Exmpt
12:53:10.391 PM ET,3.155,100,316,Mid,NYSE,
12:53:10.393 PM ET,3.155,100,316,Mid,NYSE,
12:53:10.394 PM ET,3.155,100,316,Mid,NYSE,
12:53:10.432 PM ET,3.155,100,316,Mid,NYSE,
12:53:10.439 PM ET,3.155,100,316,Mid,NYSE,
12:53:17.190 PM ET,3.150,100,315,Ask,Cboe EDGX,
12:53:17.190 PM ET,3.155,100,316,Ask,Cboe BZX,
12:53:17.190 PM ET,3.155,100,316,Ask,Cboe EDGX,
12:53:17.190 PM ET,3.150,100,315,Ask,Cboe BZX,
12:53:17.190 PM ET,3.155,100,316,Ask,Nasdaq GSM,
12:53:17.190 PM ET,3.150,100,315,Ask,NYSE Arca,
12:53:17.190 PM ET,3.155,100,316,Ask,IEX,
12:53:17.190 PM ET,3.150,100,315,Ask,IEX,
12:53:17.190 PM ET,3.150,100,315,Ask,Nasdaq GSM,
12:53:17.190 PM ET,3.150,100,315,Ask,Off Exchange,
12:53:17.191 PM ET,3.150,100,315,Ask,Off Exchange,
12:53:17.191 PM ET,3.150,100,315,Ask,IEX,
12:53:17.192 PM ET,3.150,100,315,Ask,Cboe EDGX,
12:53:17.192 PM ET,3.150,100,315,Ask,Off Exchange,
12:53:17.192 PM ET,3.150,100,315,Ask,NYSE Arca,
12:53:17.200 PM ET,3.150,100,315,Ask,Off Exchange,
12:53:17.250 PM ET,3.145,100,315,Mid,IEX,
12:53:19.732 PM ET,3.150,100,315,Ask,Off Exchange,Avg Price
12:53:24.460 PM ET,3.150,100,315,Ask,Nasdaq GSM,Inter Mkt Swp; Trade Thru Exmpt
12:53:24.460 PM ET,3.150,100,315,Ask,Nasdaq GSM,
12:53:24.460 PM ET,3.150,100,315,Ask,Cboe EDGX,Inter Mkt Swp; Trade Thru Exmpt
12:53:24.460 PM ET,3.145,100,315,Mid,Cboe BZX,Inter Mkt Swp; Trade Thru Exmpt
12:53:24.460 PM ET,3.150,100,315,Ask,Cboe EDGA,Inter Mkt Swp; Trade Thru Exmpt
12:53:24.460 PM ET,3.150,100,315,Ask,Cboe BZX,Inter Mkt Swp; Trade Thru Exmpt
12:53:24.460 PM ET,3.150,100,315,Ask,MIAX Pearl,Inter Mkt Swp; Trade Thru Exmpt
12:53:24.460 PM ET,3.145,100,315,Mid,NYSE,Inter Mkt Swp; Trade Thru Exmpt
12:53:24.460 PM ET,3.150,100,315,Ask,NYSE National,Inter Mkt Swp; Trade Thru Exmpt
12:53:24.460 PM ET,3.150,100,315,Ask,Off Exchange,
12:53:24.462 PM ET,3.150,100,315,Ask,Cboe EDGX,
12:53:24.462 PM ET,3.150,100,315,Ask,Off Exchange,
12:53:24.462 PM ET,3.150,100,315,Ask,NYSE Arca,
12:53:24.465 PM ET,3.150,100,315,Ask,Off Exchange,
12:53:31.568 PM ET,3.140,100,314,Bid,Cboe BYX,Inter Mkt Swp; Trade Thru Exmpt
12:53:31.569 PM ET,3.140,100,314,Bid,NYSE Arca,
12:53:32.995 PM ET,3.140,100,314,Bid,IEX,
12:53:32.996 PM ET,3.140,100,314,Bid,Nasdaq GSM,
12:53:32.996 PM ET,3.140,100,314,Bid,Cboe BZX,
12:53:32.996 PM ET,3.140,100,314,Bid,NYSE Arca,
12:53:32.996 PM ET,3.140,100,314,Bid,Off Exchange,
12:53:40.062 PM ET,3.145,100,315,Mid,Nasdaq GSM,Inter Mkt Swp; Trade Thru Exmpt
12:53:40.074 PM ET,3.145,100,315,Mid,Nasdaq GSM,
12:53:58.540 PM ET,3.140,100,314,Bid,MEMX,
12:53:58.565 PM ET,3.140,100,314,Bid,MEMX,
12:54:06.107 PM ET,3.140,100,314,Bid,MEMX,
12:54:06.131 PM ET,3.140,100,314,Bid,MEMX,
12:54:06.157 PM ET,3.140,100,314,Bid,MEMX,
12:54:06.165 PM ET,3.140,100,314,Bid,MEMX,
12:54:06.179 PM ET,3.140,100,314,Bid,MEMX,
12:54:13.093 PM ET,3.150,100,315,Mid,Off Exchange,Avg Price
12:54:20.301 PM ET,3.150,100,315,Mid,Off Exchange,Avg Price; Deriv Priced; Trade Thru Exmpt
12:54:32.563 PM ET,3.145,100,315,Mid,Cboe BZX,
12:54:32.649 PM ET,3.140,100,314,Bid,Off Exchange,
12:54:38.888 PM ET,3.145,100,315,Mid,Cboe EDGX,
12:54:44.374 PM ET,3.150,100,315,Ask,Cboe EDGX,Inter Mkt Swp; Trade Thru Exmpt
12:54:54.064 PM ET,3.150,100,315,Ask,Nasdaq GSM,
12:55:05.734 PM ET,3.150,100,315,Ask,MEMX,
12:55:32.871 PM ET,3.150,100,315,Mid,Off Exchange,Avg Price
12:55:38.380 PM ET,3.150,100,315,Ask,Nasdaq GSM,
12:55:38.380 PM ET,3.150,100,315,Ask,Cboe BZX,Inter Mkt Swp; Trade Thru Exmpt
12:55:38.380 PM ET,3.160,100,316,Ask,Cboe BZX,Inter Mkt Swp; Trade Thru Exmpt
12:55:38.381 PM ET,3.150,100,315,Ask,Off Exchange,
12:55:38.381 PM ET,3.150,100,315,Ask,NYSE Arca,Inter Mkt Swp; Trade Thru Exmpt
12:55:38.414 PM ET,3.160,100,316,Ask,Nasdaq GSM,Inter Mkt Swp; Trade Thru Exmpt
12:55:38.414 PM ET,3.160,100,316,Ask,Cboe EDGX,Inter Mkt Swp; Trade Thru Exmpt
12:55:38.414 PM ET,3.160,100,316,Ask,Cboe BZX,Inter Mkt Swp; Trade Thru Exmpt
12:55:38.414 PM ET,3.160,100,316,Ask,Cboe EDGA,Inter Mkt Swp; Trade Thru Exmpt
12:55:38.415 PM ET,3.160,100,316,Ask,MIAX Pearl,Inter Mkt Swp; Trade Thru Exmpt
12:55:38.415 PM ET,3.160,100,316,Ask,Off Exchange,
12:55:38.415 PM ET,3.160,100,316,Ask,NYSE,Inter Mkt Swp; Trade Thru Exmpt
12:55:38.450 PM ET,3.170,100,317,Ask,Nasdaq GSM,Inter Mkt Swp; Trade Thru Exmpt
12:55:38.450 PM ET,3.170,100,317,Ask,Nasdaq GSM,
12:55:38.450 PM ET,3.170,100,317,Ask,Cboe EDGX,Inter Mkt Swp; Trade Thru Exmpt
12:55:38.450 PM ET,3.170,100,317,Ask,Cboe BZX,Inter Mkt Swp; Trade Thru Exmpt
12:55:38.450 PM ET,3.170,100,317,Ask,Off Exchange,
12:55:38.450 PM ET,3.170,100,317,Ask,NYSE,Inter Mkt Swp; Trade Thru Exmpt
12:55:38.450 PM ET,3.170,100,317,Ask,NYSE Arca,Inter Mkt Swp; Trade Thru Exmpt
12:55:41.218 PM ET,3.170,100,317,Ask,Cboe BYX,Inter Mkt Swp; Trade Thru Exmpt
12:55:41.218 PM ET,3.170,100,317,Ask,Cboe BZX,
12:55:41.218 PM ET,3.170,100,317,Ask,Cboe EDGX,
12:55:41.218 PM ET,3.170,100,317,Ask,NYSE,Inter Mkt Swp; Trade Thru Exmpt
12:55:45.597 PM ET,3.165,100,317,Mid,Cboe EDGX,
12:55:48.764 PM ET,3.160,100,316,Ask,MEMX,
12:55:48.764 PM ET,3.160,100,316,Ask,NYSE,
12:55:48.764 PM ET,3.160,100,316,Ask,Cboe BZX,
12:55:48.766 PM ET,3.160,100,316,Ask,NYSE Arca,
12:55:50.536 PM ET,3.160,100,316,Bid,Nasdaq GSM,Inter Mkt Swp; Trade Thru Exmpt
12:55:50.536 PM ET,3.160,100,316,Bid,Cboe BZX,Inter Mkt Swp; Trade Thru Exmpt
12:55:50.536 PM ET,3.160,100,316,Bid,Off Exchange,
12:56:23.007 PM ET,3.175,100,318,Mid,Nasdaq GSM,
12:56:37.788 PM ET,3.175,100,318,Mid,Nasdaq GSM,
12:56:48.409 PM ET,3.170,100,317,Bid,IEX,
12:56:51.393 PM ET,3.175,100,318,Mid,Cboe EDGX,
12:57:15.759 PM ET,3.170,100,317,Bid,Nasdaq GSM,
12:57:15.759 PM ET,3.170,100,317,Bid,Cboe EDGX,
12:57:15.759 PM ET,3.170,100,317,Bid,MIAX Pearl,
12:57:15.759 PM ET,3.170,100,317,Bid,NYSE Arca,
12:57:15.759 PM ET,3.170,100,317,Bid,NYSE,
12:57:21.974 PM ET,3.165,100,317,Mid,NYSE Arca,
12:57:21.974 PM ET,3.165,100,317,Mid,NYSE,
12:57:24.677 PM ET,3.165,100,317,Mid,NYSE Arca,
12:57:26.730 PM ET,3.165,100,317,Mid,Nasdaq GSM,
12:57:26.730 PM ET,3.165,100,317,Mid,Cboe EDGX,
12:57:26.730 PM ET,3.165,100,317,Ask,Cboe BZX,
12:57:26.731 PM ET,3.165,100,317,Ask,MIAX Pearl,
12:57:26.731 PM ET,3.160,100,316,Ask,NYSE Arca,
12:57:26.731 PM ET,3.165,100,317,Ask,NYSE,
12:57:26.731 PM ET,3.160,100,316,Ask,Nasdaq GSM,
12:57:26.731 PM ET,3.160,100,316,Ask,Cboe EDGX,
12:57:26.731 PM ET,3.160,100,316,Ask,MIAX Pearl,
12:57:26.731 PM ET,3.160,100,316,Ask,Cboe BZX,
12:57:26.731 PM ET,3.160,100,316,Ask,Off Exchange,
12:57:26.731 PM ET,3.160,100,316,Ask,NYSE,
12:57:26.732 PM ET,3.160,100,316,Ask,Off Exchange,
12:57:26.732 PM ET,3.160,100,316,Ask,NYSE Arca,
12:57:26.733 PM ET,3.160,100,316,Ask,Off Exchange,
12:57:27.394 PM ET,3.155,100,316,Mid,Nasdaq GSM,
12:57:39.617 PM ET,3.165,100,317,Mid,Nasdaq GSM,
12:57:39.617 PM ET,3.160,100,316,Bid,Cboe EDGA,
12:57:39.617 PM ET,3.160,100,316,Bid,Cboe EDGX,
12:57:39.617 PM ET,3.160,100,316,Bid,MIAX Pearl,
12:57:39.618 PM ET,3.160,100,316,Bid,NYSE,
12:57:39.618 PM ET,3.160,100,316,Bid,Nasdaq GSM,
12:57:39.619 PM ET,3.160,100,316,Bid,Off Exchange,
12:57:42.084 PM ET,3.155,100,316,Bid,Off Exchange,
12:57:42.085 PM ET,3.155,100,316,Bid,Off Exchange,
12:57:42.796 PM ET,3.155,100,316,Bid,Nasdaq GSM,
12:57:53.817 PM ET,3.155,100,316,Mid,NYSE Arca,
12:57:53.819 PM ET,3.155,100,316,Mid,NYSE,
12:57:53.828 PM ET,3.155,100,316,Mid,Cboe BZX,
12:58:04.363 PM ET,3.150,100,315,Bid,Nasdaq GSM,Inter Mkt Swp; Trade Thru Exmpt
12:58:04.363 PM ET,3.150,100,315,Bid,NYSE Arca,Inter Mkt Swp; Trade Thru Exmpt
12:58:08.865 PM ET,3.145,100,315,Mid,Nasdaq GSM,
12:58:49.829 PM ET,3.140,100,314,Bid,Off Exchange,
12:58:55.813 PM ET,3.154,100,315,Ask,Off Exchange,Avg Price; Deriv Priced; Trade Thru Exmpt
12:59:19.912 PM ET,3.150,100,315,Bid,NYSE Arca,
12:59:19.913 PM ET,3.150,100,315,Bid,NYSE Arca,
12:59:19.913 PM ET,3.150,100,315,Bid,NYSE Arca,Inter Mkt Swp; Trade Thru Exmpt
12:59:19.915 PM ET,3.150,100,315,Bid,NYSE Arca,
12:59:44.268 PM ET,3.150,100,315,Bid,Cboe BYX,Inter Mkt Swp; Trade Thru Exmpt
01:00:00.940 PM ET,3.155,100,316,Mid,Nasdaq GSM,
01:00:12.881 PM ET,3.155,100,316,Mid,Cboe EDGX,
01:00:31.402 PM ET,3.155,100,316,Mid,NYSE,
01:00:45.500 PM ET,3.150,100,315,Ask,Nasdaq GSM,Inter Mkt Swp; Trade Thru Exmpt
01:00:45.501 PM ET,3.150,100,315,Ask,Cboe EDGX,
01:00:45.501 PM ET,3.150,100,315,Ask,Cboe BZX,Inter Mkt Swp; Trade Thru Exmpt
01:00:45.501 PM ET,3.150,100,315,Ask,Cboe EDGA,Inter Mkt Swp; Trade Thru Exmpt
01:00:45.501 PM ET,3.150,100,315,Ask,NYSE,Inter Mkt Swp; Trade Thru Exmpt
01:00:45.501 PM ET,3.150,100,315,Ask,NYSE Arca,Inter Mkt Swp; Trade Thru Exmpt
01:00:50.768 PM ET,3.150,100,315,Ask,NYSE National,Inter Mkt Swp; Trade Thru Exmpt
01:01:09.320 PM ET,3.150,100,315,Ask,Off Exchange,
01:01:09.320 PM ET,3.150,100,315,Ask,Nasdaq GSM,Inter Mkt Swp; Trade Thru Exmpt
01:01:09.321 PM ET,3.150,100,315,Ask,Off Exchange,
01:01:18.675 PM ET,3.155,100,316,Mid,IEX,
01:01:26.611 PM ET,3.155,100,316,Mid,NYSE Arca,
01:02:11.399 PM ET,3.160,100,316,Bid,Cboe BZX,
01:02:11.399 PM ET,3.160,100,316,Bid,Cboe BZX,Inter Mkt Swp; Trade Thru Exmpt
01:02:11.399 PM ET,3.160,100,316,Bid,NYSE,
01:02:20.517 PM ET,3.165,100,317,Mid,Cboe BZX,
01:02:25.471 PM ET,3.160,100,316,Ask,Cboe EDGA,Inter Mkt Swp; Trade Thru Exmpt
01:02:25.471 PM ET,3.160,100,316,Ask,Cboe BZX,Inter Mkt Swp; Trade Thru Exmpt
01:02:25.471 PM ET,3.160,100,316,Ask,NYSE Arca,Inter Mkt Swp; Trade Thru Exmpt
01:02:40.756 PM ET,3.150,100,315,Mid,Off Exchange,Avg Price; Deriv Priced; Trade Thru Exmpt
01:02:52.535 PM ET,3.155,100,316,Mid,NYSE,
01:03:06.187 PM ET,3.155,100,316,Mid,Nasdaq GSM,
01:03:06.991 PM ET,3.155,100,316,Mid,Cboe EDGX,
01:03:29.866 PM ET,3.155,100,316,Mid,Cboe BZX,
01:04:08.843 PM ET,3.160,100,316,Ask,Nasdaq GSM,
01:04:31.953 PM ET,3.160,100,316,Ask,Cboe BZX,Inter Mkt Swp; Trade Thru Exmpt
01:04:31.953 PM ET,3.160,100,316,Ask,IEX,
01:04:31.953 PM ET,3.160,100,316,Ask,Nasdaq GSM,Inter Mkt Swp; Trade Thru Exmpt
01:04:31.953 PM ET,3.160,100,316,Ask,NYSE Arca,Inter Mkt Swp; Trade Thru Exmpt
01:04:31.953 PM ET,3.160,100,316,Ask,Nasdaq GSM,
01:04:31.954 PM ET,3.160,100,316,Ask,NYSE Arca,
01:04:31.954 PM ET,3.160,100,316,Ask,IEX,
01:04:31.954 PM ET,3.160,100,316,Ask,NYSE,
01:04:31.956 PM ET,3.160,100,316,Ask,Off Exchange,
01:04:31.958 PM ET,3.150,100,315,Ask,Nasdaq GSM,
01:04:31.958 PM ET,3.150,100,315,Ask,Nasdaq GSM,Inter Mkt Swp; Trade Thru Exmpt
01:04:31.958 PM ET,3.150,100,315,Ask,Cboe BZX,Inter Mkt Swp; Trade Thru Exmpt
01:04:31.958 PM ET,3.150,100,315,Ask,Cboe BYX,Inter Mkt Swp; Trade Thru Exmpt
01:04:31.958 PM ET,3.150,100,315,Ask,NYSE Arca,
01:04:31.958 PM ET,3.150,100,315,Ask,MEMX,Inter Mkt Swp; Trade Thru Exmpt
01:04:31.958 PM ET,3.150,100,315,Ask,NYSE American,Inter Mkt Swp; Trade Thru Exmpt
01:04:31.959 PM ET,3.150,100,315,Ask,NYSE Arca,Inter Mkt Swp; Trade Thru Exmpt
01:04:50.585 PM ET,3.145,100,315,Mid,Cboe BYX,
01:04:50.585 PM ET,3.145,100,315,Mid,NYSE National,
01:05:19.366 PM ET,3.150,100,315,Ask,Nasdaq GSM,Inter Mkt Swp; Trade Thru Exmpt
01:05:19.366 PM ET,3.150,100,315,Ask,Cboe EDGA,Inter Mkt Swp; Trade Thru Exmpt
01:05:19.366 PM ET,3.150,100,315,Ask,Cboe EDGX,Inter Mkt Swp; Trade Thru Exmpt
01:05:19.366 PM ET,3.150,100,315,Ask,NYSE,Inter Mkt Swp; Trade Thru Exmpt
01:05:19.367 PM ET,3.150,100,315,Ask,NYSE Arca,Inter Mkt Swp; Trade Thru Exmpt
01:05:50.021 PM ET,3.150,100,315,Bid,Cboe BYX,Inter Mkt Swp; Trade Thru Exmpt
01:05:56.162 PM ET,3.155,100,316,Mid,Cboe BZX,
01:06:19.916 PM ET,3.150,100,315,Ask,IEX,
01:06:19.917 PM ET,3.150,100,315,Ask,Nasdaq GSM,
01:06:19.917 PM ET,3.150,100,315,Ask,NYSE Arca,
01:06:19.917 PM ET,3.150,100,315,Ask,Cboe BZX,
01:06:20.279 PM ET,3.150,100,315,Ask,Off Exchange,
01:06:20.280 PM ET,3.150,100,315,Ask,Off Exchange,
01:06:23.322 PM ET,3.150,100,315,Ask,NYSE Arca,Inter Mkt Swp; Trade Thru Exmpt
01:06:59.915 PM ET,3.150,100,315,Ask,NYSE Arca,Inter Mkt Swp; Trade Thru Exmpt
01:06:59.916 PM ET,3.155,100,316,Ask,NYSE,Trade Thru Exmpt
01:06:59.920 PM ET,3.150,100,315,Ask,IEX,
01:07:09.616 PM ET,3.160,100,316,Ask,Nasdaq GSM,
01:07:18.232 PM ET,3.160,100,316,Bid,NYSE Arca,Inter Mkt Swp; Trade Thru Exmpt
01:07:33.673 PM ET,3.160,100,316,Bid,Nasdaq GSM,
01:07:33.674 PM ET,3.160,100,316,Bid,NYSE Arca,Inter Mkt Swp; Trade Thru Exmpt
01:07:40.468 PM ET,3.165,100,317,Mid,Nasdaq GSM,
01:08:09.291 PM ET,3.160,100,316,Ask,Nasdaq GSM,Inter Mkt Swp; Trade Thru Exmpt
01:08:09.291 PM ET,3.160,100,316,Ask,Cboe BYX,Inter Mkt Swp; Trade Thru Exmpt
01:08:09.292 PM ET,3.160,100,316,Ask,NYSE,Inter Mkt Swp; Trade Thru Exmpt
01:08:09.292 PM ET,3.160,100,316,Ask,NYSE Arca,Inter Mkt Swp; Trade Thru Exmpt
01:09:22.150 PM ET,3.150,100,315,Bid,Nasdaq GSM,Inter Mkt Swp; Trade Thru Exmpt
01:09:22.151 PM ET,3.150,100,315,Bid,IEX,
01:09:28.260 PM ET,3.150,100,315,Bid,IEX,
01:09:46.148 PM ET,3.150,100,315,Bid,IEX,
01:09:53.482 PM ET,3.150,100,315,Ask,Nasdaq GSM,Inter Mkt Swp; Trade Thru Exmpt
01:09:53.482 PM ET,3.150,100,315,Ask,Cboe BZX,Inter Mkt Swp; Trade Thru Exmpt
01:09:53.482 PM ET,3.150,100,315,Ask,NYSE Arca,Inter Mkt Swp; Trade Thru Exmpt
01:10:51.673 PM ET,3.145,100,315,Mid,Off Exchange,
01:12:48.663 PM ET,3.150,100,315,Ask,Nasdaq GSM,
01:12:48.836 PM ET,3.150,100,315,Ask,Off Exchange,
01:12:49.080 PM ET,3.150,100,315,Ask,NYSE Arca,
01:12:49.081 PM ET,3.150,100,315,Ask,Off Exchange,
01:12:49.197 PM ET,3.150,100,315,Bid,NYSE Arca,
01:12:49.528 PM ET,3.145,100,315,Mid,NYSE,
01:12:49.529 PM ET,3.145,100,315,Mid,NYSE Arca,
01:12:49.530 PM ET,3.145,100,315,Mid,Nasdaq GSM,
01:12:49.533 PM ET,3.150,100,315,Ask,MIAX Pearl,Inter Mkt Swp; Trade Thru Exmpt
01:12:49.533 PM ET,3.150,100,315,Ask,Cboe BZX,Inter Mkt Swp; Trade Thru Exmpt
01:12:49.533 PM ET,3.150,100,315,Ask,Off Exchange,
01:12:49.533 PM ET,3.150,100,315,Ask,Cboe BZX,
01:12:49.533 PM ET,3.150,100,315,Ask,NYSE Arca,Inter Mkt Swp; Trade Thru Exmpt
01:12:49.533 PM ET,3.145,100,315,Mid,NYSE,Inter Mkt Swp; Trade Thru Exmpt
01:12:49.533 PM ET,3.150,100,315,Ask,NYSE Arca,
01:12:49.534 PM ET,3.150,100,315,Ask,Off Exchange,
01:12:49.534 PM ET,3.145,100,315,Mid,NYSE Arca,Inter Mkt Swp; Trade Thru Exmpt
01:12:49.534 PM ET,3.150,100,315,Ask,NYSE Arca,Inter Mkt Swp; Trade Thru Exmpt
01:12:49.534 PM ET,3.145,100,315,Mid,NYSE,Inter Mkt Swp; Trade Thru Exmpt
01:12:49.534 PM ET,3.150,100,315,Ask,IEX,
01:12:49.534 PM ET,3.150,100,315,Ask,NYSE Arca,
01:12:49.540 PM ET,3.150,100,315,Ask,Off Exchange,
01:12:49.563 PM ET,3.145,100,315,Mid,IEX,
01:12:49.564 PM ET,3.150,100,315,Ask,NYSE Arca,
01:12:54.863 PM ET,3.150,100,315,Ask,Cboe EDGX,
01:12:54.870 PM ET,3.150,100,315,Ask,IEX,
01:12:54.984 PM ET,3.150,100,315,Ask,Cboe BZX,Inter Mkt Swp; Trade Thru Exmpt
01:12:54.984 PM ET,3.150,100,315,Ask,NYSE Arca,Inter Mkt Swp; Trade Thru Exmpt
01:13:07.173 PM ET,3.152,100,315,Ask,Off Exchange,Avg Price; Deriv Priced; Trade Thru Exmpt
01:13:32.687 PM ET,3.150,100,315,Ask,Nasdaq GSM,Inter Mkt Swp; Trade Thru Exmpt
01:13:35.069 PM ET,3.150,100,315,Bid,NYSE Arca,
01:13:35.528 PM ET,3.150,100,315,Bid,Off Exchange,
01:13:48.546 PM ET,3.150,100,315,Bid,Off Exchange,
01:14:01.239 PM ET,3.155,100,316,Mid,Off Exchange,
01:14:16.539 PM ET,3.150,100,315,Bid,Off Exchange,
01:14:48.351 PM ET,3.155,100,316,Mid,NYSE,
01:14:59.318 PM ET,3.150,100,315,Ask,Nasdaq GSM,Inter Mkt Swp; Trade Thru Exmpt
01:14:59.318 PM ET,3.150,100,315,Ask,Nasdaq BX,Inter Mkt Swp; Trade Thru Exmpt
01:14:59.318 PM ET,3.150,100,315,Ask,NYSE Arca,Inter Mkt Swp; Trade Thru Exmpt
01:14:59.320 PM ET,3.150,100,315,Ask,Nasdaq PHLX,
01:14:59.323 PM ET,3.145,100,315,Mid,IEX,
01:14:59.323 PM ET,3.145,100,315,Mid,Off Exchange,
01:14:59.325 PM ET,3.145,100,315,Mid,Off Exchange,
01:14:59.351 PM ET,3.150,100,315,Ask,Off Exchange,
01:15:00.770 PM ET,3.150,100,315,Bid,Cboe BZX,
01:15:00.770 PM ET,3.150,100,315,Bid,Off Exchange,
01:15:00.779 PM ET,3.150,100,315,Bid,Off Exchange,
01:15:00.781 PM ET,3.150,100,315,Bid,Off Exchange,
01:15:00.875 PM ET,3.150,100,315,Bid,IEX,
01:15:05.231 PM ET,3.145,100,315,Mid,Cboe EDGX,
01:15:08.769 PM ET,3.150,100,315,Ask,Off Exchange,
01:15:14.945 PM ET,3.150,100,315,Bid,IEX,
01:15:23.601 PM ET,3.150,100,315,Bid,Off Exchange,
01:15:33.936 PM ET,3.150,100,315,Bid,NYSE Arca,Inter Mkt Swp; Trade Thru Exmpt
01:15:43.301 PM ET,3.150,100,315,Bid,Off Exchange,
01:15:57.394 PM ET,3.150,100,315,Bid,Nasdaq GSM,
01:16:33.273 PM ET,3.155,100,316,Mid,Cboe BZX,
01:16:34.537 PM ET,3.150,100,315,Bid,Nasdaq GSM,Inter Mkt Swp; Trade Thru Exmpt
01:16:34.538 PM ET,3.150,100,315,Bid,Nasdaq GSM,
01:16:34.538 PM ET,3.150,100,315,Bid,IEX,
01:16:34.538 PM ET,3.150,100,315,Bid,NYSE Arca,
01:16:34.539 PM ET,3.150,100,315,Bid,NYSE Arca,
01:16:34.539 PM ET,3.150,100,315,Bid,IEX,
01:16:41.357 PM ET,3.150,100,315,Bid,Nasdaq GSM,
01:16:45.261 PM ET,3.155,100,316,Mid,Cboe EDGX,
01:16:59.206 PM ET,3.150,100,315,Bid,Nasdaq GSM,Inter Mkt Swp; Trade Thru Exmpt
01:16:59.342 PM ET,3.150,100,315,Ask,Nasdaq GSM,
01:16:59.342 PM ET,3.150,100,315,Ask,MIAX Pearl,
01:16:59.646 PM ET,3.155,100,316,Mid,NYSE Arca,
01:17:07.820 PM ET,3.150,100,315,Bid,IEX,
01:17:17.567 PM ET,3.150,100,315,Bid,Nasdaq GSM,Inter Mkt Swp; Trade Thru Exmpt
01:17:21.124 PM ET,3.150,100,315,Bid,Off Exchange,Avg Price; Deriv Priced; Trade Thru Exmpt
01:17:30.671 PM ET,3.155,100,316,Mid,IEX,
01:17:33.215 PM ET,3.150,100,315,Bid,Nasdaq GSM,Inter Mkt Swp; Trade Thru Exmpt
01:17:44.116 PM ET,3.155,100,316,Mid,Cboe BZX,
01:18:02.217 PM ET,3.150,100,315,Bid,Cboe EDGX,Inter Mkt Swp; Trade Thru Exmpt
01:18:05.181 PM ET,3.155,100,316,Mid,NYSE,
01:18:46.905 PM ET,3.150,100,315,Ask,IEX,
01:18:46.906 PM ET,3.150,100,315,Ask,Nasdaq GSM,
01:18:46.906 PM ET,3.150,100,315,Ask,IEX,
01:18:46.906 PM ET,3.150,100,315,Ask,Nasdaq GSM,Inter Mkt Swp; Trade Thru Exmpt
01:18:46.906 PM ET,3.150,100,315,Ask,Cboe EDGX,Inter Mkt Swp; Trade Thru Exmpt
01:18:46.906 PM ET,3.150,100,315,Ask,NYSE Arca,Inter Mkt Swp; Trade Thru Exmpt
01:18:46.934 PM ET,3.150,100,315,Ask,Off Exchange,
01:19:07.743 PM ET,3.145,100,315,Mid,NYSE,
01:19:31.565 PM ET,3.150,100,315,Ask,Nasdaq GSM,
01:19:31.565 PM ET,3.150,100,315,Ask,NYSE Arca,
01:19:42.368 PM ET,3.155,100,316,Mid,Cboe BZX,
01:20:09.648 PM ET,3.155,100,316,Mid,Off Exchange,
01:20:15.067 PM ET,3.150,100,315,Ask,NYSE Arca,Inter Mkt Swp; Trade Thru Exmpt
01:20:15.067 PM ET,3.150,100,315,Ask,NYSE Arca,
01:20:58.550 PM ET,3.140,100,314,Bid,Nasdaq GSM,Inter Mkt Swp; Trade Thru Exmpt
01:20:58.550 PM ET,3.140,100,314,Bid,Cboe BZX,Inter Mkt Swp; Trade Thru Exmpt
01:20:58.550 PM ET,3.140,100,314,Bid,NYSE,Inter Mkt Swp; Trade Thru Exmpt
01:21:08.853 PM ET,3.135,100,314,Mid,IEX,
01:21:29.330 PM ET,3.140,100,314,Bid,Nasdaq GSM,
01:21:29.330 PM ET,3.140,100,314,Bid,Cboe BZX,
01:21:29.331 PM ET,3.140,100,314,Bid,Off Exchange,
01:23:02.900 PM ET,3.150,100,315,Bid,Nasdaq GSM,
01:23:02.900 PM ET,3.150,100,315,Bid,NYSE Arca,
01:23:02.900 PM ET,3.150,100,315,Bid,IEX,
01:23:19.401 PM ET,3.155,100,316,Mid,Off Exchange,
01:23:44.140 PM ET,3.155,100,316,Mid,Off Exchange,
01:24:03.472 PM ET,3.155,100,316,Mid,NYSE,
01:24:47.964 PM ET,3.160,100,316,Bid,Nasdaq GSM,
01:24:47.964 PM ET,3.160,100,316,Bid,NYSE Arca,
01:25:03.022 PM ET,3.170,100,317,Ask,Off Exchange,
01:25:16.220 PM ET,3.170,100,317,Ask,Nasdaq GSM,
01:25:46.091 PM ET,3.170,100,317,Ask,NYSE Arca,Inter Mkt Swp; Trade Thru Exmpt
01:25:46.095 PM ET,3.180,100,318,Ask,Off Exchange,
01:26:00.097 PM ET,3.185,100,319,Mid,Off Exchange,
01:26:15.213 PM ET,3.180,100,318,Ask,Nasdaq GSM,Inter Mkt Swp; Trade Thru Exmpt
01:26:15.213 PM ET,3.180,100,318,Ask,Cboe EDGX,Inter Mkt Swp; Trade Thru Exmpt
01:26:15.213 PM ET,3.180,100,318,Ask,NYSE,Inter Mkt Swp; Trade Thru Exmpt
01:26:15.213 PM ET,3.180,100,318,Ask,NYSE Arca,Inter Mkt Swp; Trade Thru Exmpt
01:26:15.221 PM ET,3.175,100,318,Mid,IEX,
01:26:30.363 PM ET,3.170,100,317,Ask,Nasdaq GSM,
01:26:30.363 PM ET,3.170,100,317,Ask,NYSE Arca,
01:26:30.364 PM ET,3.170,100,317,Ask,Off Exchange,
01:26:30.365 PM ET,3.170,100,317,Ask,Off Exchange,
01:27:03.234 PM ET,3.160,100,316,Bid,Nasdaq GSM,
01:27:03.234 PM ET,3.160,100,316,Bid,NYSE Arca,
01:27:03.235 PM ET,3.160,100,316,Bid,Nasdaq GSM,
01:27:03.235 PM ET,3.160,100,316,Bid,MIAX Pearl,
01:27:03.235 PM ET,3.160,100,316,Mid,Off Exchange,
01:27:03.235 PM ET,3.160,100,316,Bid,NYSE Arca,
01:27:03.235 PM ET,3.160,100,316,Bid,IEX,
01:27:03.236 PM ET,3.160,100,316,Mid,Off Exchange,
01:27:03.237 PM ET,3.165,100,317,Mid,Nasdaq GSM,
01:27:03.247 PM ET,3.160,100,316,Mid,Off Exchange,
01:27:03.248 PM ET,3.160,100,316,Bid,Off Exchange,
01:27:09.225 PM ET,3.160,100,316,Bid,Off Exchange,
01:27:09.227 PM ET,3.160,100,316,Mid,Off Exchange,
01:27:09.227 PM ET,3.160,100,316,Bid,IEX,
01:27:09.230 PM ET,3.160,100,316,Mid,Off Exchange,
01:27:14.300 PM ET,3.163,100,316,Mid,Off Exchange,Avg Price; Deriv Priced; Trade Thru Exmpt
01:27:20.288 PM ET,3.160,100,316,Ask,Nasdaq GSM,
01:27:20.289 PM ET,3.160,100,316,Ask,NYSE Arca,
01:27:20.289 PM ET,3.160,100,316,Ask,Off Exchange,
01:27:20.291 PM ET,3.160,100,316,Ask,Off Exchange,
01:27:20.292 PM ET,3.155,100,316,Mid,Off Exchange,
01:27:20.294 PM ET,3.155,100,316,Mid,Off Exchange,
01:27:20.294 PM ET,3.155,100,316,Mid,Nasdaq GSM,
01:27:20.294 PM ET,3.155,100,316,Mid,Cboe BZX,
01:27:20.294 PM ET,3.155,100,316,Mid,NYSE Arca,
01:27:26.275 PM ET,3.160,100,316,Ask,Nasdaq GSM,Inter Mkt Swp; Trade Thru Exmpt
01:27:26.276 PM ET,3.160,100,316,Ask,NYSE Arca,Inter Mkt Swp; Trade Thru Exmpt
01:27:26.276 PM ET,3.160,100,316,Ask,Off Exchange,
01:27:26.283 PM ET,3.160,100,316,Ask,Off Exchange,
01:27:36.164 PM ET,3.160,100,316,Bid,IEX,
01:27:36.165 PM ET,3.160,100,316,Bid,Nasdaq GSM,
01:27:36.204 PM ET,3.160,100,316,Bid,Nasdaq GSM,
01:27:44.254 PM ET,3.160,100,316,Bid,Nasdaq GSM,Inter Mkt Swp; Trade Thru Exmpt
01:27:57.271 PM ET,3.160,100,316,Bid,IEX,
01:28:06.799 PM ET,3.160,100,316,Bid,Nasdaq GSM,Inter Mkt Swp; Trade Thru Exmpt
01:28:06.799 PM ET,3.160,100,316,Bid,NYSE Arca,Inter Mkt Swp; Trade Thru Exmpt
01:28:06.799 PM ET,3.160,100,316,Bid,Nasdaq GSM,
01:28:06.799 PM ET,3.160,100,316,Bid,Cboe BZX,
01:28:06.800 PM ET,3.160,100,316,Bid,Nasdaq GSM,
01:28:06.800 PM ET,3.160,100,316,Bid,NYSE Arca,
01:28:06.800 PM ET,3.160,100,316,Bid,NYSE,Inter Mkt Swp; Trade Thru Exmpt
01:28:06.800 PM ET,3.160,100,316,Bid,NYSE American,Inter Mkt Swp; Trade Thru Exmpt
01:28:38.133 PM ET,3.165,100,317,Mid,Off Exchange,
01:28:42.197 PM ET,3.160,100,316,Bid,IEX,
01:28:42.199 PM ET,3.160,100,316,Bid,Nasdaq GSM,Inter Mkt Swp; Trade Thru Exmpt
01:28:42.199 PM ET,3.160,100,316,Bid,Nasdaq GSM,
01:28:47.633 PM ET,3.160,100,316,Bid,IEX,
01:28:49.552 PM ET,3.160,100,316,Ask,IEX,
01:28:49.553 PM ET,3.160,100,316,Ask,Cboe BZX,Inter Mkt Swp; Trade Thru Exmpt
01:28:49.554 PM ET,3.160,100,316,Ask,Cboe BZX,
01:28:49.554 PM ET,3.165,100,317,Ask,Off Exchange,
01:28:49.555 PM ET,3.160,100,316,Ask,NYSE Arca,
01:28:49.555 PM ET,3.165,100,317,Ask,Off Exchange,
01:29:15.246 PM ET,3.150,100,315,Bid,Nasdaq GSM,
01:29:28.163 PM ET,3.150,100,315,Bid,Nasdaq GSM,Inter Mkt Swp; Trade Thru Exmpt
01:29:42.094 PM ET,3.150,100,315,Bid,Nasdaq GSM,Inter Mkt Swp; Trade Thru Exmpt
01:29:50.340 PM ET,3.150,100,315,Bid,NYSE Arca,
01:30:01.025 PM ET,3.150,100,315,Bid,IEX,
01:30:06.544 PM ET,3.150,100,315,Bid,Nasdaq GSM,Inter Mkt Swp; Trade Thru Exmpt
01:30:06.545 PM ET,3.150,100,315,Bid,NYSE,
01:30:06.546 PM ET,3.150,100,315,Bid,IEX,
01:30:06.547 PM ET,3.150,100,315,Bid,NYSE Arca,
01:30:06.547 PM ET,3.150,100,315,Bid,NYSE,
01:30:06.618 PM ET,3.150,100,315,Bid,Cboe EDGX,Inter Mkt Swp; Trade Thru Exmpt
01:30:13.741 PM ET,3.145,100,315,Mid,Nasdaq GSM,
01:30:14.668 PM ET,3.145,100,315,Mid,Nasdaq GSM,
01:30:18.164 PM ET,3.145,100,315,Mid,Cboe BZX,
01:30:39.273 PM ET,3.150,100,315,Ask,IEX,
01:30:39.274 PM ET,3.150,100,315,Ask,NYSE Arca,
01:30:39.274 PM ET,3.150,100,315,Ask,Nasdaq GSM,
01:31:10.187 PM ET,3.150,100,315,Bid,Nasdaq GSM,Inter Mkt Swp; Trade Thru Exmpt
01:31:17.837 PM ET,3.155,100,316,Mid,Off Exchange,
01:31:24.171 PM ET,3.150,100,315,Bid,Nasdaq GSM,Inter Mkt Swp; Trade Thru Exmpt
01:31:33.910 PM ET,3.150,100,315,Bid,Nasdaq GSM,Inter Mkt Swp; Trade Thru Exmpt
01:31:42.916 PM ET,3.150,100,315,Bid,Nasdaq GSM,Inter Mkt Swp; Trade Thru Exmpt
01:31:50.421 PM ET,3.150,100,315,Bid,Nasdaq GSM,Inter Mkt Swp; Trade Thru Exmpt
01:32:04.508 PM ET,3.150,100,315,Bid,Cboe BYX,Inter Mkt Swp; Trade Thru Exmpt
01:32:34.802 PM ET,3.155,100,316,Mid,IEX,
01:33:15.300 PM ET,3.155,100,316,Mid,Off Exchange,
01:33:34.980 PM ET,3.155,100,316,Mid,Cboe EDGX,
01:33:45.254 PM ET,3.155,100,316,Mid,NYSE Arca,
01:34:18.144 PM ET,3.150,100,315,Ask,Nasdaq GSM,Inter Mkt Swp; Trade Thru Exmpt
01:34:18.144 PM ET,3.150,100,315,Ask,Cboe BZX,Inter Mkt Swp; Trade Thru Exmpt
01:34:18.144 PM ET,3.150,100,315,Ask,NYSE Arca,Inter Mkt Swp; Trade Thru Exmpt
01:34:18.145 PM ET,3.145,100,315,Mid,NYSE Arca,
01:35:16.064 PM ET,3.145,100,315,Mid,NYSE Arca,
01:35:22.584 PM ET,3.145,100,315,Mid,NYSE,
01:35:32.753 PM ET,3.145,100,315,Mid,Cboe BZX,
01:35:44.815 PM ET,3.145,100,315,Mid,Cboe BZX,
01:35:51.491 PM ET,3.145,100,315,Mid,IEX,
01:35:51.491 PM ET,3.145,100,315,Mid,Off Exchange,
01:35:51.492 PM ET,3.145,100,315,Mid,Off Exchange,
01:36:10.387 PM ET,3.150,100,315,Mid,Off Exchange,Avg Price; Deriv Priced; Trade Thru Exmpt
01:36:20.842 PM ET,3.140,100,314,Bid,Nasdaq GSM,Inter Mkt Swp; Trade Thru Exmpt
01:36:20.842 PM ET,3.140,100,314,Bid,Nasdaq PHLX,Inter Mkt Swp; Trade Thru Exmpt
01:36:20.842 PM ET,3.140,100,314,Bid,Cboe EDGA,Inter Mkt Swp; Trade Thru Exmpt
01:36:20.842 PM ET,3.140,100,314,Bid,MEMX,Inter Mkt Swp; Trade Thru Exmpt
01:36:20.842 PM ET,3.140,100,314,Bid,NYSE Arca,Inter Mkt Swp; Trade Thru Exmpt
01:36:20.842 PM ET,3.140,100,314,Bid,NYSE,Inter Mkt Swp; Trade Thru Exmpt
01:36:29.008 PM ET,3.135,100,314,Mid,NYSE,
01:36:41.001 PM ET,3.140,100,314,Ask,Off Exchange,
01:36:54.214 PM ET,3.148,100,315,Ask,Off Exchange,Avg Price; Deriv Priced; Trade Thru Exmpt
01:36:58.823 PM ET,3.140,100,314,Ask,Nasdaq GSM,Inter Mkt Swp; Trade Thru Exmpt
01:37:22.709 PM ET,3.135,100,314,Mid,Off Exchange,
01:37:49.977 PM ET,3.135,100,314,Mid,NYSE Arca,
01:37:57.725 PM ET,3.130,100,313,Bid,Cboe BYX,Inter Mkt Swp; Trade Thru Exmpt
01:37:59.559 PM ET,3.135,100,314,Mid,Off Exchange,
01:38:23.278 PM ET,3.135,100,314,Mid,NYSE,
01:38:56.405 PM ET,3.140,100,314,Ask,IEX,
01:39:08.466 PM ET,3.140,100,314,Ask,Off Exchange,
01:39:30.000 PM ET,3.140,100,314,Ask,Nasdaq GSM,
01:39:44.353 PM ET,3.140,100,314,Ask,Off Exchange,
01:39:57.589 PM ET,3.140,100,314,Bid,NYSE Arca,Inter Mkt Swp; Trade Thru Exmpt
01:39:57.590 PM ET,3.145,100,315,Mid,IEX,
01:40:02.371 PM ET,3.145,100,315,Mid,Off Exchange,
01:40:14.409 PM ET,3.145,100,315,Mid,Off Exchange,
01:40:16.558 PM ET,3.140,100,314,Bid,Nasdaq GSM,Inter Mkt Swp; Trade Thru Exmpt
01:40:16.559 PM ET,3.140,100,314,Bid,NYSE Arca,Inter Mkt Swp; Trade Thru Exmpt
01:40:16.559 PM ET,3.140,100,314,Bid,NYSE Arca,
01:40:23.541 PM ET,3.140,100,314,Ask,Cboe EDGA,
01:40:23.541 PM ET,3.130,100,313,Ask,Nasdaq GSM,
01:40:23.542 PM ET,3.130,100,313,Ask,MEMX,
01:40:23.542 PM ET,3.135,100,314,Ask,NYSE,
01:40:23.542 PM ET,3.130,100,313,Ask,IEX,
01:40:23.543 PM ET,3.130,100,313,Ask,NYSE,
01:40:56.852 PM ET,3.125,100,313,Mid,Cboe EDGX,
01:40:57.033 PM ET,3.135,100,313,Ask,Off Exchange,Avg Price; Deriv Priced; Trade Thru Exmpt
01:41:10.388 PM ET,3.135,100,313,Ask,Off Exchange,Avg Price; Deriv Priced; Trade Thru Exmpt
01:41:10.499 PM ET,3.130,100,313,Ask,Nasdaq GSM,Inter Mkt Swp; Trade Thru Exmpt
01:41:10.499 PM ET,3.130,100,313,Ask,NYSE Arca,
01:41:10.500 PM ET,3.130,100,313,Ask,Nasdaq GSM,
01:41:10.505 PM ET,3.130,100,313,Ask,NYSE Arca,
01:42:07.835 PM ET,3.130,100,313,Bid,NYSE Arca,
01:42:15.274 PM ET,3.135,100,314,Mid,Cboe EDGX,
01:42:40.657 PM ET,3.140,100,314,Ask,Off Exchange,
01:43:22.464 PM ET,3.140,100,314,Bid,Nasdaq GSM,
01:43:22.464 PM ET,3.140,100,314,Bid,NYSE Arca,
01:43:35.807 PM ET,3.145,100,315,Mid,Off Exchange,
01:43:38.150 PM ET,3.145,100,315,Mid,IEX,
01:43:51.676 PM ET,3.140,100,314,Bid,Cboe BYX,Inter Mkt Swp; Trade Thru Exmpt
01:45:03.112 PM ET,3.145,100,315,Mid,NYSE,
01:45:17.938 PM ET,3.145,100,315,Mid,Nasdaq GSM,
01:45:44.862 PM ET,3.145,100,315,Mid,IEX,
01:46:43.616 PM ET,3.140,100,314,Bid,IEX,
01:46:46.684 PM ET,3.145,100,315,Mid,Cboe EDGX,
01:47:20.604 PM ET,3.145,100,315,Mid,NYSE Arca,
01:47:25.527 PM ET,3.145,100,315,Mid,Off Exchange,
01:48:23.375 PM ET,3.145,100,315,Bid,Nasdaq PHLX,
01:48:23.375 PM ET,3.150,100,315,Bid,Nasdaq GSM,
01:48:23.375 PM ET,3.150,100,315,Bid,Cboe BYX,
01:48:23.375 PM ET,3.150,100,315,Bid,CHX,
01:48:23.375 PM ET,3.150,100,315,Bid,NYSE National,
01:48:23.375 PM ET,3.150,100,315,Bid,Cboe BZX,
01:48:23.390 PM ET,3.150,100,315,Bid,Off Exchange,
01:48:23.397 PM ET,3.155,100,316,Mid,IEX,
01:48:23.403 PM ET,3.155,100,316,Mid,Off Exchange,
01:48:23.406 PM ET,3.155,100,316,Mid,Off Exchange,
01:48:23.410 PM ET,3.155,100,316,Mid,IEX,
01:48:23.415 PM ET,3.155,100,316,Mid,Off Exchange,
01:48:26.996 PM ET,3.155,100,316,Mid,Cboe BZX,
01:48:55.012 PM ET,3.155,100,316,Mid,Cboe BZX,
01:49:08.290 PM ET,3.160,100,316,Ask,Nasdaq PHLX,Inter Mkt Swp; Trade Thru Exmpt
01:49:08.290 PM ET,3.160,100,316,Ask,Nasdaq GSM,Inter Mkt Swp; Trade Thru Exmpt
01:49:08.290 PM ET,3.160,100,316,Ask,Cboe EDGX,Inter Mkt Swp; Trade Thru Exmpt
01:49:08.290 PM ET,3.160,100,316,Ask,MIAX Pearl,Inter Mkt Swp; Trade Thru Exmpt
01:50:10.999 PM ET,3.165,100,317,Mid,Cboe BZX,
01:50:17.391 PM ET,3.165,100,317,Mid,Cboe BZX,
01:50:20.352 PM ET,3.170,100,317,Ask,Nasdaq GSM,
01:50:21.248 PM ET,3.170,100,317,Ask,Nasdaq GSM,
01:50:40.607 PM ET,3.170,100,317,Ask,IEX,
01:50:47.915 PM ET,3.165,100,317,Mid,Cboe BZX,
01:50:52.024 PM ET,3.160,100,316,Bid,Nasdaq BX,Inter Mkt Swp; Trade Thru Exmpt
01:50:52.024 PM ET,3.165,100,317,Mid,Nasdaq GSM,
01:50:52.024 PM ET,3.160,100,316,Bid,NYSE National,Inter Mkt Swp; Trade Thru Exmpt
01:50:52.024 PM ET,3.160,100,316,Bid,Cboe BYX,Inter Mkt Swp; Trade Thru Exmpt
01:50:52.038 PM ET,3.160,100,316,Bid,Nasdaq GSM,Inter Mkt Swp; Trade Thru Exmpt
01:50:52.039 PM ET,3.160,100,316,Bid,NYSE Arca,Inter Mkt Swp; Trade Thru Exmpt
01:50:52.039 PM ET,3.160,100,316,Bid,IEX,
01:51:04.666 PM ET,3.150,100,315,Bid,Cboe EDGX,
01:51:15.011 PM ET,3.155,100,316,Mid,NYSE Arca,
01:51:23.081 PM ET,3.150,100,315,Bid,Off Exchange,
01:51:25.227 PM ET,3.150,100,315,Bid,Nasdaq GSM,
01:51:36.390 PM ET,3.150,100,315,Bid,Nasdaq GSM,
01:51:36.390 PM ET,3.150,100,315,Bid,Nasdaq GSM,Inter Mkt Swp; Trade Thru Exmpt
01:51:36.391 PM ET,3.150,100,315,Bid,IEX,
01:51:36.391 PM ET,3.150,100,315,Bid,MIAX Pearl,
01:51:36.391 PM ET,3.150,100,315,Bid,NYSE Arca,
01:52:11.783 PM ET,3.150,100,315,Bid,IEX,
01:52:56.760 PM ET,3.150,100,315,Bid,Nasdaq GSM,
01:52:56.761 PM ET,3.145,100,315,Bid,NYSE,
01:52:57.756 PM ET,3.145,100,315,Mid,Cboe BZX,
01:53:00.329 PM ET,3.145,100,315,Mid,NYSE,
01:53:16.145 PM ET,3.150,100,315,Bid,NYSE Arca,
01:53:16.145 PM ET,3.150,100,315,Bid,NYSE Arca,Inter Mkt Swp; Trade Thru Exmpt
01:53:18.759 PM ET,3.155,100,316,Mid,Cboe BZX,
01:53:35.762 PM ET,3.155,100,316,Mid,NYSE Arca,
01:53:36.383 PM ET,3.155,100,316,Mid,NYSE Arca,
01:53:40.981 PM ET,3.155,100,316,Mid,NYSE,
01:54:09.933 PM ET,3.160,100,316,Bid,NYSE Arca,
01:55:13.062 PM ET,3.160,100,316,Bid,Nasdaq GSM,Inter Mkt Swp; Trade Thru Exmpt
01:55:15.787 PM ET,3.165,100,317,Mid,NYSE,
01:55:32.195 PM ET,3.160,100,316,Bid,Nasdaq GSM,Inter Mkt Swp; Trade Thru Exmpt
01:56:58.170 PM ET,3.170,100,317,Ask,Off Exchange,
01:57:19.276 PM ET,3.165,100,317,Mid,IEX,
01:57:38.606 PM ET,3.165,100,317,Mid,Off Exchange,
01:57:39.447 PM ET,3.160,100,316,Bid,Nasdaq GSM,
01:57:39.447 PM ET,3.160,100,316,Bid,Cboe BZX,
01:57:39.447 PM ET,3.160,100,316,Bid,Cboe EDGX,
01:57:39.447 PM ET,3.160,100,316,Bid,IEX,
01:57:39.447 PM ET,3.160,100,316,Bid,Cboe EDGA,
01:57:39.447 PM ET,3.160,100,316,Bid,NYSE American,
01:57:39.447 PM ET,3.160,100,316,Bid,NYSE,
01:57:39.447 PM ET,3.160,100,316,Bid,NYSE Arca,
01:57:39.448 PM ET,3.155,100,316,Bid,Cboe BZX,
01:57:39.448 PM ET,3.155,100,316,Bid,Cboe EDGX,
01:57:39.459 PM ET,3.155,100,316,Bid,Off Exchange,
01:57:39.471 PM ET,3.155,100,316,Bid,Off Exchange,
01:57:39.471 PM ET,3.155,100,316,Bid,Nasdaq GSM,
01:57:40.661 PM ET,3.160,100,316,Ask,Cboe EDGX,
01:57:40.661 PM ET,3.160,100,316,Ask,Cboe BZX,
01:57:40.661 PM ET,3.160,100,316,Ask,IEX,
01:57:40.661 PM ET,3.160,100,316,Ask,NYSE Arca,
01:57:44.947 PM ET,3.150,100,315,Bid,Nasdaq GSM,
01:57:44.947 PM ET,3.150,100,315,Bid,IEX,
01:57:44.947 PM ET,3.150,100,315,Bid,Cboe BYX,
01:57:44.947 PM ET,3.150,100,315,Bid,MEMX,
01:57:44.947 PM ET,3.150,100,315,Bid,MIAX Pearl,
01:57:44.947 PM ET,3.150,100,315,Bid,NYSE,
01:57:44.947 PM ET,3.150,100,315,Bid,NYSE Arca,
01:57:44.947 PM ET,3.150,100,315,Bid,Off Exchange,
01:57:44.977 PM ET,3.150,100,315,Bid,Nasdaq GSM,Inter Mkt Swp; Trade Thru Exmpt
01:57:44.977 PM ET,3.150,100,315,Bid,Cboe EDGX,Inter Mkt Swp; Trade Thru Exmpt
01:57:44.977 PM ET,3.150,100,315,Bid,NYSE Arca,Inter Mkt Swp; Trade Thru Exmpt
01:57:44.977 PM ET,3.150,100,315,Bid,MIAX Pearl,
01:57:44.977 PM ET,3.145,100,315,Bid,Nasdaq GSM,Inter Mkt Swp; Trade Thru Exmpt
01:57:44.977 PM ET,3.150,100,315,Bid,Cboe BZX,Inter Mkt Swp; Trade Thru Exmpt
01:57:44.977 PM ET,3.150,100,315,Bid,Cboe EDGA,Inter Mkt Swp; Trade Thru Exmpt
01:57:45.021 PM ET,3.160,100,316,Bid,Nasdaq GSM,Inter Mkt Swp; Trade Thru Exmpt
01:57:45.021 PM ET,3.160,100,316,Bid,Cboe EDGA,Inter Mkt Swp; Trade Thru Exmpt
01:57:45.021 PM ET,3.160,100,316,Bid,Cboe EDGX,Inter Mkt Swp; Trade Thru Exmpt
01:57:45.022 PM ET,3.160,100,316,Bid,NYSE Arca,Inter Mkt Swp; Trade Thru Exmpt
01:57:45.022 PM ET,3.155,100,316,Bid,NYSE,Inter Mkt Swp; Trade Thru Exmpt
01:57:45.022 PM ET,3.160,100,316,Bid,NYSE,Inter Mkt Swp; Trade Thru Exmpt
01:58:06.965 PM ET,3.160,100,316,Bid,NYSE Arca,
01:58:06.965 PM ET,3.160,100,316,Bid,MIAX Pearl,
01:58:06.965 PM ET,3.160,100,316,Bid,Nasdaq GSM,
01:58:06.965 PM ET,3.160,100,316,Bid,NYSE National,
01:58:06.965 PM ET,3.160,100,316,Bid,IEX,
01:58:06.965 PM ET,3.165,100,317,Mid,Nasdaq GSM,
01:58:06.965 PM ET,3.160,100,316,Bid,Cboe EDGX,
01:58:06.965 PM ET,3.165,100,317,Mid,Cboe BZX,
01:58:06.968 PM ET,3.160,100,316,Bid,IEX,
01:58:12.452 PM ET,3.160,100,316,Bid,MEMX,
01:58:41.147 PM ET,3.170,100,317,Ask,Cboe EDGX,Inter Mkt Swp; Trade Thru Exmpt
01:58:41.147 PM ET,3.165,100,317,Mid,Nasdaq GSM,Inter Mkt Swp; Trade Thru Exmpt
01:58:41.147 PM ET,3.170,100,317,Ask,Nasdaq GSM,Inter Mkt Swp; Trade Thru Exmpt
01:58:41.147 PM ET,3.165,100,317,Mid,Cboe BZX,Inter Mkt Swp; Trade Thru Exmpt
01:58:41.147 PM ET,3.170,100,317,Ask,Cboe EDGA,Inter Mkt Swp; Trade Thru Exmpt
01:58:41.147 PM ET,3.170,100,317,Ask,Cboe BZX,Inter Mkt Swp; Trade Thru Exmpt
01:58:41.147 PM ET,3.170,100,317,Ask,MIAX Pearl,Inter Mkt Swp; Trade Thru Exmpt
01:58:41.148 PM ET,3.170,100,317,Ask,Off Exchange,
01:58:41.148 PM ET,3.165,100,317,Mid,NYSE,Inter Mkt Swp; Trade Thru Exmpt
01:58:41.148 PM ET,3.170,100,317,Ask,NYSE Arca,Inter Mkt Swp; Trade Thru Exmpt
02:00:12.988 PM ET,3.175,100,318,Mid,Nasdaq GSM,
02:00:17.065 PM ET,3.175,100,318,Mid,NYSE Arca,
02:00:41.496 PM ET,3.180,100,318,Ask,NYSE Arca,Inter Mkt Swp; Trade Thru Exmpt
02:00:56.820 PM ET,3.175,100,318,Mid,Nasdaq GSM,
02:00:56.820 PM ET,3.170,100,317,Bid,Nasdaq GSM,
02:00:56.820 PM ET,3.175,100,318,Mid,Cboe BZX,
02:00:56.820 PM ET,3.170,100,317,Bid,Cboe BZX,
02:00:56.820 PM ET,3.175,100,318,Mid,Cboe BYX,
02:00:56.820 PM ET,3.175,100,318,Mid,Cboe EDGA,
02:00:56.820 PM ET,3.170,100,317,Bid,Cboe BYX,Inter Mkt Swp; Trade Thru Exmpt
02:00:56.820 PM ET,3.175,100,318,Mid,MIAX Pearl,
02:00:56.821 PM ET,3.170,100,317,Bid,NYSE Arca,
02:00:56.822 PM ET,3.170,100,317,Bid,Nasdaq GSM,
02:00:56.823 PM ET,3.170,100,317,Bid,NYSE American,Inter Mkt Swp; Trade Thru Exmpt
02:00:56.823 PM ET,3.170,100,317,Bid,Nasdaq GSM,Inter Mkt Swp; Trade Thru Exmpt
02:00:57.858 PM ET,3.175,100,318,Mid,Off Exchange,
02:00:57.862 PM ET,3.175,100,318,Mid,Off Exchange,
02:01:13.767 PM ET,3.170,100,317,Ask,Nasdaq GSM,
02:01:23.677 PM ET,3.165,100,317,Mid,NYSE,
02:01:35.425 PM ET,3.170,100,317,Ask,Nasdaq GSM,
02:01:35.425 PM ET,3.170,100,317,Ask,NYSE Arca,
02:01:35.425 PM ET,3.170,100,317,Ask,IEX,
02:01:38.914 PM ET,3.170,100,317,Bid,Cboe BYX,
02:01:38.914 PM ET,3.170,100,317,Bid,NYSE Arca,
02:01:38.915 PM ET,3.160,100,316,Bid,NYSE Arca,
02:01:38.937 PM ET,3.170,100,317,Bid,Nasdaq GSM,Inter Mkt Swp; Trade Thru Exmpt
02:01:38.938 PM ET,3.170,100,317,Bid,Cboe EDGX,Inter Mkt Swp; Trade Thru Exmpt
02:01:44.984 PM ET,3.170,100,317,Bid,NYSE Arca,
02:01:57.854 PM ET,3.175,100,318,Bid,Nasdaq GSM,
02:01:57.854 PM ET,3.180,100,318,Bid,Nasdaq GSM,
02:01:57.855 PM ET,3.175,100,318,Bid,Cboe BZX,Inter Mkt Swp; Trade Thru Exmpt
02:01:57.855 PM ET,3.180,100,318,Bid,Cboe EDGX,Inter Mkt Swp; Trade Thru Exmpt
02:01:57.855 PM ET,3.180,100,318,Bid,Cboe BZX,
02:01:57.855 PM ET,3.180,100,318,Bid,NYSE Arca,
02:02:23.903 PM ET,3.163,100,316,Bid,Off Exchange,Avg Price; Deriv Priced; Trade Thru Exmpt
02:02:54.162 PM ET,3.185,100,319,Mid,Off Exchange,
02:03:31.662 PM ET,3.185,100,319,Mid,Off Exchange,
02:03:40.713 PM ET,3.185,100,319,Mid,Off Exchange,
02:04:48.747 PM ET,3.185,100,319,Mid,Off Exchange,
02:05:00.124 PM ET,3.172,100,317,Bid,Off Exchange,Avg Price; Deriv Priced; Trade Thru Exmpt
02:05:14.142 PM ET,3.185,100,319,Mid,Cboe EDGX,
02:05:15.655 PM ET,3.185,100,319,Mid,NYSE,
02:06:02.641 PM ET,3.180,100,318,Bid,IEX,
02:06:37.839 PM ET,3.185,100,319,Mid,Off Exchange,
02:07:27.772 PM ET,3.185,100,319,Mid,Off Exchange,
02:07:44.723 PM ET,3.183,100,318,Mid,Off Exchange,Avg Price
02:07:56.812 PM ET,3.185,100,319,Mid,Cboe BZX,
02:08:18.444 PM ET,3.185,100,319,Mid,Cboe BZX,
02:08:18.444 PM ET,3.185,100,319,Mid,Off Exchange,
02:08:22.037 PM ET,3.190,100,319,Bid,Nasdaq GSM,
02:08:22.037 PM ET,3.190,100,319,Bid,Cboe EDGX,
02:08:22.038 PM ET,3.190,100,319,Bid,NYSE Arca,Inter Mkt Swp; Trade Thru Exmpt
02:08:22.038 PM ET,3.190,100,319,Bid,NYSE Arca,
02:08:22.038 PM ET,3.190,100,319,Bid,IEX,
02:08:22.045 PM ET,3.190,100,319,Bid,Nasdaq BX,Inter Mkt Swp; Trade Thru Exmpt
02:08:22.045 PM ET,3.190,100,319,Bid,Cboe BYX,Inter Mkt Swp; Trade Thru Exmpt
02:08:32.038 PM ET,3.195,100,320,Mid,Off Exchange,
02:10:11.752 PM ET,3.195,100,320,Mid,NYSE,
02:10:31.780 PM ET,3.175,100,318,Bid,Off Exchange,Avg Price; Deriv Priced; Trade Thru Exmpt
02:11:06.771 PM ET,3.200,100,320,Ask,Off Exchange,
02:11:46.600 PM ET,3.195,100,320,Mid,Cboe EDGX,
02:13:05.595 PM ET,3.200,100,320,Bid,Cboe BZX,
02:13:05.595 PM ET,3.200,100,320,Bid,NYSE Arca,
02:13:08.595 PM ET,3.205,100,321,Mid,Cboe BZX,
02:13:12.463 PM ET,3.205,100,321,Mid,Nasdaq GSM,
02:13:20.910 PM ET,3.205,100,321,Mid,NYSE,
02:13:29.439 PM ET,3.205,100,321,Mid,Cboe EDGX,
02:14:13.059 PM ET,3.210,100,321,Bid,IEX,
02:14:13.061 PM ET,3.210,100,321,Bid,Nasdaq GSM,
02:14:13.159 PM ET,3.215,100,322,Mid,Off Exchange,
02:14:27.472 PM ET,3.215,100,322,Mid,NYSE Arca,
02:14:36.653 PM ET,3.220,100,322,Ask,Off Exchange,
02:14:36.654 PM ET,3.220,100,322,Ask,Off Exchange,
02:14:36.656 PM ET,3.220,100,322,Ask,Off Exchange,
02:15:09.116 PM ET,3.215,100,322,Mid,NYSE Arca,
02:15:09.119 PM ET,3.215,100,322,Mid,NYSE Arca,
02:15:11.406 PM ET,3.215,100,322,Mid,NYSE,
02:15:50.734 PM ET,3.220,100,322,Ask,IEX,
02:15:51.701 PM ET,3.220,100,322,Ask,Off Exchange,
02:15:57.767 PM ET,3.215,100,322,Mid,Nasdaq GSM,
02:17:27.962 PM ET,3.215,100,322,Mid,Nasdaq GSM,
02:17:27.962 PM ET,3.215,100,322,Mid,Nasdaq BX,
02:17:27.962 PM ET,3.210,100,321,Bid,Nasdaq GSM,
02:17:27.962 PM ET,3.210,100,321,Bid,Nasdaq BX,Inter Mkt Swp; Trade Thru Exmpt
02:17:27.962 PM ET,3.210,100,321,Bid,Nasdaq GSM,Inter Mkt Swp; Trade Thru Exmpt
02:17:27.962 PM ET,3.215,100,322,Mid,Cboe BYX,
02:17:27.962 PM ET,3.210,100,321,Bid,Cboe BYX,Inter Mkt Swp; Trade Thru Exmpt
02:17:27.962 PM ET,3.210,100,321,Bid,Cboe EDGX,
02:17:27.962 PM ET,3.215,100,322,Mid,MIAX Pearl,
02:17:27.962 PM ET,3.210,100,321,Bid,Cboe BZX,Inter Mkt Swp; Trade Thru Exmpt
02:17:27.962 PM ET,3.215,100,322,Mid,NYSE,
02:17:27.962 PM ET,3.210,100,321,Bid,NYSE Arca,
02:17:27.963 PM ET,3.200,100,320,Bid,Nasdaq GSM,Inter Mkt Swp; Trade Thru Exmpt
02:17:27.963 PM ET,3.200,100,320,Bid,MEMX,Inter Mkt Swp; Trade Thru Exmpt
02:17:27.963 PM ET,3.200,100,320,Bid,Cboe EDGX,Inter Mkt Swp; Trade Thru Exmpt
02:17:27.963 PM ET,3.200,100,320,Bid,Cboe BZX,Inter Mkt Swp; Trade Thru Exmpt
02:17:27.964 PM ET,3.200,100,320,Bid,MIAX Pearl,Inter Mkt Swp; Trade Thru Exmpt
02:17:27.995 PM ET,3.195,100,320,Mid,Off Exchange,
02:17:28.062 PM ET,3.195,100,320,Mid,NYSE National,Inter Mkt Swp; Trade Thru Exmpt
02:17:33.302 PM ET,3.195,100,320,Mid,Cboe EDGX,
02:17:33.302 PM ET,3.195,100,320,Mid,MEMX,
02:17:33.302 PM ET,3.195,100,320,Mid,IEX,
02:17:33.302 PM ET,3.195,100,320,Mid,Nasdaq GSM,
02:17:33.302 PM ET,3.195,100,320,Mid,Cboe BZX,
02:17:33.303 PM ET,3.195,100,320,Mid,Off Exchange,
02:18:09.204 PM ET,3.190,100,319,Bid,Cboe BYX,Inter Mkt Swp; Trade Thru Exmpt
02:18:18.215 PM ET,3.195,100,320,Mid,Off Exchange,
02:19:08.142 PM ET,3.195,100,320,Mid,IEX,
02:19:10.922 PM ET,3.190,100,319,Bid,Nasdaq GSM,Inter Mkt Swp; Trade Thru Exmpt
02:19:10.922 PM ET,3.190,100,319,Bid,Cboe BZX,Inter Mkt Swp; Trade Thru Exmpt
02:19:10.971 PM ET,3.190,100,319,Ask,NYSE National,Inter Mkt Swp; Trade Thru Exmpt
02:19:20.773 PM ET,3.185,100,319,Mid,Cboe BZX,
02:19:20.836 PM ET,3.185,100,319,Mid,Nasdaq GSM,Inter Mkt Swp; Trade Thru Exmpt
02:19:20.836 PM ET,3.180,100,318,Bid,Nasdaq GSM,Inter Mkt Swp; Trade Thru Exmpt
02:19:20.862 PM ET,3.185,100,319,Mid,Off Exchange,
02:19:28.619 PM ET,3.180,100,318,Bid,Cboe BYX,Inter Mkt Swp; Trade Thru Exmpt
02:19:28.619 PM ET,3.180,100,318,Bid,IEX,
02:19:33.874 PM ET,3.180,100,318,Bid,Nasdaq GSM,
02:19:33.874 PM ET,3.180,100,318,Bid,IEX,
02:19:33.875 PM ET,3.180,100,318,Bid,Nasdaq GSM,
02:19:33.875 PM ET,3.180,100,318,Bid,NYSE Arca,
02:19:50.500 PM ET,3.185,100,319,Mid,NYSE,
02:20:18.370 PM ET,3.185,100,319,Mid,NYSE,
02:21:18.200 PM ET,3.185,100,319,Mid,Off Exchange,
02:21:20.589 PM ET,3.180,100,318,Bid,Off Exchange,
02:21:31.181 PM ET,3.185,100,319,Mid,IEX,
02:22:09.112 PM ET,3.201,100,320,Ask,Off Exchange,Avg Price; Deriv Priced; Trade Thru Exmpt
02:22:46.591 PM ET,3.180,100,318,Ask,Cboe BZX,Inter Mkt Swp; Trade Thru Exmpt
02:22:46.591 PM ET,3.180,100,318,Ask,IEX,
02:22:46.591 PM ET,3.180,100,318,Ask,NYSE Arca,Inter Mkt Swp; Trade Thru Exmpt
02:22:46.591 PM ET,3.180,100,318,Ask,Nasdaq GSM,Inter Mkt Swp; Trade Thru Exmpt
02:22:46.591 PM ET,3.180,100,318,Ask,Cboe EDGX,Inter Mkt Swp; Trade Thru Exmpt
02:22:49.339 PM ET,3.170,100,317,Bid,Cboe EDGX,
02:22:49.339 PM ET,3.170,100,317,Bid,IEX,
02:22:49.339 PM ET,3.170,100,317,Bid,NYSE Arca,
02:22:49.339 PM ET,3.170,100,317,Bid,Cboe BZX,
02:22:49.339 PM ET,3.175,100,318,Mid,Nasdaq GSM,
02:22:49.339 PM ET,3.170,100,317,Bid,Nasdaq GSM,
02:22:49.339 PM ET,3.170,100,317,Bid,MEMX,
02:22:49.339 PM ET,3.175,100,318,Mid,Cboe BZX,
02:23:06.075 PM ET,3.170,100,317,Bid,Nasdaq GSM,Inter Mkt Swp; Trade Thru Exmpt
02:24:28.820 PM ET,3.175,100,318,Mid,NYSE,
02:24:44.611 PM ET,3.180,100,318,Bid,Cboe BZX,Inter Mkt Swp; Trade Thru Exmpt
02:24:44.611 PM ET,3.180,100,318,Bid,Cboe BZX,
02:24:44.611 PM ET,3.180,100,318,Bid,Cboe EDGX,
02:24:44.612 PM ET,3.180,100,318,Bid,Cboe EDGA,
02:24:44.612 PM ET,3.190,100,319,Ask,IEX,
02:24:44.612 PM ET,3.185,100,319,Mid,NYSE American,
02:24:44.612 PM ET,3.190,100,319,Ask,NYSE Arca,
02:25:23.932 PM ET,3.190,100,319,Ask,NYSE Arca,Inter Mkt Swp; Trade Thru Exmpt
02:25:23.932 PM ET,3.190,100,319,Ask,Cboe EDGX,Inter Mkt Swp; Trade Thru Exmpt
02:25:23.932 PM ET,3.190,100,319,Ask,MEMX,Inter Mkt Swp; Trade Thru Exmpt
02:25:23.932 PM ET,3.190,100,319,Ask,NYSE,Inter Mkt Swp; Trade Thru Exmpt
02:25:42.643 PM ET,3.180,100,318,Bid,Off Exchange,Avg Price; Deriv Priced; Trade Thru Exmpt
02:25:59.105 PM ET,3.195,100,320,Mid,Off Exchange,
02:28:18.201 PM ET,3.200,100,320,Ask,Cboe EDGX,
02:28:41.983 PM ET,3.189,100,319,Bid,Off Exchange,Avg Price; Deriv Priced; Trade Thru Exmpt
02:29:56.852 PM ET,3.195,100,320,Mid,NYSE Arca,
02:31:27.965 PM ET,3.200,100,320,Ask,Off Exchange,
02:31:27.967 PM ET,3.200,100,320,Ask,Nasdaq GSM,Inter Mkt Swp; Trade Thru Exmpt
02:31:27.967 PM ET,3.200,100,320,Ask,Cboe EDGX,Inter Mkt Swp; Trade Thru Exmpt
02:32:11.001 PM ET,3.195,100,320,Mid,NYSE Arca,
02:32:41.232 PM ET,3.200,100,320,Ask,NYSE Arca,
02:32:58.673 PM ET,3.200,100,320,Ask,Off Exchange,
02:33:07.749 PM ET,3.195,100,320,Mid,NYSE,
02:33:07.750 PM ET,3.195,100,320,Mid,Nasdaq GSM,
02:33:26.075 PM ET,3.195,100,320,Mid,Off Exchange,
02:33:26.078 PM ET,3.190,100,319,Bid,Nasdaq BX,Inter Mkt Swp; Trade Thru Exmpt
02:33:26.078 PM ET,3.190,100,319,Bid,Cboe BYX,Inter Mkt Swp; Trade Thru Exmpt
02:33:26.078 PM ET,3.190,100,319,Bid,Nasdaq GSM,
02:33:26.078 PM ET,3.190,100,319,Bid,Cboe EDGX,
02:33:26.078 PM ET,3.190,100,319,Bid,Cboe BZX,
02:33:26.079 PM ET,3.190,100,319,Bid,NYSE Arca,
02:35:11.445 PM ET,3.200,100,320,Ask,Nasdaq GSM,Inter Mkt Swp; Trade Thru Exmpt
02:35:11.445 PM ET,3.200,100,320,Ask,Cboe BZX,Inter Mkt Swp; Trade Thru Exmpt
02:35:11.445 PM ET,3.200,100,320,Ask,Cboe EDGX,Inter Mkt Swp; Trade Thru Exmpt
02:35:11.446 PM ET,3.200,100,320,Ask,Cboe BZX,
02:35:11.446 PM ET,3.200,100,320,Ask,IEX,
02:35:11.530 PM ET,3.205,100,321,Mid,Off Exchange,
02:35:21.896 PM ET,3.200,100,320,Bid,Cboe EDGX,
02:35:21.912 PM ET,3.200,100,320,Bid,Cboe BYX,Inter Mkt Swp; Trade Thru Exmpt
02:35:25.879 PM ET,3.200,100,320,Ask,Nasdaq GSM,Inter Mkt Swp; Trade Thru Exmpt
02:35:25.879 PM ET,3.200,100,320,Ask,NYSE Arca,Inter Mkt Swp; Trade Thru Exmpt
02:36:39.682 PM ET,3.197,100,320,Mid,Off Exchange,Avg Price
02:37:27.411 PM ET,3.195,100,320,Mid,Off Exchange,
02:37:27.412 PM ET,3.195,100,320,Mid,Off Exchange,
02:37:27.415 PM ET,3.195,100,320,Mid,IEX,
02:37:46.062 PM ET,3.198,100,320,Mid,Off Exchange,Avg Price; Deriv Priced; Trade Thru Exmpt
02:37:48.183 PM ET,3.190,100,319,Bid,Cboe BYX,Inter Mkt Swp; Trade Thru Exmpt
02:37:59.484 PM ET,3.190,100,319,Ask,Nasdaq GSM,Inter Mkt Swp; Trade Thru Exmpt
02:37:59.484 PM ET,3.190,100,319,Ask,Cboe BZX,Inter Mkt Swp; Trade Thru Exmpt
02:37:59.484 PM ET,3.190,100,319,Ask,Cboe EDGX,Inter Mkt Swp; Trade Thru Exmpt
02:37:59.484 PM ET,3.190,100,319,Ask,NYSE Arca,Inter Mkt Swp; Trade Thru Exmpt
02:38:26.539 PM ET,3.185,100,319,Mid,IEX,
02:38:49.336 PM ET,3.185,100,319,Mid,NYSE,
02:40:46.613 PM ET,3.185,100,319,Mid,Nasdaq GSM,
02:40:46.616 PM ET,3.185,100,319,Mid,Nasdaq GSM,
02:41:21.100 PM ET,3.196,100,320,Ask,Off Exchange,Avg Price; Deriv Priced; Trade Thru Exmpt
02:41:21.828 PM ET,3.185,100,319,Mid,NYSE Arca,
02:41:21.828 PM ET,3.185,100,319,Mid,NYSE,
02:41:41.581 PM ET,3.190,100,319,Ask,Off Exchange,
02:41:51.019 PM ET,3.185,100,319,Mid,Nasdaq GSM,
02:42:56.305 PM ET,3.185,100,319,Mid,Nasdaq GSM,
02:42:56.305 PM ET,3.185,100,319,Mid,Cboe BZX,
02:44:03.861 PM ET,3.190,100,319,Ask,Off Exchange,
02:44:11.783 PM ET,3.194,100,319,Ask,Off Exchange,Avg Price; Deriv Priced; Trade Thru Exmpt
02:45:04.389 PM ET,3.190,100,319,Ask,Off Exchange,
02:45:04.392 PM ET,3.190,100,319,Ask,IEX,
02:46:06.393 PM ET,3.185,100,319,Mid,Nasdaq GSM,
02:46:48.927 PM ET,3.185,100,319,Mid,Cboe BZX,
02:47:05.672 PM ET,3.187,100,319,Mid,Off Exchange,Avg Price
02:47:06.021 PM ET,3.190,100,319,Bid,Nasdaq GSM,Inter Mkt Swp; Trade Thru Exmpt
02:47:06.021 PM ET,3.190,100,319,Bid,Cboe BZX,Inter Mkt Swp; Trade Thru Exmpt
02:47:06.021 PM ET,3.190,100,319,Bid,Cboe EDGX,Inter Mkt Swp; Trade Thru Exmpt
02:47:08.492 PM ET,3.195,100,320,Mid,Off Exchange,
02:47:08.499 PM ET,3.195,100,320,Mid,Off Exchange,
02:47:08.507 PM ET,3.195,100,320,Mid,Off Exchange,
02:47:08.884 PM ET,3.195,100,320,Mid,Off Exchange,
02:47:08.886 PM ET,3.195,100,320,Mid,Off Exchange,
02:47:08.893 PM ET,3.195,100,320,Mid,Nasdaq GSM,
02:47:39.593 PM ET,3.190,100,319,Bid,Cboe BYX,Inter Mkt Swp; Trade Thru Exmpt
02:48:40.592 PM ET,3.195,100,320,Mid,Cboe EDGX,
02:49:37.761 PM ET,3.195,100,320,Mid,NYSE Arca,
02:49:46.084 PM ET,3.190,100,319,Bid,IEX,
02:49:46.084 PM ET,3.190,100,319,Bid,Nasdaq GSM,Inter Mkt Swp; Trade Thru Exmpt
02:49:46.085 PM ET,3.190,100,319,Bid,Cboe BZX,Inter Mkt Swp; Trade Thru Exmpt
02:49:46.085 PM ET,3.190,100,319,Bid,Cboe EDGX,Inter Mkt Swp; Trade Thru Exmpt
02:49:46.085 PM ET,3.190,100,319,Bid,Nasdaq GSM,
02:49:46.085 PM ET,3.190,100,319,Bid,NYSE Arca,Inter Mkt Swp; Trade Thru Exmpt
02:49:46.085 PM ET,3.190,100,319,Bid,NYSE Arca,
02:49:46.085 PM ET,3.185,100,319,Bid,NYSE,
02:49:49.171 PM ET,3.185,100,319,Mid,Nasdaq GSM,
02:49:49.171 PM ET,3.185,100,319,Mid,Cboe BZX,
02:49:49.171 PM ET,3.190,100,319,Ask,Cboe BZX,
02:49:49.172 PM ET,3.185,100,319,Mid,NYSE,
02:49:49.172 PM ET,3.190,100,319,Ask,NYSE Arca,
02:50:00.303 PM ET,3.190,100,319,Ask,Off Exchange,Avg Price
02:51:16.937 PM ET,3.180,100,318,Bid,Nasdaq BX,Inter Mkt Swp; Trade Thru Exmpt
02:51:16.937 PM ET,3.180,100,318,Bid,Cboe BYX,
02:51:16.937 PM ET,3.180,100,318,Bid,Cboe EDGX,
02:51:16.938 PM ET,3.180,100,318,Bid,Nasdaq GSM,
02:51:16.938 PM ET,3.180,100,318,Bid,Cboe BZX,
02:51:16.938 PM ET,3.180,100,318,Bid,NYSE Arca,
02:51:21.993 PM ET,3.180,100,318,Ask,NYSE National,Inter Mkt Swp; Trade Thru Exmpt
02:51:36.721 PM ET,3.188,100,319,Ask,Off Exchange,Avg Price; Deriv Priced; Trade Thru Exmpt
02:51:56.437 PM ET,3.175,100,318,Mid,Off Exchange,
02:51:59.557 PM ET,3.175,100,318,Mid,IEX,
02:53:00.090 PM ET,3.170,100,317,Bid,Off Exchange,
02:53:41.902 PM ET,3.184,100,318,Ask,Off Exchange,Avg Price; Deriv Priced; Trade Thru Exmpt
02:54:00.376 PM ET,3.175,100,318,Mid,Off Exchange,
02:54:21.653 PM ET,3.170,100,317,Bid,Nasdaq BX,Inter Mkt Swp; Trade Thru Exmpt
02:54:21.654 PM ET,3.170,100,317,Bid,Cboe BYX,Inter Mkt Swp; Trade Thru Exmpt
02:54:21.654 PM ET,3.170,100,317,Bid,Cboe BZX,
02:56:04.579 PM ET,3.175,100,318,Mid,Cboe BZX,
02:56:58.104 PM ET,3.175,100,318,Mid,IEX,
02:57:14.383 PM ET,3.170,100,317,Bid,Cboe BYX,Inter Mkt Swp; Trade Thru Exmpt
02:57:14.387 PM ET,3.170,100,317,Bid,Cboe EDGX,
02:57:20.419 PM ET,3.170,100,317,Bid,Off Exchange,
02:58:48.049 PM ET,3.181,100,318,Ask,Off Exchange,Avg Price; Deriv Priced; Trade Thru Exmpt
02:59:12.136 PM ET,3.175,100,318,Mid,Off Exchange,
02:59:12.236 PM ET,3.170,100,317,Bid,IEX,
02:59:55.705 PM ET,3.175,100,318,Mid,NYSE Arca,
03:01:08.937 PM ET,3.170,100,317,Bid,Off Exchange,
03:01:09.032 PM ET,3.170,100,317,Bid,Off Exchange,
03:01:47.100 PM ET,3.173,100,317,Mid,Off Exchange,Avg Price; Deriv Priced; Trade Thru Exmpt
03:02:32.761 PM ET,3.174,100,317,Mid,Off Exchange,Avg Price
03:03:26.763 PM ET,3.170,100,317,Bid,Off Exchange,
03:04:38.275 PM ET,3.175,100,318,Mid,Off Exchange,
03:05:38.203 PM ET,3.175,100,318,Mid,Off Exchange,
03:06:23.302 PM ET,3.174,100,317,Mid,Off Exchange,Avg Price; Deriv Priced; Trade Thru Exmpt
03:06:27.006 PM ET,3.180,100,318,Bid,IEX,
03:06:27.007 PM ET,3.180,100,318,Bid,NYSE Arca,Inter Mkt Swp; Trade Thru Exmpt
03:06:46.343 PM ET,3.178,100,318,Bid,Off Exchange,Avg Price; Deriv Priced; Trade Thru Exmpt
03:07:56.482 PM ET,3.178,100,318,Bid,Off Exchange,Avg Price; Deriv Priced; Trade Thru Exmpt
03:07:56.542 PM ET,3.178,100,318,Bid,Off Exchange,Avg Price; Deriv Priced; Trade Thru Exmpt
03:08:07.101 PM ET,3.178,100,318,Bid,Off Exchange,Avg Price; Deriv Priced; Trade Thru Exmpt
03:08:38.212 PM ET,3.179,100,318,Bid,Off Exchange,Avg Price; Deriv Priced; Trade Thru Exmpt
03:08:41.636 PM ET,3.190,100,319,Ask,Cboe BZX,
03:08:41.637 PM ET,3.190,100,319,Ask,IEX,
03:08:41.687 PM ET,3.190,100,319,Bid,Cboe BYX,Inter Mkt Swp; Trade Thru Exmpt
03:08:47.555 PM ET,3.190,100,319,Bid,MEMX,
03:08:47.555 PM ET,3.190,100,319,Bid,Cboe BYX,Inter Mkt Swp; Trade Thru Exmpt
03:08:47.555 PM ET,3.190,100,319,Bid,Nasdaq GSM,
03:08:47.556 PM ET,3.190,100,319,Bid,NYSE Arca,
03:08:56.815 PM ET,3.190,100,319,Bid,IEX,
03:09:03.128 PM ET,3.190,100,319,Bid,Nasdaq BX,Inter Mkt Swp; Trade Thru Exmpt
03:09:41.032 PM ET,3.195,100,320,Mid,NYSE,
03:09:43.623 PM ET,3.190,100,319,Bid,Nasdaq BX,Inter Mkt Swp; Trade Thru Exmpt
03:10:03.622 PM ET,3.190,100,319,Ask,Nasdaq GSM,Inter Mkt Swp; Trade Thru Exmpt
03:10:03.622 PM ET,3.190,100,319,Ask,Cboe BYX,Inter Mkt Swp; Trade Thru Exmpt
03:10:03.622 PM ET,3.190,100,319,Ask,Cboe EDGX,Inter Mkt Swp; Trade Thru Exmpt
03:10:03.622 PM ET,3.190,100,319,Ask,Cboe BZX,Inter Mkt Swp; Trade Thru Exmpt
03:10:03.622 PM ET,3.190,100,319,Ask,NYSE Arca,Inter Mkt Swp; Trade Thru Exmpt
03:10:22.148 PM ET,3.190,100,319,Ask,Off Exchange,
03:10:22.375 PM ET,3.190,100,319,Ask,Nasdaq GSM,Inter Mkt Swp; Trade Thru Exmpt
03:12:10.283 PM ET,3.195,100,320,Mid,Cboe BZX,
03:12:38.334 PM ET,3.190,100,319,Mid,Off Exchange,Avg Price
03:13:06.841 PM ET,3.195,100,320,Mid,Cboe BZX,
03:13:06.842 PM ET,3.195,100,320,Mid,NYSE,
03:13:06.842 PM ET,3.195,100,320,Mid,NYSE Arca,
03:14:06.951 PM ET,3.200,100,320,Ask,Off Exchange,
03:14:10.072 PM ET,3.192,100,319,Mid,Off Exchange,Avg Price
03:16:00.571 PM ET,3.192,100,319,Mid,Off Exchange,Avg Price
03:16:12.819 PM ET,3.192,100,319,Mid,Off Exchange,Avg Price
03:17:33.742 PM ET,3.195,100,320,Mid,NYSE,
03:18:46.920 PM ET,3.195,100,320,Mid,Off Exchange,
03:19:29.726 PM ET,3.195,100,320,Mid,Cboe EDGX,
03:19:55.951 PM ET,3.195,100,320,Mid,Off Exchange,
03:20:13.702 PM ET,3.195,100,320,Mid,Off Exchange,Avg Price
03:20:14.131 PM ET,3.195,100,320,Mid,Off Exchange,Avg Price
03:21:05.831 PM ET,3.190,100,319,Bid,Nasdaq BX,Inter Mkt Swp; Trade Thru Exmpt
03:21:05.831 PM ET,3.190,100,319,Bid,Cboe BYX,Inter Mkt Swp; Trade Thru Exmpt
03:21:05.832 PM ET,3.190,100,319,Bid,Cboe BYX,Inter Mkt Swp; Trade Thru Exmpt
03:21:10.476 PM ET,3.195,100,320,Mid,Off Exchange,
03:21:12.162 PM ET,3.190,100,319,Bid,Cboe BYX,Inter Mkt Swp; Trade Thru Exmpt
03:21:12.162 PM ET,3.190,100,319,Bid,Nasdaq BX,Inter Mkt Swp; Trade Thru Exmpt
03:21:16.309 PM ET,3.190,100,319,Bid,Off Exchange,
03:21:30.498 PM ET,3.194,100,319,Mid,Off Exchange,Avg Price
03:21:36.302 PM ET,3.190,100,319,Bid,Cboe BYX,Inter Mkt Swp; Trade Thru Exmpt
03:22:15.832 PM ET,3.193,100,319,Mid,Off Exchange,Avg Price
03:22:27.121 PM ET,3.195,100,320,Mid,Cboe BZX,
03:22:47.801 PM ET,3.200,100,320,Bid,MEMX,
03:22:47.802 PM ET,3.200,100,320,Bid,Cboe BZX,
03:22:47.802 PM ET,3.200,100,320,Bid,IEX,
03:22:47.802 PM ET,3.200,100,320,Bid,NYSE Arca,
03:22:47.809 PM ET,3.200,100,320,Bid,Off Exchange,
03:22:50.428 PM ET,3.205,100,321,Mid,Off Exchange,
03:23:45.043 PM ET,3.199,100,320,Bid,Off Exchange,Avg Price; Deriv Priced; Trade Thru Exmpt
03:24:30.384 PM ET,3.201,100,320,Bid,Off Exchange,Avg Price; Deriv Priced; Trade Thru Exmpt
03:24:38.312 PM ET,3.220,100,322,Ask,Off Exchange,
03:24:59.700 PM ET,3.200,100,320,Bid,Off Exchange,Avg Price; Deriv Priced; Trade Thru Exmpt
03:25:02.745 PM ET,3.215,100,322,Mid,NYSE,
03:25:12.983 PM ET,3.220,100,322,Ask,Off Exchange,
03:26:53.874 PM ET,3.215,100,322,Mid,Nasdaq GSM,
03:27:02.134 PM ET,3.215,100,322,Mid,Off Exchange,
03:27:14.383 PM ET,3.205,100,321,Bid,Off Exchange,Avg Price; Deriv Priced; Trade Thru Exmpt
03:27:47.671 PM ET,3.215,100,322,Mid,NYSE Arca,
03:27:54.896 PM ET,3.215,100,322,Mid,Nasdaq GSM,
03:27:54.903 PM ET,3.215,100,322,Mid,Cboe EDGX,
03:29:58.047 PM ET,3.210,100,321,Bid,Nasdaq BX,Inter Mkt Swp; Trade Thru Exmpt
03:30:07.948 PM ET,3.215,100,322,Mid,Off Exchange,
03:30:07.949 PM ET,3.215,100,322,Mid,Off Exchange,
03:30:32.861 PM ET,3.215,100,322,Mid,Cboe BZX,
03:30:36.180 PM ET,3.206,100,321,Bid,Off Exchange,Avg Price; Deriv Priced; Trade Thru Exmpt
03:30:38.758 PM ET,3.215,100,322,Mid,Off Exchange,
03:30:45.822 PM ET,3.207,100,321,Bid,Off Exchange,Avg Price; Deriv Priced; Trade Thru Exmpt
03:30:48.915 PM ET,3.210,100,321,Bid,Nasdaq BX,Inter Mkt Swp; Trade Thru Exmpt
03:30:48.915 PM ET,3.210,100,321,Bid,Cboe BYX,
03:31:25.901 PM ET,3.215,100,322,Mid,NYSE Arca,
03:31:42.260 PM ET,3.210,100,321,Ask,Nasdaq GSM,Inter Mkt Swp; Trade Thru Exmpt
03:31:42.260 PM ET,3.210,100,321,Ask,Nasdaq BX,Inter Mkt Swp; Trade Thru Exmpt
03:31:42.260 PM ET,3.210,100,321,Ask,Cboe EDGX,Inter Mkt Swp; Trade Thru Exmpt
03:31:42.260 PM ET,3.210,100,321,Ask,Cboe BZX,Inter Mkt Swp; Trade Thru Exmpt
03:31:42.260 PM ET,3.210,100,321,Ask,Cboe BYX,Inter Mkt Swp; Trade Thru Exmpt
03:31:42.260 PM ET,3.210,100,321,Ask,NYSE,Inter Mkt Swp; Trade Thru Exmpt
03:31:42.260 PM ET,3.210,100,321,Ask,NYSE Arca,Inter Mkt Swp; Trade Thru Exmpt
03:31:42.260 PM ET,3.210,100,321,Ask,IEX,
03:31:42.261 PM ET,3.210,100,321,Ask,Off Exchange,
03:31:49.017 PM ET,3.211,100,321,Ask,Off Exchange,Avg Price; Deriv Priced; Trade Thru Exmpt
03:32:37.749 PM ET,3.210,100,321,Ask,Cboe BYX,Inter Mkt Swp; Trade Thru Exmpt
03:32:40.576 PM ET,3.205,100,321,Mid,Cboe EDGX,
03:33:01.383 PM ET,3.211,100,321,Ask,Off Exchange,Avg Price; Deriv Priced; Trade Thru Exmpt
03:33:15.440 PM ET,3.211,100,321,Ask,Off Exchange,Avg Price; Deriv Priced; Trade Thru Exmpt
03:33:18.312 PM ET,3.205,100,321,Mid,Off Exchange,
03:33:18.312 PM ET,3.205,100,321,Mid,IEX,
03:33:36.359 PM ET,3.205,100,321,Mid,Cboe BYX,
03:33:50.014 PM ET,3.205,100,321,Mid,Cboe EDGX,
03:34:36.277 PM ET,3.210,100,321,Bid,Nasdaq GSM,Inter Mkt Swp; Trade Thru Exmpt
03:34:36.277 PM ET,3.210,100,321,Bid,Cboe EDGX,Inter Mkt Swp; Trade Thru Exmpt
03:34:36.277 PM ET,3.210,100,321,Bid,Cboe BZX,Inter Mkt Swp; Trade Thru Exmpt
03:34:36.277 PM ET,3.210,100,321,Bid,IEX,
03:34:39.714 PM ET,3.210,100,321,Bid,Off Exchange,Avg Price; Deriv Priced; Trade Thru Exmpt
03:34:40.957 PM ET,3.215,100,322,Mid,Cboe EDGX,
03:34:43.489 PM ET,3.215,100,322,Mid,NYSE National,Inter Mkt Swp; Trade Thru Exmpt
03:34:50.690 PM ET,3.210,100,321,Bid,Cboe BYX,Inter Mkt Swp; Trade Thru Exmpt
03:34:50.690 PM ET,3.210,100,321,Bid,Cboe EDGX,Inter Mkt Swp; Trade Thru Exmpt
03:34:50.690 PM ET,3.210,100,321,Bid,Cboe EDGX,
03:36:13.603 PM ET,3.210,100,321,Ask,Nasdaq GSM,Inter Mkt Swp; Trade Thru Exmpt
03:36:13.603 PM ET,3.210,100,321,Ask,Cboe EDGX,Inter Mkt Swp; Trade Thru Exmpt
03:36:13.603 PM ET,3.210,100,321,Ask,Cboe BZX,Inter Mkt Swp; Trade Thru Exmpt
03:36:13.603 PM ET,3.210,100,321,Ask,Cboe EDGX,
03:36:13.603 PM ET,3.210,100,321,Ask,NYSE Arca,Inter Mkt Swp; Trade Thru Exmpt
03:36:13.603 PM ET,3.210,100,321,Ask,Off Exchange,
03:36:13.604 PM ET,3.210,100,321,Ask,Nasdaq GSM,
03:36:53.303 PM ET,3.211,100,321,Ask,Off Exchange,Avg Price; Deriv Priced; Trade Thru Exmpt
03:36:57.527 PM ET,3.211,100,321,Ask,Off Exchange,Avg Price; Deriv Priced; Trade Thru Exmpt
03:37:22.228 PM ET,3.210,100,321,Ask,NYSE National,Inter Mkt Swp; Trade Thru Exmpt
03:37:24.433 PM ET,3.210,100,321,Ask,NYSE National,Inter Mkt Swp; Trade Thru Exmpt
03:37:46.794 PM ET,3.211,100,321,Ask,Off Exchange,Avg Price; Deriv Priced; Trade Thru Exmpt
03:37:47.599 PM ET,3.208,100,321,Mid,Off Exchange,
03:38:09.054 PM ET,3.205,100,321,Mid,NYSE,
03:38:09.126 PM ET,3.210,100,321,Ask,NYSE National,Inter Mkt Swp; Trade Thru Exmpt
03:38:33.787 PM ET,3.205,100,321,Mid,Off Exchange,
03:38:33.787 PM ET,3.205,100,321,Mid,IEX,
03:38:58.225 PM ET,3.205,100,321,Mid,NYSE,
03:39:02.867 PM ET,3.205,100,321,Mid,Nasdaq GSM,
03:39:02.870 PM ET,3.205,100,321,Mid,Nasdaq GSM,
03:39:05.867 PM ET,3.200,100,320,Bid,Off Exchange,
03:39:05.870 PM ET,3.200,100,320,Bid,Nasdaq BX,Inter Mkt Swp; Trade Thru Exmpt
03:39:05.870 PM ET,3.200,100,320,Bid,Nasdaq GSM,Inter Mkt Swp; Trade Thru Exmpt
03:39:05.870 PM ET,3.200,100,320,Bid,Cboe BYX,Inter Mkt Swp; Trade Thru Exmpt
03:39:05.870 PM ET,3.200,100,320,Bid,Cboe EDGX,Inter Mkt Swp; Trade Thru Exmpt
03:39:05.870 PM ET,3.200,100,320,Bid,NYSE Arca,Inter Mkt Swp; Trade Thru Exmpt
03:39:05.871 PM ET,3.200,100,320,Bid,Nasdaq BX,
03:39:05.882 PM ET,3.200,100,320,Bid,Off Exchange,
03:39:05.896 PM ET,3.195,100,320,Bid,NYSE National,Inter Mkt Swp; Trade Thru Exmpt
03:39:05.940 PM ET,3.200,100,320,Ask,Nasdaq GSM,Inter Mkt Swp; Trade Thru Exmpt
03:39:05.940 PM ET,3.200,100,320,Ask,Cboe EDGX,Inter Mkt Swp; Trade Thru Exmpt
03:39:06.031 PM ET,3.200,100,320,Bid,Off Exchange,
03:39:06.771 PM ET,3.205,100,321,Mid,Cboe EDGX,
03:39:58.062 PM ET,3.200,100,320,Bid,NYSE,
03:40:21.330 PM ET,3.200,100,320,Bid,NYSE Arca,Inter Mkt Swp; Trade Thru Exmpt
03:40:50.220 PM ET,3.208,100,321,Mid,Off Exchange,Avg Price; Deriv Priced; Trade Thru Exmpt
03:41:01.289 PM ET,3.200,100,320,Bid,Off Exchange,
03:41:15.492 PM ET,3.201,100,320,Mid,Off Exchange,Avg Price
03:41:16.164 PM ET,3.205,100,321,Mid,NYSE Arca,
03:41:20.150 PM ET,3.210,100,321,Ask,NYSE National,Inter Mkt Swp; Trade Thru Exmpt
03:41:37.069 PM ET,3.210,100,321,Ask,NYSE National,Inter Mkt Swp; Trade Thru Exmpt
03:41:53.852 PM ET,3.205,100,321,Mid,Off Exchange,
03:42:11.598 PM ET,3.205,100,321,Mid,NYSE Arca,
03:42:16.517 PM ET,3.205,100,321,Mid,NYSE,
03:42:24.392 PM ET,3.201,100,320,Mid,Off Exchange,Avg Price
03:42:29.313 PM ET,3.205,100,321,Mid,NYSE,
03:42:29.383 PM ET,3.205,100,321,Mid,Cboe BZX,
03:42:29.386 PM ET,3.200,100,320,Bid,Cboe BYX,Inter Mkt Swp; Trade Thru Exmpt
03:42:29.399 PM ET,3.200,100,320,Bid,Off Exchange,
03:42:29.601 PM ET,3.205,100,321,Mid,NYSE,
03:42:41.076 PM ET,3.200,100,320,Bid,Cboe EDGX,Inter Mkt Swp; Trade Thru Exmpt
03:42:41.076 PM ET,3.200,100,320,Bid,Cboe BYX,Inter Mkt Swp; Trade Thru Exmpt
03:43:00.979 PM ET,3.200,100,320,Bid,Nasdaq GSM,Inter Mkt Swp; Trade Thru Exmpt
03:43:02.587 PM ET,3.200,100,320,Bid,Cboe BZX,
03:43:14.723 PM ET,3.200,100,320,Bid,NYSE Arca,Inter Mkt Swp; Trade Thru Exmpt
03:43:22.528 PM ET,3.205,100,321,Mid,Off Exchange,
03:43:32.862 PM ET,3.200,100,320,Bid,Nasdaq GSM,
03:43:40.155 PM ET,3.205,100,321,Mid,Cboe EDGX,
03:43:55.021 PM ET,3.200,100,320,Bid,Cboe BYX,Inter Mkt Swp; Trade Thru Exmpt
03:43:55.021 PM ET,3.200,100,320,Bid,Nasdaq GSM,Inter Mkt Swp; Trade Thru Exmpt
03:43:55.021 PM ET,3.200,100,320,Bid,Nasdaq GSM,
03:43:55.021 PM ET,3.200,100,320,Bid,Cboe BZX,Inter Mkt Swp; Trade Thru Exmpt
03:43:55.021 PM ET,3.200,100,320,Bid,Cboe BZX,
03:43:55.022 PM ET,3.200,100,320,Bid,NYSE Arca,Inter Mkt Swp; Trade Thru Exmpt
03:43:55.048 PM ET,3.200,100,320,Bid,NYSE National,Inter Mkt Swp; Trade Thru Exmpt
03:43:57.354 PM ET,3.200,100,320,Ask,NYSE National,Inter Mkt Swp; Trade Thru Exmpt
03:43:59.655 PM ET,3.195,100,320,Mid,Cboe BZX,
03:44:15.707 PM ET,3.195,100,320,Mid,NYSE,
03:44:22.464 PM ET,3.195,100,320,Mid,Cboe EDGX,
03:44:31.283 PM ET,3.200,100,320,Ask,NYSE National,Inter Mkt Swp; Trade Thru Exmpt
03:44:45.135 PM ET,3.190,100,319,Bid,Cboe BYX,Inter Mkt Swp; Trade Thru Exmpt
03:45:18.693 PM ET,3.195,100,320,Mid,Cboe BZX,
03:45:38.949 PM ET,3.190,100,319,Bid,Cboe EDGX,Inter Mkt Swp; Trade Thru Exmpt
03:45:45.625 PM ET,3.195,100,320,Mid,Cboe BZX,
03:45:47.633 PM ET,3.195,100,320,Mid,Off Exchange,
03:45:50.402 PM ET,3.195,100,320,Mid,Off Exchange,
03:46:00.706 PM ET,3.200,100,320,Ask,NYSE National,Inter Mkt Swp; Trade Thru Exmpt
03:46:07.462 PM ET,3.200,100,320,Mid,Off Exchange,Avg Price
03:46:11.170 PM ET,3.195,100,320,Mid,NYSE Arca,
03:46:24.733 PM ET,3.190,100,319,Bid,Cboe BYX,Inter Mkt Swp; Trade Thru Exmpt
03:46:26.667 PM ET,3.190,100,319,Bid,Nasdaq GSM,Inter Mkt Swp; Trade Thru Exmpt
03:46:26.668 PM ET,3.190,100,319,Bid,Cboe BYX,Inter Mkt Swp; Trade Thru Exmpt
03:46:43.399 PM ET,3.190,100,319,Bid,Off Exchange,
03:46:49.152 PM ET,3.198,100,320,Mid,Off Exchange,Avg Price
03:46:51.528 PM ET,3.198,100,320,Mid,Off Exchange,Avg Price
03:46:55.619 PM ET,3.190,100,319,Ask,Nasdaq GSM,Inter Mkt Swp; Trade Thru Exmpt
03:46:55.619 PM ET,3.190,100,319,Ask,Cboe BZX,Inter Mkt Swp; Trade Thru Exmpt
03:46:55.619 PM ET,3.190,100,319,Ask,Cboe EDGX,
03:46:55.619 PM ET,3.190,100,319,Ask,NYSE Arca,Inter Mkt Swp; Trade Thru Exmpt
03:46:55.619 PM ET,3.190,100,319,Ask,Off Exchange,
03:47:01.354 PM ET,3.185,100,319,Mid,NYSE Arca,
03:47:08.101 PM ET,3.180,100,318,Bid,Cboe BYX,Inter Mkt Swp; Trade Thru Exmpt
03:47:15.624 PM ET,3.185,100,319,Mid,Cboe EDGX,
03:47:15.650 PM ET,3.185,100,319,Mid,Off Exchange,
03:47:16.403 PM ET,3.185,100,319,Mid,Nasdaq GSM,
03:47:19.580 PM ET,3.190,100,319,Ask,NYSE National,Inter Mkt Swp; Trade Thru Exmpt
03:47:20.961 PM ET,3.198,100,320,Ask,Off Exchange,Avg Price; Deriv Priced; Trade Thru Exmpt
03:47:24.630 PM ET,3.185,100,319,Mid,Cboe EDGX,
03:47:38.142 PM ET,3.185,100,319,Mid,Cboe BZX,
03:47:50.719 PM ET,3.185,100,319,Mid,Off Exchange,
03:48:08.054 PM ET,3.185,100,319,Mid,NYSE Arca,
03:48:24.281 PM ET,3.185,100,319,Mid,NYSE Arca,
03:48:47.816 PM ET,3.185,100,319,Mid,NYSE,
03:48:53.524 PM ET,3.185,100,319,Mid,Cboe BZX,
03:49:00.840 PM ET,3.197,100,320,Ask,Off Exchange,Avg Price; Deriv Priced; Trade Thru Exmpt
03:49:11.721 PM ET,3.185,100,319,Mid,Cboe EDGX,
03:49:12.493 PM ET,3.185,100,319,Mid,Cboe EDGX,
03:49:13.540 PM ET,3.190,100,319,Ask,NYSE National,Inter Mkt Swp; Trade Thru Exmpt
03:49:23.131 PM ET,3.185,100,319,Mid,Cboe BZX,
03:49:27.917 PM ET,3.185,100,319,Mid,Cboe EDGX,
03:49:34.355 PM ET,3.180,100,318,Bid,Cboe BYX,Inter Mkt Swp; Trade Thru Exmpt
03:50:17.943 PM ET,3.185,100,319,Mid,NYSE Arca,
03:50:43.523 PM ET,3.185,100,319,Mid,Cboe EDGX,
03:50:45.274 PM ET,3.185,100,319,Mid,Cboe BZX,
03:50:49.291 PM ET,3.194,100,319,Ask,Off Exchange,Avg Price; Deriv Priced; Trade Thru Exmpt
03:50:49.395 PM ET,3.180,100,318,Bid,NYSE National,Inter Mkt Swp; Trade Thru Exmpt
03:50:56.878 PM ET,3.185,100,319,Mid,Nasdaq GSM,
03:51:27.243 PM ET,3.187,100,319,Mid,Off Exchange,Avg Price
03:51:46.425 PM ET,3.188,100,319,Mid,Off Exchange,Avg Price; Deriv Priced; Trade Thru Exmpt
03:51:46.809 PM ET,3.187,100,319,Mid,Off Exchange,Avg Price
03:51:57.248 PM ET,3.185,100,319,Mid,Off Exchange,
03:52:03.034 PM ET,3.180,100,318,Bid,Cboe BYX,Inter Mkt Swp; Trade Thru Exmpt
03:52:05.359 PM ET,3.180,100,318,Bid,Off Exchange,
03:52:09.064 PM ET,3.185,100,319,Mid,Cboe EDGX,
03:52:10.197 PM ET,3.185,100,319,Mid,Nasdaq GSM,
03:52:45.183 PM ET,3.185,100,319,Mid,NYSE Arca,
03:52:45.254 PM ET,3.185,100,319,Mid,Nasdaq GSM,
03:52:45.254 PM ET,3.180,100,318,Bid,Nasdaq GSM,
03:52:45.254 PM ET,3.180,100,318,Bid,Nasdaq BX,Inter Mkt Swp; Trade Thru Exmpt
03:52:45.255 PM ET,3.180,100,318,Bid,Cboe BZX,
03:52:45.255 PM ET,3.180,100,318,Bid,IEX,
03:52:45.255 PM ET,3.180,100,318,Bid,NYSE Arca,
03:52:45.255 PM ET,3.180,100,318,Bid,Cboe BYX,Inter Mkt Swp; Trade Thru Exmpt
03:52:45.255 PM ET,3.180,100,318,Bid,NYSE American,
03:52:46.234 PM ET,3.185,100,319,Mid,Off Exchange,
03:52:51.872 PM ET,3.180,100,318,Bid,Cboe EDGX,Inter Mkt Swp; Trade Thru Exmpt
03:53:15.343 PM ET,3.183,100,318,Mid,Off Exchange,Avg Price
03:53:25.367 PM ET,3.180,100,318,Bid,Nasdaq GSM,
03:53:41.134 PM ET,3.185,100,319,Mid,NYSE,
03:53:46.461 PM ET,3.185,100,319,Mid,NYSE Arca,
03:53:59.172 PM ET,3.180,100,318,Bid,Nasdaq GSM,Inter Mkt Swp; Trade Thru Exmpt
03:54:06.037 PM ET,3.180,100,318,Bid,Off Exchange,
03:54:06.042 PM ET,3.180,100,318,Bid,Off Exchange,
03:54:06.098 PM ET,3.180,100,318,Bid,Off Exchange,
03:54:06.233 PM ET,3.180,100,318,Bid,Off Exchange,
03:54:21.255 PM ET,3.185,100,319,Mid,NYSE,
03:54:23.339 PM ET,3.185,100,319,Mid,NYSE Arca,
03:54:25.342 PM ET,3.185,100,319,Mid,NYSE,
03:54:39.629 PM ET,3.180,100,318,Bid,Off Exchange,
03:54:39.909 PM ET,3.185,100,319,Mid,Cboe BZX,
03:54:46.979 PM ET,3.185,100,319,Mid,NYSE,
03:54:48.539 PM ET,3.190,100,319,Bid,Off Exchange,
03:54:48.540 PM ET,3.190,100,319,Bid,Cboe EDGX,
03:54:48.540 PM ET,3.190,100,319,Bid,Cboe BZX,Inter Mkt Swp; Trade Thru Exmpt
03:54:48.540 PM ET,3.190,100,319,Bid,NYSE,Inter Mkt Swp; Trade Thru Exmpt
03:54:48.540 PM ET,3.190,100,319,Bid,NYSE Arca,
03:54:48.540 PM ET,3.190,100,319,Bid,IEX,
03:54:48.542 PM ET,3.190,100,319,Bid,Off Exchange,
03:54:49.374 PM ET,3.186,100,319,Bid,Off Exchange,Avg Price; Deriv Priced; Trade Thru Exmpt
03:54:59.179 PM ET,3.195,100,320,Mid,Nasdaq GSM,
03:55:00.043 PM ET,3.195,100,320,Mid,Nasdaq GSM,Inter Mkt Swp; Trade Thru Exmpt
03:55:00.043 PM ET,3.200,100,320,Ask,Nasdaq GSM,Inter Mkt Swp; Trade Thru Exmpt
03:55:00.043 PM ET,3.200,100,320,Ask,Cboe EDGX,Inter Mkt Swp; Trade Thru Exmpt
03:55:00.043 PM ET,3.200,100,320,Ask,MEMX,Inter Mkt Swp; Trade Thru Exmpt
03:55:00.043 PM ET,3.195,100,320,Mid,NYSE,Inter Mkt Swp; Trade Thru Exmpt
03:55:00.045 PM ET,3.195,100,320,Mid,NYSE Arca,Inter Mkt Swp; Trade Thru Exmpt
03:55:00.062 PM ET,3.210,100,321,Ask,Nasdaq GSM,
03:55:00.063 PM ET,3.210,100,321,Ask,Nasdaq GSM,
03:55:01.026 PM ET,3.210,100,321,Bid,Nasdaq GSM,Inter Mkt Swp; Trade Thru Exmpt
03:55:01.027 PM ET,3.210,100,321,Bid,NYSE Arca,Inter Mkt Swp; Trade Thru Exmpt
03:55:01.027 PM ET,3.210,100,321,Bid,Off Exchange,
03:55:01.027 PM ET,3.210,100,321,Bid,IEX,
03:55:01.033 PM ET,3.210,100,321,Bid,Off Exchange,
03:55:01.228 PM ET,3.205,100,321,Mid,Nasdaq GSM,
03:55:01.228 PM ET,3.205,100,321,Mid,NYSE Arca,
03:55:01.239 PM ET,3.205,100,321,Mid,Nasdaq GSM,
03:55:01.240 PM ET,3.205,100,321,Mid,Nasdaq GSM,
03:55:01.252 PM ET,3.205,100,321,Mid,Nasdaq GSM,
03:55:06.332 PM ET,3.205,100,321,Mid,Off Exchange,
03:55:23.422 PM ET,3.205,100,321,Mid,Off Exchange,
03:55:28.349 PM ET,3.205,100,321,Mid,NYSE Arca,
03:55:58.282 PM ET,3.191,100,319,Bid,Off Exchange,Avg Price; Deriv Priced; Trade Thru Exmpt
03:56:15.282 PM ET,3.205,100,321,Mid,Cboe BZX,
03:56:25.651 PM ET,3.200,100,320,Bid,Nasdaq BX,Inter Mkt Swp; Trade Thru Exmpt
03:56:25.651 PM ET,3.200,100,320,Bid,Nasdaq GSM,Inter Mkt Swp; Trade Thru Exmpt
03:56:25.651 PM ET,3.200,100,320,Bid,Cboe EDGX,Inter Mkt Swp; Trade Thru Exmpt
03:56:25.651 PM ET,3.200,100,320,Bid,Cboe EDGA,Inter Mkt Swp; Trade Thru Exmpt
03:56:25.651 PM ET,3.200,100,320,Bid,MEMX,Inter Mkt Swp; Trade Thru Exmpt
03:56:25.651 PM ET,3.200,100,320,Bid,Cboe BYX,Inter Mkt Swp; Trade Thru Exmpt
03:56:25.651 PM ET,3.200,100,320,Bid,NYSE,Inter Mkt Swp; Trade Thru Exmpt
03:56:25.651 PM ET,3.200,100,320,Bid,NYSE Arca,Inter Mkt Swp; Trade Thru Exmpt
03:56:25.652 PM ET,3.200,100,320,Bid,Cboe BYX,
03:56:31.735 PM ET,3.200,100,320,Ask,Off Exchange,
03:56:32.342 PM ET,3.194,100,319,Mid,Off Exchange,Avg Price
03:56:43.320 PM ET,3.194,100,319,Mid,Off Exchange,Avg Price; Deriv Priced; Trade Thru Exmpt
03:56:53.417 PM ET,3.195,100,320,Mid,Off Exchange,
03:56:53.840 PM ET,3.195,100,320,Mid,Off Exchange,
03:56:54.804 PM ET,3.195,100,320,Mid,Cboe BZX,
03:56:54.805 PM ET,3.195,100,320,Mid,NYSE,
03:56:58.420 PM ET,3.195,100,320,Mid,Off Exchange,
03:57:04.704 PM ET,3.195,100,320,Mid,Nasdaq GSM,
03:57:11.760 PM ET,3.194,100,319,Mid,Off Exchange,Avg Price
03:57:42.863 PM ET,3.197,100,320,Mid,Off Exchange,Avg Price; Deriv Priced; Trade Thru Exmpt
03:57:46.101 PM ET,3.195,100,320,Mid,Nasdaq GSM,
03:57:46.101 PM ET,3.195,100,320,Mid,Cboe BZX,
03:57:46.106 PM ET,3.190,100,319,Bid,Off Exchange,
03:57:46.108 PM ET,3.190,100,319,Bid,Nasdaq BX,Inter Mkt Swp; Trade Thru Exmpt
03:57:50.225 PM ET,3.190,100,319,Bid,Cboe EDGX,
03:57:55.772 PM ET,3.197,100,320,Mid,Off Exchange,Avg Price
03:58:04.966 PM ET,3.195,100,320,Mid,Off Exchange,
03:58:15.558 PM ET,3.190,100,319,Bid,Nasdaq GSM,
03:58:19.826 PM ET,3.190,100,319,Bid,Nasdaq GSM,Inter Mkt Swp; Trade Thru Exmpt
03:58:20.484 PM ET,3.190,100,319,Bid,Off Exchange,
03:58:20.502 PM ET,3.196,100,320,Mid,Off Exchange,Avg Price
03:58:23.879 PM ET,3.190,100,319,Bid,Nasdaq GSM,Inter Mkt Swp; Trade Thru Exmpt
03:58:26.033 PM ET,3.195,100,320,Mid,NYSE Arca,
03:58:32.669 PM ET,3.195,100,320,Mid,IEX,
03:58:37.149 PM ET,3.190,100,319,Bid,Nasdaq GSM,Inter Mkt Swp; Trade Thru Exmpt
03:58:42.027 PM ET,3.190,100,319,Bid,Nasdaq GSM,Inter Mkt Swp; Trade Thru Exmpt
03:58:47.648 PM ET,3.195,100,320,Mid,NYSE Arca,
03:58:47.919 PM ET,3.195,100,320,Mid,Nasdaq GSM,
03:58:48.289 PM ET,3.195,100,320,Mid,Nasdaq GSM,
03:58:48.291 PM ET,3.195,100,320,Mid,Nasdaq GSM,
03:58:48.294 PM ET,3.195,100,320,Mid,Nasdaq GSM,
03:58:55.636 PM ET,3.195,100,320,Mid,NYSE Arca,
03:58:57.554 PM ET,3.195,100,320,Mid,MIAX Pearl,Inter Mkt Swp; Trade Thru Exmpt
03:58:57.554 PM ET,3.195,100,320,Mid,Nasdaq GSM,Inter Mkt Swp; Trade Thru Exmpt
03:58:57.554 PM ET,3.200,100,320,Ask,Nasdaq GSM,Inter Mkt Swp; Trade Thru Exmpt
03:58:57.554 PM ET,3.195,100,320,Mid,Cboe BZX,Inter Mkt Swp; Trade Thru Exmpt
03:58:57.554 PM ET,3.195,100,320,Mid,Cboe EDGA,Inter Mkt Swp; Trade Thru Exmpt
03:58:57.554 PM ET,3.195,100,320,Mid,Cboe EDGX,Inter Mkt Swp; Trade Thru Exmpt
03:58:57.555 PM ET,3.195,100,320,Mid,NYSE Arca,
03:58:58.383 PM ET,3.195,100,320,Mid,Nasdaq GSM,
03:59:00.140 PM ET,3.195,100,320,Mid,IEX,
03:59:00.755 PM ET,3.195,100,320,Mid,Nasdaq GSM,
03:59:00.755 PM ET,3.195,100,320,Mid,IEX,
03:59:01.856 PM ET,3.195,100,320,Mid,NYSE,
03:59:08.525 PM ET,3.195,100,320,None,Nasdaq GSM,
03:59:10.363 PM ET,3.195,100,320,None,NYSE,
03:59:10.668 PM ET,3.195,100,320,None,Nasdaq GSM,
03:59:12.936 PM ET,3.195,100,320,None,Nasdaq GSM,
03:59:12.943 PM ET,3.195,100,320,None,Nasdaq GSM,
03:59:12.944 PM ET,3.195,100,320,None,Nasdaq GSM,
03:59:21.244 PM ET,3.200,100,320,None,Off Exchange,
03:59:21.245 PM ET,3.200,100,320,None,Off Exchange,
03:59:21.246 PM ET,3.200,100,320,None,Off Exchange,
03:59:21.259 PM ET,3.200,100,320,None,Off Exchange,
03:59:21.670 PM ET,3.195,100,320,None,Nasdaq GSM,
03:59:21.670 PM ET,3.200,100,320,None,Nasdaq GSM,
03:59:21.670 PM ET,3.195,100,320,None,MEMX,
03:59:21.670 PM ET,3.200,100,320,None,Cboe BZX,
03:59:21.670 PM ET,3.200,100,320,None,Off Exchange,
03:59:21.671 PM ET,3.195,100,320,None,NYSE,
03:59:21.671 PM ET,3.200,100,320,None,IEX,
03:59:21.671 PM ET,3.200,100,320,None,Nasdaq GSM,
03:59:21.671 PM ET,3.195,100,320,None,NYSE Arca,
03:59:21.671 PM ET,3.200,100,320,None,Off Exchange,
03:59:21.738 PM ET,3.200,100,320,None,Off Exchange,
03:59:21.740 PM ET,3.200,100,320,None,Off Exchange,
03:59:22.745 PM ET,3.200,100,320,None,Cboe EDGX,
03:59:25.162 PM ET,3.200,100,320,None,IEX,
03:59:27.474 PM ET,3.195,100,320,None,Off Exchange,
03:59:27.474 PM ET,3.195,100,320,None,IEX,
03:59:31.751 PM ET,3.200,100,320,None,Cboe EDGX,
03:59:31.752 PM ET,3.200,100,320,None,NYSE,
03:59:33.436 PM ET,3.195,100,320,None,NYSE,
03:59:37.254 PM ET,3.200,100,320,None,Off Exchange,
03:59:39.871 PM ET,3.195,100,320,None,NYSE Arca,
03:59:40.084 PM ET,3.200,100,320,None,Off Exchange,
03:59:40.487 PM ET,3.195,100,320,None,Off Exchange,
03:59:40.701 PM ET,3.200,100,320,None,Nasdaq GSM,Inter Mkt Swp; Trade Thru Exmpt
03:59:42.458 PM ET,3.195,100,320,None,Off Exchange,
03:59:45.769 PM ET,3.200,100,320,None,Off Exchange,
03:59:47.637 PM ET,3.195,100,320,None,NYSE National,Inter Mkt Swp; Trade Thru Exmpt
03:59:50.074 PM ET,3.195,100,320,None,Cboe EDGA,Inter Mkt Swp; Trade Thru Exmpt
03:59:50.074 PM ET,3.195,100,320,None,Cboe EDGX,Inter Mkt Swp; Trade Thru Exmpt
03:59:50.074 PM ET,3.190,100,319,None,Cboe BYX,Inter Mkt Swp; Trade Thru Exmpt
03:59:50.074 PM ET,3.195,100,320,None,MIAX Pearl,Inter Mkt Swp; Trade Thru Exmpt
03:59:50.086 PM ET,3.195,100,320,None,Nasdaq GSM,
03:59:50.113 PM ET,3.195,100,320,None,Off Exchange,
03:59:50.116 PM ET,3.195,100,320,None,Off Exchange,
03:59:50.455 PM ET,3.195,100,320,None,Nasdaq GSM,
03:59:51.059 PM ET,3.195,100,320,None,Nasdaq GSM,
03:59:51.902 PM ET,3.195,100,320,None,Cboe BZX,Inter Mkt Swp; Trade Thru Exmpt
03:59:52.381 PM ET,3.195,100,320,None,Cboe EDGX,
03:59:53.041 PM ET,3.195,100,320,None,NYSE,
03:59:54.037 PM ET,3.195,100,320,None,Off Exchange,
03:59:54.954 PM ET,3.195,100,320,None,Cboe BZX,
03:59:54.954 PM ET,3.190,100,319,None,Cboe BZX,
03:59:55.178 PM ET,3.190,100,319,None,IEX,
03:59:56.077 PM ET,3.195,100,320,None,Nasdaq GSM,
03:59:56.077 PM ET,3.200,100,320,None,Nasdaq GSM,
03:59:56.559 PM ET,3.195,100,320,None,NYSE,
03:59:59.586 PM ET,3.195,100,320,None,NYSE,
09:41:09.741 AM ET,3.180,99,315,Bid,IEX,Odd Lot
11:16:20.707 AM ET,3.215,99,318,Mid,Nasdaq GSM,Odd Lot
12:10:36.074 PM ET,3.180,99,315,Ask,NYSE Arca,Inter Mkt Swp; Odd Lot; Trade Thru Exmpt
12:17:13.510 PM ET,3.180,99,315,Bid,Cboe EDGA,Odd Lot
12:17:13.511 PM ET,3.180,99,315,Bid,MEMX,Inter Mkt Swp; Odd Lot; Trade Thru Exmpt
12:52:07.389 PM ET,3.150,99,312,Bid,NYSE Arca,Odd Lot
12:52:22.709 PM ET,3.145,99,311,Mid,Cboe EDGA,Odd Lot
01:12:49.534 PM ET,3.150,99,312,Ask,Off Exchange,Odd Lot
01:33:01.608 PM ET,3.150,99,312,Bid,Nasdaq GSM,Odd Lot
01:57:38.606 PM ET,3.165,99,313,Mid,Off Exchange,Odd Lot
01:58:06.965 PM ET,3.160,99,313,Bid,Nasdaq GSM,Odd Lot
01:58:12.452 PM ET,3.160,99,313,Bid,Nasdaq GSM,Odd Lot
02:13:05.594 PM ET,3.200,99,317,Bid,Nasdaq GSM,Odd Lot
02:25:23.932 PM ET,3.190,99,316,Ask,NYSE National,Inter Mkt Swp; Odd Lot; Trade Thru Exmpt
02:36:31.337 PM ET,3.200,99,317,Ask,NYSE National,Inter Mkt Swp; Odd Lot; Trade Thru Exmpt
03:39:02.867 PM ET,3.205,99,317,Mid,Nasdaq GSM,Odd Lot
03:51:56.634 PM ET,3.180,99,315,Bid,Cboe BYX,Inter Mkt Swp; Odd Lot; Trade Thru Exmpt
03:52:45.255 PM ET,3.180,99,315,Bid,Cboe BZX,Odd Lot
09:49:43.931 AM ET,3.230,98,317,Bid,NYSE,Odd Lot
10:00:30.089 AM ET,3.225,98,316,Mid,Off Exchange,Odd Lot
10:02:56.915 AM ET,3.200,98,314,Bid,NYSE Arca,Inter Mkt Swp; Odd Lot; Trade Thru Exmpt
10:46:59.188 AM ET,3.220,98,316,Bid,Off Exchange,Odd Lot
11:43:04.505 AM ET,3.230,98,317,Ask,NYSE,Inter Mkt Swp; Odd Lot; Trade Thru Exmpt
11:48:18.072 AM ET,3.225,98,316,Mid,Cboe BZX,Odd Lot
11:52:49.521 AM ET,3.225,98,316,Mid,Cboe BZX,Odd Lot
11:58:57.347 AM ET,3.175,98,311,Mid,NYSE National,Inter Mkt Swp; Odd Lot; Trade Thru Exmpt
11:59:00.355 AM ET,3.180,98,312,Ask,NYSE National,Inter Mkt Swp; Odd Lot; Trade Thru Exmpt
12:02:12.146 PM ET,3.175,98,311,Mid,NYSE,Odd Lot
12:02:52.326 PM ET,3.175,98,311,Mid,Cboe EDGX,Odd Lot
12:17:11.143 PM ET,3.195,98,313,Mid,NYSE National,Odd Lot
12:17:11.404 PM ET,3.195,98,313,Mid,IEX,Odd Lot
12:17:13.397 PM ET,3.175,98,311,Bid,NYSE National,Odd Lot; Trade Thru Exmpt
12:17:13.405 PM ET,3.175,98,311,Bid,IEX,Odd Lot
12:17:13.416 PM ET,3.175,98,311,Bid,Nasdaq GSM,Odd Lot
12:17:13.420 PM ET,3.175,98,311,Bid,Off Exchange,Odd Lot
12:17:13.421 PM ET,3.175,98,311,Bid,Off Exchange,Odd Lot
12:17:13.510 PM ET,3.180,98,312,Bid,Cboe BZX,Odd Lot
12:17:13.511 PM ET,3.180,98,312,Bid,MEMX,Inter Mkt Swp; Odd Lot; Trade Thru Exmpt
12:26:24.815 PM ET,3.180,98,312,Ask,Nasdaq GSM,Odd Lot
12:26:47.154 PM ET,3.155,98,309,Mid,Off Exchange,Odd Lot
12:52:11.034 PM ET,3.150,98,309,Bid,NYSE Arca,Odd Lot
01:18:46.905 PM ET,3.150,98,309,Ask,IEX,Odd Lot
01:39:44.355 PM ET,3.140,98,308,Ask,Off Exchange,Odd Lot
01:57:44.977 PM ET,3.150,98,309,Bid,Nasdaq GSM,Inter Mkt Swp; Odd Lot; Trade Thru Exmpt
01:58:06.965 PM ET,3.160,98,310,Bid,Nasdaq GSM,Odd Lot
02:32:02.835 PM ET,3.195,98,313,Mid,Nasdaq GSM,Odd Lot
03:09:12.294 PM ET,3.185,98,312,Bid,Off Exchange,Deriv Priced; Odd Lot; Trade Thru Exmpt
03:23:47.376 PM ET,3.210,98,315,Ask,Off Exchange,Odd Lot
03:59:34.869 PM ET,3.195,98,313,None,Off Exchange,Odd Lot
11:48:54.294 AM ET,3.225,97,313,Mid,Cboe BZX,Odd Lot
01:05:19.367 PM ET,3.155,97,306,Ask,NYSE,Odd Lot
01:26:24.161 PM ET,3.170,97,307,Bid,Cboe BYX,Inter Mkt Swp; Odd Lot; Trade Thru Exmpt
01:41:10.499 PM ET,3.130,97,304,Ask,NYSE Arca,Inter Mkt Swp; Odd Lot; Trade Thru Exmpt
01:57:39.447 PM ET,3.160,97,307,Bid,Nasdaq GSM,Odd Lot
02:19:33.874 PM ET,3.180,97,308,Bid,Nasdaq GSM,Odd Lot
02:22:46.591 PM ET,3.180,97,308,Ask,Nasdaq GSM,Inter Mkt Swp; Odd Lot; Trade Thru Exmpt
02:24:01.551 PM ET,3.175,97,308,Mid,Off Exchange,Odd Lot
02:31:27.962 PM ET,3.200,97,310,Ask,Nasdaq GSM,Odd Lot
02:35:21.896 PM ET,3.200,97,310,Bid,Cboe BYX,Inter Mkt Swp; Odd Lot; Trade Thru Exmpt
03:31:42.260 PM ET,3.210,97,311,Ask,IEX,Odd Lot
03:53:45.880 PM ET,3.185,97,309,Mid,NYSE,Odd Lot
09:57:45.670 AM ET,3.240,96,311,Mid,IEX,Odd Lot
11:10:59.571 AM ET,3.210,96,308,Bid,Off Exchange,Odd Lot
11:43:14.561 AM ET,3.225,96,310,Mid,MEMX,Odd Lot
12:17:13.408 PM ET,3.175,96,305,Bid,NYSE National,Odd Lot; Trade Thru Exmpt
01:01:09.320 PM ET,3.150,96,302,Ask,Nasdaq GSM,Odd Lot
01:01:09.320 PM ET,3.150,96,302,Ask,Nasdaq GSM,Inter Mkt Swp; Odd Lot; Trade Thru Exmpt
01:16:34.538 PM ET,3.150,96,302,Bid,Cboe EDGX,Odd Lot
01:40:16.559 PM ET,3.140,96,301,Bid,NYSE Arca,Inter Mkt Swp; Odd Lot; Trade Thru Exmpt
01:58:41.147 PM ET,3.170,96,304,Ask,Nasdaq GSM,Odd Lot
01:58:41.147 PM ET,3.170,96,304,Ask,Nasdaq GSM,Inter Mkt Swp; Odd Lot; Trade Thru Exmpt
03:06:27.006 PM ET,3.180,96,305,Bid,Nasdaq GSM,Inter Mkt Swp; Odd Lot; Trade Thru Exmpt
03:27:54.895 PM ET,3.215,96,309,Mid,Nasdaq GSM,Odd Lot
09:30:57.446 AM ET,3.220,95,306,Bid,Cboe EDGX,Inter Mkt Swp; Odd Lot; Trade Thru Exmpt
09:50:17.659 AM ET,3.230,95,307,Bid,Cboe BZX,Inter Mkt Swp; Odd Lot; Trade Thru Exmpt
10:05:17.356 AM ET,3.205,95,304,Mid,IEX,Odd Lot
10:18:46.151 AM ET,3.210,95,305,Bid,Cboe BZX,Inter Mkt Swp; Odd Lot; Trade Thru Exmpt
10:43:47.801 AM ET,3.230,95,307,Bid,IEX,Odd Lot
11:18:38.550 AM ET,3.220,95,306,Bid,Off Exchange,Odd Lot
12:26:24.815 PM ET,3.180,95,302,Ask,Nasdaq GSM,Odd Lot
12:27:49.592 PM ET,3.150,95,299,Ask,Nasdaq GSM,Inter Mkt Swp; Odd Lot; Trade Thru Exmpt
12:42:44.434 PM ET,3.150,95,299,Bid,Off Exchange,Odd Lot
12:53:24.461 PM ET,3.150,95,299,Ask,Off Exchange,Odd Lot
01:12:49.533 PM ET,3.150,95,299,Ask,NYSE Arca,Odd Lot
01:12:54.863 PM ET,3.150,95,299,Ask,Cboe BZX,Odd Lot
01:23:02.904 PM ET,3.150,95,299,Bid,Off Exchange,Odd Lot
01:27:20.289 PM ET,3.160,95,300,Ask,NYSE Arca,Odd Lot
01:27:20.290 PM ET,3.160,95,300,Ask,Off Exchange,Odd Lot
01:34:18.144 PM ET,3.150,95,299,Ask,NYSE,Inter Mkt Swp; Odd Lot; Trade Thru Exmpt
02:01:45.029 PM ET,3.175,95,302,Mid,Off Exchange,Odd Lot
02:10:55.826 PM ET,3.200,95,304,Ask,Cboe EDGX,Odd Lot
03:36:13.603 PM ET,3.210,95,305,Ask,Cboe BZX,Inter Mkt Swp; Odd Lot; Trade Thru Exmpt
03:46:55.619 PM ET,3.190,95,303,Ask,Nasdaq GSM,Inter Mkt Swp; Odd Lot; Trade Thru Exmpt
03:54:48.540 PM ET,3.190,95,303,Bid,Cboe BZX,Odd Lot
10:21:04.765 AM ET,3.200,94,301,Ask,Cboe BZX,Odd Lot
10:21:33.391 AM ET,3.200,94,301,Bid,NYSE Arca,Inter Mkt Swp; Odd Lot; Trade Thru Exmpt
11:31:32.538 AM ET,3.210,94,302,Ask,Nasdaq GSM,Inter Mkt Swp; Odd Lot; Trade Thru Exmpt
12:26:23.420 PM ET,3.150,94,296,Bid,Off Exchange,Odd Lot
12:53:17.244 PM ET,3.145,94,296,Mid,Nasdaq GSM,Odd Lot
01:26:15.213 PM ET,3.180,94,299,Ask,Nasdaq GSM,Inter Mkt Swp; Odd Lot; Trade Thru Exmpt
01:28:06.800 PM ET,3.160,94,297,Bid,Nasdaq GSM,Odd Lot
01:28:16.540 PM ET,3.160,94,297,Bid,Nasdaq GSM,Odd Lot
01:30:06.618 PM ET,3.150,94,296,Bid,Nasdaq GSM,Inter Mkt Swp; Odd Lot; Trade Thru Exmpt
01:30:39.274 PM ET,3.150,94,296,Ask,Nasdaq GSM,Odd Lot
01:41:49.058 PM ET,3.135,94,295,Mid,Nasdaq GSM,Odd Lot
01:57:39.483 PM ET,3.155,94,297,Bid,Off Exchange,Odd Lot
02:24:44.611 PM ET,3.180,94,299,Bid,Nasdaq GSM,Odd Lot
02:44:41.510 PM ET,3.190,94,300,Ask,Cboe EDGX,Odd Lot
10:55:31.373 AM ET,3.220,93,299,Bid,Nasdaq GSM,Inter Mkt Swp; Odd Lot; Trade Thru Exmpt
12:53:24.525 PM ET,3.145,93,292,Mid,Off Exchange,Odd Lot
12:57:26.731 PM ET,3.160,93,294,Ask,Nasdaq GSM,Odd Lot
12:57:40.754 PM ET,3.159,93,294,Bid,Off Exchange,Odd Lot
02:02:55.565 PM ET,3.163,93,294,Bid,Off Exchange,Odd Lot
03:58:38.516 PM ET,3.190,93,297,Bid,Cboe BYX,Inter Mkt Swp; Odd Lot; Trade Thru Exmpt
09:39:00.263 AM ET,3.170,92,292,Mid,Nasdaq GSM,Inter Mkt Swp; Odd Lot; Trade Thru Exmpt
12:17:35.940 PM ET,3.190,92,293,None,Nasdaq GSM,Odd Lot
12:51:39.579 PM ET,3.150,92,290,Bid,NYSE Arca,Odd Lot
01:29:50.339 PM ET,3.150,92,290,Bid,Nasdaq GSM,Inter Mkt Swp; Odd Lot; Trade Thru Exmpt
01:39:57.589 PM ET,3.140,92,289,Bid,NYSE Arca,Inter Mkt Swp; Odd Lot; Trade Thru Exmpt
03:00:44.476 PM ET,3.170,92,292,Bid,IEX,Odd Lot
03:22:47.802 PM ET,3.200,92,294,Bid,Cboe BZX,Odd Lot
09:52:03.495 AM ET,3.250,91,296,Bid,Cboe EDGX,Odd Lot
09:52:03.522 AM ET,3.250,91,296,Bid,Nasdaq GSM,Inter Mkt Swp; Odd Lot; Trade Thru Exmpt
09:52:58.511 AM ET,3.255,91,296,Mid,Cboe BZX,Odd Lot
10:35:09.579 AM ET,3.230,91,294,Bid,NYSE,Inter Mkt Swp; Odd Lot; Trade Thru Exmpt
10:35:09.579 AM ET,3.230,91,294,Bid,NYSE Arca,Odd Lot
10:48:15.279 AM ET,3.220,91,293,Ask,NYSE Arca,Inter Mkt Swp; Odd Lot; Trade Thru Exmpt
10:51:57.487 AM ET,3.225,91,293,Mid,Off Exchange,Odd Lot
12:42:16.287 PM ET,3.150,91,287,Bid,Cboe BZX,Odd Lot
01:23:19.401 PM ET,3.155,91,287,Mid,Off Exchange,Odd Lot
01:27:20.289 PM ET,3.160,91,288,Ask,NYSE Arca,Odd Lot
01:39:57.590 PM ET,3.145,91,286,Mid,MEMX,Odd Lot
02:11:06.771 PM ET,3.200,91,291,Ask,Off Exchange,Odd Lot
03:08:41.636 PM ET,3.190,91,290,Ask,Nasdaq GSM,Odd Lot
03:31:42.260 PM ET,3.210,91,292,Ask,IEX,Odd Lot
03:52:45.254 PM ET,3.180,91,289,Bid,Nasdaq GSM,Odd Lot
03:59:50.863 PM ET,3.200,91,291,None,NYSE National,Odd Lot
09:34:34.669 AM ET,3.210,90,289,Mid,Off Exchange,Odd Lot
09:36:12.227 AM ET,3.200,90,288,Bid,Nasdaq GSM,Inter Mkt Swp; Odd Lot; Trade Thru Exmpt
10:27:31.201 AM ET,3.240,90,292,Ask,Cboe BZX,Inter Mkt Swp; Odd Lot; Trade Thru Exmpt
11:29:51.053 AM ET,3.210,90,289,Mid,Off Exchange,Odd Lot
12:17:12.624 PM ET,3.200,90,288,Ask,Off Exchange,Odd Lot
12:26:24.759 PM ET,3.160,90,284,Ask,Cboe BZX,Inter Mkt Swp; Odd Lot; Trade Thru Exmpt
12:31:20.526 PM ET,3.130,90,282,Bid,Nasdaq GSM,Odd Lot
12:52:11.034 PM ET,3.150,90,284,Bid,NYSE American,Odd Lot
12:52:11.034 PM ET,3.150,90,284,Bid,Cboe EDGA,Odd Lot
01:01:09.320 PM ET,3.150,90,284,Ask,NYSE Arca,Inter Mkt Swp; Odd Lot; Trade Thru Exmpt
01:06:23.322 PM ET,3.150,90,284,Ask,NYSE,Inter Mkt Swp; Odd Lot; Trade Thru Exmpt
01:16:41.357 PM ET,3.150,90,284,Bid,Nasdaq GSM,Odd Lot
01:23:02.900 PM ET,3.150,90,284,Bid,NYSE National,Odd Lot
01:27:26.275 PM ET,3.160,90,284,Ask,Nasdaq GSM,Inter Mkt Swp; Odd Lot; Trade Thru Exmpt
01:28:42.199 PM ET,3.160,90,284,Bid,MEMX,Odd Lot
01:28:42.199 PM ET,3.160,90,284,Bid,Cboe EDGA,Odd Lot
01:28:42.199 PM ET,3.160,90,284,Bid,NYSE American,Odd Lot
01:28:49.553 PM ET,3.160,90,284,Ask,MEMX,Odd Lot
01:28:49.555 PM ET,3.165,90,285,Ask,Off Exchange,Odd Lot
01:54:13.559 PM ET,3.160,90,284,Bid,Nasdaq GSM,Odd Lot
02:12:23.482 PM ET,3.195,90,288,Mid,Cboe BZX,Odd Lot
02:24:44.612 PM ET,3.185,90,287,Mid,NYSE National,Odd Lot
02:24:44.612 PM ET,3.185,90,287,Mid,Cboe EDGA,Odd Lot
02:31:27.962 PM ET,3.200,90,288,Ask,Cboe EDGX,Odd Lot
02:47:06.029 PM ET,3.195,90,288,Mid,IEX,Odd Lot
03:09:12.293 PM ET,3.186,90,287,Bid,Off Exchange,Deriv Priced; Odd Lot; Trade Thru Exmpt
03:31:42.260 PM ET,3.210,90,289,Ask,NYSE American,Inter Mkt Swp; Odd Lot; Trade Thru Exmpt
03:34:36.277 PM ET,3.210,90,289,Bid,Cboe EDGA,Inter Mkt Swp; Odd Lot; Trade Thru Exmpt
03:34:36.277 PM ET,3.210,90,289,Bid,MEMX,Inter Mkt Swp; Odd Lot; Trade Thru Exmpt
03:36:13.629 PM ET,3.210,90,289,Ask,IEX,Odd Lot
03:46:24.664 PM ET,3.190,90,287,Bid,Cboe BYX,Inter Mkt Swp; Odd Lot; Trade Thru Exmpt
11:54:49.342 AM ET,3.225,89,287,Mid,Off Exchange,Odd Lot
12:14:02.165 PM ET,3.190,89,284,Bid,Off Exchange,Odd Lot
12:17:13.510 PM ET,3.180,89,283,Bid,Nasdaq GSM,Odd Lot
12:17:15.582 PM ET,3.180,89,283,Bid,Nasdaq GSM,Inter Mkt Swp; Odd Lot; Trade Thru Exmpt
12:23:44.971 PM ET,3.140,89,279,Bid,Nasdaq GSM,Inter Mkt Swp; Odd Lot; Trade Thru Exmpt
12:52:07.388 PM ET,3.150,89,280,Bid,NYSE,Odd Lot
12:59:19.913 PM ET,3.150,89,280,Bid,NYSE Arca,Odd Lot
01:01:37.622 PM ET,3.152,89,281,Mid,Off Exchange,Odd Lot
01:12:49.178 PM ET,3.150,89,280,Bid,Off Exchange,Odd Lot
01:12:49.563 PM ET,3.150,89,280,Ask,Off Exchange,Odd Lot
01:57:45.021 PM ET,3.160,89,281,Bid,Nasdaq GSM,Inter Mkt Swp; Odd Lot; Trade Thru Exmpt
02:00:56.823 PM ET,3.170,89,282,Bid,MEMX,Inter Mkt Swp; Odd Lot; Trade Thru Exmpt
02:01:35.425 PM ET,3.170,89,282,Ask,NYSE Arca,Odd Lot
03:58:57.554 PM ET,3.200,89,285,Ask,Nasdaq GSM,Inter Mkt Swp; Odd Lot; Trade Thru Exmpt
10:35:09.579 AM ET,3.230,88,284,Bid,Cboe BZX,Inter Mkt Swp; Odd Lot; Trade Thru Exmpt
11:11:54.096 AM ET,3.220,88,283,Ask,Nasdaq GSM,Odd Lot
12:55:38.415 PM ET,3.160,88,278,Ask,NYSE,Inter Mkt Swp; Odd Lot; Trade Thru Exmpt
01:04:31.953 PM ET,3.160,88,278,Ask,NYSE Arca,Inter Mkt Swp; Odd Lot; Trade Thru Exmpt
01:18:55.841 PM ET,3.150,88,277,Ask,Cboe BZX,Odd Lot
01:28:42.199 PM ET,3.160,88,278,Bid,Nasdaq GSM,Odd Lot
01:30:41.166 PM ET,3.150,88,277,Bid,Off Exchange,Odd Lot
02:14:13.062 PM ET,3.210,88,282,Bid,NYSE Arca,Odd Lot
02:15:51.701 PM ET,3.220,88,283,Ask,Off Exchange,Odd Lot
03:21:58.113 PM ET,3.195,88,281,Mid,Off Exchange,Odd Lot
03:54:49.375 PM ET,3.186,88,280,Bid,Off Exchange,Odd Lot
03:58:11.394 PM ET,3.190,88,281,Bid,Off Exchange,Odd Lot
10:21:04.765 AM ET,3.200,87,278,Ask,NYSE Arca,Inter Mkt Swp; Odd Lot; Trade Thru Exmpt
10:51:57.488 AM ET,3.225,87,281,Mid,Off Exchange,Odd Lot
12:52:14.443 PM ET,3.150,87,274,Bid,Nasdaq GSM,Odd Lot
01:16:34.538 PM ET,3.150,87,274,Bid,Nasdaq GSM,Odd Lot
03:54:48.540 PM ET,3.190,87,278,Bid,Nasdaq GSM,Odd Lot
09:38:05.953 AM ET,3.190,86,274,Mid,Nasdaq GSM,Odd Lot
10:06:08.686 AM ET,3.210,86,276,Ask,Nasdaq GSM,Inter Mkt Swp; Odd Lot; Trade Thru Exmpt
10:08:22.389 AM ET,3.220,86,277,Ask,Nasdaq GSM,Inter Mkt Swp; Odd Lot; Trade Thru Exmpt
10:10:14.339 AM ET,3.220,86,277,Ask,Nasdaq GSM,Inter Mkt Swp; Odd Lot; Trade Thru Exmpt
10:10:30.384 AM ET,3.220,86,277,Bid,Nasdaq GSM,Inter Mkt Swp; Odd Lot; Trade Thru Exmpt
11:56:13.890 AM ET,3.220,86,277,Ask,NYSE Arca,Inter Mkt Swp; Odd Lot; Trade Thru Exmpt
12:21:55.770 PM ET,3.140,86,270,Bid,Nasdaq GSM,Inter Mkt Swp; Odd Lot; Trade Thru Exmpt
12:30:58.328 PM ET,3.140,86,270,Bid,Cboe BYX,Inter Mkt Swp; Odd Lot; Trade Thru Exmpt
12:42:47.130 PM ET,3.150,86,271,Bid,Nasdaq GSM,Inter Mkt Swp; Odd Lot; Trade Thru Exmpt
12:52:11.033 PM ET,3.150,86,271,Bid,Cboe BZX,Odd Lot
01:04:31.954 PM ET,3.160,86,272,Ask,NYSE Arca,Inter Mkt Swp; Odd Lot; Trade Thru Exmpt
01:21:29.331 PM ET,3.140,86,270,Bid,NYSE Arca,Inter Mkt Swp; Odd Lot; Trade Thru Exmpt
01:30:06.618 PM ET,3.150,86,271,Bid,Nasdaq GSM,Inter Mkt Swp; Odd Lot; Trade Thru Exmpt
01:39:07.461 PM ET,3.135,86,270,Mid,Cboe EDGX,Odd Lot
02:08:00.388 PM ET,3.185,86,274,Mid,Cboe BZX,Odd Lot
02:31:27.963 PM ET,3.200,86,275,Ask,NYSE Arca,Odd Lot
03:10:22.375 PM ET,3.190,86,274,Ask,NYSE Arca,Inter Mkt Swp; Odd Lot; Trade Thru Exmpt
03:17:06.609 PM ET,3.195,86,275,Mid,Cboe BZX,Odd Lot
03:22:47.801 PM ET,3.200,86,275,Bid,Nasdaq GSM,Odd Lot
03:22:47.801 PM ET,3.200,86,275,Bid,Cboe EDGX,Odd Lot
03:22:47.802 PM ET,3.200,86,275,Bid,NYSE Arca,Odd Lot
03:28:33.573 PM ET,3.216,86,277,Mid,Off Exchange,Odd Lot
03:29:58.047 PM ET,3.210,86,276,Bid,Nasdaq BX,Inter Mkt Swp; Odd Lot; Trade Thru Exmpt
03:31:42.287 PM ET,3.205,86,276,Mid,IEX,Odd Lot
03:31:42.318 PM ET,3.205,86,276,Mid,Off Exchange,Odd Lot
03:53:04.895 PM ET,3.180,86,273,Bid,IEX,Odd Lot
03:53:11.264 PM ET,3.180,86,273,Bid,IEX,Odd Lot
03:58:43.421 PM ET,3.195,86,275,Mid,Off Exchange,Odd Lot
03:59:21.670 PM ET,3.200,86,275,None,Nasdaq GSM,Odd Lot
03:59:47.636 PM ET,3.195,86,275,None,Cboe BYX,Inter Mkt Swp; Odd Lot; Trade Thru Exmpt
03:59:49.598 PM ET,3.200,86,275,None,Off Exchange,Odd Lot
10:35:09.578 AM ET,3.230,85,275,Bid,Nasdaq GSM,Inter Mkt Swp; Odd Lot; Trade Thru Exmpt
10:56:32.140 AM ET,3.220,85,274,Ask,Nasdaq GSM,Odd Lot
12:05:33.287 PM ET,3.175,85,270,Mid,Off Exchange,Odd Lot
12:30:08.147 PM ET,3.145,85,267,Mid,NYSE,Odd Lot
12:55:38.381 PM ET,3.150,85,268,Ask,NYSE Arca,Inter Mkt Swp; Odd Lot; Trade Thru Exmpt
12:55:38.381 PM ET,3.160,85,269,Ask,NYSE Arca,Inter Mkt Swp; Odd Lot; Trade Thru Exmpt
01:02:25.464 PM ET,3.160,85,269,Ask,Off Exchange,Odd Lot
01:06:59.915 PM ET,3.150,85,268,Ask,NYSE Arca,Inter Mkt Swp; Odd Lot; Trade Thru Exmpt
01:15:14.719 PM ET,3.150,85,268,Ask,Off Exchange,Odd Lot
01:41:49.057 PM ET,3.135,85,266,Mid,Nasdaq GSM,Odd Lot
02:22:46.591 PM ET,3.180,85,270,Ask,Nasdaq GSM,Inter Mkt Swp; Odd Lot; Trade Thru Exmpt
03:31:42.260 PM ET,3.210,85,273,Ask,IEX,Odd Lot
03:59:54.954 PM ET,3.190,85,271,None,Cboe BZX,Odd Lot
10:37:17.808 AM ET,3.235,84,272,Mid,Off Exchange,Odd Lot
11:18:39.890 AM ET,3.220,84,270,Ask,NYSE Arca,Odd Lot
12:17:35.016 PM ET,3.200,84,269,None,Cboe BZX,Odd Lot
01:12:49.080 PM ET,3.150,84,265,Ask,NYSE Arca,Odd Lot
01:28:29.532 PM ET,3.160,84,265,Bid,Nasdaq GSM,Inter Mkt Swp; Odd Lot; Trade Thru Exmpt
01:28:42.197 PM ET,3.160,84,265,Bid,Nasdaq GSM,Inter Mkt Swp; Odd Lot; Trade Thru Exmpt
01:28:42.199 PM ET,3.160,84,265,Bid,NYSE,Odd Lot
01:38:56.406 PM ET,3.140,84,264,Ask,Off Exchange,Odd Lot
01:39:18.259 PM ET,3.140,84,264,Ask,Cboe BZX,Inter Mkt Swp; Odd Lot; Trade Thru Exmpt
03:06:27.007 PM ET,3.180,84,267,Bid,Cboe BZX,Inter Mkt Swp; Odd Lot; Trade Thru Exmpt
03:10:03.622 PM ET,3.190,84,268,Ask,NYSE,Inter Mkt Swp; Odd Lot; Trade Thru Exmpt
03:49:28.311 PM ET,3.189,84,268,Mid,Off Exchange,Odd Lot
03:52:00.191 PM ET,3.185,84,268,Mid,Off Exchange,Odd Lot
03:54:48.552 PM ET,3.190,84,268,Bid,Off Exchange,Odd Lot
03:57:53.162 PM ET,3.190,84,268,Bid,Nasdaq GSM,Inter Mkt Swp; Odd Lot; Trade Thru Exmpt
03:58:57.554 PM ET,3.200,84,269,Ask,Nasdaq GSM,Inter Mkt Swp; Odd Lot; Trade Thru Exmpt
10:08:14.546 AM ET,3.220,83,267,Ask,IEX,Odd Lot
10:21:04.765 AM ET,3.195,83,265,Mid,IEX,Odd Lot
10:35:09.578 AM ET,3.230,83,268,Bid,Cboe BZX,Inter Mkt Swp; Odd Lot; Trade Thru Exmpt
10:36:53.076 AM ET,3.230,83,268,Bid,Cboe BZX,Inter Mkt Swp; Odd Lot; Trade Thru Exmpt
12:17:18.793 PM ET,3.190,83,265,None,Nasdaq GSM,Inter Mkt Swp; Odd Lot; Trade Thru Exmpt
12:17:19.826 PM ET,3.190,83,265,None,Nasdaq GSM,Inter Mkt Swp; Odd Lot; Trade Thru Exmpt
12:26:47.121 PM ET,3.160,83,262,Ask,NYSE Arca,Inter Mkt Swp; Odd Lot; Trade Thru Exmpt
12:55:38.414 PM ET,3.160,83,262,Ask,Cboe BZX,Inter Mkt Swp; Odd Lot; Trade Thru Exmpt
01:15:33.936 PM ET,3.150,83,261,Bid,NYSE Arca,Inter Mkt Swp; Odd Lot; Trade Thru Exmpt
01:41:10.499 PM ET,3.130,83,260,Ask,NYSE Arca,Inter Mkt Swp; Odd Lot; Trade Thru Exmpt
01:48:23.375 PM ET,3.150,83,261,Bid,NYSE Arca,Odd Lot
02:08:32.039 PM ET,3.195,83,265,Mid,Off Exchange,Odd Lot
02:17:27.963 PM ET,3.200,83,266,Bid,Cboe BZX,Inter Mkt Swp; Odd Lot; Trade Thru Exmpt
02:20:14.160 PM ET,3.190,83,265,Ask,NYSE National,Inter Mkt Swp; Odd Lot; Trade Thru Exmpt
02:35:11.446 PM ET,3.200,83,266,Ask,NYSE Arca,Inter Mkt Swp; Odd Lot; Trade Thru Exmpt
02:47:06.021 PM ET,3.190,83,265,Bid,Cboe EDGX,Inter Mkt Swp; Odd Lot; Trade Thru Exmpt
02:47:06.022 PM ET,3.190,83,265,Bid,NYSE Arca,Inter Mkt Swp; Odd Lot; Trade Thru Exmpt
03:03:05.195 PM ET,3.180,83,264,Ask,Cboe EDGX,Inter Mkt Swp; Odd Lot; Trade Thru Exmpt
03:22:47.802 PM ET,3.200,83,266,Bid,Cboe BZX,Odd Lot
03:39:05.871 PM ET,3.200,83,266,Bid,Off Exchange,Odd Lot
03:55:43.970 PM ET,3.205,83,266,Mid,Off Exchange,Odd Lot
03:57:56.555 PM ET,3.190,83,265,Bid,IEX,Odd Lot
03:58:57.554 PM ET,3.195,83,265,Mid,Cboe BZX,Inter Mkt Swp; Odd Lot; Trade Thru Exmpt
03:59:21.670 PM ET,3.200,83,266,None,Cboe BZX,Odd Lot
11:59:50.643 AM ET,3.180,82,261,Bid,Cboe BZX,Odd Lot
12:52:07.400 PM ET,3.150,82,258,Bid,Nasdaq GSM,Inter Mkt Swp; Odd Lot; Trade Thru Exmpt
12:52:11.033 PM ET,3.150,82,258,Bid,Nasdaq GSM,Odd Lot
12:53:17.191 PM ET,3.150,82,258,Ask,Nasdaq GSM,Odd Lot
12:53:24.459 PM ET,3.145,82,258,Mid,Off Exchange,Odd Lot
12:55:38.414 PM ET,3.160,82,259,Ask,Cboe BZX,Inter Mkt Swp; Odd Lot; Trade Thru Exmpt
01:01:09.320 PM ET,3.150,82,258,Ask,NYSE Arca,Inter Mkt Swp; Odd Lot; Trade Thru Exmpt
01:06:23.324 PM ET,3.150,82,258,Ask,NYSE,Odd Lot
01:28:42.199 PM ET,3.160,82,259,Bid,Nasdaq GSM,Inter Mkt Swp; Odd Lot; Trade Thru Exmpt
01:28:49.553 PM ET,3.160,82,259,Ask,Cboe BZX,Inter Mkt Swp; Odd Lot; Trade Thru Exmpt
01:30:39.274 PM ET,3.150,82,258,Ask,NYSE Arca,Odd Lot
01:53:16.145 PM ET,3.150,82,258,Bid,NYSE Arca,Inter Mkt Swp; Odd Lot; Trade Thru Exmpt
03:06:27.007 PM ET,3.180,82,261,Bid,Cboe BZX,Inter Mkt Swp; Odd Lot; Trade Thru Exmpt
03:10:22.375 PM ET,3.190,82,262,Ask,Cboe BZX,Inter Mkt Swp; Odd Lot; Trade Thru Exmpt
03:22:47.802 PM ET,3.200,82,262,Bid,Cboe BZX,Odd Lot
03:22:47.802 PM ET,3.200,82,262,Bid,NYSE Arca,Odd Lot
03:24:02.009 PM ET,3.210,82,263,Ask,Nasdaq GSM,Odd Lot
03:34:08.968 PM ET,3.205,82,263,Mid,Off Exchange,Odd Lot
03:56:25.651 PM ET,3.200,82,262,Bid,Nasdaq GSM,Inter Mkt Swp; Odd Lot; Trade Thru Exmpt
03:59:46.158 PM ET,3.200,82,262,None,IEX,Odd Lot
03:59:56.077 PM ET,3.200,82,262,None,Nasdaq GSM,Odd Lot
09:52:18.081 AM ET,3.255,81,264,Mid,Off Exchange,Odd Lot
11:31:32.539 AM ET,3.210,81,260,Ask,NYSE,Inter Mkt Swp; Odd Lot; Trade Thru Exmpt
11:38:31.170 AM ET,3.215,81,260,Mid,Cboe BZX,Odd Lot
12:17:35.083 PM ET,3.190,81,258,None,Nasdaq GSM,Odd Lot
12:26:47.115 PM ET,3.170,81,257,Ask,Nasdaq GSM,Inter Mkt Swp; Odd Lot; Trade Thru Exmpt
12:33:33.120 PM ET,3.125,81,253,Mid,IEX,Odd Lot
12:39:17.301 PM ET,3.130,81,254,Ask,NYSE Arca,Inter Mkt Swp; Odd Lot; Trade Thru Exmpt
12:39:17.301 PM ET,3.130,81,254,Ask,Cboe EDGX,Inter Mkt Swp; Odd Lot; Trade Thru Exmpt
12:52:07.389 PM ET,3.150,81,255,Bid,Nasdaq GSM,Odd Lot
12:57:26.730 PM ET,3.160,81,256,Ask,Cboe BZX,Odd Lot
01:23:02.900 PM ET,3.150,81,255,Bid,NYSE Arca,Odd Lot
01:39:57.589 PM ET,3.140,81,254,Bid,Nasdaq GSM,Inter Mkt Swp; Odd Lot; Trade Thru Exmpt
01:48:23.375 PM ET,3.150,81,255,Bid,NYSE Arca,Odd Lot
01:52:08.095 PM ET,3.155,81,256,Mid,Off Exchange,Odd Lot
02:31:27.963 PM ET,3.200,81,259,Ask,Nasdaq GSM,Inter Mkt Swp; Odd Lot; Trade Thru Exmpt
02:35:11.446 PM ET,3.200,81,259,Ask,NYSE Arca,Inter Mkt Swp; Odd Lot; Trade Thru Exmpt
02:41:41.584 PM ET,3.190,81,258,Ask,Off Exchange,Odd Lot
02:47:06.022 PM ET,3.190,81,258,Bid,NYSE Arca,Inter Mkt Swp; Odd Lot; Trade Thru Exmpt
03:06:22.175 PM ET,3.175,81,257,Mid,Cboe BYX,Inter Mkt Swp; Odd Lot; Trade Thru Exmpt
03:06:27.007 PM ET,3.180,81,258,Bid,Cboe BZX,Inter Mkt Swp; Odd Lot; Trade Thru Exmpt
03:46:55.619 PM ET,3.190,81,258,Ask,Nasdaq GSM,Odd Lot
03:58:46.998 PM ET,3.195,81,259,Mid,Off Exchange,Odd Lot
03:59:44.718 PM ET,3.195,81,259,None,Nasdaq GSM,Odd Lot
09:49:43.931 AM ET,3.230,80,258,Bid,NYSE,Odd Lot
09:49:43.931 AM ET,3.230,80,258,Bid,NYSE Arca,Odd Lot
10:30:02.125 AM ET,3.230,80,258,Ask,NYSE Arca,Inter Mkt Swp; Odd Lot; Trade Thru Exmpt
11:10:08.386 AM ET,3.210,80,257,Ask,Cboe EDGX,Odd Lot
11:56:13.890 AM ET,3.220,80,258,Ask,NYSE Arca,Inter Mkt Swp; Odd Lot; Trade Thru Exmpt
12:17:35.016 PM ET,3.200,80,256,None,Cboe BZX,Odd Lot
12:17:35.052 PM ET,3.200,80,256,None,Cboe EDGA,Inter Mkt Swp; Odd Lot; Trade Thru Exmpt
12:20:55.762 PM ET,3.140,80,251,Ask,Nasdaq GSM,Odd Lot
12:23:44.972 PM ET,3.140,80,251,Bid,NYSE Arca,Odd Lot
12:51:28.504 PM ET,3.150,80,252,Ask,Off Exchange,Odd Lot
12:52:07.389 PM ET,3.150,80,252,Bid,Cboe EDGX,Inter Mkt Swp; Odd Lot; Trade Thru Exmpt
12:53:10.390 PM ET,3.150,80,252,Bid,Cboe BZX,Inter Mkt Swp; Odd Lot; Trade Thru Exmpt
01:07:18.232 PM ET,3.160,80,253,Bid,NYSE Arca,Inter Mkt Swp; Odd Lot; Trade Thru Exmpt
01:12:48.698 PM ET,3.150,80,252,Ask,IEX,Odd Lot
01:26:15.213 PM ET,3.180,80,254,Ask,Nasdaq GSM,Inter Mkt Swp; Odd Lot; Trade Thru Exmpt
01:28:42.199 PM ET,3.160,80,253,Bid,NYSE Arca,Inter Mkt Swp; Odd Lot; Trade Thru Exmpt
01:30:39.274 PM ET,3.150,80,252,Ask,NYSE Arca,Odd Lot
01:33:16.068 PM ET,3.150,80,252,Bid,Nasdaq GSM,Inter Mkt Swp; Odd Lot; Trade Thru Exmpt
01:33:21.887 PM ET,3.150,80,252,Bid,Nasdaq GSM,Inter Mkt Swp; Odd Lot; Trade Thru Exmpt
01:37:24.136 PM ET,3.135,80,251,Mid,Nasdaq GSM,Odd Lot
01:38:04.689 PM ET,3.135,80,251,Mid,NYSE,Odd Lot
02:13:05.595 PM ET,3.200,80,256,Bid,NYSE Arca,Odd Lot
02:22:46.591 PM ET,3.180,80,254,Ask,NYSE Arca,Inter Mkt Swp; Odd Lot; Trade Thru Exmpt
02:22:49.339 PM ET,3.170,80,254,Bid,NYSE Arca,Odd Lot
02:22:49.339 PM ET,3.170,80,254,Bid,Nasdaq GSM,Odd Lot
02:24:44.611 PM ET,3.180,80,254,Bid,NYSE Arca,Odd Lot
02:30:08.662 PM ET,3.195,80,256,Mid,NYSE,Odd Lot
02:35:11.446 PM ET,3.200,80,256,Ask,NYSE Arca,Inter Mkt Swp; Odd Lot; Trade Thru Exmpt
02:35:25.879 PM ET,3.200,80,256,Ask,NYSE Arca,Inter Mkt Swp; Odd Lot; Trade Thru Exmpt
02:46:13.385 PM ET,3.185,80,255,Mid,Nasdaq GSM,Odd Lot
02:46:13.387 PM ET,3.185,80,255,Mid,Cboe BZX,Odd Lot
02:47:06.021 PM ET,3.190,80,255,Bid,Nasdaq GSM,Inter Mkt Swp; Odd Lot; Trade Thru Exmpt
03:06:27.007 PM ET,3.180,80,254,Bid,Cboe BZX,Inter Mkt Swp; Odd Lot; Trade Thru Exmpt
03:17:07.296 PM ET,3.195,80,256,Mid,Cboe EDGX,Odd Lot
03:19:26.411 PM ET,3.190,80,255,Bid,Off Exchange,Odd Lot
03:21:48.049 PM ET,3.190,80,255,Bid,Off Exchange,Odd Lot
03:39:05.870 PM ET,3.200,80,256,Bid,NYSE Arca,Inter Mkt Swp; Odd Lot; Trade Thru Exmpt
03:42:29.386 PM ET,3.200,80,256,Bid,NYSE,Inter Mkt Swp; Odd Lot; Trade Thru Exmpt
03:43:55.021 PM ET,3.200,80,256,Bid,Cboe EDGA,Inter Mkt Swp; Odd Lot; Trade Thru Exmpt
03:43:55.022 PM ET,3.200,80,256,Bid,NYSE Arca,Inter Mkt Swp; Odd Lot; Trade Thru Exmpt
03:46:55.619 PM ET,3.190,80,255,Ask,Nasdaq GSM,Inter Mkt Swp; Odd Lot; Trade Thru Exmpt
03:46:55.619 PM ET,3.190,80,255,Ask,Cboe BZX,Inter Mkt Swp; Odd Lot; Trade Thru Exmpt
03:54:48.540 PM ET,3.190,80,255,Bid,Cboe BZX,Odd Lot
03:55:04.155 PM ET,3.205,80,256,Mid,IEX,Odd Lot
03:57:46.108 PM ET,3.190,80,255,Bid,Cboe BYX,Odd Lot
10:24:04.985 AM ET,3.220,79,254,Bid,NYSE Arca,Inter Mkt Swp; Odd Lot; Trade Thru Exmpt
11:17:53.469 AM ET,3.220,79,254,Ask,Cboe BZX,Inter Mkt Swp; Odd Lot; Trade Thru Exmpt
12:23:44.971 PM ET,3.140,79,248,Bid,Nasdaq GSM,Inter Mkt Swp; Odd Lot; Trade Thru Exmpt
12:33:09.399 PM ET,3.120,79,246,Ask,Nasdaq GSM,Inter Mkt Swp; Odd Lot; Trade Thru Exmpt
12:33:09.399 PM ET,3.120,79,246,Ask,Nasdaq GSM,Odd Lot
12:51:39.631 PM ET,3.150,79,249,Bid,Nasdaq GSM,Inter Mkt Swp; Odd Lot; Trade Thru Exmpt
01:02:11.399 PM ET,3.160,79,250,Bid,NYSE,Odd Lot
01:02:11.401 PM ET,3.160,79,250,Bid,NYSE Arca,Odd Lot
01:15:10.817 PM ET,3.150,79,249,Ask,NYSE Arca,Odd Lot
01:25:46.091 PM ET,3.170,79,250,Ask,NYSE Arca,Inter Mkt Swp; Odd Lot; Trade Thru Exmpt
01:27:20.289 PM ET,3.160,79,250,Ask,NYSE,Odd Lot
01:27:20.290 PM ET,3.160,79,250,Ask,Off Exchange,Odd Lot
01:28:06.800 PM ET,3.160,79,250,Bid,Nasdaq GSM,Inter Mkt Swp; Odd Lot; Trade Thru Exmpt
01:28:49.554 PM ET,3.160,79,250,Ask,Cboe EDGX,Odd Lot
01:29:00.480 PM ET,3.155,79,249,Mid,Cboe BZX,Odd Lot
01:40:02.371 PM ET,3.145,79,248,Mid,Off Exchange,Odd Lot
01:40:16.559 PM ET,3.140,79,248,Bid,NYSE Arca,Odd Lot
01:43:22.464 PM ET,3.140,79,248,Bid,NYSE Arca,Odd Lot
01:43:22.465 PM ET,3.140,79,248,Bid,NYSE Arca,Inter Mkt Swp; Odd Lot; Trade Thru Exmpt
01:44:40.981 PM ET,3.145,79,248,Mid,IEX,Odd Lot
01:48:08.213 PM ET,3.145,79,248,Mid,NYSE Arca,Odd Lot
01:48:23.403 PM ET,3.155,79,249,Mid,IEX,Odd Lot
01:48:23.410 PM ET,3.155,79,249,Mid,Off Exchange,Odd Lot
01:50:33.505 PM ET,3.165,79,250,Mid,NYSE,Odd Lot
01:52:30.714 PM ET,3.155,79,249,Mid,Off Exchange,Odd Lot
01:53:46.370 PM ET,3.155,79,249,Mid,NYSE Arca,Odd Lot
01:57:43.524 PM ET,3.155,79,249,Mid,Off Exchange,Odd Lot
01:57:43.531 PM ET,3.155,79,249,Mid,Off Exchange,Odd Lot
02:00:18.704 PM ET,3.175,79,251,Mid,Cboe EDGX,Odd Lot
02:01:35.425 PM ET,3.170,79,250,Ask,NYSE Arca,Odd Lot
02:08:22.038 PM ET,3.190,79,252,Bid,NYSE Arca,Inter Mkt Swp; Odd Lot; Trade Thru Exmpt
02:11:41.298 PM ET,3.195,79,252,Mid,Nasdaq GSM,Odd Lot
02:13:05.595 PM ET,3.200,79,253,Bid,NYSE Arca,Odd Lot
02:37:59.486 PM ET,3.185,79,252,Mid,NYSE,Odd Lot
02:44:22.490 PM ET,3.185,79,252,Mid,Off Exchange,Odd Lot
02:44:22.532 PM ET,3.185,79,252,Mid,Off Exchange,Odd Lot
02:47:06.022 PM ET,3.190,79,252,Bid,NYSE,Inter Mkt Swp; Odd Lot; Trade Thru Exmpt
02:47:06.022 PM ET,3.190,79,252,Bid,NYSE Arca,Inter Mkt Swp; Odd Lot; Trade Thru Exmpt
02:59:42.465 PM ET,3.175,79,251,Mid,Off Exchange,Odd Lot
03:06:27.007 PM ET,3.180,79,251,Bid,Cboe BZX,Inter Mkt Swp; Odd Lot; Trade Thru Exmpt
03:09:11.623 PM ET,3.190,79,252,Bid,Nasdaq BX,Inter Mkt Swp; Odd Lot; Trade Thru Exmpt
03:53:59.874 PM ET,3.185,79,252,Mid,Off Exchange,Odd Lot
03:59:21.670 PM ET,3.200,79,253,None,Nasdaq GSM,Odd Lot
11:11:54.096 AM ET,3.220,78,251,Ask,Cboe BZX,Inter Mkt Swp; Odd Lot; Trade Thru Exmpt
11:29:51.035 AM ET,3.210,78,250,Ask,NYSE Arca,Odd Lot
11:48:37.776 AM ET,3.215,78,251,Bid,Off Exchange,Odd Lot
11:54:49.320 AM ET,3.220,78,251,Bid,Off Exchange,Odd Lot
12:39:17.301 PM ET,3.130,78,244,Ask,NYSE Arca,Inter Mkt Swp; Odd Lot; Trade Thru Exmpt
12:39:34.529 PM ET,3.140,78,245,Bid,Off Exchange,Odd Lot
12:42:16.289 PM ET,3.150,78,246,Bid,Cboe BZX,Odd Lot
12:51:04.307 PM ET,3.140,78,245,Ask,Cboe BZX,Inter Mkt Swp; Odd Lot; Trade Thru Exmpt
12:53:32.995 PM ET,3.140,78,245,Bid,Cboe EDGX,Odd Lot
12:53:32.996 PM ET,3.140,78,245,Bid,Nasdaq GSM,Odd Lot
01:00:45.501 PM ET,3.150,78,246,Ask,NYSE Arca,Inter Mkt Swp; Odd Lot; Trade Thru Exmpt
01:01:09.320 PM ET,3.150,78,246,Ask,Nasdaq GSM,Inter Mkt Swp; Odd Lot; Trade Thru Exmpt
01:10:48.864 PM ET,3.150,78,246,Mid,Off Exchange,Odd Lot
01:23:02.900 PM ET,3.150,78,246,Bid,Cboe BZX,Odd Lot
01:29:00.480 PM ET,3.155,78,246,Mid,Cboe BZX,Odd Lot
01:48:23.375 PM ET,3.150,78,246,Bid,NYSE Arca,Odd Lot
01:51:36.390 PM ET,3.150,78,246,Bid,Nasdaq GSM,Odd Lot
01:51:51.165 PM ET,3.150,78,246,Bid,Nasdaq GSM,Odd Lot
01:58:41.148 PM ET,3.170,78,247,Ask,NYSE Arca,Inter Mkt Swp; Odd Lot; Trade Thru Exmpt
02:08:22.037 PM ET,3.190,78,249,Bid,Cboe BZX,Inter Mkt Swp; Odd Lot; Trade Thru Exmpt
02:08:22.038 PM ET,3.190,78,249,Bid,NYSE Arca,Inter Mkt Swp; Odd Lot; Trade Thru Exmpt
02:10:22.063 PM ET,3.195,78,249,Mid,Cboe BZX,Odd Lot
02:22:49.339 PM ET,3.170,78,247,Bid,Nasdaq GSM,Odd Lot
02:24:44.612 PM ET,3.190,78,249,Ask,NYSE Arca,Odd Lot
02:42:49.618 PM ET,3.185,78,248,Mid,Nasdaq GSM,Odd Lot
02:42:49.619 PM ET,3.185,78,248,Mid,Cboe BZX,Odd Lot
02:49:49.171 PM ET,3.190,78,249,Ask,Cboe EDGX,Odd Lot
02:54:51.312 PM ET,3.175,78,248,Mid,Off Exchange,Odd Lot
03:06:27.007 PM ET,3.180,78,248,Bid,NYSE Arca,Inter Mkt Swp; Odd Lot; Trade Thru Exmpt
03:24:02.009 PM ET,3.210,78,250,Ask,Cboe BZX,Odd Lot
03:34:36.277 PM ET,3.210,78,250,Bid,Nasdaq GSM,Inter Mkt Swp; Odd Lot; Trade Thru Exmpt
03:34:36.277 PM ET,3.210,78,250,Bid,NYSE,Inter Mkt Swp; Odd Lot; Trade Thru Exmpt
03:58:14.595 PM ET,3.190,78,249,Bid,Nasdaq GSM,Odd Lot
03:58:57.554 PM ET,3.200,78,250,Ask,Nasdaq GSM,Inter Mkt Swp; Odd Lot; Trade Thru Exmpt
10:35:09.579 AM ET,3.230,77,249,Bid,Nasdaq GSM,Inter Mkt Swp; Odd Lot; Trade Thru Exmpt
10:35:19.856 AM ET,3.230,77,249,Ask,Nasdaq GSM,Inter Mkt Swp; Odd Lot; Trade Thru Exmpt
12:30:08.147 PM ET,3.150,77,243,Ask,NYSE,Inter Mkt Swp; Odd Lot; Trade Thru Exmpt
12:35:35.043 PM ET,3.121,77,240,Mid,Off Exchange,Odd Lot
12:55:38.380 PM ET,3.160,77,243,Ask,Nasdaq GSM,Inter Mkt Swp; Odd Lot; Trade Thru Exmpt
01:18:55.837 PM ET,3.150,77,243,Ask,Nasdaq GSM,Inter Mkt Swp; Odd Lot; Trade Thru Exmpt
01:20:15.067 PM ET,3.150,77,243,Ask,Cboe EDGX,Inter Mkt Swp; Odd Lot; Trade Thru Exmpt
01:28:42.199 PM ET,3.160,77,243,Bid,Nasdaq GSM,Odd Lot
01:30:06.546 PM ET,3.150,77,243,Bid,Nasdaq GSM,Odd Lot
02:01:44.984 PM ET,3.170,77,244,Bid,NYSE Arca,Odd Lot
02:47:06.021 PM ET,3.190,77,246,Bid,Cboe EDGX,Inter Mkt Swp; Odd Lot; Trade Thru Exmpt
03:24:02.009 PM ET,3.210,77,247,Ask,Cboe BZX,Inter Mkt Swp; Odd Lot; Trade Thru Exmpt
03:45:38.489 PM ET,3.200,77,246,Ask,Off Exchange,Odd Lot
03:46:13.608 PM ET,3.202,77,247,Ask,Off Exchange,Odd Lot
03:52:43.118 PM ET,3.185,77,245,Mid,Nasdaq GSM,Odd Lot
03:58:25.716 PM ET,3.195,77,246,Mid,NYSE National,Inter Mkt Swp; Odd Lot; Trade Thru Exmpt
03:59:09.506 PM ET,3.195,77,246,None,Nasdaq GSM,Odd Lot
03:59:48.068 PM ET,3.195,77,246,None,Nasdaq GSM,Odd Lot
11:06:35.161 AM ET,3.210,76,244,Bid,NYSE,Inter Mkt Swp; Odd Lot; Trade Thru Exmpt
12:17:35.083 PM ET,3.190,76,242,None,Cboe BYX,Inter Mkt Swp; Odd Lot; Trade Thru Exmpt
12:27:40.093 PM ET,3.145,76,239,Mid,Off Exchange,Odd Lot
12:52:07.388 PM ET,3.150,76,239,Bid,Nasdaq GSM,Odd Lot
01:12:48.699 PM ET,3.150,76,239,Ask,NYSE Arca,Odd Lot
01:33:50.939 PM ET,3.155,76,240,Mid,Off Exchange,Odd Lot
02:00:56.820 PM ET,3.170,76,241,Bid,Cboe EDGX,Odd Lot
03:10:03.622 PM ET,3.190,76,242,Ask,Nasdaq GSM,Inter Mkt Swp; Odd Lot; Trade Thru Exmpt
03:37:22.073 PM ET,3.212,76,244,Ask,Off Exchange,Deriv Priced; Odd Lot; Trade Thru Exmpt
03:46:55.620 PM ET,3.190,76,242,Ask,Off Exchange,Odd Lot
03:52:04.035 PM ET,3.185,76,242,Mid,Nasdaq GSM,Odd Lot
03:59:19.313 PM ET,3.200,76,243,None,NYSE Arca,Odd Lot
03:59:41.236 PM ET,3.200,76,243,None,Nasdaq GSM,Inter Mkt Swp; Odd Lot; Trade Thru Exmpt
09:34:02.304 AM ET,3.215,75,241,Mid,Off Exchange,Odd Lot
09:34:02.306 AM ET,3.215,75,241,Mid,Off Exchange,Odd Lot
09:35:26.001 AM ET,3.210,75,241,Ask,Cboe EDGA,Inter Mkt Swp; Odd Lot; Trade Thru Exmpt
09:35:26.001 AM ET,3.210,75,241,Ask,MEMX,Inter Mkt Swp; Odd Lot; Trade Thru Exmpt
09:41:06.141 AM ET,3.180,75,239,Ask,Off Exchange,Odd Lot
09:51:01.091 AM ET,3.245,75,243,Mid,Off Exchange,Odd Lot
09:52:28.490 AM ET,3.255,75,244,Mid,Off Exchange,Odd Lot
09:52:28.492 AM ET,3.255,75,244,Mid,Off Exchange,Odd Lot
09:56:29.794 AM ET,3.245,75,243,Mid,Off Exchange,Odd Lot
10:03:56.200 AM ET,3.200,75,240,Bid,Off Exchange,Odd Lot
10:03:56.201 AM ET,3.200,75,240,Bid,Off Exchange,Odd Lot
10:06:02.427 AM ET,3.210,75,241,Ask,Off Exchange,Odd Lot
10:06:02.429 AM ET,3.210,75,241,Ask,Off Exchange,Odd Lot
10:06:02.430 AM ET,3.210,75,241,Ask,Off Exchange,Odd Lot
10:06:08.662 AM ET,3.210,75,241,Ask,Off Exchange,Odd Lot
10:10:30.367 AM ET,3.220,75,242,Bid,Off Exchange,Odd Lot
10:21:30.370 AM ET,3.200,75,240,Ask,Off Exchange,Odd Lot
10:25:01.630 AM ET,3.240,75,243,Mid,Off Exchange,Odd Lot
10:30:15.617 AM ET,3.220,75,242,Bid,Cboe EDGA,Odd Lot
10:30:15.617 AM ET,3.220,75,242,Bid,MEMX,Odd Lot
10:33:24.316 AM ET,3.235,75,243,Mid,Off Exchange,Odd Lot
10:36:53.077 AM ET,3.230,75,242,Bid,NYSE Arca,Inter Mkt Swp; Odd Lot; Trade Thru Exmpt
10:48:01.308 AM ET,3.220,75,242,Ask,Cboe EDGA,Odd Lot
10:53:25.816 AM ET,3.225,75,242,Mid,Off Exchange,Odd Lot
10:53:32.788 AM ET,3.225,75,242,Mid,Off Exchange,Odd Lot
10:53:46.867 AM ET,3.225,75,242,Mid,Off Exchange,Odd Lot
11:10:08.401 AM ET,3.210,75,241,Ask,Off Exchange,Odd Lot
11:17:32.969 AM ET,3.220,75,242,Ask,Off Exchange,Odd Lot
11:17:32.983 AM ET,3.220,75,242,Ask,Off Exchange,Odd Lot
11:17:43.363 AM ET,3.220,75,242,Ask,Off Exchange,Odd Lot
11:17:43.371 AM ET,3.220,75,242,Ask,Off Exchange,Odd Lot
11:23:42.271 AM ET,3.215,75,241,Mid,Off Exchange,Odd Lot
11:27:36.000 AM ET,3.215,75,241,Mid,Off Exchange,Odd Lot
11:31:20.086 AM ET,3.205,75,240,Mid,Off Exchange,Odd Lot
11:31:32.538 AM ET,3.210,75,241,Ask,MEMX,Odd Lot
11:31:32.539 AM ET,3.210,75,241,Ask,MIAX Pearl,Odd Lot
11:31:32.569 AM ET,3.220,75,242,Ask,Nasdaq PHLX,Inter Mkt Swp; Odd Lot; Trade Thru Exmpt
11:31:32.569 AM ET,3.220,75,242,Ask,MEMX,Inter Mkt Swp; Odd Lot; Trade Thru Exmpt
11:31:32.569 AM ET,3.220,75,242,Ask,Cboe BYX,Inter Mkt Swp; Odd Lot; Trade Thru Exmpt
11:31:32.569 AM ET,3.220,75,242,Ask,MEMX,Odd Lot
11:32:07.120 AM ET,3.220,75,242,Ask,Off Exchange,Odd Lot
11:32:11.502 AM ET,3.220,75,242,Ask,Off Exchange,Odd Lot
11:32:11.503 AM ET,3.220,75,242,Ask,Off Exchange,Odd Lot
11:32:11.504 AM ET,3.220,75,242,Ask,Off Exchange,Odd Lot
11:32:11.511 AM ET,3.220,75,242,Ask,Off Exchange,Odd Lot
11:32:11.513 AM ET,3.220,75,242,Ask,Off Exchange,Odd Lot
11:32:11.525 AM ET,3.220,75,242,Ask,Off Exchange,Odd Lot
11:32:11.528 AM ET,3.220,75,242,Ask,Off Exchange,Odd Lot
11:32:11.533 AM ET,3.220,75,242,Ask,Off Exchange,Odd Lot
11:33:03.427 AM ET,3.220,75,242,Bid,MIAX Pearl,Inter Mkt Swp; Odd Lot; Trade Thru Exmpt
11:38:03.683 AM ET,3.210,75,241,Bid,Off Exchange,Odd Lot
11:39:58.117 AM ET,3.220,75,242,Ask,Cboe EDGA,Inter Mkt Swp; Odd Lot; Trade Thru Exmpt
11:48:37.804 AM ET,3.220,75,242,Bid,Off Exchange,Odd Lot
11:49:35.236 AM ET,3.225,75,242,Mid,Off Exchange,Odd Lot
11:55:22.558 AM ET,3.225,75,242,Mid,Off Exchange,Odd Lot
11:55:22.560 AM ET,3.225,75,242,Mid,Off Exchange,Odd Lot
11:56:13.890 AM ET,3.220,75,242,Ask,MEMX,Odd Lot
11:57:25.883 AM ET,3.215,75,241,Mid,Off Exchange,Odd Lot
11:58:12.450 AM ET,3.210,75,241,Bid,NYSE American,Odd Lot
11:59:15.442 AM ET,3.175,75,238,Mid,Off Exchange,Odd Lot
11:59:22.760 AM ET,3.180,75,239,Bid,MIAX Pearl,Odd Lot
11:59:22.760 AM ET,3.180,75,239,Bid,MEMX,Odd Lot
11:59:27.760 AM ET,3.180,75,239,Bid,MEMX,Odd Lot
11:59:27.761 AM ET,3.180,75,239,Bid,MEMX,Odd Lot
12:02:12.152 PM ET,3.175,75,238,Mid,Off Exchange,Odd Lot
12:04:01.319 PM ET,3.180,75,239,Ask,Off Exchange,Odd Lot
12:10:04.498 PM ET,3.180,75,239,Ask,MEMX,Odd Lot
12:10:36.073 PM ET,3.180,75,239,Ask,Off Exchange,Odd Lot
12:10:36.074 PM ET,3.180,75,239,Ask,MIAX Pearl,Inter Mkt Swp; Odd Lot; Trade Thru Exmpt
12:10:36.074 PM ET,3.180,75,239,Ask,Off Exchange,Odd Lot
12:17:13.110 PM ET,3.192,75,239,Mid,Off Exchange,Odd Lot
12:17:35.029 PM ET,3.200,75,240,None,Off Exchange,Odd Lot
12:17:35.058 PM ET,3.200,75,240,None,Off Exchange,Odd Lot
12:18:12.698 PM ET,3.175,75,238,None,Off Exchange,Odd Lot
12:19:09.150 PM ET,3.155,75,237,Mid,Off Exchange,Odd Lot
12:20:55.778 PM ET,3.140,75,236,Ask,NYSE,Inter Mkt Swp; Odd Lot; Trade Thru Exmpt
12:21:07.968 PM ET,3.140,75,236,Ask,Off Exchange,Odd Lot
12:21:07.997 PM ET,3.140,75,236,Ask,Off Exchange,Odd Lot
12:21:21.157 PM ET,3.140,75,236,Ask,Off Exchange,Odd Lot
12:21:21.172 PM ET,3.140,75,236,Ask,Off Exchange,Odd Lot
12:21:21.191 PM ET,3.140,75,236,Ask,Off Exchange,Odd Lot
12:22:23.866 PM ET,3.145,75,236,Mid,Off Exchange,Odd Lot
12:23:35.358 PM ET,3.140,75,236,Bid,Off Exchange,Odd Lot
12:24:28.362 PM ET,3.140,75,236,Ask,Off Exchange,Odd Lot
12:24:28.371 PM ET,3.140,75,236,Ask,Off Exchange,Odd Lot
12:24:29.517 PM ET,3.140,75,236,Ask,Off Exchange,Odd Lot
12:24:57.305 PM ET,3.140,75,236,Ask,Off Exchange,Odd Lot
12:24:57.306 PM ET,3.140,75,236,Ask,Off Exchange,Odd Lot
12:24:57.314 PM ET,3.140,75,236,Ask,Off Exchange,Odd Lot
12:24:57.327 PM ET,3.140,75,236,Ask,Off Exchange,Odd Lot
12:25:01.558 PM ET,3.140,75,236,Ask,Off Exchange,Odd Lot
12:25:03.260 PM ET,3.140,75,236,Ask,Off Exchange,Odd Lot
12:25:05.138 PM ET,3.140,75,236,Ask,Off Exchange,Odd Lot
12:25:07.590 PM ET,3.140,75,236,Ask,Off Exchange,Odd Lot
12:25:16.965 PM ET,3.140,75,236,Ask,Off Exchange,Odd Lot
12:25:18.535 PM ET,3.140,75,236,Ask,Off Exchange,Odd Lot
12:25:18.538 PM ET,3.140,75,236,Ask,Off Exchange,Odd Lot
12:25:19.857 PM ET,3.140,75,236,Ask,Off Exchange,Odd Lot
12:25:22.473 PM ET,3.140,75,236,Ask,Off Exchange,Odd Lot
12:25:25.494 PM ET,3.140,75,236,Ask,Off Exchange,Odd Lot
12:25:25.515 PM ET,3.140,75,236,Ask,Off Exchange,Odd Lot
12:25:27.037 PM ET,3.140,75,236,Ask,Off Exchange,Odd Lot
12:25:27.039 PM ET,3.140,75,236,Ask,Off Exchange,Odd Lot
12:25:30.864 PM ET,3.140,75,236,Ask,Off Exchange,Odd Lot
12:25:30.867 PM ET,3.140,75,236,Ask,Off Exchange,Odd Lot
12:25:33.362 PM ET,3.140,75,236,Ask,Off Exchange,Odd Lot
12:25:42.364 PM ET,3.140,75,236,Ask,Off Exchange,Odd Lot
12:25:42.377 PM ET,3.140,75,236,Ask,Off Exchange,Odd Lot
12:26:24.761 PM ET,3.160,75,237,Ask,Off Exchange,Odd Lot
12:34:15.060 PM ET,3.125,75,234,Mid,Off Exchange,Odd Lot
12:34:15.064 PM ET,3.125,75,234,Mid,Off Exchange,Odd Lot
12:39:34.538 PM ET,3.140,75,236,Bid,Off Exchange,Odd Lot
12:51:04.330 PM ET,3.140,75,236,Ask,Off Exchange,Odd Lot
12:52:07.387 PM ET,3.150,75,236,Bid,Off Exchange,Odd Lot
12:52:07.390 PM ET,3.150,75,236,Bid,MEMX,Odd Lot
12:52:07.390 PM ET,3.150,75,236,Bid,Cboe EDGA,Odd Lot
12:52:50.580 PM ET,3.145,75,236,Mid,Off Exchange,Odd Lot
12:53:17.191 PM ET,3.150,75,236,Ask,Off Exchange,Odd Lot
12:53:24.462 PM ET,3.150,75,236,Ask,NYSE American,Odd Lot
12:54:41.633 PM ET,3.145,75,236,Mid,Off Exchange,Odd Lot
12:55:38.450 PM ET,3.170,75,238,Ask,Nasdaq PHLX,Inter Mkt Swp; Odd Lot; Trade Thru Exmpt
12:55:38.450 PM ET,3.170,75,238,Ask,MEMX,Inter Mkt Swp; Odd Lot; Trade Thru Exmpt
12:55:38.450 PM ET,3.170,75,238,Ask,Cboe EDGA,Inter Mkt Swp; Odd Lot; Trade Thru Exmpt
12:57:26.731 PM ET,3.160,75,237,Ask,MEMX,Odd Lot
12:57:26.731 PM ET,3.160,75,237,Ask,MIAX Pearl,Odd Lot
12:57:26.731 PM ET,3.160,75,237,Ask,Cboe BZX,Odd Lot
12:57:39.617 PM ET,3.160,75,237,Bid,MEMX,Odd Lot
12:58:04.370 PM ET,3.145,75,236,Bid,Off Exchange,Odd Lot
12:59:19.914 PM ET,3.150,75,236,Bid,Off Exchange,Odd Lot
12:59:19.916 PM ET,3.150,75,236,Bid,Off Exchange,Odd Lot
01:02:07.398 PM ET,3.160,75,237,Ask,Off Exchange,Odd Lot
01:02:07.400 PM ET,3.160,75,237,Ask,Off Exchange,Odd Lot
01:02:07.406 PM ET,3.160,75,237,Ask,Off Exchange,Odd Lot
01:02:07.429 PM ET,3.160,75,237,Ask,Off Exchange,Odd Lot
01:02:07.434 PM ET,3.160,75,237,Ask,Off Exchange,Odd Lot
01:03:05.734 PM ET,3.155,75,237,Mid,Off Exchange,Odd Lot
01:03:05.735 PM ET,3.155,75,237,Mid,Off Exchange,Odd Lot
01:03:36.179 PM ET,3.155,75,237,Mid,Off Exchange,Odd Lot
01:03:36.180 PM ET,3.155,75,237,Mid,Off Exchange,Odd Lot
01:04:31.953 PM ET,3.160,75,237,Ask,MEMX,Odd Lot
01:06:25.046 PM ET,3.150,75,236,Ask,Off Exchange,Odd Lot
01:06:42.114 PM ET,3.150,75,236,Ask,Off Exchange,Odd Lot
01:06:59.915 PM ET,3.150,75,236,Ask,Off Exchange,Odd Lot
01:07:09.623 PM ET,3.160,75,237,Ask,Off Exchange,Odd Lot
01:12:54.870 PM ET,3.150,75,236,Ask,MEMX,Odd Lot
01:13:35.033 PM ET,3.150,75,236,Bid,Off Exchange,Odd Lot
01:15:03.221 PM ET,3.145,75,236,Mid,Off Exchange,Odd Lot
01:15:03.222 PM ET,3.145,75,236,Mid,Off Exchange,Odd Lot
01:15:05.240 PM ET,3.145,75,236,Mid,Off Exchange,Odd Lot
01:15:05.241 PM ET,3.145,75,236,Mid,Off Exchange,Odd Lot
01:15:05.242 PM ET,3.145,75,236,Mid,Off Exchange,Odd Lot
01:18:33.572 PM ET,3.150,75,236,Bid,Off Exchange,Odd Lot
01:18:46.914 PM ET,3.145,75,236,Mid,Off Exchange,Odd Lot
01:23:02.922 PM ET,3.150,75,236,Bid,Off Exchange,Odd Lot
01:27:36.205 PM ET,3.160,75,237,Bid,MEMX,Inter Mkt Swp; Odd Lot; Trade Thru Exmpt
01:28:28.086 PM ET,3.165,75,237,Mid,Off Exchange,Odd Lot
01:28:49.554 PM ET,3.160,75,237,Ask,MEMX,Odd Lot
01:30:39.274 PM ET,3.150,75,236,Ask,MEMX,Odd Lot
01:35:07.965 PM ET,3.145,75,236,Mid,Cboe BZX,Odd Lot
01:35:07.967 PM ET,3.150,75,236,Ask,Off Exchange,Odd Lot
01:40:13.850 PM ET,3.140,75,236,Bid,Off Exchange,Odd Lot
01:40:23.542 PM ET,3.130,75,235,Ask,MEMX,Odd Lot
01:42:40.662 PM ET,3.140,75,236,Ask,Off Exchange,Odd Lot
01:48:23.375 PM ET,3.150,75,236,Bid,Nasdaq BX,Odd Lot
01:49:08.290 PM ET,3.160,75,237,Ask,MEMX,Odd Lot
01:49:08.290 PM ET,3.160,75,237,Ask,MIAX Pearl,Odd Lot
01:49:08.290 PM ET,3.160,75,237,Ask,MEMX,Inter Mkt Swp; Odd Lot; Trade Thru Exmpt
01:50:11.314 PM ET,3.165,75,237,Mid,Off Exchange,Odd Lot
01:50:11.315 PM ET,3.165,75,237,Mid,Off Exchange,Odd Lot
01:50:52.031 PM ET,3.160,75,237,Bid,Off Exchange,Odd Lot
01:50:52.038 PM ET,3.160,75,237,Bid,Off Exchange,Odd Lot
01:50:52.044 PM ET,3.160,75,237,Bid,Off Exchange,Odd Lot
01:51:36.391 PM ET,3.150,75,236,Bid,MIAX Pearl,Odd Lot
01:52:32.427 PM ET,3.150,75,236,Bid,Off Exchange,Odd Lot
01:57:40.945 PM ET,3.155,75,237,Mid,Off Exchange,Odd Lot
01:57:40.950 PM ET,3.155,75,237,Mid,Off Exchange,Odd Lot
01:57:40.957 PM ET,3.155,75,237,Mid,Off Exchange,Odd Lot
01:57:40.958 PM ET,3.155,75,237,Mid,Off Exchange,Odd Lot
01:57:40.961 PM ET,3.155,75,237,Mid,Off Exchange,Odd Lot
01:57:44.988 PM ET,3.155,75,237,Mid,Off Exchange,Odd Lot
01:57:45.021 PM ET,3.160,75,237,Bid,Cboe EDGA,Inter Mkt Swp; Odd Lot; Trade Thru Exmpt
01:57:45.021 PM ET,3.160,75,237,Bid,Nasdaq PHLX,Inter Mkt Swp; Odd Lot; Trade Thru Exmpt
01:58:06.965 PM ET,3.160,75,237,Bid,MEMX,Odd Lot
01:58:12.452 PM ET,3.160,75,237,Bid,MEMX,Odd Lot
01:58:39.748 PM ET,3.165,75,237,Mid,Off Exchange,Odd Lot
01:58:41.147 PM ET,3.170,75,238,Ask,MEMX,Odd Lot
01:58:41.148 PM ET,3.170,75,238,Ask,MIAX Pearl,Odd Lot
02:00:19.019 PM ET,3.175,75,238,Mid,Off Exchange,Odd Lot
02:00:19.020 PM ET,3.175,75,238,Mid,Off Exchange,Odd Lot
02:00:19.021 PM ET,3.175,75,238,Mid,Off Exchange,Odd Lot
02:01:38.914 PM ET,3.170,75,238,Bid,MEMX,Odd Lot
02:08:21.938 PM ET,3.188,75,239,Mid,Off Exchange,Odd Lot
02:17:27.982 PM ET,3.210,75,241,Bid,Off Exchange,Odd Lot
02:17:33.302 PM ET,3.195,75,240,Mid,Off Exchange,Odd Lot
02:18:44.556 PM ET,3.195,75,240,Mid,Off Exchange,Odd Lot
02:25:23.932 PM ET,3.190,75,239,Ask,Cboe EDGA,Inter Mkt Swp; Odd Lot; Trade Thru Exmpt
02:25:23.932 PM ET,3.190,75,239,Ask,MIAX Pearl,Inter Mkt Swp; Odd Lot; Trade Thru Exmpt
02:37:54.494 PM ET,3.190,75,239,Bid,Off Exchange,Odd Lot
02:37:58.958 PM ET,3.190,75,239,Bid,Off Exchange,Odd Lot
02:45:04.392 PM ET,3.190,75,239,Ask,IEX,Odd Lot
02:49:38.973 PM ET,3.190,75,239,Bid,Off Exchange,Odd Lot
02:52:30.224 PM ET,3.175,75,238,Mid,Off Exchange,Odd Lot
02:52:39.321 PM ET,3.175,75,238,Mid,Off Exchange,Odd Lot
02:55:50.177 PM ET,3.170,75,238,Bid,Off Exchange,Odd Lot
02:56:00.025 PM ET,3.170,75,238,Bid,Off Exchange,Odd Lot
02:56:00.029 PM ET,3.170,75,238,Bid,Off Exchange,Odd Lot
02:56:00.043 PM ET,3.170,75,238,Bid,Off Exchange,Odd Lot
02:57:12.551 PM ET,3.175,75,238,Mid,Off Exchange,Odd Lot
02:59:34.761 PM ET,3.175,75,238,Mid,Off Exchange,Odd Lot
03:08:41.636 PM ET,3.190,75,239,Ask,MEMX,Odd Lot
03:08:41.637 PM ET,3.190,75,239,Ask,MEMX,Inter Mkt Swp; Odd Lot; Trade Thru Exmpt
03:08:47.555 PM ET,3.190,75,239,Bid,MEMX,Odd Lot
03:22:47.802 PM ET,3.200,75,240,Bid,MEMX,Odd Lot
03:24:45.748 PM ET,3.220,75,242,Ask,Off Exchange,Odd Lot
03:31:42.260 PM ET,3.210,75,241,Ask,Nasdaq PHLX,Inter Mkt Swp; Odd Lot; Trade Thru Exmpt
03:31:42.260 PM ET,3.210,75,241,Ask,Cboe EDGA,Inter Mkt Swp; Odd Lot; Trade Thru Exmpt
03:31:42.260 PM ET,3.210,75,241,Ask,MEMX,Inter Mkt Swp; Odd Lot; Trade Thru Exmpt
03:36:13.606 PM ET,3.210,75,241,Ask,Off Exchange,Odd Lot
03:39:07.056 PM ET,3.205,75,240,Mid,Off Exchange,Odd Lot
03:39:07.057 PM ET,3.205,75,240,Mid,Off Exchange,Odd Lot
03:43:58.223 PM ET,3.195,75,240,Mid,Off Exchange,Odd Lot
03:43:58.226 PM ET,3.195,75,240,Mid,Off Exchange,Odd Lot
03:43:58.228 PM ET,3.195,75,240,Mid,Off Exchange,Odd Lot
03:44:18.899 PM ET,3.195,75,240,Mid,Off Exchange,Odd Lot
03:44:31.284 PM ET,3.195,75,240,Mid,Off Exchange,Odd Lot
03:44:31.288 PM ET,3.195,75,240,Mid,Off Exchange,Odd Lot
03:44:31.289 PM ET,3.195,75,240,Mid,Off Exchange,Odd Lot
03:48:09.805 PM ET,3.185,75,239,Mid,Off Exchange,Odd Lot
03:48:09.806 PM ET,3.185,75,239,Mid,Off Exchange,Odd Lot
03:50:48.136 PM ET,3.185,75,239,Mid,Nasdaq GSM,Odd Lot
03:54:48.541 PM ET,3.190,75,239,Bid,Off Exchange,Odd Lot
03:56:21.575 PM ET,3.205,75,240,Mid,Off Exchange,Odd Lot
03:58:42.420 PM ET,3.195,75,240,Mid,IEX,Odd Lot
03:59:21.670 PM ET,3.200,75,240,None,NYSE Arca,Odd Lot
03:59:56.001 PM ET,3.190,75,239,None,Cboe BYX,Odd Lot
03:59:58.329 PM ET,3.195,75,240,None,NYSE Arca,Odd Lot
09:34:37.366 AM ET,3.220,74,238,Mid,Off Exchange,Odd Lot
10:21:04.765 AM ET,3.200,74,237,Ask,NYSE Arca,Odd Lot
10:21:04.766 AM ET,3.200,74,237,Ask,NYSE,Odd Lot
11:28:56.641 AM ET,3.220,74,238,Ask,NYSE National,Inter Mkt Swp; Odd Lot; Trade Thru Exmpt
11:42:02.119 AM ET,3.235,74,239,Mid,Off Exchange,Odd Lot
12:17:13.510 PM ET,3.180,74,235,Bid,Cboe EDGX,Odd Lot
12:17:15.582 PM ET,3.180,74,235,Bid,Nasdaq GSM,Inter Mkt Swp; Odd Lot; Trade Thru Exmpt
12:42:47.131 PM ET,3.150,74,233,Bid,NYSE Arca,Odd Lot
12:51:39.632 PM ET,3.150,74,233,Bid,Nasdaq GSM,Odd Lot
12:52:07.400 PM ET,3.150,74,233,Bid,Nasdaq GSM,Inter Mkt Swp; Odd Lot; Trade Thru Exmpt
01:15:16.941 PM ET,3.150,74,233,Bid,Nasdaq GSM,Inter Mkt Swp; Odd Lot; Trade Thru Exmpt
01:17:18.839 PM ET,3.150,74,233,Bid,Off Exchange,Odd Lot
01:25:46.096 PM ET,3.180,74,235,Ask,Off Exchange,Odd Lot
01:27:26.275 PM ET,3.160,74,234,Ask,Nasdaq GSM,Inter Mkt Swp; Odd Lot; Trade Thru Exmpt
01:28:49.554 PM ET,3.160,74,234,Ask,Cboe BZX,Odd Lot
01:39:57.590 PM ET,3.145,74,233,Mid,Nasdaq GSM,Odd Lot
02:17:08.023 PM ET,3.220,74,238,Ask,Off Exchange,Odd Lot
02:17:08.024 PM ET,3.220,74,238,Ask,Off Exchange,Odd Lot
02:51:08.838 PM ET,3.185,74,236,Mid,Off Exchange,Odd Lot
02:53:54.419 PM ET,3.175,74,235,Mid,Off Exchange,Odd Lot
02:56:53.330 PM ET,3.175,74,235,Mid,Off Exchange,Odd Lot
02:57:31.541 PM ET,3.175,74,235,Mid,Off Exchange,Odd Lot
02:58:18.538 PM ET,3.175,74,235,Mid,Off Exchange,Odd Lot
03:06:27.007 PM ET,3.180,74,235,Bid,Cboe EDGX,Inter Mkt Swp; Odd Lot; Trade Thru Exmpt
03:51:25.921 PM ET,3.190,74,236,Ask,Off Exchange,Odd Lot
03:56:59.487 PM ET,3.195,74,236,Mid,Off Exchange,Odd Lot
09:48:03.808 AM ET,3.230,73,236,Mid,IEX,Odd Lot
10:06:08.660 AM ET,3.210,73,234,Ask,Nasdaq GSM,Inter Mkt Swp; Odd Lot; Trade Thru Exmpt
10:36:59.632 AM ET,3.235,73,236,Mid,Off Exchange,Odd Lot
10:56:32.148 AM ET,3.220,73,235,Ask,NYSE Arca,Inter Mkt Swp; Odd Lot; Trade Thru Exmpt
11:28:21.931 AM ET,3.210,73,234,Bid,Nasdaq GSM,Inter Mkt Swp; Odd Lot; Trade Thru Exmpt
12:14:46.016 PM ET,3.195,73,233,Mid,Off Exchange,Odd Lot
12:17:15.582 PM ET,3.180,73,232,Bid,Nasdaq GSM,Inter Mkt Swp; Odd Lot; Trade Thru Exmpt
01:12:49.534 PM ET,3.150,73,230,Ask,Off Exchange,Odd Lot
01:12:54.983 PM ET,3.150,73,230,Ask,Nasdaq GSM,Odd Lot
01:13:35.069 PM ET,3.150,73,230,Bid,Nasdaq GSM,Odd Lot
01:15:03.594 PM ET,3.144,73,230,Mid,Off Exchange,Odd Lot
01:28:49.554 PM ET,3.160,73,231,Ask,MIAX Pearl,Odd Lot
01:30:06.546 PM ET,3.150,73,230,Bid,Nasdaq GSM,Odd Lot
01:38:56.403 PM ET,3.140,73,229,Ask,Nasdaq GSM,Inter Mkt Swp; Odd Lot; Trade Thru Exmpt
02:00:21.261 PM ET,3.175,73,232,Mid,Nasdaq GSM,Odd Lot
02:58:56.182 PM ET,3.175,73,232,Mid,Off Exchange,Odd Lot
03:18:01.007 PM ET,3.195,73,233,Mid,Off Exchange,Odd Lot
03:50:10.033 PM ET,3.185,73,233,Mid,Nasdaq GSM,Odd Lot
10:35:09.579 AM ET,3.230,72,233,Bid,Cboe BZX,Inter Mkt Swp; Odd Lot; Trade Thru Exmpt
10:40:11.282 AM ET,3.235,72,233,Mid,Off Exchange,Odd Lot
12:24:28.380 PM ET,3.140,72,226,Ask,Off Exchange,Odd Lot
12:27:49.593 PM ET,3.150,72,227,Ask,NYSE Arca,Odd Lot
01:51:36.390 PM ET,3.150,72,227,Bid,Nasdaq GSM,Odd Lot
01:51:36.391 PM ET,3.150,72,227,Bid,Nasdaq GSM,Odd Lot
01:52:56.760 PM ET,3.150,72,227,Bid,Nasdaq GSM,Inter Mkt Swp; Odd Lot; Trade Thru Exmpt
01:57:39.448 PM ET,3.155,72,227,Bid,Off Exchange,Odd Lot
02:33:26.078 PM ET,3.190,72,230,Bid,Nasdaq GSM,Odd Lot
02:35:11.446 PM ET,3.200,72,230,Ask,NYSE Arca,Inter Mkt Swp; Odd Lot; Trade Thru Exmpt
02:49:57.514 PM ET,3.185,72,229,Mid,Off Exchange,Odd Lot
03:08:47.555 PM ET,3.190,72,230,Bid,Nasdaq GSM,Odd Lot
03:24:38.311 PM ET,3.220,72,232,Ask,Off Exchange,Odd Lot
03:36:21.401 PM ET,3.212,72,231,Ask,Off Exchange,Deriv Priced; Odd Lot; Trade Thru Exmpt
03:43:55.021 PM ET,3.200,72,230,Bid,Nasdaq GSM,Odd Lot
03:54:48.540 PM ET,3.190,72,230,Bid,Nasdaq GSM,Odd Lot
03:59:40.965 PM ET,3.200,72,230,None,Nasdaq GSM,Inter Mkt Swp; Odd Lot; Trade Thru Exmpt
12:17:12.281 PM ET,3.200,71,227,Ask,NYSE,Odd Lot
01:18:46.934 PM ET,3.150,71,224,Ask,Off Exchange,Odd Lot
01:19:31.511 PM ET,3.150,71,224,Mid,Off Exchange,Odd Lot
01:27:20.294 PM ET,3.155,71,224,Mid,Nasdaq GSM,Odd Lot
01:50:11.315 PM ET,3.165,71,225,Mid,Off Exchange,Odd Lot
02:31:27.963 PM ET,3.200,71,227,Ask,Cboe EDGX,Odd Lot
02:54:21.654 PM ET,3.175,71,225,Mid,Off Exchange,Odd Lot
03:06:27.006 PM ET,3.180,71,226,Bid,Nasdaq GSM,Inter Mkt Swp; Odd Lot; Trade Thru Exmpt
03:31:42.295 PM ET,3.205,71,228,Mid,IEX,Odd Lot
03:42:41.076 PM ET,3.200,71,227,Bid,Cboe EDGX,Inter Mkt Swp; Odd Lot; Trade Thru Exmpt
03:48:35.175 PM ET,3.185,71,226,Mid,Off Exchange,Odd Lot
03:57:36.362 PM ET,3.195,71,227,Mid,Off Exchange,Odd Lot
12:05:08.967 PM ET,3.175,70,222,Bid,Nasdaq GSM,Odd Lot
12:53:17.190 PM ET,3.155,70,221,Ask,Nasdaq GSM,Odd Lot
01:01:37.684 PM ET,3.152,70,221,Mid,Off Exchange,Odd Lot
01:28:42.199 PM ET,3.160,70,221,Bid,NYSE,Odd Lot
01:28:49.553 PM ET,3.160,70,221,Ask,NYSE Arca,Odd Lot
01:28:49.554 PM ET,3.160,70,221,Ask,MEMX,Odd Lot
01:28:49.555 PM ET,3.165,70,222,Ask,Off Exchange,Odd Lot
02:08:18.445 PM ET,3.190,70,223,Ask,Off Exchange,Odd Lot
02:32:02.835 PM ET,3.195,70,224,Mid,Nasdaq GSM,Odd Lot
03:08:41.636 PM ET,3.190,70,223,Ask,MEMX,Odd Lot
03:08:41.636 PM ET,3.190,70,223,Ask,Cboe EDGA,Odd Lot
03:08:41.637 PM ET,3.190,70,223,Ask,NYSE Arca,Odd Lot
03:10:22.375 PM ET,3.190,70,223,Ask,NYSE,Inter Mkt Swp; Odd Lot; Trade Thru Exmpt
03:22:47.801 PM ET,3.200,70,224,Bid,Nasdaq GSM,Odd Lot
03:25:55.685 PM ET,3.215,70,225,Mid,NYSE,Odd Lot
03:34:18.138 PM ET,3.209,70,225,Mid,Off Exchange,Odd Lot
03:57:04.703 PM ET,3.195,70,224,Mid,IEX,Odd Lot
03:59:49.275 PM ET,3.195,70,224,None,NYSE National,Inter Mkt Swp; Odd Lot; Trade Thru Exmpt
09:39:33.875 AM ET,3.160,69,218,Bid,IEX,Odd Lot
09:51:33.080 AM ET,3.245,69,224,Mid,Off Exchange,Odd Lot
09:52:03.522 AM ET,3.250,69,224,Bid,NYSE Arca,Inter Mkt Swp; Odd Lot; Trade Thru Exmpt
11:45:38.045 AM ET,3.230,69,223,Mid,Off Exchange,Odd Lot
11:48:37.804 AM ET,3.220,69,222,Bid,Off Exchange,Odd Lot
01:08:09.291 PM ET,3.160,69,218,Ask,Nasdaq GSM,Inter Mkt Swp; Odd Lot; Trade Thru Exmpt
01:34:18.144 PM ET,3.150,69,217,Ask,Nasdaq GSM,Inter Mkt Swp; Odd Lot; Trade Thru Exmpt
01:40:16.558 PM ET,3.140,69,217,Bid,Nasdaq GSM,Inter Mkt Swp; Odd Lot; Trade Thru Exmpt
02:13:05.595 PM ET,3.200,69,221,Bid,Cboe EDGX,Inter Mkt Swp; Odd Lot; Trade Thru Exmpt
02:17:01.034 PM ET,3.215,69,222,Mid,Off Exchange,Odd Lot
02:31:27.963 PM ET,3.200,69,221,Ask,NYSE Arca,Odd Lot
02:59:58.655 PM ET,3.175,69,219,Mid,NYSE Arca,Odd Lot
03:22:47.801 PM ET,3.200,69,221,Bid,Cboe EDGX,Odd Lot
10:13:18.876 AM ET,3.220,68,219,Bid,Cboe BZX,Odd Lot
10:14:46.895 AM ET,3.220,68,219,Bid,NYSE Arca,Inter Mkt Swp; Odd Lot; Trade Thru Exmpt
10:36:59.615 AM ET,3.230,68,220,Bid,Off Exchange,Odd Lot
10:59:22.516 AM ET,3.210,68,218,Bid,Cboe BYX,Inter Mkt Swp; Odd Lot; Trade Thru Exmpt
01:16:59.206 PM ET,3.150,68,214,Bid,NYSE,Inter Mkt Swp; Odd Lot; Trade Thru Exmpt
01:28:28.086 PM ET,3.165,68,215,Mid,Off Exchange,Odd Lot
01:35:49.146 PM ET,3.145,68,214,Mid,Off Exchange,Odd Lot
02:13:08.595 PM ET,3.205,68,218,Mid,Cboe BZX,Odd Lot
02:17:27.962 PM ET,3.210,68,218,Bid,Nasdaq GSM,Odd Lot
02:17:27.962 PM ET,3.210,68,218,Bid,Cboe EDGX,Odd Lot
02:17:27.962 PM ET,3.210,68,218,Bid,Nasdaq GSM,Inter Mkt Swp; Odd Lot; Trade Thru Exmpt
02:25:23.932 PM ET,3.190,68,217,Ask,MIAX Pearl,Inter Mkt Swp; Odd Lot; Trade Thru Exmpt
02:25:23.932 PM ET,3.190,68,217,Ask,MEMX,Inter Mkt Swp; Odd Lot; Trade Thru Exmpt
02:25:59.106 PM ET,3.195,68,217,Mid,Off Exchange,Odd Lot
02:33:26.075 PM ET,3.195,68,217,Mid,Off Exchange,Odd Lot
02:47:08.893 PM ET,3.190,68,217,Bid,Nasdaq BX,Inter Mkt Swp; Odd Lot; Trade Thru Exmpt
03:16:15.301 PM ET,3.200,68,218,Ask,NYSE Arca,Inter Mkt Swp; Odd Lot; Trade Thru Exmpt
03:36:26.012 PM ET,3.205,68,218,Mid,Off Exchange,Odd Lot
03:54:03.426 PM ET,3.185,68,217,Mid,Off Exchange,Odd Lot
09:34:56.669 AM ET,3.215,67,215,Mid,Off Exchange,Odd Lot
11:10:59.570 AM ET,3.210,67,215,Bid,Off Exchange,Odd Lot
11:34:51.818 AM ET,3.220,67,216,Bid,Cboe BZX,Inter Mkt Swp; Odd Lot; Trade Thru Exmpt
12:38:46.898 PM ET,3.120,67,209,Ask,Cboe EDGX,Odd Lot
01:26:00.102 PM ET,3.185,67,213,Mid,IEX,Odd Lot
01:28:06.800 PM ET,3.160,67,212,Bid,NYSE Arca,Odd Lot
01:28:29.532 PM ET,3.160,67,212,Bid,Nasdaq GSM,Inter Mkt Swp; Odd Lot; Trade Thru Exmpt
01:36:20.993 PM ET,3.140,67,210,Ask,IEX,Odd Lot
01:52:20.722 PM ET,3.155,67,211,Mid,Off Exchange,Odd Lot
02:00:56.820 PM ET,3.170,67,212,Bid,Nasdaq GSM,Odd Lot
02:50:25.256 PM ET,3.185,67,213,Mid,Off Exchange,Odd Lot
03:08:41.636 PM ET,3.190,67,214,Ask,Nasdaq GSM,Odd Lot
03:56:12.594 PM ET,3.196,67,214,Bid,Off Exchange,Deriv Priced; Odd Lot; Trade Thru Exmpt
03:59:12.944 PM ET,3.195,67,214,None,Cboe BZX,Odd Lot
11:56:13.890 AM ET,3.220,66,213,Ask,MEMX,Odd Lot
12:39:34.539 PM ET,3.140,66,207,Bid,Off Exchange,Odd Lot
12:51:04.307 PM ET,3.140,66,207,Ask,NYSE,Inter Mkt Swp; Odd Lot; Trade Thru Exmpt
01:12:49.080 PM ET,3.150,66,208,Ask,Cboe BZX,Odd Lot
01:15:42.460 PM ET,3.155,66,208,Mid,Off Exchange,Odd Lot
01:53:16.144 PM ET,3.150,66,208,Bid,Nasdaq GSM,Inter Mkt Swp; Odd Lot; Trade Thru Exmpt
01:57:40.663 PM ET,3.155,66,208,Mid,Off Exchange,Odd Lot
01:57:45.067 PM ET,3.155,66,208,Bid,Off Exchange,Odd Lot
02:00:56.821 PM ET,3.175,66,210,Mid,NYSE,Odd Lot
02:00:57.862 PM ET,3.175,66,210,Mid,Off Exchange,Odd Lot
02:17:40.502 PM ET,3.204,66,211,Ask,Off Exchange,Odd Lot
02:18:25.377 PM ET,3.195,66,211,Mid,Off Exchange,Odd Lot
02:18:53.847 PM ET,3.195,66,211,Mid,Cboe BYX,Odd Lot
02:35:11.445 PM ET,3.200,66,211,Ask,Nasdaq GSM,Inter Mkt Swp; Odd Lot; Trade Thru Exmpt
02:47:06.039 PM ET,3.195,66,211,Mid,Off Exchange,Odd Lot
03:10:03.622 PM ET,3.190,66,211,Ask,MEMX,Inter Mkt Swp; Odd Lot; Trade Thru Exmpt
03:31:42.260 PM ET,3.210,66,212,Ask,Nasdaq GSM,Inter Mkt Swp; Odd Lot; Trade Thru Exmpt
03:59:00.756 PM ET,3.195,66,211,Mid,Off Exchange,Odd Lot
09:53:26.717 AM ET,3.250,65,211,Bid,IEX,Odd Lot
09:57:45.670 AM ET,3.240,65,211,Mid,Cboe EDGX,Inter Mkt Swp; Odd Lot; Trade Thru Exmpt
10:06:02.429 AM ET,3.210,65,209,Ask,Off Exchange,Odd Lot
10:56:32.140 AM ET,3.220,65,209,Ask,Nasdaq GSM,Odd Lot
10:56:32.148 AM ET,3.220,65,209,Ask,Nasdaq GSM,Inter Mkt Swp; Odd Lot; Trade Thru Exmpt
01:50:52.030 PM ET,3.160,65,205,Bid,Off Exchange,Odd Lot
02:16:26.958 PM ET,3.215,65,209,Mid,Nasdaq GSM,Odd Lot
02:48:41.019 PM ET,3.195,65,208,Mid,Off Exchange,Odd Lot
03:22:47.801 PM ET,3.200,65,208,Bid,Nasdaq GSM,Odd Lot
03:59:02.923 PM ET,3.195,65,208,Mid,Nasdaq GSM,Odd Lot
12:52:11.033 PM ET,3.150,64,202,Bid,Nasdaq GSM,Odd Lot
01:09:22.150 PM ET,3.150,64,202,Bid,Nasdaq GSM,Inter Mkt Swp; Odd Lot; Trade Thru Exmpt
01:09:46.143 PM ET,3.150,64,202,Bid,Off Exchange,Odd Lot
01:50:52.032 PM ET,3.160,64,202,Bid,Off Exchange,Odd Lot
02:16:40.638 PM ET,3.215,64,206,Mid,IEX,Odd Lot
02:19:44.315 PM ET,3.185,64,204,Mid,NYSE,Odd Lot
02:47:06.023 PM ET,3.190,64,204,Bid,Off Exchange,Odd Lot
03:10:22.375 PM ET,3.190,64,204,Ask,Nasdaq GSM,Inter Mkt Swp; Odd Lot; Trade Thru Exmpt
03:52:48.255 PM ET,3.183,64,204,Mid,Off Exchange,Odd Lot
03:56:17.819 PM ET,3.205,64,205,Mid,Off Exchange,Odd Lot
09:50:23.562 AM ET,3.240,63,204,Bid,Cboe BZX,Inter Mkt Swp; Odd Lot; Trade Thru Exmpt
10:56:32.140 AM ET,3.220,63,203,Ask,NYSE Arca,Inter Mkt Swp; Odd Lot; Trade Thru Exmpt
12:19:15.076 PM ET,3.155,63,199,Mid,IEX,Odd Lot
01:33:15.213 PM ET,3.155,63,199,Mid,Off Exchange,Odd Lot
01:33:21.888 PM ET,3.150,63,198,Bid,Off Exchange,Odd Lot
01:34:09.752 PM ET,3.150,63,198,Bid,Nasdaq GSM,Odd Lot
01:37:24.136 PM ET,3.135,63,198,Mid,Nasdaq GSM,Odd Lot
01:38:30.348 PM ET,3.135,63,198,Mid,Off Exchange,Odd Lot
02:28:54.498 PM ET,3.195,63,201,Mid,Cboe BZX,Odd Lot
02:40:28.551 PM ET,3.185,63,201,Mid,Cboe BZX,Odd Lot
02:40:28.551 PM ET,3.185,63,201,Mid,Nasdaq GSM,Odd Lot
02:55:15.511 PM ET,3.175,63,200,Mid,Off Exchange,Odd Lot
02:59:12.193 PM ET,3.175,63,200,Mid,Off Exchange,Odd Lot
03:33:44.462 PM ET,3.210,63,202,Ask,Off Exchange,Odd Lot
03:55:00.071 PM ET,3.200,63,202,Ask,Off Exchange,Odd Lot
03:59:21.670 PM ET,3.200,63,202,None,Cboe BZX,Odd Lot
03:59:56.379 PM ET,3.190,63,201,None,Off Exchange,Odd Lot
09:51:01.092 AM ET,3.245,62,201,Mid,Off Exchange,Odd Lot
11:29:51.035 AM ET,3.210,62,199,Ask,Nasdaq GSM,Odd Lot
12:20:35.053 PM ET,3.184,62,197,Ask,Off Exchange,Deriv Priced; Odd Lot; Trade Thru Exmpt
12:26:20.721 PM ET,3.150,62,195,Ask,Off Exchange,Odd Lot
12:52:07.387 PM ET,3.150,62,195,Bid,Cboe BZX,Odd Lot
01:15:00.773 PM ET,3.155,62,196,Mid,Off Exchange,Odd Lot
02:13:27.624 PM ET,3.205,62,199,Mid,Off Exchange,Odd Lot
03:05:02.284 PM ET,3.175,62,197,Mid,Cboe EDGX,Odd Lot
03:41:30.965 PM ET,3.201,62,198,Mid,Off Exchange,Odd Lot
03:43:51.850 PM ET,3.200,62,198,Bid,Cboe BYX,Inter Mkt Swp; Odd Lot; Trade Thru Exmpt
03:43:55.021 PM ET,3.200,62,198,Bid,Cboe BYX,Inter Mkt Swp; Odd Lot; Trade Thru Exmpt
03:59:55.178 PM ET,3.190,62,198,None,IEX,Odd Lot
11:48:37.798 AM ET,3.220,61,196,Bid,Off Exchange,Odd Lot
12:27:39.601 PM ET,3.150,61,192,Bid,IEX,Odd Lot
12:27:49.593 PM ET,3.150,61,192,Ask,NYSE Arca,Odd Lot
12:29:06.352 PM ET,3.150,61,192,Bid,NYSE Arca,Odd Lot
12:30:08.147 PM ET,3.150,61,192,Ask,NYSE,Odd Lot
01:00:23.083 PM ET,3.155,61,192,Mid,Off Exchange,Odd Lot
01:34:05.338 PM ET,3.155,61,192,Mid,Off Exchange,Odd Lot
02:17:27.962 PM ET,3.210,61,196,Bid,Nasdaq GSM,Odd Lot
02:49:37.330 PM ET,3.195,61,195,Mid,Off Exchange,Odd Lot
02:53:25.954 PM ET,3.175,61,194,Mid,Off Exchange,Odd Lot
03:10:03.622 PM ET,3.190,61,195,Ask,NYSE,Inter Mkt Swp; Odd Lot; Trade Thru Exmpt
03:22:47.801 PM ET,3.200,61,195,Bid,Nasdaq GSM,Odd Lot
03:31:38.139 PM ET,3.215,61,196,Mid,Off Exchange,Odd Lot
03:59:21.259 PM ET,3.200,61,195,None,Off Exchange,Odd Lot
03:59:45.909 PM ET,3.195,61,195,None,Cboe BZX,Odd Lot
03:59:50.074 PM ET,3.195,61,195,None,Cboe BZX,Inter Mkt Swp; Odd Lot; Trade Thru Exmpt
09:48:18.807 AM ET,3.230,60,194,Mid,Cboe EDGA,Odd Lot
09:52:03.570 AM ET,3.250,60,195,Bid,Nasdaq GSM,Odd Lot
11:02:09.558 AM ET,3.220,60,193,Ask,Nasdaq GSM,Inter Mkt Swp; Odd Lot; Trade Thru Exmpt
11:43:04.505 AM ET,3.230,60,194,Ask,NYSE Arca,Inter Mkt Swp; Odd Lot; Trade Thru Exmpt
11:48:37.801 AM ET,3.220,60,193,Bid,NYSE Arca,Inter Mkt Swp; Odd Lot; Trade Thru Exmpt
12:17:13.279 PM ET,3.185,60,191,Bid,MEMX,Inter Mkt Swp; Odd Lot; Trade Thru Exmpt
12:17:13.384 PM ET,3.180,60,191,Bid,Nasdaq GSM,Inter Mkt Swp; Odd Lot; Trade Thru Exmpt
12:27:39.601 PM ET,3.150,60,189,Bid,NYSE Arca,Odd Lot
12:32:41.811 PM ET,3.120,60,187,Bid,NYSE,Odd Lot
12:42:47.131 PM ET,3.150,60,189,Bid,NYSE Arca,Inter Mkt Swp; Odd Lot; Trade Thru Exmpt
12:48:02.968 PM ET,3.140,60,188,Bid,NYSE Arca,Odd Lot
12:53:17.190 PM ET,3.150,60,189,Ask,Nasdaq GSM,Odd Lot
12:53:17.190 PM ET,3.155,60,189,Ask,NYSE,Odd Lot
12:53:17.191 PM ET,3.150,60,189,Ask,Off Exchange,Odd Lot
12:54:54.064 PM ET,3.150,60,189,Ask,Nasdaq GSM,Odd Lot
12:55:48.764 PM ET,3.160,60,190,Ask,NYSE,Odd Lot
01:04:31.953 PM ET,3.160,60,190,Ask,Nasdaq GSM,Inter Mkt Swp; Odd Lot; Trade Thru Exmpt
01:12:54.870 PM ET,3.150,60,189,Ask,MEMX,Odd Lot
01:14:59.345 PM ET,3.150,60,189,Ask,IEX,Odd Lot
01:15:00.873 PM ET,3.150,60,189,Bid,Nasdaq GSM,Inter Mkt Swp; Odd Lot; Trade Thru Exmpt
01:15:00.974 PM ET,3.150,60,189,Bid,Nasdaq GSM,Odd Lot
01:19:37.026 PM ET,3.150,60,189,Bid,Nasdaq GSM,Inter Mkt Swp; Odd Lot; Trade Thru Exmpt
01:19:43.733 PM ET,3.150,60,189,Bid,Nasdaq GSM,Inter Mkt Swp; Odd Lot; Trade Thru Exmpt
01:27:03.234 PM ET,3.160,60,190,Bid,NYSE Arca,Odd Lot
01:27:03.236 PM ET,3.160,60,190,Mid,Off Exchange,Odd Lot
01:27:36.165 PM ET,3.160,60,190,Bid,Cboe EDGA,Odd Lot
01:30:06.618 PM ET,3.150,60,189,Bid,NYSE Arca,Inter Mkt Swp; Odd Lot; Trade Thru Exmpt
01:49:08.290 PM ET,3.160,60,190,Ask,Nasdaq GSM,Inter Mkt Swp; Odd Lot; Trade Thru Exmpt
02:01:57.854 PM ET,3.180,60,191,Bid,Nasdaq GSM,Odd Lot
02:17:27.962 PM ET,3.210,60,193,Bid,NYSE Arca,Odd Lot
02:17:27.988 PM ET,3.195,60,192,Bid,NYSE National,Inter Mkt Swp; Odd Lot; Trade Thru Exmpt
02:49:46.084 PM ET,3.190,60,191,Bid,IEX,Odd Lot
02:51:16.938 PM ET,3.185,60,191,Mid,Off Exchange,Odd Lot
03:10:03.622 PM ET,3.190,60,191,Ask,Cboe BZX,Inter Mkt Swp; Odd Lot; Trade Thru Exmpt
03:10:03.622 PM ET,3.190,60,191,Ask,NYSE Arca,Inter Mkt Swp; Odd Lot; Trade Thru Exmpt
03:22:47.865 PM ET,3.200,60,192,Bid,Off Exchange,Odd Lot
03:31:42.260 PM ET,3.210,60,193,Ask,Cboe BZX,Inter Mkt Swp; Odd Lot; Trade Thru Exmpt
03:31:42.260 PM ET,3.210,60,193,Ask,NYSE Arca,Inter Mkt Swp; Odd Lot; Trade Thru Exmpt
03:39:05.870 PM ET,3.200,60,192,Bid,NYSE Arca,Inter Mkt Swp; Odd Lot; Trade Thru Exmpt
03:39:05.940 PM ET,3.200,60,192,Ask,Cboe BZX,Inter Mkt Swp; Odd Lot; Trade Thru Exmpt
03:46:55.619 PM ET,3.190,60,191,Ask,Cboe BZX,Inter Mkt Swp; Odd Lot; Trade Thru Exmpt
03:46:55.619 PM ET,3.190,60,191,Ask,NYSE Arca,Inter Mkt Swp; Odd Lot; Trade Thru Exmpt
03:52:45.255 PM ET,3.180,60,191,Bid,NYSE Arca,Odd Lot
03:55:00.100 PM ET,3.210,60,193,Ask,Nasdaq GSM,Odd Lot
03:56:25.651 PM ET,3.200,60,192,Bid,Nasdaq GSM,Inter Mkt Swp; Odd Lot; Trade Thru Exmpt
03:58:11.960 PM ET,3.195,60,192,Mid,Off Exchange,Odd Lot
03:59:52.895 PM ET,3.190,60,191,None,Cboe BYX,Inter Mkt Swp; Odd Lot; Trade Thru Exmpt
09:36:26.126 AM ET,3.190,59,188,Bid,Nasdaq GSM,Odd Lot
11:48:37.803 AM ET,3.220,59,190,Bid,Nasdaq GSM,Inter Mkt Swp; Odd Lot; Trade Thru Exmpt
11:56:13.890 AM ET,3.220,59,190,Ask,Nasdaq GSM,Inter Mkt Swp; Odd Lot; Trade Thru Exmpt
12:27:39.601 PM ET,3.150,59,186,Bid,NYSE,Odd Lot
12:57:26.730 PM ET,3.160,59,186,Ask,Cboe BZX,Odd Lot
01:12:49.195 PM ET,3.150,59,186,Bid,Off Exchange,Odd Lot
01:15:14.994 PM ET,3.155,59,186,Mid,Off Exchange,Odd Lot
01:15:27.374 PM ET,3.155,59,186,Mid,Off Exchange,Odd Lot
01:28:49.554 PM ET,3.160,59,186,Ask,Cboe EDGX,Odd Lot
01:29:50.339 PM ET,3.150,59,186,Bid,Nasdaq GSM,Inter Mkt Swp; Odd Lot; Trade Thru Exmpt
01:35:59.209 PM ET,3.145,59,186,Mid,Off Exchange,Odd Lot
01:57:39.447 PM ET,3.160,59,186,Bid,Nasdaq GSM,Odd Lot
02:18:44.556 PM ET,3.195,59,189,Mid,Off Exchange,Odd Lot
03:47:20.961 PM ET,3.198,59,189,Ask,Off Exchange,Odd Lot
03:49:04.852 PM ET,3.185,59,188,Mid,Nasdaq GSM,Odd Lot
03:52:45.254 PM ET,3.180,59,188,Bid,Nasdaq GSM,Odd Lot
03:58:50.395 PM ET,3.195,59,189,Mid,NYSE,Odd Lot
03:58:54.339 PM ET,3.195,59,189,Mid,NYSE,Odd Lot
10:13:18.876 AM ET,3.220,58,187,Bid,Nasdaq GSM,Odd Lot
10:14:46.895 AM ET,3.220,58,187,Bid,Nasdaq GSM,Inter Mkt Swp; Odd Lot; Trade Thru Exmpt
10:42:30.882 AM ET,3.240,58,188,Ask,Nasdaq GSM,Inter Mkt Swp; Odd Lot; Trade Thru Exmpt
12:50:07.822 PM ET,3.140,58,182,Ask,Cboe BZX,Odd Lot
01:06:23.322 PM ET,3.150,58,183,Ask,Nasdaq GSM,Inter Mkt Swp; Odd Lot; Trade Thru Exmpt
01:08:09.291 PM ET,3.160,58,183,Ask,Nasdaq GSM,Inter Mkt Swp; Odd Lot; Trade Thru Exmpt
01:27:20.289 PM ET,3.160,58,183,Ask,NYSE,Odd Lot
01:27:36.165 PM ET,3.160,58,183,Bid,Nasdaq GSM,Odd Lot
01:38:19.650 PM ET,3.140,58,182,Ask,Off Exchange,Odd Lot
01:39:57.589 PM ET,3.140,58,182,Bid,Cboe BZX,Odd Lot
01:54:01.014 PM ET,3.155,58,183,Mid,NYSE,Odd Lot
02:25:23.932 PM ET,3.190,58,185,Ask,Nasdaq GSM,Inter Mkt Swp; Odd Lot; Trade Thru Exmpt
02:34:03.320 PM ET,3.200,58,186,Ask,Cboe BZX,Odd Lot
02:49:59.515 PM ET,3.185,58,185,Mid,Off Exchange,Odd Lot
02:56:34.427 PM ET,3.175,58,184,Mid,Off Exchange,Odd Lot
03:01:05.932 PM ET,3.175,58,184,Mid,Nasdaq GSM,Odd Lot
03:24:02.009 PM ET,3.210,58,186,Ask,Nasdaq GSM,Odd Lot
03:34:36.277 PM ET,3.210,58,186,Bid,Nasdaq GSM,Inter Mkt Swp; Odd Lot; Trade Thru Exmpt
03:59:37.254 PM ET,3.200,58,186,None,Off Exchange,Odd Lot
10:52:48.222 AM ET,3.225,57,184,Mid,Off Exchange,Odd Lot
11:06:35.160 AM ET,3.210,57,183,Bid,Nasdaq GSM,Odd Lot
12:52:07.390 PM ET,3.150,57,180,Bid,Cboe BZX,Inter Mkt Swp; Odd Lot; Trade Thru Exmpt
01:19:45.012 PM ET,3.155,57,180,Mid,Cboe BZX,Odd Lot
01:25:14.373 PM ET,3.170,57,181,Ask,MEMX,Odd Lot
01:28:49.555 PM ET,3.160,57,180,Ask,NYSE Arca,Odd Lot
01:30:18.165 PM ET,3.145,57,179,Mid,NYSE,Odd Lot
01:33:07.569 PM ET,3.155,57,180,Mid,IEX,Odd Lot
01:34:18.151 PM ET,3.145,57,179,Mid,NYSE Arca,Odd Lot
01:37:13.087 PM ET,3.135,57,179,Mid,Nasdaq GSM,Odd Lot
01:38:06.218 PM ET,3.135,57,179,Mid,MEMX,Odd Lot
01:38:45.974 PM ET,3.135,57,179,Mid,Cboe EDGX,Odd Lot
01:43:22.464 PM ET,3.140,57,179,Bid,Cboe BZX,Inter Mkt Swp; Odd Lot; Trade Thru Exmpt
02:35:25.879 PM ET,3.200,57,182,Ask,NYSE Arca,Inter Mkt Swp; Odd Lot; Trade Thru Exmpt
02:49:46.142 PM ET,3.185,57,182,Mid,NYSE,Odd Lot
02:51:36.722 PM ET,3.188,57,182,Ask,Off Exchange,Odd Lot
03:30:36.181 PM ET,3.206,57,183,Bid,Off Exchange,Odd Lot
03:37:46.795 PM ET,3.211,57,183,Ask,Off Exchange,Odd Lot
03:46:41.805 PM ET,3.195,57,182,Mid,Off Exchange,Odd Lot
10:55:56.568 AM ET,3.220,56,180,Bid,Nasdaq GSM,Inter Mkt Swp; Odd Lot; Trade Thru Exmpt
12:30:58.394 PM ET,3.140,56,176,Bid,Off Exchange,Odd Lot
12:38:46.998 PM ET,3.120,56,175,Bid,Nasdaq GSM,Odd Lot
12:40:27.388 PM ET,3.150,56,176,Ask,Nasdaq GSM,Inter Mkt Swp; Odd Lot; Trade Thru Exmpt
12:51:28.507 PM ET,3.148,56,176,Mid,Off Exchange,Odd Lot
02:10:22.063 PM ET,3.195,56,179,Mid,Cboe BZX,Odd Lot
02:12:23.482 PM ET,3.195,56,179,Mid,Nasdaq GSM,Odd Lot
02:18:01.583 PM ET,3.195,56,179,Mid,Off Exchange,Odd Lot
02:45:07.015 PM ET,3.188,56,179,Mid,Off Exchange,Odd Lot
02:52:10.665 PM ET,3.175,56,178,Mid,Off Exchange,Odd Lot
03:45:45.061 PM ET,3.195,56,179,Mid,Nasdaq GSM,Odd Lot
03:49:33.364 PM ET,3.185,56,178,Mid,Nasdaq GSM,Odd Lot
03:55:26.078 PM ET,3.200,56,179,Bid,Nasdaq BX,Inter Mkt Swp; Odd Lot; Trade Thru Exmpt
03:59:01.856 PM ET,3.195,56,179,Mid,NYSE,Odd Lot
03:59:39.273 PM ET,3.195,56,179,None,NYSE Arca,Odd Lot
11:15:39.032 AM ET,3.220,55,177,Mid,Off Exchange,Odd Lot
12:55:38.380 PM ET,3.150,55,173,Ask,Nasdaq GSM,Inter Mkt Swp; Odd Lot; Trade Thru Exmpt
01:09:37.003 PM ET,3.150,55,173,Bid,Nasdaq GSM,Inter Mkt Swp; Odd Lot; Trade Thru Exmpt
01:30:06.544 PM ET,3.150,55,173,Bid,Nasdaq GSM,Inter Mkt Swp; Odd Lot; Trade Thru Exmpt
02:00:21.262 PM ET,3.175,55,175,Mid,Nasdaq GSM,Odd Lot
02:11:41.298 PM ET,3.195,55,176,Mid,Nasdaq GSM,Odd Lot
03:46:13.091 PM ET,3.195,55,176,Mid,Nasdaq GSM,Odd Lot
03:48:35.079 PM ET,3.185,55,175,Mid,Cboe BZX,Odd Lot
03:50:56.878 PM ET,3.185,55,175,Mid,Nasdaq GSM,Odd Lot
03:51:18.138 PM ET,3.190,55,175,Ask,Off Exchange,Odd Lot
03:56:34.530 PM ET,3.195,55,176,Mid,Off Exchange,Odd Lot
03:56:43.523 PM ET,3.195,55,176,Mid,Off Exchange,Odd Lot
11:12:21.306 AM ET,3.220,54,174,Bid,Nasdaq BX,Inter Mkt Swp; Odd Lot; Trade Thru Exmpt
12:23:35.321 PM ET,3.140,54,170,Bid,Nasdaq GSM,Inter Mkt Swp; Odd Lot; Trade Thru Exmpt
01:17:39.101 PM ET,3.150,54,170,Bid,NYSE Arca,Inter Mkt Swp; Odd Lot; Trade Thru Exmpt
01:20:15.067 PM ET,3.150,54,170,Ask,NYSE Arca,Inter Mkt Swp; Odd Lot; Trade Thru Exmpt
01:29:50.051 PM ET,3.150,54,170,Bid,Cboe BZX,Inter Mkt Swp; Odd Lot; Trade Thru Exmpt
01:54:09.932 PM ET,3.160,54,171,Bid,Nasdaq GSM,Inter Mkt Swp; Odd Lot; Trade Thru Exmpt
01:58:41.147 PM ET,3.170,54,171,Ask,Nasdaq GSM,Odd Lot
03:49:51.026 PM ET,3.185,54,172,Mid,Off Exchange,Odd Lot
03:59:21.670 PM ET,3.200,54,173,None,NYSE Arca,Odd Lot
10:05:15.115 AM ET,3.210,53,170,Ask,Nasdaq GSM,Inter Mkt Swp; Odd Lot; Trade Thru Exmpt
10:05:15.616 AM ET,3.210,53,170,Ask,Off Exchange,Odd Lot
11:43:04.618 AM ET,3.225,53,171,Mid,Off Exchange,Odd Lot
01:36:20.842 PM ET,3.140,53,166,Bid,NYSE Arca,Inter Mkt Swp; Odd Lot; Trade Thru Exmpt
01:38:37.569 PM ET,3.140,53,166,Ask,NYSE Arca,Inter Mkt Swp; Odd Lot; Trade Thru Exmpt
01:50:52.038 PM ET,3.160,53,167,Bid,Nasdaq GSM,Inter Mkt Swp; Odd Lot; Trade Thru Exmpt
02:13:05.595 PM ET,3.200,53,170,Bid,NYSE Arca,Odd Lot
02:19:33.874 PM ET,3.180,53,169,Bid,Nasdaq GSM,Odd Lot
02:23:06.075 PM ET,3.170,53,168,Bid,Nasdaq GSM,Inter Mkt Swp; Odd Lot; Trade Thru Exmpt
02:35:25.879 PM ET,3.200,53,170,Ask,Nasdaq GSM,Inter Mkt Swp; Odd Lot; Trade Thru Exmpt
03:06:27.007 PM ET,3.190,53,169,Ask,Off Exchange,Odd Lot
03:12:56.241 PM ET,3.195,53,169,Mid,Off Exchange,Odd Lot
03:56:25.651 PM ET,3.200,53,170,Bid,Cboe EDGX,Inter Mkt Swp; Odd Lot; Trade Thru Exmpt
03:58:31.175 PM ET,3.195,53,169,Mid,Off Exchange,Odd Lot
09:36:21.256 AM ET,3.210,52,167,Ask,Off Exchange,Odd Lot
10:38:13.023 AM ET,3.235,52,168,Mid,Off Exchange,Odd Lot
11:10:08.386 AM ET,3.210,52,167,Ask,IEX,Odd Lot
11:13:55.060 AM ET,3.220,52,167,Bid,IEX,Odd Lot
11:21:05.400 AM ET,3.210,52,167,Bid,IEX,Odd Lot
11:28:15.738 AM ET,3.210,52,167,Bid,Cboe BYX,Inter Mkt Swp; Odd Lot; Trade Thru Exmpt
11:35:26.092 AM ET,3.215,52,167,Mid,NYSE National,Inter Mkt Swp; Odd Lot; Trade Thru Exmpt
11:42:51.521 AM ET,3.230,52,168,Bid,NYSE National,Inter Mkt Swp; Odd Lot; Trade Thru Exmpt
11:49:46.780 AM ET,3.220,52,167,Bid,Cboe BYX,Inter Mkt Swp; Odd Lot; Trade Thru Exmpt
11:56:57.121 AM ET,3.215,52,167,Mid,Cboe BYX,Inter Mkt Swp; Odd Lot; Trade Thru Exmpt
12:04:01.316 PM ET,3.180,52,165,Ask,Cboe BZX,Inter Mkt Swp; Odd Lot; Trade Thru Exmpt
12:11:17.801 PM ET,3.180,52,165,Bid,Cboe BYX,Inter Mkt Swp; Odd Lot; Trade Thru Exmpt
12:18:28.146 PM ET,3.160,52,164,None,IEX,Odd Lot
12:25:38.485 PM ET,3.135,52,163,Mid,IEX,Odd Lot
12:32:48.851 PM ET,3.120,52,162,Bid,Off Exchange,Odd Lot
12:40:29.205 PM ET,3.140,52,163,Bid,Off Exchange,Odd Lot
12:42:47.133 PM ET,3.150,52,164,Bid,Off Exchange,Odd Lot
12:47:09.524 PM ET,3.140,52,163,Bid,Off Exchange,Odd Lot
12:51:39.632 PM ET,3.150,52,164,Bid,Nasdaq GSM,Odd Lot
12:51:39.687 PM ET,3.150,52,164,Bid,Nasdaq GSM,Odd Lot
12:54:19.866 PM ET,3.140,52,163,Bid,Off Exchange,Odd Lot
12:57:26.730 PM ET,3.160,52,164,Bid,Nasdaq GSM,Odd Lot
01:01:09.320 PM ET,3.150,52,164,Ask,NYSE Arca,Inter Mkt Swp; Odd Lot; Trade Thru Exmpt
01:08:40.530 PM ET,3.150,52,164,Bid,IEX,Odd Lot
01:15:50.861 PM ET,3.150,52,164,Bid,IEX,Odd Lot
01:23:01.209 PM ET,3.145,52,164,Mid,Cboe BYX,Inter Mkt Swp; Odd Lot; Trade Thru Exmpt
01:28:42.199 PM ET,3.160,52,164,Bid,MIAX Pearl,Inter Mkt Swp; Odd Lot; Trade Thru Exmpt
01:28:49.553 PM ET,3.160,52,164,Ask,Cboe BZX,Inter Mkt Swp; Odd Lot; Trade Thru Exmpt
01:35:32.735 PM ET,3.145,52,164,Mid,Cboe BZX,Odd Lot
11:29:51.061 AM ET,3.205,51,163,Mid,Off Exchange,Odd Lot
12:02:23.143 PM ET,3.175,51,162,Mid,Cboe BZX,Odd Lot
12:09:52.234 PM ET,3.180,51,162,Ask,Off Exchange,Odd Lot
12:53:10.390 PM ET,3.150,51,161,Bid,NYSE,Odd Lot
12:53:24.460 PM ET,3.150,51,161,Ask,Nasdaq GSM,Inter Mkt Swp; Odd Lot; Trade Thru Exmpt
01:05:19.366 PM ET,3.150,51,161,Ask,Nasdaq GSM,Inter Mkt Swp; Odd Lot; Trade Thru Exmpt
01:16:59.342 PM ET,3.150,51,161,Ask,Nasdaq GSM,Inter Mkt Swp; Odd Lot; Trade Thru Exmpt
01:20:15.068 PM ET,3.150,51,161,Ask,NYSE,Odd Lot
01:28:56.295 PM ET,3.160,51,161,Ask,NYSE National,Inter Mkt Swp; Odd Lot; Trade Thru Exmpt
01:41:10.500 PM ET,3.130,51,160,Ask,NYSE,Odd Lot
01:48:23.376 PM ET,3.160,51,161,Ask,Off Exchange,Odd Lot
01:58:06.965 PM ET,3.160,51,161,Bid,Nasdaq GSM,Odd Lot
01:58:12.452 PM ET,3.160,51,161,Bid,Nasdaq GSM,Odd Lot
02:08:32.038 PM ET,3.195,51,163,Mid,Off Exchange,Odd Lot
02:15:56.908 PM ET,3.215,51,164,Mid,Off Exchange,Odd Lot
02:24:44.612 PM ET,3.190,51,163,Ask,IEX,Odd Lot
02:24:44.612 PM ET,3.190,51,163,Ask,NYSE Arca,Odd Lot
03:24:02.009 PM ET,3.210,51,164,Ask,Nasdaq GSM,Inter Mkt Swp; Odd Lot; Trade Thru Exmpt
03:30:03.694 PM ET,3.215,51,164,Mid,NYSE Arca,Odd Lot
03:50:37.211 PM ET,3.185,51,162,Mid,Off Exchange,Odd Lot
03:53:20.265 PM ET,3.185,51,162,Mid,Nasdaq GSM,Odd Lot
09:34:02.306 AM ET,3.215,50,161,Mid,Off Exchange,Odd Lot
09:36:25.852 AM ET,3.200,50,160,Ask,NYSE Arca,Inter Mkt Swp; Odd Lot; Trade Thru Exmpt
09:48:56.064 AM ET,3.225,50,161,Mid,IEX,Odd Lot
09:49:43.931 AM ET,3.230,50,162,Bid,NYSE Arca,Odd Lot
09:55:43.141 AM ET,3.250,50,163,Ask,IEX,Odd Lot
10:04:35.416 AM ET,3.210,50,161,Ask,Off Exchange,Odd Lot
10:05:06.585 AM ET,3.205,50,160,Mid,Off Exchange,Odd Lot
10:06:03.804 AM ET,3.210,50,161,Ask,IEX,Odd Lot
10:10:30.381 AM ET,3.220,50,161,Bid,Off Exchange,Odd Lot
10:11:50.146 AM ET,3.230,50,162,Bid,Cboe BZX,Inter Mkt Swp; Odd Lot; Trade Thru Exmpt
10:13:18.876 AM ET,3.220,50,161,Bid,NYSE Arca,Inter Mkt Swp; Odd Lot; Trade Thru Exmpt
10:13:18.876 AM ET,3.220,50,161,Bid,IEX,Odd Lot
10:30:02.125 AM ET,3.230,50,162,Ask,Cboe BZX,Inter Mkt Swp; Odd Lot; Trade Thru Exmpt
10:30:02.125 AM ET,3.230,50,162,Ask,NYSE Arca,Inter Mkt Swp; Odd Lot; Trade Thru Exmpt
10:35:09.579 AM ET,3.230,50,162,Bid,NYSE Arca,Odd Lot
10:35:09.579 AM ET,3.230,50,162,Bid,NYSE Arca,Inter Mkt Swp; Odd Lot; Trade Thru Exmpt
10:35:09.579 AM ET,3.230,50,162,Bid,Cboe BZX,Odd Lot
10:45:24.213 AM ET,3.220,50,161,Bid,NYSE Arca,Odd Lot
10:55:56.569 AM ET,3.220,50,161,Bid,NYSE Arca,Odd Lot
10:57:19.526 AM ET,3.220,50,161,Ask,Cboe EDGX,Odd Lot
11:14:44.798 AM ET,3.220,50,161,Ask,Nasdaq GSM,Odd Lot
11:15:44.656 AM ET,3.220,50,161,Ask,IEX,Odd Lot
11:15:44.657 AM ET,3.220,50,161,Ask,IEX,Odd Lot
11:17:32.971 AM ET,3.220,50,161,Ask,Off Exchange,Odd Lot
11:17:43.363 AM ET,3.220,50,161,Ask,Off Exchange,Odd Lot
11:29:51.035 AM ET,3.210,50,161,Ask,NYSE Arca,Odd Lot
11:31:32.569 AM ET,3.220,50,161,Ask,Cboe EDGX,Odd Lot
11:48:37.799 AM ET,3.215,50,161,Bid,Off Exchange,Odd Lot
11:48:37.801 AM ET,3.220,50,161,Bid,IEX,Odd Lot
11:55:22.560 AM ET,3.225,50,161,Mid,Off Exchange,Odd Lot
11:56:13.890 AM ET,3.220,50,161,Ask,Cboe BZX,Inter Mkt Swp; Odd Lot; Trade Thru Exmpt
11:58:12.451 AM ET,3.210,50,161,Bid,NYSE American,Odd Lot
11:59:27.760 AM ET,3.180,50,159,Bid,Nasdaq GSM,Odd Lot
11:59:50.643 AM ET,3.180,50,159,Bid,Nasdaq GSM,Odd Lot
12:10:36.071 PM ET,3.180,50,159,Ask,Off Exchange,Odd Lot
12:10:36.088 PM ET,3.180,50,159,Bid,Off Exchange,Odd Lot
12:14:56.306 PM ET,3.195,50,160,Mid,IEX,Odd Lot
12:17:13.384 PM ET,3.180,50,159,Bid,Cboe BZX,Inter Mkt Swp; Odd Lot; Trade Thru Exmpt
12:26:24.813 PM ET,3.180,50,159,Ask,Nasdaq GSM,Odd Lot
12:26:24.815 PM ET,3.180,50,159,Ask,Nasdaq GSM,Inter Mkt Swp; Odd Lot; Trade Thru Exmpt
12:26:24.815 PM ET,3.180,50,159,Ask,NYSE Arca,Odd Lot
12:30:58.392 PM ET,3.140,50,157,Bid,NYSE Arca,Inter Mkt Swp; Odd Lot; Trade Thru Exmpt
12:30:58.392 PM ET,3.140,50,157,Bid,NYSE Arca,Odd Lot
12:41:19.958 PM ET,3.150,50,158,Bid,Nasdaq GSM,Inter Mkt Swp; Odd Lot; Trade Thru Exmpt
12:52:11.035 PM ET,3.150,50,158,Bid,IEX,Odd Lot
12:52:11.035 PM ET,3.150,50,158,Bid,Cboe BYX,Inter Mkt Swp; Odd Lot; Trade Thru Exmpt
12:53:17.190 PM ET,3.150,50,158,Ask,Nasdaq GSM,Odd Lot
12:55:38.450 PM ET,3.170,50,159,Ask,Nasdaq GSM,Odd Lot
12:55:38.450 PM ET,3.170,50,159,Ask,Nasdaq GSM,Inter Mkt Swp; Odd Lot; Trade Thru Exmpt
12:57:26.731 PM ET,3.160,50,158,Ask,Cboe EDGX,Odd Lot
12:57:26.732 PM ET,3.160,50,158,Ask,NYSE Arca,Odd Lot
12:57:39.617 PM ET,3.160,50,158,Bid,MIAX Pearl,Odd Lot
01:01:09.320 PM ET,3.150,50,158,Ask,Off Exchange,Odd Lot
01:06:59.914 PM ET,3.150,50,158,Ask,Nasdaq GSM,Inter Mkt Swp; Odd Lot; Trade Thru Exmpt
01:06:59.920 PM ET,3.150,50,158,Ask,IEX,Odd Lot
01:12:49.533 PM ET,3.150,50,158,Ask,NYSE Arca,Odd Lot
01:12:49.534 PM ET,3.150,50,158,Ask,NYSE Arca,Inter Mkt Swp; Odd Lot; Trade Thru Exmpt
01:14:16.538 PM ET,3.150,50,158,Bid,Off Exchange,Odd Lot
01:15:00.875 PM ET,3.150,50,158,Bid,IEX,Odd Lot
01:16:34.538 PM ET,3.150,50,158,Bid,Nasdaq GSM,Odd Lot
01:16:34.538 PM ET,3.150,50,158,Bid,NYSE Arca,Odd Lot
01:16:41.357 PM ET,3.150,50,158,Bid,Nasdaq GSM,Odd Lot
01:16:59.205 PM ET,3.150,50,158,Bid,NYSE Arca,Odd Lot
01:19:31.565 PM ET,3.150,50,158,Ask,NYSE Arca,Odd Lot
01:23:02.900 PM ET,3.150,50,158,Bid,Nasdaq GSM,Odd Lot
01:23:05.191 PM ET,3.150,50,158,Bid,Nasdaq GSM,Odd Lot
01:27:25.533 PM ET,3.155,50,158,Mid,Off Exchange,Odd Lot
01:28:06.799 PM ET,3.160,50,158,Bid,Nasdaq GSM,Inter Mkt Swp; Odd Lot; Trade Thru Exmpt
01:34:18.144 PM ET,3.150,50,158,Ask,NYSE Arca,Inter Mkt Swp; Odd Lot; Trade Thru Exmpt
01:39:57.590 PM ET,3.145,50,157,Mid,IEX,Odd Lot
01:42:07.835 PM ET,3.130,50,157,Bid,NYSE Arca,Odd Lot
01:42:11.615 PM ET,3.135,50,157,Mid,Off Exchange,Odd Lot
01:48:23.375 PM ET,3.150,50,158,Bid,Nasdaq GSM,Odd Lot
01:48:23.375 PM ET,3.150,50,158,Bid,Off Exchange,Odd Lot
01:51:36.391 PM ET,3.150,50,158,Bid,NYSE Arca,Odd Lot
01:57:44.984 PM ET,3.155,50,158,Mid,IEX,Odd Lot
01:57:44.994 PM ET,3.155,50,158,Mid,Off Exchange,Odd Lot
02:01:38.914 PM ET,3.170,50,159,Bid,NYSE Arca,Odd Lot
02:17:27.963 PM ET,3.205,50,160,Bid,Cboe BZX,Odd Lot
02:17:27.964 PM ET,3.200,50,160,Bid,NYSE Arca,Inter Mkt Swp; Odd Lot; Trade Thru Exmpt
02:19:33.874 PM ET,3.180,50,159,Bid,Nasdaq GSM,Odd Lot
02:19:33.875 PM ET,3.180,50,159,Bid,Nasdaq GSM,Odd Lot
02:19:33.875 PM ET,3.180,50,159,Bid,NYSE Arca,Odd Lot
02:26:49.506 PM ET,3.200,50,160,Ask,Off Exchange,Odd Lot
02:35:25.902 PM ET,3.195,50,160,Mid,IEX,Odd Lot
02:45:04.391 PM ET,3.190,50,160,Ask,MEMX,Odd Lot
02:45:47.432 PM ET,3.185,50,159,Mid,Off Exchange,Odd Lot
02:49:46.085 PM ET,3.190,50,160,Bid,Cboe EDGA,Inter Mkt Swp; Odd Lot; Trade Thru Exmpt
02:49:46.085 PM ET,3.190,50,160,Bid,NYSE Arca,Inter Mkt Swp; Odd Lot; Trade Thru Exmpt
02:49:46.085 PM ET,3.190,50,160,Bid,IEX,Odd Lot
02:50:55.352 PM ET,3.185,50,159,Mid,Cboe BZX,Odd Lot
02:51:16.938 PM ET,3.180,50,159,Bid,NYSE Arca,Odd Lot
02:56:00.027 PM ET,3.170,50,159,Bid,Off Exchange,Odd Lot
03:08:41.637 PM ET,3.190,50,160,Ask,IEX,Odd Lot
03:31:42.260 PM ET,3.210,50,161,Ask,Cboe EDGA,Inter Mkt Swp; Odd Lot; Trade Thru Exmpt
03:31:42.260 PM ET,3.210,50,161,Ask,NYSE Arca,Inter Mkt Swp; Odd Lot; Trade Thru Exmpt
03:43:22.531 PM ET,3.205,50,160,Mid,Off Exchange,Odd Lot
03:43:55.021 PM ET,3.200,50,160,Bid,Cboe BZX,Odd Lot
03:43:58.224 PM ET,3.195,50,160,Mid,Off Exchange,Odd Lot
03:44:18.900 PM ET,3.195,50,160,Mid,Off Exchange,Odd Lot
03:46:55.619 PM ET,3.190,50,160,Ask,Cboe EDGX,Odd Lot
03:47:07.124 PM ET,3.185,50,159,Mid,IEX,Odd Lot
03:49:00.283 PM ET,3.185,50,159,Mid,Off Exchange,Odd Lot
03:49:59.759 PM ET,3.185,50,159,Mid,Off Exchange,Odd Lot
03:50:00.403 PM ET,3.185,50,159,Mid,IEX,Odd Lot
03:51:07.056 PM ET,3.185,50,159,Mid,Off Exchange,Odd Lot
03:51:55.301 PM ET,3.185,50,159,Mid,Off Exchange,Odd Lot
03:54:03.428 PM ET,3.185,50,159,Mid,IEX,Odd Lot
03:55:26.068 PM ET,3.205,50,160,Mid,IEX,Odd Lot
03:56:25.651 PM ET,3.200,50,160,Bid,Nasdaq GSM,Inter Mkt Swp; Odd Lot; Trade Thru Exmpt
03:56:43.526 PM ET,3.195,50,160,Mid,Off Exchange,Odd Lot
03:59:40.704 PM ET,3.195,50,160,None,NYSE Arca,Odd Lot
03:59:46.158 PM ET,3.200,50,160,None,IEX,Odd Lot
03:59:49.735 PM ET,3.195,50,160,None,NYSE National,Inter Mkt Swp; Odd Lot; Trade Thru Exmpt
03:59:54.954 PM ET,3.190,50,160,None,Cboe BZX,Odd Lot
09:51:48.080 AM ET,3.245,49,159,Mid,Off Exchange,Odd Lot
10:11:43.500 AM ET,3.235,49,159,Mid,Off Exchange,Odd Lot
11:34:00.437 AM ET,3.225,49,158,Mid,Cboe BZX,Odd Lot
12:17:35.974 PM ET,3.195,49,157,None,Nasdaq GSM,Odd Lot
12:55:38.414 PM ET,3.160,49,155,Ask,Nasdaq GSM,Inter Mkt Swp; Odd Lot; Trade Thru Exmpt
01:19:31.573 PM ET,3.150,49,154,Ask,Cboe BZX,Inter Mkt Swp; Odd Lot; Trade Thru Exmpt
01:25:03.024 PM ET,3.170,49,155,Ask,Off Exchange,Odd Lot
01:29:50.339 PM ET,3.150,49,154,Bid,Nasdaq GSM,Inter Mkt Swp; Odd Lot; Trade Thru Exmpt
03:36:13.603 PM ET,3.210,49,157,Ask,Nasdaq GSM,Inter Mkt Swp; Odd Lot; Trade Thru Exmpt
03:48:07.470 PM ET,3.185,49,156,Mid,Nasdaq GSM,Odd Lot
03:58:14.286 PM ET,3.195,49,157,Mid,Off Exchange,Odd Lot
03:59:57.903 PM ET,3.195,49,157,None,Off Exchange,Odd Lot
09:30:00.179 AM ET,3.270,48,157,Mid,Nasdaq GSM,Inter Mkt Swp; Odd Lot; Trade Thru Exmpt
09:36:27.128 AM ET,3.210,48,154,Ask,Off Exchange,Odd Lot
10:53:48.287 AM ET,3.225,48,155,Mid,Cboe BZX,Odd Lot
12:10:04.498 PM ET,3.180,48,153,Ask,MIAX Pearl,Inter Mkt Swp; Odd Lot; Trade Thru Exmpt
12:17:58.734 PM ET,3.185,48,153,None,Off Exchange,Odd Lot
12:26:24.813 PM ET,3.180,48,153,Ask,Nasdaq GSM,Odd Lot
12:26:24.815 PM ET,3.180,48,153,Ask,Nasdaq GSM,Inter Mkt Swp; Odd Lot; Trade Thru Exmpt
01:16:08.933 PM ET,3.160,48,152,Ask,Off Exchange,Odd Lot
01:32:06.665 PM ET,3.150,48,151,Bid,Off Exchange,Odd Lot
01:35:32.735 PM ET,3.145,48,151,Mid,Cboe BZX,Odd Lot
01:35:32.735 PM ET,3.145,48,151,Mid,Nasdaq GSM,Odd Lot
01:36:41.003 PM ET,3.140,48,151,Ask,Off Exchange,Odd Lot
01:52:56.761 PM ET,3.150,48,151,Bid,NYSE Arca,Odd Lot
01:58:12.452 PM ET,3.160,48,152,Bid,IEX,Odd Lot
02:15:09.117 PM ET,3.215,48,154,Mid,Nasdaq GSM,Odd Lot
03:15:01.001 PM ET,3.200,48,154,Ask,NYSE Arca,Odd Lot
03:34:36.277 PM ET,3.210,48,154,Bid,Cboe BZX,Inter Mkt Swp; Odd Lot; Trade Thru Exmpt
09:30:56.122 AM ET,3.220,47,151,Bid,IEX,Odd Lot
09:52:03.496 AM ET,3.250,47,153,Bid,NYSE Arca,Odd Lot
10:11:43.493 AM ET,3.235,47,152,Mid,Off Exchange,Odd Lot
10:11:43.552 AM ET,3.235,47,152,Mid,Off Exchange,Odd Lot
11:29:51.035 AM ET,3.210,47,151,Ask,Nasdaq GSM,Odd Lot
11:48:37.776 AM ET,3.220,47,151,Bid,Off Exchange,Odd Lot
12:22:35.072 PM ET,3.178,47,149,Ask,Off Exchange,Deriv Priced; Odd Lot; Trade Thru Exmpt
01:15:14.945 PM ET,3.150,47,148,Bid,NYSE Arca,Odd Lot
01:28:49.553 PM ET,3.160,47,149,Ask,Cboe BZX,Inter Mkt Swp; Odd Lot; Trade Thru Exmpt
01:36:20.842 PM ET,3.140,47,148,Bid,NYSE Arca,Inter Mkt Swp; Odd Lot; Trade Thru Exmpt
01:38:30.309 PM ET,3.140,47,148,Ask,NYSE Arca,Inter Mkt Swp; Odd Lot; Trade Thru Exmpt
01:43:22.465 PM ET,3.140,47,148,Bid,NYSE,Odd Lot
01:48:23.375 PM ET,3.150,47,148,Bid,Nasdaq GSM,Odd Lot
01:50:52.038 PM ET,3.160,47,149,Bid,Nasdaq GSM,Inter Mkt Swp; Odd Lot; Trade Thru Exmpt
02:13:05.595 PM ET,3.200,47,150,Bid,NYSE Arca,Odd Lot
02:37:59.484 PM ET,3.190,47,150,Ask,Cboe BZX,Inter Mkt Swp; Odd Lot; Trade Thru Exmpt
03:39:05.990 PM ET,3.203,47,151,Mid,Off Exchange,Odd Lot
03:56:25.658 PM ET,3.195,47,150,Bid,NYSE National,Odd Lot
03:56:25.662 PM ET,3.195,47,150,Bid,IEX,Odd Lot
03:58:46.997 PM ET,3.195,47,150,Mid,Off Exchange,Odd Lot
10:11:43.465 AM ET,3.235,46,149,Ask,Off Exchange,Odd Lot
11:12:21.306 AM ET,3.220,46,148,Bid,Nasdaq BX,Inter Mkt Swp; Odd Lot; Trade Thru Exmpt
11:25:33.765 AM ET,3.220,46,148,Ask,Off Exchange,Odd Lot
12:10:22.056 PM ET,3.175,46,146,Mid,Off Exchange,Odd Lot
12:23:35.321 PM ET,3.140,46,144,Bid,Nasdaq GSM,Inter Mkt Swp; Odd Lot; Trade Thru Exmpt
12:23:55.143 PM ET,3.135,46,144,Mid,Off Exchange,Odd Lot
01:17:39.101 PM ET,3.150,46,145,Bid,NYSE Arca,Inter Mkt Swp; Odd Lot; Trade Thru Exmpt
01:28:49.555 PM ET,3.155,46,145,Mid,NYSE National,Odd Lot
01:28:49.558 PM ET,3.160,46,145,Ask,Off Exchange,Odd Lot
01:54:09.932 PM ET,3.160,46,145,Bid,Nasdaq GSM,Inter Mkt Swp; Odd Lot; Trade Thru Exmpt
03:58:57.555 PM ET,3.195,46,147,Mid,NYSE Arca,Odd Lot
10:35:09.579 AM ET,3.230,45,145,Bid,NYSE Arca,Odd Lot
10:56:32.148 AM ET,3.220,45,145,Ask,Nasdaq GSM,Inter Mkt Swp; Odd Lot; Trade Thru Exmpt
11:47:15.737 AM ET,3.225,45,145,Mid,Off Exchange,Odd Lot
12:44:51.628 PM ET,3.140,45,141,Bid,IEX,Odd Lot
01:01:09.320 PM ET,3.150,45,142,Ask,Nasdaq GSM,Inter Mkt Swp; Odd Lot; Trade Thru Exmpt
01:09:37.003 PM ET,3.150,45,142,Bid,Nasdaq GSM,Inter Mkt Swp; Odd Lot; Trade Thru Exmpt
01:09:53.482 PM ET,3.150,45,142,Ask,Nasdaq GSM,Inter Mkt Swp; Odd Lot; Trade Thru Exmpt
01:27:20.288 PM ET,3.160,45,142,Ask,Cboe BZX,Odd Lot
01:27:20.289 PM ET,3.160,45,142,Ask,Off Exchange,Odd Lot
01:30:06.546 PM ET,3.150,45,142,Bid,Nasdaq GSM,Inter Mkt Swp; Odd Lot; Trade Thru Exmpt
01:33:00.215 PM ET,3.155,45,142,Mid,Off Exchange,Odd Lot
02:00:21.263 PM ET,3.175,45,143,Mid,Cboe BZX,Odd Lot
02:00:56.824 PM ET,3.170,45,143,Bid,NYSE Arca,Inter Mkt Swp; Odd Lot; Trade Thru Exmpt
02:01:13.767 PM ET,3.170,45,143,Ask,Nasdaq GSM,Odd Lot
02:01:57.854 PM ET,3.180,45,143,Bid,Nasdaq GSM,Odd Lot
02:04:48.756 PM ET,3.185,45,143,Mid,IEX,Odd Lot
03:25:03.300 PM ET,3.220,45,145,Ask,Cboe BZX,Odd Lot
03:38:29.072 PM ET,3.210,45,144,Ask,Off Exchange,Odd Lot
12:17:35.053 PM ET,3.200,44,141,None,Off Exchange,Odd Lot
12:57:15.759 PM ET,3.170,44,139,Bid,Cboe BZX,Odd Lot
12:58:04.363 PM ET,3.150,44,139,Bid,Cboe BZX,Inter Mkt Swp; Odd Lot; Trade Thru Exmpt
01:00:28.370 PM ET,3.150,44,139,Bid,Off Exchange,Odd Lot
01:43:22.465 PM ET,3.140,44,138,Bid,NYSE,Odd Lot
02:12:23.482 PM ET,3.195,44,141,Mid,Cboe BZX,Odd Lot
02:33:26.090 PM ET,3.190,44,140,Bid,Off Exchange,Odd Lot
02:51:56.693 PM ET,3.175,44,140,Mid,Off Exchange,Odd Lot
03:59:21.671 PM ET,3.200,44,141,None,NYSE,Odd Lot
04:43:36.833 PM ET,3.210,44,141,Mid,Off Exchange,Frm T Ext Hrs; Odd Lot
09:42:39.618 AM ET,3.200,43,138,Mid,MIAX Pearl,Inter Mkt Swp; Odd Lot; Trade Thru Exmpt
09:48:56.055 AM ET,3.220,43,138,Bid,NYSE Arca,Inter Mkt Swp; Odd Lot; Trade Thru Exmpt
10:10:30.384 AM ET,3.220,43,138,Bid,NYSE Arca,Inter Mkt Swp; Odd Lot; Trade Thru Exmpt
10:11:43.417 AM ET,3.230,43,139,Ask,Nasdaq GSM,Odd Lot
11:05:40.697 AM ET,3.210,43,138,Bid,Nasdaq GSM,Inter Mkt Swp; Odd Lot; Trade Thru Exmpt
11:14:44.798 AM ET,3.220,43,138,Ask,Cboe EDGX,Inter Mkt Swp; Odd Lot; Trade Thru Exmpt
11:14:44.799 AM ET,3.220,43,138,Ask,NYSE Arca,Odd Lot
11:59:22.760 AM ET,3.180,43,137,Bid,Nasdaq GSM,Inter Mkt Swp; Odd Lot; Trade Thru Exmpt
12:17:13.384 PM ET,3.180,43,137,Bid,Nasdaq GSM,Inter Mkt Swp; Odd Lot; Trade Thru Exmpt
12:27:49.610 PM ET,3.155,43,136,Ask,NYSE Arca,Odd Lot
12:52:07.390 PM ET,3.150,43,135,Bid,Cboe BZX,Odd Lot
01:02:11.399 PM ET,3.160,43,136,Bid,Nasdaq GSM,Inter Mkt Swp; Odd Lot; Trade Thru Exmpt
01:02:24.937 PM ET,3.165,43,136,Mid,Off Exchange,Odd Lot
01:06:23.324 PM ET,3.150,43,135,Ask,NYSE Arca,Inter Mkt Swp; Odd Lot; Trade Thru Exmpt
01:07:33.674 PM ET,3.160,43,136,Bid,NYSE Arca,Inter Mkt Swp; Odd Lot; Trade Thru Exmpt
01:19:45.012 PM ET,3.155,43,136,Mid,Cboe BZX,Odd Lot
01:26:00.097 PM ET,3.185,43,137,Mid,Off Exchange,Odd Lot
01:27:09.225 PM ET,3.160,43,136,Bid,Off Exchange,Odd Lot
01:27:09.226 PM ET,3.160,43,136,Bid,Off Exchange,Odd Lot
01:27:09.228 PM ET,3.160,43,136,Mid,Off Exchange,Odd Lot
01:28:38.134 PM ET,3.165,43,136,Mid,Off Exchange,Odd Lot
01:28:49.555 PM ET,3.160,43,136,Ask,NYSE Arca,Odd Lot
01:33:07.569 PM ET,3.155,43,136,Mid,IEX,Odd Lot
01:34:18.144 PM ET,3.150,43,135,Ask,Cboe BZX,Inter Mkt Swp; Odd Lot; Trade Thru Exmpt
01:37:59.564 PM ET,3.135,43,135,Mid,Off Exchange,Odd Lot
01:38:45.973 PM ET,3.135,43,135,Mid,NYSE,Odd Lot
01:57:44.947 PM ET,3.150,43,135,Bid,Cboe EDGX,Odd Lot
01:57:44.977 PM ET,3.150,43,135,Bid,Nasdaq GSM,Inter Mkt Swp; Odd Lot; Trade Thru Exmpt
02:22:49.339 PM ET,3.170,43,136,Bid,NYSE,Odd Lot
02:45:07.016 PM ET,3.188,43,137,Mid,Off Exchange,Odd Lot
02:49:46.085 PM ET,3.190,43,137,Bid,NYSE,Inter Mkt Swp; Odd Lot; Trade Thru Exmpt
02:51:16.938 PM ET,3.180,43,137,Bid,Cboe BZX,Odd Lot
02:51:16.950 PM ET,3.180,43,137,Bid,Off Exchange,Odd Lot
02:58:37.512 PM ET,3.175,43,137,Mid,Off Exchange,Odd Lot
03:10:03.622 PM ET,3.190,43,137,Ask,Cboe BZX,Inter Mkt Swp; Odd Lot; Trade Thru Exmpt
03:15:57.751 PM ET,3.195,43,137,Mid,NYSE,Odd Lot
03:22:25.119 PM ET,3.195,43,137,Mid,Cboe EDGX,Odd Lot
03:22:47.802 PM ET,3.200,43,138,Bid,MEMX,Inter Mkt Swp; Odd Lot; Trade Thru Exmpt
03:31:42.260 PM ET,3.210,43,138,Ask,NYSE Arca,Inter Mkt Swp; Odd Lot; Trade Thru Exmpt
03:31:42.278 PM ET,3.205,43,138,Mid,IEX,Odd Lot
03:31:42.286 PM ET,3.205,43,138,Mid,Off Exchange,Odd Lot
03:34:50.690 PM ET,3.210,43,138,Bid,NYSE Arca,Inter Mkt Swp; Odd Lot; Trade Thru Exmpt
03:36:13.603 PM ET,3.210,43,138,Ask,NYSE Arca,Inter Mkt Swp; Odd Lot; Trade Thru Exmpt
03:46:55.619 PM ET,3.190,43,137,Ask,NYSE Arca,Inter Mkt Swp; Odd Lot; Trade Thru Exmpt
03:54:03.426 PM ET,3.185,43,137,Mid,IEX,Odd Lot
03:56:25.651 PM ET,3.200,43,138,Bid,Nasdaq GSM,Inter Mkt Swp; Odd Lot; Trade Thru Exmpt
03:59:49.097 PM ET,3.200,43,138,None,Off Exchange,Odd Lot
10:13:18.876 AM ET,3.220,42,135,Bid,Nasdaq GSM,Odd Lot
10:29:51.057 AM ET,3.230,42,136,Bid,Nasdaq GSM,Inter Mkt Swp; Odd Lot; Trade Thru Exmpt
10:36:53.076 AM ET,3.230,42,136,Bid,Cboe EDGX,Inter Mkt Swp; Odd Lot; Trade Thru Exmpt
10:42:30.882 AM ET,3.240,42,136,Ask,Nasdaq GSM,Inter Mkt Swp; Odd Lot; Trade Thru Exmpt
10:48:15.279 AM ET,3.220,42,135,Ask,Nasdaq GSM,Inter Mkt Swp; Odd Lot; Trade Thru Exmpt
10:56:32.140 AM ET,3.220,42,135,Ask,Nasdaq GSM,Inter Mkt Swp; Odd Lot; Trade Thru Exmpt
11:10:08.386 AM ET,3.210,42,135,Ask,Nasdaq GSM,Inter Mkt Swp; Odd Lot; Trade Thru Exmpt
11:17:53.469 AM ET,3.220,42,135,Ask,Nasdaq GSM,Inter Mkt Swp; Odd Lot; Trade Thru Exmpt
11:31:32.538 AM ET,3.210,42,135,Ask,Nasdaq GSM,Inter Mkt Swp; Odd Lot; Trade Thru Exmpt
11:33:19.360 AM ET,3.220,42,135,Bid,Cboe BYX,Odd Lot
11:39:58.118 AM ET,3.220,42,135,Ask,NYSE Arca,Inter Mkt Swp; Odd Lot; Trade Thru Exmpt
11:43:04.504 AM ET,3.230,42,136,Ask,Nasdaq GSM,Inter Mkt Swp; Odd Lot; Trade Thru Exmpt
11:59:22.760 AM ET,3.180,42,134,Bid,IEX,Odd Lot
12:04:01.316 PM ET,3.180,42,134,Ask,NYSE Arca,Inter Mkt Swp; Odd Lot; Trade Thru Exmpt
12:13:28.206 PM ET,3.200,42,134,Ask,Cboe BYX,Inter Mkt Swp; Odd Lot; Trade Thru Exmpt
12:26:24.816 PM ET,3.175,42,133,Ask,Off Exchange,Odd Lot
12:39:17.301 PM ET,3.130,42,131,Ask,NYSE Arca,Inter Mkt Swp; Odd Lot; Trade Thru Exmpt
12:41:19.961 PM ET,3.148,42,132,Bid,Off Exchange,Odd Lot
12:50:07.822 PM ET,3.140,42,132,Ask,Cboe BZX,Odd Lot
12:51:04.307 PM ET,3.140,42,132,Ask,Cboe BZX,Inter Mkt Swp; Odd Lot; Trade Thru Exmpt
12:55:33.036 PM ET,3.150,42,132,Ask,NYSE,Inter Mkt Swp; Odd Lot; Trade Thru Exmpt
12:55:38.380 PM ET,3.150,42,132,Ask,Nasdaq GSM,Odd Lot
12:57:26.731 PM ET,3.160,42,133,Ask,Cboe BZX,Odd Lot
12:58:04.372 PM ET,3.145,42,132,Bid,Off Exchange,Odd Lot
01:06:23.322 PM ET,3.150,42,132,Ask,NYSE Arca,Inter Mkt Swp; Odd Lot; Trade Thru Exmpt
01:25:59.358 PM ET,3.180,42,134,Ask,NYSE Arca,Odd Lot
01:26:30.363 PM ET,3.170,42,133,Ask,Nasdaq GSM,Odd Lot
01:26:30.364 PM ET,3.170,42,133,Ask,Off Exchange,Odd Lot
01:39:57.589 PM ET,3.140,42,132,Bid,Nasdaq GSM,Inter Mkt Swp; Odd Lot; Trade Thru Exmpt
01:50:52.039 PM ET,3.160,42,133,Bid,NYSE Arca,Inter Mkt Swp; Odd Lot; Trade Thru Exmpt
01:51:10.501 PM ET,3.160,42,133,Ask,NYSE National,Inter Mkt Swp; Odd Lot; Trade Thru Exmpt
01:53:11.911 PM ET,3.145,42,132,Mid,IEX,Odd Lot
01:54:01.015 PM ET,3.155,42,133,Mid,NYSE Arca,Odd Lot
01:54:09.934 PM ET,3.160,42,133,Bid,NYSE Arca,Odd Lot
02:13:05.594 PM ET,3.200,42,134,Bid,Nasdaq GSM,Odd Lot
02:23:06.075 PM ET,3.170,42,133,Bid,Cboe BZX,Inter Mkt Swp; Odd Lot; Trade Thru Exmpt
02:34:03.320 PM ET,3.200,42,134,Ask,Cboe BZX,Odd Lot
02:44:55.509 PM ET,3.190,42,134,Ask,Nasdaq GSM,Odd Lot
02:47:06.021 PM ET,3.190,42,134,Bid,Cboe BZX,Inter Mkt Swp; Odd Lot; Trade Thru Exmpt
02:48:21.614 PM ET,3.200,42,134,Ask,Off Exchange,Odd Lot
02:55:46.564 PM ET,3.175,42,133,Mid,Off Exchange,Odd Lot
03:54:38.873 PM ET,3.185,42,134,Mid,Off Exchange,Odd Lot
03:59:30.031 PM ET,3.195,42,134,None,Off Exchange,Odd Lot
09:34:50.289 AM ET,3.215,41,132,Mid,IEX,Odd Lot
09:53:26.716 AM ET,3.250,41,133,Bid,Nasdaq GSM,Odd Lot
10:11:50.146 AM ET,3.230,41,132,Bid,Nasdaq GSM,Inter Mkt Swp; Odd Lot; Trade Thru Exmpt
11:00:23.485 AM ET,3.220,41,132,Ask,Off Exchange,Odd Lot
11:58:44.548 AM ET,3.190,41,131,Bid,Nasdaq GSM,Inter Mkt Swp; Odd Lot; Trade Thru Exmpt
12:18:11.839 PM ET,3.180,41,130,None,Nasdaq GSM,Inter Mkt Swp; Odd Lot; Trade Thru Exmpt
12:20:09.662 PM ET,3.155,41,129,Mid,Off Exchange,Odd Lot
12:26:47.115 PM ET,3.170,41,130,Ask,Off Exchange,Odd Lot
12:26:47.115 PM ET,3.170,41,130,Ask,Nasdaq GSM,Inter Mkt Swp; Odd Lot; Trade Thru Exmpt
12:27:39.601 PM ET,3.150,41,129,Bid,NYSE,Odd Lot
12:55:48.764 PM ET,3.160,41,130,Ask,Cboe BZX,Odd Lot
01:08:09.292 PM ET,3.160,41,130,Ask,IEX,Odd Lot
01:49:08.311 PM ET,3.165,41,130,Ask,Off Exchange,Odd Lot
02:00:56.824 PM ET,3.170,41,130,Bid,NYSE,Inter Mkt Swp; Odd Lot; Trade Thru Exmpt
02:01:13.767 PM ET,3.170,41,130,Ask,Nasdaq GSM,Odd Lot
02:34:03.320 PM ET,3.200,41,131,Ask,Cboe EDGX,Odd Lot
02:49:46.085 PM ET,3.190,41,131,Bid,Cboe BZX,Inter Mkt Swp; Odd Lot; Trade Thru Exmpt
03:14:09.951 PM ET,3.195,41,131,Mid,Off Exchange,Odd Lot
03:45:16.782 PM ET,3.195,41,131,Mid,Nasdaq GSM,Odd Lot
03:50:49.395 PM ET,3.190,41,131,Ask,Off Exchange,Odd Lot
03:55:26.068 PM ET,3.205,41,131,Mid,IEX,Odd Lot
03:58:44.279 PM ET,3.195,41,131,Mid,Off Exchange,Odd Lot
03:58:54.339 PM ET,3.195,41,131,Mid,NYSE,Odd Lot
03:59:40.701 PM ET,3.200,41,131,None,Nasdaq GSM,Inter Mkt Swp; Odd Lot; Trade Thru Exmpt
09:51:01.088 AM ET,3.250,40,130,Ask,Off Exchange,Odd Lot
09:52:03.522 AM ET,3.250,40,130,Bid,Nasdaq GSM,Inter Mkt Swp; Odd Lot; Trade Thru Exmpt
09:52:03.570 AM ET,3.250,40,130,Bid,Nasdaq GSM,Odd Lot
10:45:24.213 AM ET,3.220,40,129,Bid,IEX,Odd Lot
11:02:09.558 AM ET,3.220,40,129,Ask,Nasdaq GSM,Inter Mkt Swp; Odd Lot; Trade Thru Exmpt
11:14:44.799 AM ET,3.220,40,129,Ask,NYSE,Inter Mkt Swp; Odd Lot; Trade Thru Exmpt
11:34:51.818 AM ET,3.220,40,129,Bid,NYSE Arca,Odd Lot
11:48:37.775 AM ET,3.220,40,129,Bid,Nasdaq GSM,Inter Mkt Swp; Odd Lot; Trade Thru Exmpt
11:58:12.450 AM ET,3.210,40,128,Bid,Nasdaq GSM,Inter Mkt Swp; Odd Lot; Trade Thru Exmpt
12:17:13.384 PM ET,3.180,40,127,Bid,Nasdaq GSM,Inter Mkt Swp; Odd Lot; Trade Thru Exmpt
12:17:35.052 PM ET,3.200,40,128,None,Cboe EDGA,Inter Mkt Swp; Odd Lot; Trade Thru Exmpt
12:18:11.839 PM ET,3.180,40,127,None,Nasdaq GSM,Inter Mkt Swp; Odd Lot; Trade Thru Exmpt
12:23:44.972 PM ET,3.140,40,126,Bid,Nasdaq GSM,Odd Lot
12:26:47.121 PM ET,3.160,40,126,Ask,NYSE Arca,Inter Mkt Swp; Odd Lot; Trade Thru Exmpt
12:31:49.361 PM ET,3.125,40,125,Mid,Off Exchange,Odd Lot
12:42:47.131 PM ET,3.150,40,126,Bid,NYSE Arca,Inter Mkt Swp; Odd Lot; Trade Thru Exmpt
12:53:17.190 PM ET,3.155,40,126,Ask,NYSE,Odd Lot
12:53:17.191 PM ET,3.150,40,126,Ask,NYSE,Odd Lot
12:54:54.064 PM ET,3.150,40,126,Ask,Nasdaq GSM,Odd Lot
12:58:04.363 PM ET,3.150,40,126,Bid,NYSE,Inter Mkt Swp; Odd Lot; Trade Thru Exmpt
01:04:31.953 PM ET,3.160,40,126,Ask,Nasdaq GSM,Inter Mkt Swp; Odd Lot; Trade Thru Exmpt
01:12:54.870 PM ET,3.150,40,126,Ask,MEMX,Odd Lot
01:19:37.026 PM ET,3.150,40,126,Bid,Nasdaq GSM,Inter Mkt Swp; Odd Lot; Trade Thru Exmpt
01:19:43.733 PM ET,3.150,40,126,Bid,Nasdaq GSM,Inter Mkt Swp; Odd Lot; Trade Thru Exmpt
01:20:15.067 PM ET,3.150,40,126,Ask,Nasdaq GSM,Inter Mkt Swp; Odd Lot; Trade Thru Exmpt
01:20:58.550 PM ET,3.140,40,126,Bid,Nasdaq GSM,Inter Mkt Swp; Odd Lot; Trade Thru Exmpt
01:27:36.165 PM ET,3.160,40,126,Bid,Cboe EDGA,Odd Lot
01:28:42.197 PM ET,3.160,40,126,Bid,Cboe BZX,Inter Mkt Swp; Odd Lot; Trade Thru Exmpt
02:17:27.963 PM ET,3.200,40,128,Bid,Cboe BZX,Inter Mkt Swp; Odd Lot; Trade Thru Exmpt
02:34:03.320 PM ET,3.200,40,128,Ask,Nasdaq GSM,Odd Lot
03:40:30.768 PM ET,3.208,40,128,Mid,Off Exchange,Odd Lot
03:54:03.426 PM ET,3.180,40,127,Bid,Nasdaq GSM,Inter Mkt Swp; Odd Lot; Trade Thru Exmpt
03:58:57.352 PM ET,3.195,40,128,Mid,Nasdaq GSM,Odd Lot
03:59:49.145 PM ET,3.200,40,128,None,IEX,Odd Lot
10:03:11.235 AM ET,3.210,39,125,Ask,IEX,Odd Lot
12:26:24.814 PM ET,3.180,39,124,Ask,Cboe BZX,Odd Lot
12:26:24.815 PM ET,3.180,39,124,Ask,Cboe BZX,Inter Mkt Swp; Odd Lot; Trade Thru Exmpt
12:30:58.392 PM ET,3.140,39,122,Bid,Nasdaq GSM,Odd Lot
12:45:37.045 PM ET,3.143,39,123,Mid,Off Exchange,Odd Lot
12:48:02.968 PM ET,3.140,39,122,Bid,NYSE Arca,Odd Lot
12:52:11.035 PM ET,3.150,39,123,Bid,Cboe EDGX,Odd Lot
12:53:10.391 PM ET,3.150,39,123,Bid,Off Exchange,Deriv Priced; Odd Lot; Trade Thru Exmpt
01:00:10.157 PM ET,3.154,39,123,Mid,Off Exchange,Odd Lot
01:28:29.532 PM ET,3.160,39,123,Bid,Nasdaq GSM,Inter Mkt Swp; Odd Lot; Trade Thru Exmpt
01:40:23.541 PM ET,3.140,39,122,Ask,Cboe BZX,Odd Lot
01:48:23.379 PM ET,3.150,39,123,Bid,Off Exchange,Odd Lot
02:35:11.446 PM ET,3.200,39,125,Ask,Off Exchange,Odd Lot
02:45:19.790 PM ET,3.185,39,124,Mid,NYSE,Odd Lot
02:49:09.237 PM ET,3.195,39,125,Mid,Off Exchange,Odd Lot
02:49:46.085 PM ET,3.190,39,124,Bid,NYSE National,Inter Mkt Swp; Odd Lot; Trade Thru Exmpt
02:59:22.322 PM ET,3.175,39,124,Mid,Off Exchange,Odd Lot
03:34:28.455 PM ET,3.205,39,125,Mid,Off Exchange,Odd Lot
03:46:52.419 PM ET,3.200,39,125,Ask,Off Exchange,Odd Lot
09:34:01.356 AM ET,3.220,38,122,Ask,Nasdaq GSM,Inter Mkt Swp; Odd Lot; Trade Thru Exmpt
09:48:03.810 AM ET,3.230,38,123,Mid,IEX,Odd Lot
09:52:03.495 AM ET,3.250,38,124,Bid,Cboe BZX,Odd Lot
10:21:04.765 AM ET,3.200,38,122,Ask,Cboe BZX,Odd Lot
10:21:33.391 AM ET,3.200,38,122,Bid,Cboe BZX,Inter Mkt Swp; Odd Lot; Trade Thru Exmpt
10:35:09.579 AM ET,3.230,38,123,Bid,Nasdaq GSM,Inter Mkt Swp; Odd Lot; Trade Thru Exmpt
10:35:19.856 AM ET,3.230,38,123,Ask,Nasdaq GSM,Inter Mkt Swp; Odd Lot; Trade Thru Exmpt
10:55:56.568 AM ET,3.220,38,122,Bid,Nasdaq GSM,Inter Mkt Swp; Odd Lot; Trade Thru Exmpt
10:59:46.674 AM ET,3.215,38,122,Mid,Off Exchange,Odd Lot
11:10:08.387 AM ET,3.220,38,122,Ask,Off Exchange,Odd Lot
11:31:37.572 AM ET,3.215,38,122,Mid,Off Exchange,Odd Lot
12:16:44.847 PM ET,3.195,38,121,Mid,Off Exchange,Odd Lot
12:17:25.979 PM ET,3.185,38,121,None,Off Exchange,Odd Lot
12:52:07.387 PM ET,3.150,38,120,Bid,Cboe BZX,Odd Lot
12:53:32.996 PM ET,3.140,38,119,Bid,Cboe BZX,Odd Lot
12:54:20.302 PM ET,3.150,38,120,Mid,Off Exchange,Odd Lot
01:28:06.799 PM ET,3.160,38,120,Bid,Cboe BZX,Inter Mkt Swp; Odd Lot; Trade Thru Exmpt
01:28:49.554 PM ET,3.160,38,120,Ask,Cboe BZX,Odd Lot
01:39:08.467 PM ET,3.140,38,119,Ask,Cboe EDGX,Odd Lot
01:57:39.447 PM ET,3.160,38,120,Bid,NYSE Arca,Odd Lot
02:01:13.767 PM ET,3.170,38,120,Ask,Nasdaq GSM,Odd Lot
02:10:31.782 PM ET,3.175,38,121,Bid,Off Exchange,Odd Lot
02:20:58.238 PM ET,3.202,38,122,Ask,Off Exchange,Deriv Priced; Odd Lot; Trade Thru Exmpt
02:55:46.564 PM ET,3.175,38,121,Mid,Off Exchange,Odd Lot
03:22:47.802 PM ET,3.205,38,122,Mid,NYSE,Odd Lot
03:43:55.021 PM ET,3.200,38,122,Bid,Cboe BYX,Inter Mkt Swp; Odd Lot; Trade Thru Exmpt
03:59:55.178 PM ET,3.190,38,121,None,IEX,Odd Lot
10:21:04.766 AM ET,3.210,37,119,Ask,Off Exchange,Odd Lot
10:56:32.148 AM ET,3.220,37,119,Ask,NYSE Arca,Inter Mkt Swp; Odd Lot; Trade Thru Exmpt
11:34:51.819 AM ET,3.215,37,119,Bid,Off Exchange,Odd Lot
11:43:04.505 AM ET,3.230,37,120,Ask,NYSE Arca,Odd Lot
01:15:14.946 PM ET,3.150,37,117,Bid,NYSE Arca,Odd Lot
01:22:19.774 PM ET,3.145,37,116,Mid,Off Exchange,Odd Lot
01:27:03.235 PM ET,3.160,37,117,Bid,Off Exchange,Odd Lot
01:37:24.137 PM ET,3.135,37,116,Mid,Cboe BZX,Odd Lot
01:50:52.032 PM ET,3.160,37,117,Bid,Off Exchange,Odd Lot
02:28:54.498 PM ET,3.195,37,118,Mid,Cboe BZX,Odd Lot
02:40:28.551 PM ET,3.185,37,118,Mid,Cboe BZX,Odd Lot
03:15:37.032 PM ET,3.198,37,118,Mid,Off Exchange,Odd Lot
03:27:18.116 PM ET,3.215,37,119,Mid,Off Exchange,Odd Lot
03:57:35.403 PM ET,3.200,37,118,Ask,Off Exchange,Odd Lot
03:59:21.670 PM ET,3.200,37,118,None,Cboe BZX,Odd Lot
03:59:55.178 PM ET,3.190,37,118,None,IEX,Odd Lot
09:34:50.288 AM ET,3.215,36,116,Mid,IEX,Odd Lot
09:49:43.931 AM ET,3.230,36,116,Bid,Nasdaq GSM,Odd Lot
10:18:15.995 AM ET,3.210,36,116,Bid,Off Exchange,Odd Lot
10:35:38.316 AM ET,3.220,36,116,Mid,Off Exchange,Odd Lot
10:50:12.491 AM ET,3.225,36,116,Mid,Cboe BZX,Odd Lot
10:57:23.082 AM ET,3.220,36,116,Ask,Off Exchange,Odd Lot
11:56:13.894 AM ET,3.220,36,116,Mid,Off Exchange,Odd Lot
11:59:22.760 AM ET,3.180,36,114,Bid,NYSE,Odd Lot
11:59:27.760 AM ET,3.180,36,114,Bid,NYSE Arca,Odd Lot
12:14:44.352 PM ET,3.195,36,115,Mid,Off Exchange,Odd Lot
12:22:13.731 PM ET,3.182,36,115,Ask,Off Exchange,Deriv Priced; Odd Lot; Trade Thru Exmpt
12:30:58.392 PM ET,3.140,36,113,Bid,Nasdaq GSM,Odd Lot
12:52:11.033 PM ET,3.150,36,113,Bid,Nasdaq GSM,Odd Lot
12:53:32.996 PM ET,3.140,36,113,Bid,Cboe EDGX,Odd Lot
12:57:15.759 PM ET,3.170,36,114,Bid,Nasdaq GSM,Odd Lot
01:04:31.954 PM ET,3.160,36,114,Ask,NYSE Arca,Odd Lot
01:05:19.366 PM ET,3.150,36,113,Ask,Cboe EDGX,Inter Mkt Swp; Odd Lot; Trade Thru Exmpt
01:09:22.150 PM ET,3.150,36,113,Bid,Nasdaq GSM,Inter Mkt Swp; Odd Lot; Trade Thru Exmpt
01:19:31.564 PM ET,3.150,36,113,Ask,NYSE Arca,Odd Lot
02:24:44.612 PM ET,3.190,36,115,Ask,Cboe EDGA,Odd Lot
02:25:23.934 PM ET,3.190,36,115,Ask,Off Exchange,Odd Lot
02:47:06.023 PM ET,3.190,36,115,Bid,Off Exchange,Odd Lot
03:59:12.935 PM ET,3.195,36,115,None,Nasdaq GSM,Odd Lot
12:41:19.962 PM ET,3.145,35,110,Bid,Off Exchange,Odd Lot
12:53:10.439 PM ET,3.155,35,110,Mid,NYSE,Odd Lot
01:06:20.279 PM ET,3.150,35,110,Ask,Off Exchange,Odd Lot
01:33:31.779 PM ET,3.155,35,110,Mid,Off Exchange,Odd Lot
02:16:26.958 PM ET,3.215,35,113,Mid,Nasdaq GSM,Odd Lot
02:17:27.963 PM ET,3.210,35,112,Bid,Off Exchange,Odd Lot
02:31:27.967 PM ET,3.200,35,112,Ask,Nasdaq GSM,Inter Mkt Swp; Odd Lot; Trade Thru Exmpt
02:32:58.675 PM ET,3.200,35,112,Ask,Off Exchange,Odd Lot
02:34:03.320 PM ET,3.200,35,112,Ask,Cboe EDGX,Odd Lot
02:53:02.410 PM ET,3.175,35,111,Mid,Off Exchange,Odd Lot
03:33:23.516 PM ET,3.209,35,112,Mid,Off Exchange,Odd Lot
03:54:03.426 PM ET,3.180,35,111,Bid,Nasdaq GSM,Inter Mkt Swp; Odd Lot; Trade Thru Exmpt
03:56:25.652 PM ET,3.200,35,112,Bid,Off Exchange,Odd Lot
03:56:38.810 PM ET,3.195,35,112,Mid,Off Exchange,Odd Lot
03:59:02.922 PM ET,3.195,35,112,Mid,Nasdaq GSM,Odd Lot
03:59:02.923 PM ET,3.195,35,112,Mid,Nasdaq GSM,Odd Lot
10:24:04.988 AM ET,3.220,34,109,Bid,Off Exchange,Odd Lot
10:38:14.638 AM ET,3.230,34,110,Bid,Off Exchange,Odd Lot
10:53:03.219 AM ET,3.225,34,110,Mid,Off Exchange,Odd Lot
10:59:52.236 AM ET,3.215,34,109,Mid,Cboe BZX,Odd Lot
11:10:08.386 AM ET,3.210,34,109,Ask,Cboe BZX,Odd Lot
11:10:08.386 AM ET,3.210,34,109,Ask,Cboe BZX,Inter Mkt Swp; Odd Lot; Trade Thru Exmpt
11:18:02.948 AM ET,3.225,34,110,Mid,Off Exchange,Odd Lot
11:19:50.133 AM ET,3.223,34,110,Ask,Off Exchange,Deriv Priced; Odd Lot; Trade Thru Exmpt
12:17:35.083 PM ET,3.190,34,108,None,MEMX,Inter Mkt Swp; Odd Lot; Trade Thru Exmpt
12:17:35.083 PM ET,3.190,34,108,None,Cboe BYX,Inter Mkt Swp; Odd Lot; Trade Thru Exmpt
12:27:39.601 PM ET,3.150,34,107,Bid,Nasdaq GSM,Inter Mkt Swp; Odd Lot; Trade Thru Exmpt
12:50:17.302 PM ET,3.140,34,107,Ask,NYSE,Inter Mkt Swp; Odd Lot; Trade Thru Exmpt
12:53:10.391 PM ET,3.150,34,107,Bid,Off Exchange,Deriv Priced; Odd Lot; Trade Thru Exmpt
01:05:19.366 PM ET,3.150,34,107,Ask,Nasdaq GSM,Inter Mkt Swp; Odd Lot; Trade Thru Exmpt
01:19:31.565 PM ET,3.150,34,107,Ask,Cboe BZX,Odd Lot
01:27:14.301 PM ET,3.163,34,108,Mid,Off Exchange,Odd Lot
01:30:06.544 PM ET,3.150,34,107,Bid,Nasdaq GSM,Inter Mkt Swp; Odd Lot; Trade Thru Exmpt
01:30:06.547 PM ET,3.150,34,107,Bid,NYSE Arca,Odd Lot
01:53:16.144 PM ET,3.150,34,107,Bid,Nasdaq GSM,Odd Lot
01:57:38.606 PM ET,3.165,34,108,Mid,Off Exchange,Odd Lot
01:57:39.455 PM ET,3.155,34,107,Bid,Off Exchange,Odd Lot
01:58:39.748 PM ET,3.165,34,108,Mid,Off Exchange,Odd Lot
01:58:41.147 PM ET,3.170,34,108,Ask,Nasdaq GSM,Inter Mkt Swp; Odd Lot; Trade Thru Exmpt
02:00:57.862 PM ET,3.175,34,108,Mid,Off Exchange,Odd Lot
02:02:54.162 PM ET,3.185,34,108,Mid,Off Exchange,Odd Lot
02:03:31.663 PM ET,3.185,34,108,Mid,Off Exchange,Odd Lot
02:04:48.748 PM ET,3.185,34,108,Mid,Off Exchange,Odd Lot
02:08:00.388 PM ET,3.185,34,108,Mid,Cboe BZX,Odd Lot
02:17:27.962 PM ET,3.210,34,109,Bid,NYSE Arca,Odd Lot
02:22:46.591 PM ET,3.180,34,108,Ask,NYSE Arca,Inter Mkt Swp; Odd Lot; Trade Thru Exmpt
02:25:44.065 PM ET,3.195,34,109,Mid,Off Exchange,Odd Lot
02:33:01.029 PM ET,3.195,34,109,Mid,Off Exchange,Odd Lot
02:35:08.932 PM ET,3.195,34,109,Mid,Off Exchange,Odd Lot
03:58:44.279 PM ET,3.195,34,109,Mid,Off Exchange,Odd Lot
03:59:40.083 PM ET,3.200,34,109,None,Off Exchange,Odd Lot
10:00:30.089 AM ET,3.225,33,106,Mid,Off Exchange,Odd Lot
10:17:31.642 AM ET,3.215,33,106,Mid,Off Exchange,Odd Lot
11:34:51.818 AM ET,3.220,33,106,Bid,Cboe BZX,Odd Lot
11:40:03.175 AM ET,3.225,33,106,Mid,NYSE,Odd Lot
12:38:46.898 PM ET,3.120,33,103,Ask,Cboe EDGX,Odd Lot
01:33:31.779 PM ET,3.155,33,104,Mid,Off Exchange,Odd Lot
01:36:46.450 PM ET,3.140,33,104,Ask,Off Exchange,Odd Lot
01:52:20.723 PM ET,3.155,33,104,Mid,Off Exchange,Odd Lot
02:00:56.822 PM ET,3.170,33,105,Bid,Nasdaq GSM,Odd Lot
02:01:38.914 PM ET,3.165,33,104,Bid,Off Exchange,Odd Lot
02:08:22.038 PM ET,3.190,33,105,Bid,NYSE Arca,Odd Lot
02:41:41.667 PM ET,3.185,33,105,Mid,Off Exchange,Odd Lot
02:56:34.427 PM ET,3.175,33,105,Mid,Off Exchange,Odd Lot
03:15:24.802 PM ET,3.192,33,105,Mid,Off Exchange,Odd Lot
03:22:47.802 PM ET,3.200,33,106,Bid,NYSE,Inter Mkt Swp; Odd Lot; Trade Thru Exmpt
03:55:51.144 PM ET,3.205,33,106,Mid,Off Exchange,Odd Lot
03:59:12.943 PM ET,3.195,33,105,None,Cboe BZX,Odd Lot
03:59:12.944 PM ET,3.195,33,105,None,Cboe BZX,Odd Lot
09:43:55.303 AM ET,3.179,32,102,Mid,Off Exchange,Odd Lot
09:44:56.762 AM ET,3.210,32,103,Ask,Off Exchange,Odd Lot
10:16:16.632 AM ET,3.225,32,103,Mid,Cboe BZX,Odd Lot
10:25:24.417 AM ET,3.239,32,104,Mid,Off Exchange,Odd Lot
10:53:33.210 AM ET,3.225,32,103,Mid,Off Exchange,Odd Lot
11:34:00.375 AM ET,3.225,32,103,Mid,Cboe BZX,Odd Lot
11:59:22.760 AM ET,3.180,32,102,Bid,NYSE,Odd Lot
11:59:27.761 AM ET,3.180,32,102,Bid,MEMX,Odd Lot
12:26:24.816 PM ET,3.179,32,102,Ask,Off Exchange,Odd Lot
12:28:20.224 PM ET,3.155,32,101,Mid,Off Exchange,Odd Lot
12:38:21.045 PM ET,3.125,32,100,Mid,Off Exchange,Odd Lot
12:51:39.578 PM ET,3.150,32,101,Bid,NYSE Arca,Odd Lot
01:15:00.773 PM ET,3.155,32,101,Mid,Off Exchange,Odd Lot
01:19:31.564 PM ET,3.150,32,101,Ask,NYSE Arca,Odd Lot
01:35:51.487 PM ET,3.145,32,101,Mid,Off Exchange,Odd Lot
01:57:45.021 PM ET,3.160,32,101,Bid,Nasdaq GSM,Inter Mkt Swp; Odd Lot; Trade Thru Exmpt
02:10:36.352 PM ET,3.189,32,102,Bid,Off Exchange,Deriv Priced; Odd Lot; Trade Thru Exmpt
02:13:08.595 PM ET,3.205,32,103,Mid,Nasdaq GSM,Odd Lot
02:17:27.962 PM ET,3.210,32,103,Bid,Cboe EDGX,Odd Lot
02:17:27.962 PM ET,3.210,32,103,Bid,MEMX,Odd Lot
02:17:27.962 PM ET,3.210,32,103,Bid,NYSE,Odd Lot
02:17:27.962 PM ET,3.210,32,103,Bid,NYSE Arca,Odd Lot
02:17:27.976 PM ET,3.195,32,102,Bid,Cboe BZX,Odd Lot
02:17:27.976 PM ET,3.200,32,102,Bid,Cboe EDGX,Odd Lot
02:17:53.076 PM ET,3.195,32,102,Mid,NYSE Arca,Odd Lot
02:24:40.361 PM ET,3.175,32,102,Mid,NYSE Arca,Odd Lot
02:24:44.612 PM ET,3.190,32,102,Ask,MEMX,Odd Lot
02:24:44.612 PM ET,3.190,32,102,Ask,MIAX Pearl,Odd Lot
02:25:59.106 PM ET,3.195,32,102,Mid,Off Exchange,Odd Lot
02:27:41.500 PM ET,3.195,32,102,Mid,NYSE Arca,Odd Lot
02:40:31.431 PM ET,3.185,32,102,Mid,NYSE,Odd Lot
02:42:17.507 PM ET,3.185,32,102,Mid,Off Exchange,Odd Lot
02:47:08.893 PM ET,3.190,32,102,Bid,Nasdaq BX,Inter Mkt Swp; Odd Lot; Trade Thru Exmpt
02:48:56.833 PM ET,3.190,32,102,Mid,Off Exchange,Odd Lot
03:16:15.301 PM ET,3.200,32,102,Ask,NYSE Arca,Inter Mkt Swp; Odd Lot; Trade Thru Exmpt
03:22:47.802 PM ET,3.200,32,102,Bid,NYSE,Odd Lot
03:22:47.802 PM ET,3.200,32,102,Bid,NYSE Arca,Odd Lot
03:24:02.009 PM ET,3.210,32,103,Ask,MEMX,Inter Mkt Swp; Odd Lot; Trade Thru Exmpt
03:52:10.197 PM ET,3.185,32,102,Mid,Nasdaq GSM,Odd Lot
03:59:31.367 PM ET,3.200,32,102,None,Cboe EDGX,Odd Lot
09:52:03.570 AM ET,3.250,31,101,Bid,Nasdaq GSM,Inter Mkt Swp; Odd Lot; Trade Thru Exmpt
09:53:26.716 AM ET,3.250,31,101,Bid,NYSE Arca,Inter Mkt Swp; Odd Lot; Trade Thru Exmpt
10:13:18.876 AM ET,3.220,31,100,Bid,NYSE,Odd Lot
10:14:46.895 AM ET,3.220,31,100,Bid,MEMX,Inter Mkt Swp; Odd Lot; Trade Thru Exmpt
10:36:53.077 AM ET,3.230,31,100,Bid,NYSE Arca,Inter Mkt Swp; Odd Lot; Trade Thru Exmpt
10:56:32.140 AM ET,3.220,31,100,Ask,NYSE Arca,Inter Mkt Swp; Odd Lot; Trade Thru Exmpt
11:11:54.096 AM ET,3.220,31,100,Ask,Cboe BZX,Odd Lot
11:31:32.538 AM ET,3.210,31,100,Ask,Cboe BZX,Inter Mkt Swp; Odd Lot; Trade Thru Exmpt
11:35:39.045 AM ET,3.222,31,100,Ask,Off Exchange,Deriv Priced; Odd Lot; Trade Thru Exmpt
11:49:32.040 AM ET,3.230,31,100,Ask,NYSE National,Inter Mkt Swp; Odd Lot; Trade Thru Exmpt
11:59:22.760 AM ET,3.180,31,99,Bid,NYSE Arca,Inter Mkt Swp; Odd Lot; Trade Thru Exmpt
12:18:54.212 PM ET,3.160,31,98,Ask,Off Exchange,Odd Lot
12:53:10.391 PM ET,3.150,31,98,Bid,Off Exchange,Deriv Priced; Odd Lot; Trade Thru Exmpt
01:04:31.953 PM ET,3.160,31,98,Ask,Nasdaq GSM,Inter Mkt Swp; Odd Lot; Trade Thru Exmpt
01:07:18.231 PM ET,3.160,31,98,Bid,Nasdaq GSM,Inter Mkt Swp; Odd Lot; Trade Thru Exmpt
01:51:57.879 PM ET,3.155,31,98,Mid,Off Exchange,Odd Lot
02:37:59.485 PM ET,3.190,31,99,Ask,Off Exchange,Odd Lot
02:56:20.068 PM ET,3.175,31,98,Mid,Off Exchange,Odd Lot
02:58:37.512 PM ET,3.175,31,98,Mid,Off Exchange,Odd Lot
03:21:25.858 PM ET,3.193,31,99,Mid,Off Exchange,Odd Lot
03:54:48.540 PM ET,3.190,31,99,Bid,NYSE,Inter Mkt Swp; Odd Lot; Trade Thru Exmpt
03:58:18.168 PM ET,3.200,31,99,Ask,Off Exchange,Odd Lot
03:58:47.008 PM ET,3.197,31,99,Mid,Off Exchange,Odd Lot
03:59:52.464 PM ET,3.200,31,99,None,Cboe BYX,Odd Lot
05:59:23.904 AM ET,3.310,30,99,Mid,NYSE Arca,Frm T Ext Hrs; Odd Lot
09:46:43.894 AM ET,3.212,30,96,Mid,Off Exchange,Odd Lot
10:16:23.638 AM ET,3.220,30,97,Ask,Off Exchange,Odd Lot
10:37:29.636 AM ET,3.230,30,97,Bid,Off Exchange,Odd Lot
11:29:03.631 AM ET,3.220,30,97,Ask,Off Exchange,Odd Lot
12:27:50.241 PM ET,3.155,30,95,Mid,Off Exchange,Odd Lot
12:30:11.672 PM ET,3.151,30,95,Ask,Off Exchange,Deriv Priced; Odd Lot; Trade Thru Exmpt
12:53:10.391 PM ET,3.150,30,95,Bid,Off Exchange,Deriv Priced; Odd Lot; Trade Thru Exmpt
01:04:31.954 PM ET,3.155,30,95,Ask,NYSE,Odd Lot
01:12:54.905 PM ET,3.150,30,95,Ask,Off Exchange,Odd Lot
01:15:00.873 PM ET,3.150,30,95,Bid,Nasdaq GSM,Inter Mkt Swp; Odd Lot; Trade Thru Exmpt
02:02:56.942 PM ET,3.180,30,95,Bid,Nasdaq GSM,Odd Lot
02:03:43.458 PM ET,3.180,30,95,Bid,Nasdaq GSM,Odd Lot
02:14:13.147 PM ET,3.212,30,96,Mid,Off Exchange,Odd Lot
02:24:57.154 PM ET,3.179,30,95,Bid,Off Exchange,Deriv Priced; Odd Lot; Trade Thru Exmpt
02:37:50.972 PM ET,3.200,30,96,Ask,Off Exchange,Odd Lot
02:44:28.137 PM ET,3.188,30,96,Mid,Off Exchange,Odd Lot
02:44:55.509 PM ET,3.190,30,96,Ask,Nasdaq GSM,Odd Lot
02:47:06.024 PM ET,3.190,30,96,Bid,Off Exchange,Odd Lot
03:08:41.636 PM ET,3.190,30,96,Ask,MEMX,Odd Lot
03:12:27.527 PM ET,3.191,30,96,Mid,Off Exchange,Odd Lot
03:20:59.105 PM ET,3.200,30,96,Ask,Off Exchange,Odd Lot
03:24:30.719 PM ET,3.203,30,96,Bid,Off Exchange,Deriv Priced; Odd Lot; Trade Thru Exmpt
03:39:05.919 PM ET,3.195,30,96,Mid,Off Exchange,Odd Lot
03:52:45.254 PM ET,3.180,30,95,Bid,Nasdaq GSM,Odd Lot
03:56:25.651 PM ET,3.200,30,96,Bid,Nasdaq GSM,Inter Mkt Swp; Odd Lot; Trade Thru Exmpt
03:58:16.945 PM ET,3.195,30,96,Mid,Off Exchange,Odd Lot
03:59:21.670 PM ET,3.200,30,96,None,Nasdaq GSM,Odd Lot
03:59:34.717 PM ET,3.200,30,96,None,Off Exchange,Odd Lot
10:37:59.637 AM ET,3.230,29,94,Bid,Off Exchange,Odd Lot
12:11:53.472 PM ET,3.190,29,93,Ask,Nasdaq GSM,Inter Mkt Swp; Odd Lot; Trade Thru Exmpt
12:17:12.282 PM ET,3.200,29,93,Ask,NYSE,Inter Mkt Swp; Odd Lot; Trade Thru Exmpt
01:05:19.366 PM ET,3.150,29,91,Ask,Nasdaq GSM,Inter Mkt Swp; Odd Lot; Trade Thru Exmpt
01:30:06.546 PM ET,3.150,29,91,Bid,Nasdaq GSM,Odd Lot
01:32:53.254 PM ET,3.156,29,92,Mid,Off Exchange,Odd Lot
01:36:20.842 PM ET,3.140,29,91,Bid,Off Exchange,Odd Lot
01:37:33.756 PM ET,3.140,29,91,Ask,NYSE National,Inter Mkt Swp; Odd Lot; Trade Thru Exmpt
02:05:00.492 PM ET,3.173,29,92,Bid,Off Exchange,Deriv Priced; Odd Lot; Trade Thru Exmpt
02:21:36.669 PM ET,3.185,29,92,Mid,Off Exchange,Odd Lot
02:22:40.736 PM ET,3.185,29,92,Mid,Off Exchange,Odd Lot
03:07:12.424 PM ET,3.190,29,93,Ask,IEX,Odd Lot
03:08:11.000 PM ET,3.190,29,93,Ask,IEX,Odd Lot
03:27:30.875 PM ET,3.216,29,93,Mid,Off Exchange,Odd Lot
03:42:41.076 PM ET,3.200,29,93,Bid,Cboe EDGX,Inter Mkt Swp; Odd Lot; Trade Thru Exmpt
03:43:55.021 PM ET,3.200,29,93,Bid,Cboe EDGX,Inter Mkt Swp; Odd Lot; Trade Thru Exmpt
03:48:35.079 PM ET,3.185,29,92,Mid,NYSE Arca,Odd Lot
03:54:48.540 PM ET,3.190,29,93,Bid,IEX,Odd Lot
10:00:00.698 AM ET,3.225,28,90,Mid,Cboe BZX,Odd Lot
12:10:36.062 PM ET,3.180,28,89,Ask,IEX,Odd Lot
12:22:35.626 PM ET,3.178,28,89,Ask,Off Exchange,Deriv Priced; Odd Lot; Trade Thru Exmpt
12:26:47.115 PM ET,3.170,28,89,Ask,Nasdaq GSM,Inter Mkt Swp; Odd Lot; Trade Thru Exmpt
12:53:24.462 PM ET,3.150,28,88,Ask,NYSE Arca,Odd Lot
01:21:29.330 PM ET,3.140,28,88,Bid,Nasdaq GSM,Odd Lot
01:34:30.352 PM ET,3.140,28,88,Bid,Off Exchange,Odd Lot
01:57:39.471 PM ET,3.155,28,88,Bid,Off Exchange,Odd Lot
02:01:57.854 PM ET,3.180,28,89,Bid,Nasdaq GSM,Odd Lot
02:38:54.881 PM ET,3.197,28,90,Ask,Off Exchange,Deriv Priced; Odd Lot; Trade Thru Exmpt
03:30:36.184 PM ET,3.215,28,90,Mid,IEX,Odd Lot
03:59:21.670 PM ET,3.200,28,90,None,Nasdaq GSM,Odd Lot
03:59:40.799 PM ET,3.195,28,89,None,Off Exchange,Odd Lot
03:59:50.138 PM ET,3.190,28,89,None,Off Exchange,Odd Lot
03:59:55.178 PM ET,3.190,28,89,None,IEX,Odd Lot
09:48:03.810 AM ET,3.230,27,87,Mid,IEX,Odd Lot
10:05:15.115 AM ET,3.210,27,87,Ask,Nasdaq GSM,Inter Mkt Swp; Odd Lot; Trade Thru Exmpt
10:59:52.236 AM ET,3.220,27,87,Ask,Cboe BZX,Odd Lot
11:28:21.931 AM ET,3.210,27,87,Bid,Nasdaq GSM,Inter Mkt Swp; Odd Lot; Trade Thru Exmpt
11:49:02.500 AM ET,3.220,27,87,Bid,MEMX,Odd Lot
11:56:13.890 AM ET,3.220,27,87,Ask,MEMX,Inter Mkt Swp; Odd Lot; Trade Thru Exmpt
12:02:12.156 PM ET,3.175,27,86,Mid,NYSE Arca,Odd Lot
12:11:27.177 PM ET,3.185,27,86,Mid,Off Exchange,Odd Lot
12:13:32.171 PM ET,3.195,27,86,Mid,Off Exchange,Odd Lot
12:53:10.433 PM ET,3.155,27,85,Mid,Cboe EDGX,Odd Lot
12:53:17.190 PM ET,3.150,27,85,Ask,NYSE Arca,Odd Lot
12:58:04.363 PM ET,3.150,27,85,Bid,Nasdaq GSM,Odd Lot
01:18:46.906 PM ET,3.150,27,85,Ask,Nasdaq GSM,Odd Lot
01:30:06.546 PM ET,3.150,27,85,Bid,Nasdaq GSM,Odd Lot
01:30:06.618 PM ET,3.150,27,85,Bid,MIAX Pearl,Inter Mkt Swp; Odd Lot; Trade Thru Exmpt
02:16:11.773 PM ET,3.205,27,87,Bid,Off Exchange,Deriv Priced; Odd Lot; Trade Thru Exmpt
02:30:29.480 PM ET,3.194,27,86,Mid,Off Exchange,Odd Lot
02:34:20.271 PM ET,3.196,27,86,Mid,Off Exchange,Odd Lot
02:35:08.928 PM ET,3.195,27,86,Mid,Off Exchange,Odd Lot
02:42:17.521 PM ET,3.185,27,86,Mid,NYSE Arca,Odd Lot
02:55:15.510 PM ET,3.175,27,86,Mid,Off Exchange,Odd Lot
03:46:23.212 PM ET,3.195,27,86,Mid,IEX,Odd Lot
03:58:14.286 PM ET,3.195,27,86,Mid,Off Exchange,Odd Lot
03:59:22.744 PM ET,3.200,27,86,None,Off Exchange,Odd Lot
03:59:31.366 PM ET,3.200,27,86,None,Off Exchange,Odd Lot
03:59:53.756 PM ET,3.195,27,86,None,Nasdaq GSM,Odd Lot
10:21:04.494 AM ET,3.195,26,83,Mid,Off Exchange,Odd Lot
10:21:04.765 AM ET,3.200,26,83,Ask,NYSE Arca,Odd Lot
10:30:02.125 AM ET,3.230,26,84,Ask,Off Exchange,Odd Lot
10:37:09.636 AM ET,3.230,26,84,Bid,Off Exchange,Odd Lot
10:37:44.637 AM ET,3.230,26,84,Bid,Off Exchange,Odd Lot
10:38:16.399 AM ET,3.230,26,84,Bid,Off Exchange,Odd Lot
11:28:56.641 AM ET,3.215,26,84,Mid,NYSE National,Inter Mkt Swp; Odd Lot; Trade Thru Exmpt
11:30:29.201 AM ET,3.205,26,83,Mid,Nasdaq GSM,Odd Lot
11:31:32.569 AM ET,3.215,26,84,Ask,Cboe EDGA,Inter Mkt Swp; Odd Lot; Trade Thru Exmpt
11:42:02.119 AM ET,3.235,26,84,Mid,Off Exchange,Odd Lot
11:58:36.442 AM ET,3.200,26,83,Ask,Off Exchange,Odd Lot
12:12:44.813 PM ET,3.195,26,83,Mid,Off Exchange,Odd Lot
12:17:13.510 PM ET,3.180,26,83,Bid,Cboe EDGX,Odd Lot
12:17:13.510 PM ET,3.180,26,83,Bid,IEX,Odd Lot
12:17:15.582 PM ET,3.180,26,83,Bid,Nasdaq GSM,Inter Mkt Swp; Odd Lot; Trade Thru Exmpt
12:17:15.582 PM ET,3.180,26,83,Bid,MEMX,Inter Mkt Swp; Odd Lot; Trade Thru Exmpt
12:17:15.582 PM ET,3.180,26,83,Bid,NYSE Arca,Inter Mkt Swp; Odd Lot; Trade Thru Exmpt
12:42:47.131 PM ET,3.150,26,82,Bid,NYSE Arca,Inter Mkt Swp; Odd Lot; Trade Thru Exmpt
12:53:02.441 PM ET,3.150,26,82,Ask,Off Exchange,Odd Lot
12:53:10.391 PM ET,3.150,26,82,Bid,Off Exchange,Deriv Priced; Odd Lot; Trade Thru Exmpt
01:12:49.533 PM ET,3.150,26,82,Ask,Cboe BZX,Odd Lot
01:12:54.863 PM ET,3.150,26,82,Ask,Cboe BZX,Odd Lot
01:15:16.941 PM ET,3.150,26,82,Bid,Nasdaq GSM,Inter Mkt Swp; Odd Lot; Trade Thru Exmpt
01:16:27.675 PM ET,3.150,26,82,Bid,Nasdaq GSM,Inter Mkt Swp; Odd Lot; Trade Thru Exmpt
01:18:46.906 PM ET,3.150,26,82,Ask,Nasdaq GSM,Odd Lot
01:27:14.302 PM ET,3.163,26,82,Mid,Off Exchange,Odd Lot
01:28:42.199 PM ET,3.160,26,82,Bid,NYSE,Odd Lot
01:28:49.553 PM ET,3.160,26,82,Ask,MEMX,Odd Lot
01:28:49.556 PM ET,3.165,26,82,Ask,Off Exchange,Odd Lot
01:30:06.547 PM ET,3.150,26,82,Bid,Nasdaq GSM,Odd Lot
01:30:39.274 PM ET,3.150,26,82,Ask,Nasdaq GSM,Odd Lot
01:49:08.290 PM ET,3.160,26,82,Ask,Nasdaq GSM,Inter Mkt Swp; Odd Lot; Trade Thru Exmpt
01:58:41.148 PM ET,3.170,26,82,Ask,Cboe EDGX,Odd Lot
01:58:41.148 PM ET,3.170,26,82,Ask,MEMX,Inter Mkt Swp; Odd Lot; Trade Thru Exmpt
02:00:10.066 PM ET,3.170,26,82,Bid,MIAX Pearl,Odd Lot
02:17:08.023 PM ET,3.220,26,84,Ask,Off Exchange,Odd Lot
02:22:46.591 PM ET,3.180,26,83,Ask,Nasdaq GSM,Inter Mkt Swp; Odd Lot; Trade Thru Exmpt
02:48:50.015 PM ET,3.195,26,83,Mid,Off Exchange,Odd Lot
03:53:12.265 PM ET,3.190,26,83,Ask,Off Exchange,Odd Lot
03:57:04.704 PM ET,3.195,26,83,Mid,Cboe BZX,Odd Lot
03:59:44.473 PM ET,3.195,26,83,None,Off Exchange,Odd Lot
03:59:48.939 PM ET,3.195,26,83,None,Off Exchange,Odd Lot
09:34:02.304 AM ET,3.215,25,80,Mid,Off Exchange,Odd Lot
09:34:02.306 AM ET,3.215,25,80,Mid,Off Exchange,Odd Lot
09:52:28.491 AM ET,3.255,25,81,Mid,Off Exchange,Odd Lot
09:56:29.795 AM ET,3.245,25,81,Mid,Off Exchange,Odd Lot
09:57:45.670 AM ET,3.240,25,81,Mid,Cboe BZX,Inter Mkt Swp; Odd Lot; Trade Thru Exmpt
10:45:07.054 AM ET,3.220,25,81,Bid,Off Exchange,Odd Lot
10:50:13.302 AM ET,3.221,25,81,Mid,Off Exchange,Deriv Priced; Odd Lot; Trade Thru Exmpt
10:53:46.868 AM ET,3.225,25,81,Mid,Off Exchange,Odd Lot
11:10:08.384 AM ET,3.210,25,80,Ask,Off Exchange,Odd Lot
11:27:36.117 AM ET,3.215,25,80,Mid,IEX,Odd Lot
11:32:07.122 AM ET,3.220,25,81,Ask,Off Exchange,Odd Lot
11:32:11.513 AM ET,3.220,25,81,Ask,Off Exchange,Odd Lot
11:48:37.800 AM ET,3.220,25,81,Bid,Off Exchange,Odd Lot
11:48:37.802 AM ET,3.220,25,81,Bid,IEX,Odd Lot
11:49:26.087 AM ET,3.224,25,81,Mid,Off Exchange,Odd Lot
11:49:35.233 AM ET,3.225,25,81,Mid,Off Exchange,Odd Lot
11:49:35.234 AM ET,3.225,25,81,Mid,Off Exchange,Odd Lot
11:49:35.236 AM ET,3.225,25,81,Mid,Off Exchange,Odd Lot
11:55:22.559 AM ET,3.225,25,81,Mid,Off Exchange,Odd Lot
11:57:25.884 AM ET,3.215,25,80,Mid,Off Exchange,Odd Lot
11:59:15.443 AM ET,3.175,25,79,Mid,Off Exchange,Odd Lot
12:10:36.077 PM ET,3.180,25,80,Ask,Off Exchange,Odd Lot
12:11:53.473 PM ET,3.195,25,80,Ask,Off Exchange,Odd Lot
12:17:16.687 PM ET,3.190,25,80,Ask,Nasdaq GSM,Odd Lot
12:17:35.016 PM ET,3.200,25,80,None,Nasdaq GSM,Odd Lot
12:18:12.699 PM ET,3.175,25,79,None,Off Exchange,Odd Lot
12:22:23.867 PM ET,3.145,25,79,Mid,Off Exchange,Odd Lot
12:23:45.003 PM ET,3.135,25,78,Bid,Nasdaq GSM,Odd Lot
12:34:15.061 PM ET,3.125,25,78,Mid,Off Exchange,Odd Lot
12:51:39.632 PM ET,3.155,25,79,Mid,Cboe BZX,Odd Lot
12:52:50.581 PM ET,3.145,25,79,Mid,Off Exchange,Odd Lot
12:53:17.191 PM ET,3.150,25,79,Ask,Off Exchange,Odd Lot
12:54:41.634 PM ET,3.145,25,79,Mid,Off Exchange,Odd Lot
12:59:19.914 PM ET,3.150,25,79,Bid,Off Exchange,Odd Lot
01:03:36.180 PM ET,3.155,25,79,Mid,Off Exchange,Odd Lot
01:13:35.034 PM ET,3.150,25,79,Bid,Off Exchange,Odd Lot
01:15:05.242 PM ET,3.145,25,79,Mid,Off Exchange,Odd Lot
01:35:07.965 PM ET,3.145,25,79,Mid,Cboe BZX,Odd Lot
01:37:19.082 PM ET,3.135,25,78,Mid,Nasdaq GSM,Odd Lot
01:39:57.590 PM ET,3.145,25,79,Mid,IEX,Odd Lot
01:48:16.086 PM ET,3.150,25,79,Ask,IEX,Odd Lot
01:50:52.040 PM ET,3.165,25,79,Mid,Off Exchange,Odd Lot
01:52:33.826 PM ET,3.155,25,79,Mid,Cboe BYX,Odd Lot
01:57:40.946 PM ET,3.155,25,79,Mid,Off Exchange,Odd Lot
01:57:40.951 PM ET,3.155,25,79,Mid,Off Exchange,Odd Lot
02:10:22.063 PM ET,3.195,25,80,Mid,Off Exchange,Odd Lot
02:17:27.962 PM ET,3.210,25,80,Bid,Nasdaq GSM,Inter Mkt Swp; Odd Lot; Trade Thru Exmpt
02:17:33.302 PM ET,3.195,25,80,Mid,Off Exchange,Odd Lot
02:45:04.391 PM ET,3.190,25,80,Ask,MEMX,Odd Lot
02:45:19.800 PM ET,3.185,25,80,Mid,Off Exchange,Odd Lot
02:45:47.355 PM ET,3.185,25,80,Mid,IEX,Odd Lot
02:45:47.388 PM ET,3.185,25,80,Mid,Off Exchange,Odd Lot
02:47:06.027 PM ET,3.195,25,80,Mid,IEX,Odd Lot
02:47:06.029 PM ET,3.195,25,80,Mid,IEX,Odd Lot
02:47:06.038 PM ET,3.195,25,80,Mid,Off Exchange,Odd Lot
02:47:06.040 PM ET,3.195,25,80,Mid,IEX,Odd Lot
02:47:06.070 PM ET,3.195,25,80,Mid,Off Exchange,Odd Lot
02:53:02.410 PM ET,3.175,25,79,Mid,Off Exchange,Odd Lot
03:27:02.846 PM ET,3.215,25,80,Mid,IEX,Odd Lot
03:27:03.336 PM ET,3.215,25,80,Mid,IEX,Odd Lot
03:37:51.834 PM ET,3.205,25,80,Mid,Off Exchange,Odd Lot
03:39:05.873 PM ET,3.200,25,80,Bid,Off Exchange,Odd Lot
03:42:36.967 PM ET,3.208,25,80,Mid,Off Exchange,Odd Lot
03:43:22.531 PM ET,3.205,25,80,Mid,Off Exchange,Odd Lot
03:43:58.225 PM ET,3.195,25,80,Mid,Off Exchange,Odd Lot
03:52:02.226 PM ET,3.185,25,80,Mid,Off Exchange,Odd Lot
03:54:03.439 PM ET,3.180,25,80,Bid,Off Exchange,Odd Lot
03:54:48.541 PM ET,3.190,25,80,Bid,Off Exchange,Odd Lot
03:56:34.719 PM ET,3.195,25,80,Mid,IEX,Odd Lot
03:56:59.486 PM ET,3.195,25,80,Mid,IEX,Odd Lot
03:56:59.523 PM ET,3.195,25,80,Mid,Off Exchange,Odd Lot
03:57:39.270 PM ET,3.195,25,80,Mid,IEX,Odd Lot
03:57:39.337 PM ET,3.195,25,80,Mid,Off Exchange,Odd Lot
03:58:44.279 PM ET,3.195,25,80,Mid,Off Exchange,Odd Lot
03:59:17.338 PM ET,3.200,25,80,None,Off Exchange,Odd Lot
03:59:21.671 PM ET,3.195,25,80,None,NYSE Arca,Odd Lot
03:59:55.178 PM ET,3.190,25,80,None,IEX,Odd Lot
11:06:35.161 AM ET,3.210,24,77,Bid,NYSE,Odd Lot
11:06:44.672 AM ET,3.210,24,77,Ask,NYSE Arca,Odd Lot
12:27:40.070 PM ET,3.145,24,75,Mid,Off Exchange,Odd Lot
12:48:02.970 PM ET,3.135,24,75,Bid,Off Exchange,Odd Lot
12:52:07.389 PM ET,3.150,24,76,Bid,Nasdaq GSM,Odd Lot
12:52:14.443 PM ET,3.150,24,76,Bid,Cboe BZX,Odd Lot
12:53:22.994 PM ET,3.145,24,75,Mid,Off Exchange,Odd Lot
12:57:33.015 PM ET,3.155,24,76,Mid,Off Exchange,Odd Lot
01:02:36.126 PM ET,3.155,24,76,Mid,Off Exchange,Odd Lot
01:12:49.080 PM ET,3.150,24,76,Ask,NYSE Arca,Odd Lot
01:12:49.533 PM ET,3.150,24,76,Ask,Cboe BZX,Odd Lot
01:28:06.800 PM ET,3.160,24,76,Bid,Nasdaq GSM,Odd Lot
02:31:27.967 PM ET,3.200,24,77,Ask,MIAX Pearl,Inter Mkt Swp; Odd Lot; Trade Thru Exmpt
02:31:27.967 PM ET,3.200,24,77,Ask,NYSE Arca,Inter Mkt Swp; Odd Lot; Trade Thru Exmpt
02:34:03.320 PM ET,3.200,24,77,Ask,Cboe EDGX,Odd Lot
02:35:11.445 PM ET,3.200,24,77,Ask,Nasdaq GSM,Inter Mkt Swp; Odd Lot; Trade Thru Exmpt
02:43:17.496 PM ET,3.185,24,76,Mid,Off Exchange,Odd Lot
03:12:17.842 PM ET,3.187,24,76,Bid,Off Exchange,Odd Lot
03:18:28.565 PM ET,3.196,24,77,Mid,Off Exchange,Odd Lot
03:52:10.197 PM ET,3.185,24,76,Mid,Nasdaq GSM,Odd Lot
03:58:50.508 PM ET,3.195,24,77,Mid,Off Exchange,Odd Lot
04:00:00.244 PM ET,3.210,24,77,None,Off Exchange,Frm T Ext Hrs; Odd Lot
09:34:50.288 AM ET,3.215,23,74,Mid,IEX,Odd Lot
10:21:33.391 AM ET,3.200,23,74,Bid,Nasdaq GSM,Inter Mkt Swp; Odd Lot; Trade Thru Exmpt
10:29:49.759 AM ET,3.230,23,74,Bid,Off Exchange,Odd Lot
10:29:51.057 AM ET,3.230,23,74,Bid,Nasdaq GSM,Inter Mkt Swp; Odd Lot; Trade Thru Exmpt
10:31:35.236 AM ET,3.227,23,74,Mid,Off Exchange,Odd Lot
10:48:15.279 AM ET,3.220,23,74,Ask,IEX,Odd Lot
11:48:37.779 AM ET,3.215,23,74,Bid,IEX,Odd Lot
11:59:50.643 AM ET,3.180,23,73,Bid,Nasdaq GSM,Odd Lot
12:26:24.814 PM ET,3.180,23,73,Ask,Cboe EDGX,Odd Lot
12:26:24.815 PM ET,3.180,23,73,Ask,Cboe BZX,Inter Mkt Swp; Odd Lot; Trade Thru Exmpt
12:51:04.307 PM ET,3.140,23,72,Ask,NYSE Arca,Inter Mkt Swp; Odd Lot; Trade Thru Exmpt
12:52:22.651 PM ET,3.140,23,72,Bid,IEX,Odd Lot
12:53:02.676 PM ET,3.145,23,72,Mid,IEX,Odd Lot
12:53:10.390 PM ET,3.150,23,72,Bid,Cboe BZX,Inter Mkt Swp; Odd Lot; Trade Thru Exmpt
12:58:03.915 PM ET,3.150,23,72,Bid,IEX,Odd Lot
12:59:19.912 PM ET,3.150,23,72,Bid,Cboe BZX,Odd Lot
01:01:09.320 PM ET,3.150,23,72,Ask,NYSE Arca,Inter Mkt Swp; Odd Lot; Trade Thru Exmpt
01:02:11.399 PM ET,3.160,23,73,Bid,NYSE Arca,Odd Lot
01:04:31.953 PM ET,3.160,23,73,Ask,NYSE Arca,Inter Mkt Swp; Odd Lot; Trade Thru Exmpt
01:08:49.203 PM ET,3.150,23,72,Bid,IEX,Odd Lot
01:12:49.080 PM ET,3.150,23,72,Ask,NYSE Arca,Odd Lot
01:18:55.837 PM ET,3.150,23,72,Ask,Nasdaq GSM,Inter Mkt Swp; Odd Lot; Trade Thru Exmpt
01:19:31.564 PM ET,3.150,23,72,Ask,NYSE Arca,Odd Lot
01:21:29.330 PM ET,3.140,23,72,Bid,Cboe BZX,Odd Lot
01:24:47.964 PM ET,3.160,23,73,Bid,NYSE Arca,Odd Lot
01:25:46.091 PM ET,3.170,23,73,Ask,NYSE Arca,Inter Mkt Swp; Odd Lot; Trade Thru Exmpt
01:28:53.004 PM ET,3.155,23,73,Mid,Off Exchange,Odd Lot
01:38:30.309 PM ET,3.140,23,72,Ask,NYSE Arca,Inter Mkt Swp; Odd Lot; Trade Thru Exmpt
01:41:10.499 PM ET,3.130,23,72,Ask,NYSE Arca,Inter Mkt Swp; Odd Lot; Trade Thru Exmpt
01:43:22.464 PM ET,3.140,23,72,Bid,NYSE Arca,Odd Lot
02:14:36.655 PM ET,3.220,23,74,Ask,Off Exchange,Odd Lot
02:17:27.962 PM ET,3.210,23,74,Bid,Nasdaq GSM,Odd Lot
02:22:49.339 PM ET,3.170,23,73,Bid,NYSE Arca,Odd Lot
02:22:49.490 PM ET,3.165,23,73,Mid,Off Exchange,Odd Lot
02:27:37.602 PM ET,3.185,23,73,Bid,Off Exchange,Odd Lot
02:53:00.412 PM ET,3.170,23,73,Bid,Nasdaq BX,Inter Mkt Swp; Odd Lot; Trade Thru Exmpt
02:59:48.201 PM ET,3.180,23,73,Ask,Cboe BYX,Odd Lot
03:24:02.009 PM ET,3.210,23,74,Ask,Cboe BZX,Odd Lot
03:24:59.701 PM ET,3.200,23,74,Bid,Off Exchange,Odd Lot
03:30:11.763 PM ET,3.215,23,74,Mid,Off Exchange,Odd Lot
03:42:53.454 PM ET,3.205,23,74,Mid,Off Exchange,Odd Lot
03:57:52.480 PM ET,3.190,23,73,Bid,IEX,Odd Lot
09:49:43.931 AM ET,3.230,22,71,Bid,NYSE,Odd Lot
09:49:43.975 AM ET,3.230,22,71,Bid,MEMX,Odd Lot
10:55:42.527 AM ET,3.225,22,71,Mid,Off Exchange,Odd Lot
11:11:54.096 AM ET,3.220,22,71,Ask,Nasdaq GSM,Odd Lot
11:11:54.096 AM ET,3.220,22,71,Ask,Cboe BZX,Odd Lot
11:55:00.100 AM ET,3.225,22,71,Mid,NYSE,Odd Lot
12:04:01.316 PM ET,3.180,22,70,Ask,Nasdaq GSM,Inter Mkt Swp; Odd Lot; Trade Thru Exmpt
12:09:57.067 PM ET,3.175,22,70,Mid,Off Exchange,Odd Lot
12:51:05.343 PM ET,3.145,22,69,Mid,Off Exchange,Odd Lot
12:51:39.578 PM ET,3.150,22,69,Bid,Nasdaq GSM,Odd Lot
12:53:10.391 PM ET,3.150,22,69,Bid,Off Exchange,Deriv Priced; Odd Lot; Trade Thru Exmpt
12:53:24.462 PM ET,3.150,22,69,Ask,NYSE Arca,Odd Lot
12:53:32.996 PM ET,3.140,22,69,Bid,Cboe EDGX,Odd Lot
12:53:34.486 PM ET,3.140,22,69,Bid,MEMX,Odd Lot
12:54:20.302 PM ET,3.150,22,69,Mid,Off Exchange,Odd Lot
12:55:33.039 PM ET,3.145,22,69,Mid,Off Exchange,Odd Lot
12:56:23.006 PM ET,3.175,22,70,Mid,Off Exchange,Odd Lot
01:12:48.663 PM ET,3.150,22,69,Ask,Cboe BZX,Odd Lot
01:15:47.997 PM ET,3.155,22,69,Mid,Off Exchange,Odd Lot
01:23:02.900 PM ET,3.150,22,69,Bid,Nasdaq GSM,Odd Lot
01:26:31.906 PM ET,3.165,22,70,Mid,Off Exchange,Odd Lot
01:27:14.304 PM ET,3.165,22,70,Mid,Off Exchange,Odd Lot
01:34:01.087 PM ET,3.155,22,69,Mid,Nasdaq GSM,Odd Lot
01:48:16.163 PM ET,3.150,22,69,Ask,IEX,Odd Lot
01:51:51.165 PM ET,3.150,22,69,Bid,Nasdaq GSM,Odd Lot
01:58:12.457 PM ET,3.160,22,70,Bid,NYSE,Odd Lot
02:07:27.174 PM ET,3.184,22,70,Mid,Off Exchange,Odd Lot
02:10:22.063 PM ET,3.195,22,70,Mid,Nasdaq GSM,Odd Lot
02:22:49.435 PM ET,3.165,22,70,Mid,Off Exchange,Odd Lot
02:31:27.967 PM ET,3.200,22,70,Ask,NYSE,Inter Mkt Swp; Odd Lot; Trade Thru Exmpt
02:35:11.445 PM ET,3.200,22,70,Ask,Nasdaq GSM,Inter Mkt Swp; Odd Lot; Trade Thru Exmpt
02:42:49.618 PM ET,3.185,22,70,Mid,Nasdaq GSM,Odd Lot
03:10:03.622 PM ET,3.190,22,70,Ask,Nasdaq GSM,Inter Mkt Swp; Odd Lot; Trade Thru Exmpt
03:31:42.260 PM ET,3.210,22,71,Ask,Nasdaq GSM,Odd Lot
03:53:20.265 PM ET,3.185,22,70,Mid,Nasdaq GSM,Odd Lot
03:55:00.045 PM ET,3.200,22,70,Ask,Off Exchange,Odd Lot
03:58:14.608 PM ET,3.190,22,70,Bid,Off Exchange,Odd Lot
03:58:42.027 PM ET,3.200,22,70,Ask,Off Exchange,Odd Lot
03:59:31.305 PM ET,3.195,22,70,None,Off Exchange,Odd Lot
03:59:41.989 PM ET,3.195,22,70,None,IEX,Odd Lot
03:59:48.888 PM ET,3.195,22,70,None,Off Exchange,Odd Lot
09:52:58.519 AM ET,3.255,21,68,Mid,Cboe BZX,Odd Lot
10:50:30.519 AM ET,3.230,21,68,Ask,Off Exchange,Odd Lot
10:56:32.140 AM ET,3.220,21,68,Ask,Cboe BZX,Odd Lot
10:59:52.236 AM ET,3.220,21,68,Ask,Cboe BZX,Odd Lot
11:11:29.668 AM ET,3.215,21,68,Mid,Off Exchange,Odd Lot
11:33:03.427 AM ET,3.220,21,68,Bid,Nasdaq GSM,Inter Mkt Swp; Odd Lot; Trade Thru Exmpt
11:39:58.117 AM ET,3.220,21,68,Ask,Nasdaq GSM,Inter Mkt Swp; Odd Lot; Trade Thru Exmpt
11:43:04.504 AM ET,3.230,21,68,Ask,Nasdaq GSM,Inter Mkt Swp; Odd Lot; Trade Thru Exmpt
11:43:50.183 AM ET,3.225,21,68,Mid,Off Exchange,Odd Lot
12:17:14.855 PM ET,3.180,21,67,Bid,IEX,Odd Lot
12:26:24.812 PM ET,3.170,21,67,Ask,Nasdaq GSM,Inter Mkt Swp; Odd Lot; Trade Thru Exmpt
12:33:09.399 PM ET,3.120,21,66,Ask,Nasdaq GSM,Odd Lot
12:52:08.001 PM ET,3.155,21,66,Mid,Off Exchange,Odd Lot
12:52:19.204 PM ET,3.145,21,66,Mid,Off Exchange,Odd Lot
12:53:24.548 PM ET,3.145,21,66,Mid,Nasdaq GSM,Odd Lot
12:57:26.732 PM ET,3.160,21,66,Ask,Nasdaq GSM,Odd Lot
01:08:08.040 PM ET,3.165,21,66,Mid,Off Exchange,Odd Lot
01:13:35.069 PM ET,3.150,21,66,Bid,Nasdaq GSM,Odd Lot
01:15:10.817 PM ET,3.150,21,66,Ask,NYSE Arca,Odd Lot
01:18:46.906 PM ET,3.150,21,66,Ask,Cboe EDGX,Odd Lot
01:24:00.193 PM ET,3.155,21,66,Mid,Off Exchange,Odd Lot
01:27:09.228 PM ET,3.160,21,66,Bid,NYSE Arca,Odd Lot
01:27:09.230 PM ET,3.160,21,66,Mid,Off Exchange,Odd Lot
01:28:16.540 PM ET,3.160,21,66,Bid,Nasdaq GSM,Odd Lot
01:40:23.541 PM ET,3.130,21,66,Ask,Nasdaq GSM,Odd Lot
01:41:49.065 PM ET,3.135,21,66,Mid,NYSE Arca,Odd Lot
01:41:59.559 PM ET,3.135,21,66,Mid,Cboe EDGX,Odd Lot
01:44:40.981 PM ET,3.145,21,66,Mid,IEX,Odd Lot
01:48:08.215 PM ET,3.145,21,66,Mid,Cboe BZX,Odd Lot
01:48:23.375 PM ET,3.150,21,66,Bid,MEMX,Odd Lot
01:48:23.375 PM ET,3.150,21,66,Bid,Cboe BZX,Odd Lot
01:48:23.375 PM ET,3.150,21,66,Bid,Cboe EDGX,Odd Lot
01:48:23.375 PM ET,3.150,21,66,Bid,Cboe EDGA,Odd Lot
01:48:23.375 PM ET,3.150,21,66,Bid,MIAX Pearl,Odd Lot
01:48:23.375 PM ET,3.150,21,66,Bid,Off Exchange,Odd Lot
01:48:23.375 PM ET,3.150,21,66,Bid,NYSE,Odd Lot
01:48:23.404 PM ET,3.155,21,66,Mid,IEX,Odd Lot
01:48:23.411 PM ET,3.155,21,66,Mid,Off Exchange,Odd Lot
01:50:28.357 PM ET,3.165,21,66,Mid,NYSE,Odd Lot
01:50:33.506 PM ET,3.165,21,66,Mid,Cboe BZX,Odd Lot
01:50:41.299 PM ET,3.165,21,66,Mid,NYSE,Odd Lot
01:53:05.020 PM ET,3.145,21,66,Mid,NYSE Arca,Odd Lot
01:53:46.456 PM ET,3.155,21,66,Mid,NYSE,Odd Lot
02:00:57.862 PM ET,3.175,21,67,Mid,Off Exchange,Odd Lot
02:00:58.002 PM ET,3.175,21,67,Mid,Off Exchange,Odd Lot
02:03:32.724 PM ET,3.180,21,67,Bid,Off Exchange,Odd Lot
02:04:48.748 PM ET,3.185,21,67,Mid,Off Exchange,Odd Lot
02:11:41.298 PM ET,3.195,21,67,Mid,Nasdaq GSM,Odd Lot
02:15:55.178 PM ET,3.215,21,68,Mid,Off Exchange,Odd Lot
02:35:13.008 PM ET,3.205,21,67,Mid,Off Exchange,Odd Lot
02:37:59.484 PM ET,3.190,21,67,Ask,NYSE,Odd Lot
02:37:59.533 PM ET,3.185,21,67,Mid,Off Exchange,Odd Lot
02:49:46.084 PM ET,3.190,21,67,Bid,Nasdaq GSM,Inter Mkt Swp; Odd Lot; Trade Thru Exmpt
03:09:24.130 PM ET,3.190,21,67,Bid,Nasdaq BX,Inter Mkt Swp; Odd Lot; Trade Thru Exmpt
03:12:51.260 PM ET,3.191,21,67,Mid,Off Exchange,Odd Lot
03:55:39.310 PM ET,3.205,21,67,Mid,Off Exchange,Odd Lot
10:01:38.034 AM ET,3.210,20,64,Bid,Off Exchange,Odd Lot
10:27:00.147 AM ET,3.239,20,65,Mid,Off Exchange,Odd Lot
10:41:25.270 AM ET,3.235,20,65,Mid,Off Exchange,Odd Lot
10:55:56.569 AM ET,3.220,20,64,Bid,Cboe BZX,Odd Lot
10:56:32.140 AM ET,3.220,20,64,Ask,NYSE,Inter Mkt Swp; Odd Lot; Trade Thru Exmpt
10:59:46.632 AM ET,3.215,20,64,Mid,Off Exchange,Odd Lot
11:06:35.161 AM ET,3.210,20,64,Bid,NYSE Arca,Odd Lot
11:14:44.799 AM ET,3.220,20,64,Ask,NYSE,Inter Mkt Swp; Odd Lot; Trade Thru Exmpt
11:18:39.890 AM ET,3.220,20,64,Ask,NYSE Arca,Odd Lot
11:29:51.035 AM ET,3.210,20,64,Ask,MEMX,Odd Lot
11:34:51.818 AM ET,3.220,20,64,Bid,NYSE Arca,Odd Lot
11:43:04.505 AM ET,3.230,20,65,Ask,NYSE,Odd Lot
11:48:37.775 AM ET,3.220,20,64,Bid,Nasdaq GSM,Inter Mkt Swp; Odd Lot; Trade Thru Exmpt
11:58:12.450 AM ET,3.210,20,64,Bid,Nasdaq GSM,Inter Mkt Swp; Odd Lot; Trade Thru Exmpt
11:58:36.442 AM ET,3.200,20,64,Ask,NYSE Arca,Inter Mkt Swp; Odd Lot; Trade Thru Exmpt
11:58:44.549 AM ET,3.190,20,64,Bid,NYSE Arca,Inter Mkt Swp; Odd Lot; Trade Thru Exmpt
12:05:08.965 PM ET,3.180,20,64,Bid,NYSE Arca,Inter Mkt Swp; Odd Lot; Trade Thru Exmpt
12:13:48.106 PM ET,3.195,20,64,Mid,Off Exchange,Odd Lot
12:18:41.501 PM ET,3.150,20,63,Bid,Off Exchange,Odd Lot
12:20:55.762 PM ET,3.140,20,63,Ask,Nasdaq GSM,Odd Lot
12:23:35.322 PM ET,3.140,20,63,Bid,NYSE,Inter Mkt Swp; Odd Lot; Trade Thru Exmpt
12:23:44.972 PM ET,3.140,20,63,Bid,NYSE Arca,Odd Lot
12:23:44.972 PM ET,3.140,20,63,Bid,NYSE Arca,Inter Mkt Swp; Odd Lot; Trade Thru Exmpt
12:26:47.121 PM ET,3.160,20,63,Ask,NYSE Arca,Inter Mkt Swp; Odd Lot; Trade Thru Exmpt
12:31:34.915 PM ET,3.130,20,63,Bid,NYSE Arca,Inter Mkt Swp; Odd Lot; Trade Thru Exmpt
12:38:46.897 PM ET,3.120,20,62,Ask,Nasdaq GSM,Odd Lot
12:38:46.904 PM ET,3.115,20,62,Mid,IEX,Odd Lot
12:48:02.968 PM ET,3.140,20,63,Bid,NYSE,Odd Lot
12:52:11.034 PM ET,3.150,20,63,Bid,NYSE Arca,Odd Lot
12:53:32.996 PM ET,3.140,20,63,Bid,NYSE,Odd Lot
12:57:26.731 PM ET,3.160,20,63,Ask,Cboe BZX,Odd Lot
12:58:04.363 PM ET,3.150,20,63,Bid,NYSE,Inter Mkt Swp; Odd Lot; Trade Thru Exmpt
01:05:19.367 PM ET,3.150,20,63,Ask,Nasdaq GSM,Inter Mkt Swp; Odd Lot; Trade Thru Exmpt
01:12:54.863 PM ET,3.150,20,63,Ask,Nasdaq GSM,Odd Lot
01:14:59.318 PM ET,3.150,20,63,Ask,Off Exchange,Odd Lot
01:28:19.524 PM ET,3.160,20,63,Bid,NYSE Arca,Inter Mkt Swp; Odd Lot; Trade Thru Exmpt
01:33:16.068 PM ET,3.150,20,63,Bid,Nasdaq GSM,Inter Mkt Swp; Odd Lot; Trade Thru Exmpt
01:33:21.887 PM ET,3.150,20,63,Bid,Nasdaq GSM,Inter Mkt Swp; Odd Lot; Trade Thru Exmpt
01:34:09.752 PM ET,3.150,20,63,Bid,Nasdaq GSM,Odd Lot
01:36:20.842 PM ET,3.140,20,63,Bid,Nasdaq GSM,Inter Mkt Swp; Odd Lot; Trade Thru Exmpt
01:40:23.541 PM ET,3.130,20,63,Ask,Nasdaq GSM,Odd Lot
01:46:30.866 PM ET,3.145,20,63,Mid,Off Exchange,Odd Lot
01:49:08.290 PM ET,3.160,20,63,Ask,Nasdaq GSM,Inter Mkt Swp; Odd Lot; Trade Thru Exmpt
01:51:36.391 PM ET,3.150,20,63,Bid,NYSE Arca,Odd Lot
01:57:39.447 PM ET,3.160,20,63,Bid,IEX,Odd Lot
01:58:41.147 PM ET,3.170,20,63,Ask,Nasdaq GSM,Inter Mkt Swp; Odd Lot; Trade Thru Exmpt
02:04:00.818 PM ET,3.180,20,64,Bid,Nasdaq GSM,Inter Mkt Swp; Odd Lot; Trade Thru Exmpt
02:07:27.772 PM ET,3.185,20,64,Mid,Off Exchange,Odd Lot
02:10:31.781 PM ET,3.175,20,64,Bid,Off Exchange,Odd Lot
02:22:49.339 PM ET,3.170,20,63,Bid,Nasdaq GSM,Odd Lot
02:25:41.177 PM ET,3.192,20,64,Mid,Off Exchange,Odd Lot
02:35:25.879 PM ET,3.200,20,64,Ask,NYSE Arca,Inter Mkt Swp; Odd Lot; Trade Thru Exmpt
02:37:59.484 PM ET,3.190,20,64,Ask,NYSE Arca,Inter Mkt Swp; Odd Lot; Trade Thru Exmpt
02:46:13.385 PM ET,3.185,20,64,Mid,Nasdaq GSM,Odd Lot
02:51:16.938 PM ET,3.180,20,64,Bid,Nasdaq GSM,Odd Lot
02:52:10.666 PM ET,3.175,20,64,Mid,Off Exchange,Odd Lot
02:56:15.176 PM ET,3.175,20,64,Mid,Off Exchange,Odd Lot
03:08:47.555 PM ET,3.190,20,64,Bid,Nasdaq GSM,Odd Lot
03:12:29.669 PM ET,3.190,20,64,Bid,Off Exchange,Odd Lot
03:42:29.386 PM ET,3.200,20,64,Bid,NYSE,Inter Mkt Swp; Odd Lot; Trade Thru Exmpt
03:46:55.619 PM ET,3.190,20,64,Ask,Nasdaq GSM,Inter Mkt Swp; Odd Lot; Trade Thru Exmpt
03:46:55.619 PM ET,3.190,20,64,Ask,Cboe BZX,Inter Mkt Swp; Odd Lot; Trade Thru Exmpt
03:46:55.619 PM ET,3.190,20,64,Ask,NYSE Arca,Inter Mkt Swp; Odd Lot; Trade Thru Exmpt
03:54:55.491 PM ET,3.195,20,64,Mid,Nasdaq GSM,Odd Lot
03:56:10.839 PM ET,3.205,20,64,Mid,Nasdaq GSM,Odd Lot
03:57:46.108 PM ET,3.190,20,64,Bid,Cboe BYX,Odd Lot
03:58:42.428 PM ET,3.190,20,64,Bid,Cboe BYX,Inter Mkt Swp; Odd Lot; Trade Thru Exmpt
09:48:56.056 AM ET,3.220,19,61,Bid,Off Exchange,Odd Lot
10:22:10.163 AM ET,3.210,19,61,Mid,Off Exchange,Odd Lot
10:30:18.914 AM ET,3.220,19,61,Mid,Off Exchange,Odd Lot
11:06:35.161 AM ET,3.205,19,61,Bid,Nasdaq GSM,Odd Lot
11:10:08.387 AM ET,3.210,19,61,Ask,NYSE Arca,Inter Mkt Swp; Odd Lot; Trade Thru Exmpt
12:17:35.940 PM ET,3.190,19,61,None,Nasdaq GSM,Odd Lot
12:30:08.406 PM ET,3.145,19,60,Mid,Cboe BZX,Odd Lot
12:43:15.173 PM ET,3.145,19,60,Mid,Off Exchange,Odd Lot
12:51:04.307 PM ET,3.140,19,60,Ask,Nasdaq GSM,Inter Mkt Swp; Odd Lot; Trade Thru Exmpt
12:52:07.389 PM ET,3.150,19,60,Bid,Nasdaq GSM,Odd Lot
12:53:24.515 PM ET,3.145,19,60,Mid,Off Exchange,Odd Lot
01:27:03.239 PM ET,3.165,19,60,Mid,NYSE American,Odd Lot
02:17:27.962 PM ET,3.215,19,61,Mid,NYSE National,Odd Lot
02:45:04.407 PM ET,3.185,19,61,Mid,Off Exchange,Odd Lot
02:47:08.886 PM ET,3.195,19,61,Mid,Off Exchange,Odd Lot
02:49:49.171 PM ET,3.190,19,61,Ask,Cboe EDGX,Odd Lot
02:49:49.171 PM ET,3.190,19,61,Ask,Cboe BZX,Odd Lot
02:57:40.884 PM ET,3.173,19,60,Mid,Off Exchange,Odd Lot
03:58:57.453 PM ET,3.200,19,61,Ask,Off Exchange,Odd Lot
03:59:47.656 PM ET,3.200,19,61,None,IEX,Odd Lot
03:59:50.014 PM ET,3.190,19,61,None,Cboe BYX,Inter Mkt Swp; Odd Lot; Trade Thru Exmpt
09:55:43.140 AM ET,3.250,18,59,Ask,Off Exchange,Odd Lot
10:00:47.991 AM ET,3.225,18,58,Mid,Cboe BZX,Odd Lot
10:13:18.876 AM ET,3.220,18,58,Bid,MEMX,Odd Lot
10:14:46.895 AM ET,3.220,18,58,Bid,MEMX,Inter Mkt Swp; Odd Lot; Trade Thru Exmpt
10:38:32.503 AM ET,3.230,18,58,Bid,Off Exchange,Odd Lot
10:56:32.140 AM ET,3.220,18,58,Ask,NYSE Arca,Inter Mkt Swp; Odd Lot; Trade Thru Exmpt
10:56:32.140 AM ET,3.220,18,58,Ask,Cboe BZX,Inter Mkt Swp; Odd Lot; Trade Thru Exmpt
11:10:08.386 AM ET,3.210,18,58,Ask,Nasdaq GSM,Inter Mkt Swp; Odd Lot; Trade Thru Exmpt
11:11:54.096 AM ET,3.220,18,58,Ask,Nasdaq GSM,Odd Lot
11:30:23.922 AM ET,3.206,18,58,Mid,Off Exchange,Odd Lot
11:31:32.538 AM ET,3.210,18,58,Ask,Nasdaq GSM,Inter Mkt Swp; Odd Lot; Trade Thru Exmpt
11:32:11.515 AM ET,3.220,18,58,Ask,Off Exchange,Odd Lot
11:35:04.530 AM ET,3.214,18,58,Mid,Off Exchange,Odd Lot
11:39:58.117 AM ET,3.220,18,58,Ask,Nasdaq GSM,Inter Mkt Swp; Odd Lot; Trade Thru Exmpt
11:39:58.117 AM ET,3.220,18,58,Ask,Cboe BZX,Inter Mkt Swp; Odd Lot; Trade Thru Exmpt
11:57:44.366 AM ET,3.215,18,58,Mid,Cboe BZX,Odd Lot
11:59:22.760 AM ET,3.180,18,57,Bid,IEX,Odd Lot
11:59:52.410 AM ET,3.180,18,57,Ask,NYSE National,Inter Mkt Swp; Odd Lot; Trade Thru Exmpt
12:16:35.095 PM ET,3.195,18,58,Mid,Cboe BYX,Inter Mkt Swp; Odd Lot; Trade Thru Exmpt
12:17:11.378 PM ET,3.200,18,58,Ask,Cboe BYX,Inter Mkt Swp; Odd Lot; Trade Thru Exmpt
12:17:13.510 PM ET,3.180,18,57,Bid,NYSE,Odd Lot; Trade Thru Exmpt
12:17:15.582 PM ET,3.180,18,57,Bid,MEMX,Inter Mkt Swp; Odd Lot; Trade Thru Exmpt
12:39:34.537 PM ET,3.140,18,57,Bid,NYSE,Inter Mkt Swp; Odd Lot; Trade Thru Exmpt
12:53:24.460 PM ET,3.150,18,57,Ask,MEMX,Odd Lot
12:59:19.912 PM ET,3.150,18,57,Bid,Cboe BZX,Odd Lot
01:10:48.268 PM ET,3.144,18,57,Mid,Off Exchange,Odd Lot
01:14:59.318 PM ET,3.150,18,57,Ask,Off Exchange,Odd Lot
01:15:14.945 PM ET,3.150,18,57,Bid,Nasdaq GSM,Odd Lot
01:30:06.547 PM ET,3.150,18,57,Bid,MIAX Pearl,Odd Lot
01:48:23.375 PM ET,3.150,18,57,Bid,Cboe BZX,Odd Lot
01:53:16.145 PM ET,3.150,18,57,Bid,Cboe EDGX,Inter Mkt Swp; Odd Lot; Trade Thru Exmpt
01:54:09.934 PM ET,3.160,18,57,Bid,Cboe BYX,Inter Mkt Swp; Odd Lot; Trade Thru Exmpt
01:54:09.974 PM ET,3.160,18,57,Bid,NYSE Arca,Odd Lot
02:00:56.869 PM ET,3.175,18,57,Mid,Off Exchange,Odd Lot
02:14:13.058 PM ET,3.210,18,58,Bid,IEX,Odd Lot
02:21:18.203 PM ET,3.185,18,57,Mid,Off Exchange,Odd Lot
02:22:46.591 PM ET,3.180,18,57,Ask,Nasdaq GSM,Inter Mkt Swp; Odd Lot; Trade Thru Exmpt
02:25:23.932 PM ET,3.190,18,57,Ask,NYSE Arca,Inter Mkt Swp; Odd Lot; Trade Thru Exmpt
02:42:47.489 PM ET,3.185,18,57,Mid,NYSE Arca,Odd Lot
02:43:17.514 PM ET,3.185,18,57,Mid,Off Exchange,Odd Lot
02:47:01.859 PM ET,3.185,18,57,Mid,Off Exchange,Odd Lot
02:47:06.021 PM ET,3.190,18,57,Bid,Cboe BZX,Inter Mkt Swp; Odd Lot; Trade Thru Exmpt
02:57:49.442 PM ET,3.182,18,57,Ask,Off Exchange,Odd Lot
03:06:27.007 PM ET,3.180,18,57,Bid,NYSE,Inter Mkt Swp; Odd Lot; Trade Thru Exmpt
03:12:50.269 PM ET,3.190,18,57,Mid,Off Exchange,Odd Lot
03:22:47.802 PM ET,3.200,18,58,Bid,NYSE,Odd Lot
03:24:25.194 PM ET,3.215,18,58,Mid,Off Exchange,Odd Lot
03:34:36.277 PM ET,3.210,18,58,Bid,Cboe BZX,Inter Mkt Swp; Odd Lot; Trade Thru Exmpt
03:43:35.221 PM ET,3.205,18,58,Mid,Off Exchange,Odd Lot
03:58:11.393 PM ET,3.190,18,57,Bid,Off Exchange,Odd Lot
03:59:02.922 PM ET,3.200,18,58,Ask,Off Exchange,Odd Lot
03:59:45.803 PM ET,3.200,18,58,None,IEX,Odd Lot
09:54:43.131 AM ET,3.240,17,55,Bid,Off Exchange,Odd Lot
10:21:04.765 AM ET,3.195,17,54,Mid,IEX,Odd Lot
10:38:14.642 AM ET,3.230,17,55,Bid,Off Exchange,Odd Lot
11:50:04.926 AM ET,3.225,17,55,Mid,NYSE Arca,Odd Lot
12:03:44.633 PM ET,3.179,17,54,Mid,Off Exchange,Deriv Priced; Odd Lot; Trade Thru Exmpt
12:51:39.631 PM ET,3.150,17,54,Bid,Nasdaq GSM,Odd Lot
12:53:58.569 PM ET,3.140,17,53,Bid,MEMX,Odd Lot
12:54:06.143 PM ET,3.140,17,53,Bid,MEMX,Odd Lot
12:54:06.169 PM ET,3.140,17,53,Bid,MEMX,Odd Lot
12:54:06.198 PM ET,3.140,17,53,Bid,MEMX,Odd Lot
01:05:19.366 PM ET,3.150,17,54,Ask,Nasdaq GSM,Inter Mkt Swp; Odd Lot; Trade Thru Exmpt
01:05:19.367 PM ET,3.150,17,54,Ask,Nasdaq GSM,Inter Mkt Swp; Odd Lot; Trade Thru Exmpt
01:12:48.639 PM ET,3.150,17,54,Ask,MEMX,Odd Lot
01:15:33.936 PM ET,3.150,17,54,Bid,NYSE Arca,Inter Mkt Swp; Odd Lot; Trade Thru Exmpt
01:27:49.794 PM ET,3.160,17,54,Bid,Nasdaq GSM,Inter Mkt Swp; Odd Lot; Trade Thru Exmpt
01:34:09.752 PM ET,3.150,17,54,Bid,Nasdaq GSM,Odd Lot
01:38:37.569 PM ET,3.140,17,53,Ask,NYSE Arca,Inter Mkt Swp; Odd Lot; Trade Thru Exmpt
01:52:11.782 PM ET,3.150,17,54,Bid,Off Exchange,Odd Lot
02:00:37.595 PM ET,3.175,17,54,Mid,Off Exchange,Odd Lot
02:07:53.405 PM ET,3.185,17,54,Mid,Off Exchange,Odd Lot
02:08:32.043 PM ET,3.195,17,54,Mid,IEX,Odd Lot
02:33:26.075 PM ET,3.195,17,54,Mid,Off Exchange,Odd Lot
02:39:28.343 PM ET,3.190,17,54,Ask,IEX,Odd Lot
02:43:07.482 PM ET,3.185,17,54,Mid,Off Exchange,Odd Lot
02:49:54.021 PM ET,3.185,17,54,Mid,IEX,Odd Lot
02:50:07.333 PM ET,3.189,17,54,Mid,Off Exchange,Deriv Priced; Odd Lot; Trade Thru Exmpt
03:10:11.642 PM ET,3.190,17,54,Ask,Off Exchange,Deriv Priced; Odd Lot; Trade Thru Exmpt
03:48:15.527 PM ET,3.185,17,54,Mid,Off Exchange,Odd Lot
03:51:50.340 PM ET,3.185,17,54,Mid,Off Exchange,Odd Lot
03:58:57.554 PM ET,3.200,17,54,Ask,Nasdaq GSM,Inter Mkt Swp; Odd Lot; Trade Thru Exmpt
03:59:21.670 PM ET,3.200,17,54,None,Nasdaq GSM,Odd Lot
03:59:34.717 PM ET,3.195,17,54,None,Off Exchange,Odd Lot
06:34:12.743 AM ET,3.310,16,53,Mid,Cboe EDGX,Frm T Ext Hrs; Odd Lot
10:21:29.305 AM ET,3.200,16,51,Ask,Off Exchange,Odd Lot
10:56:32.140 AM ET,3.220,16,52,Ask,Cboe BZX,Odd Lot
10:59:52.236 AM ET,3.220,16,52,Ask,Cboe BZX,Odd Lot
11:15:26.114 AM ET,3.215,16,51,Mid,Off Exchange,Odd Lot
11:31:32.538 AM ET,3.210,16,51,Ask,Nasdaq GSM,Inter Mkt Swp; Odd Lot; Trade Thru Exmpt
12:03:36.493 PM ET,3.183,16,51,Ask,Off Exchange,Deriv Priced; Odd Lot; Trade Thru Exmpt
12:17:13.510 PM ET,3.180,16,51,Bid,NYSE,Odd Lot; Trade Thru Exmpt
12:17:15.582 PM ET,3.180,16,51,Bid,Nasdaq GSM,Inter Mkt Swp; Odd Lot; Trade Thru Exmpt
12:17:18.089 PM ET,3.190,16,51,None,Nasdaq GSM,Inter Mkt Swp; Odd Lot; Trade Thru Exmpt
12:32:55.620 PM ET,3.120,16,50,Mid,Off Exchange,Odd Lot
12:52:11.254 PM ET,3.150,16,50,Bid,Cboe BZX,Odd Lot
12:52:14.443 PM ET,3.150,16,50,Bid,Cboe BZX,Odd Lot
01:16:34.537 PM ET,3.150,16,50,Bid,Nasdaq GSM,Inter Mkt Swp; Odd Lot; Trade Thru Exmpt
01:28:42.197 PM ET,3.160,16,51,Bid,Nasdaq GSM,Inter Mkt Swp; Odd Lot; Trade Thru Exmpt
01:30:06.547 PM ET,3.150,16,50,Bid,NYSE Arca,Odd Lot
01:39:18.259 PM ET,3.140,16,50,Ask,Cboe BZX,Inter Mkt Swp; Odd Lot; Trade Thru Exmpt
03:09:11.638 PM ET,3.190,16,51,Bid,Off Exchange,Deriv Priced; Odd Lot; Trade Thru Exmpt
03:10:22.375 PM ET,3.190,16,51,Ask,Cboe EDGX,Inter Mkt Swp; Odd Lot; Trade Thru Exmpt
03:45:16.782 PM ET,3.195,16,51,Mid,Nasdaq GSM,Odd Lot
03:52:00.192 PM ET,3.180,16,51,Bid,Nasdaq GSM,Odd Lot
03:54:11.461 PM ET,3.182,16,51,Mid,Off Exchange,Odd Lot
03:57:59.455 PM ET,3.190,16,51,Bid,Nasdaq GSM,Odd Lot
03:58:11.395 PM ET,3.190,16,51,Bid,Off Exchange,Odd Lot
03:59:21.670 PM ET,3.195,16,51,None,Cboe BZX,Odd Lot
03:59:41.236 PM ET,3.200,16,51,None,Nasdaq GSM,Inter Mkt Swp; Odd Lot; Trade Thru Exmpt
03:59:41.988 PM ET,3.195,16,51,None,Off Exchange,Odd Lot
03:59:47.656 PM ET,3.200,16,51,None,IEX,Odd Lot
03:59:50.075 PM ET,3.195,16,51,None,Nasdaq GSM,Odd Lot
10:06:02.461 AM ET,3.210,15,48,Ask,Off Exchange,Odd Lot
10:35:09.578 AM ET,3.230,15,48,Bid,Nasdaq GSM,Inter Mkt Swp; Odd Lot; Trade Thru Exmpt
10:48:01.308 AM ET,3.220,15,48,Ask,Cboe EDGA,Odd Lot
11:15:13.599 AM ET,3.220,15,48,Ask,Off Exchange,Odd Lot
11:48:37.775 AM ET,3.220,15,48,Bid,NYSE Arca,Inter Mkt Swp; Odd Lot; Trade Thru Exmpt
11:56:13.890 AM ET,3.220,15,48,Ask,Cboe BZX,Inter Mkt Swp; Odd Lot; Trade Thru Exmpt
11:59:50.643 AM ET,3.180,15,48,Bid,NYSE Arca,Inter Mkt Swp; Odd Lot; Trade Thru Exmpt
12:17:15.582 PM ET,3.180,15,48,Bid,Nasdaq GSM,Inter Mkt Swp; Odd Lot; Trade Thru Exmpt
12:19:22.523 PM ET,3.155,15,47,Mid,Cboe BZX,Odd Lot
12:30:58.321 PM ET,3.145,15,47,Mid,NYSE National,Inter Mkt Swp; Odd Lot; Trade Thru Exmpt
12:31:00.736 PM ET,3.135,15,47,Mid,NYSE National,Inter Mkt Swp; Odd Lot; Trade Thru Exmpt
12:31:10.051 PM ET,3.140,15,47,Ask,NYSE National,Inter Mkt Swp; Odd Lot; Trade Thru Exmpt
12:59:19.912 PM ET,3.150,15,47,Bid,Nasdaq GSM,Odd Lot
01:12:54.870 PM ET,3.150,15,47,Ask,MEMX,Odd Lot
01:14:59.318 PM ET,3.150,15,47,Ask,Off Exchange,Odd Lot
01:47:59.638 PM ET,3.140,15,47,Bid,IEX,Odd Lot
01:49:51.939 PM ET,3.165,15,47,Mid,NYSE National,Inter Mkt Swp; Odd Lot; Trade Thru Exmpt
01:54:09.965 PM ET,3.160,15,47,Bid,Off Exchange,Odd Lot
01:59:00.613 PM ET,3.175,15,48,Mid,Off Exchange,Odd Lot
02:00:56.821 PM ET,3.170,15,48,Bid,NYSE Arca,Odd Lot
02:01:35.424 PM ET,3.170,15,48,Ask,IEX,Odd Lot
02:17:42.387 PM ET,3.200,15,48,Ask,IEX,Odd Lot
02:19:20.790 PM ET,3.185,15,48,Mid,IEX,Odd Lot
02:22:54.640 PM ET,3.170,15,48,Ask,IEX,Odd Lot
02:22:55.370 PM ET,3.170,15,48,Ask,IEX,Odd Lot
02:33:26.078 PM ET,3.195,15,48,Mid,IEX,Odd Lot
02:45:32.299 PM ET,3.185,15,48,Mid,Off Exchange,Odd Lot
02:53:14.689 PM ET,3.184,15,48,Ask,Off Exchange,Deriv Priced; Odd Lot; Trade Thru Exmpt
03:03:11.710 PM ET,3.175,15,48,Mid,Off Exchange,Odd Lot
03:03:26.756 PM ET,3.170,15,48,Bid,Cboe BYX,Inter Mkt Swp; Odd Lot; Trade Thru Exmpt
03:08:08.158 PM ET,3.178,15,48,Bid,Off Exchange,Deriv Priced; Odd Lot; Trade Thru Exmpt
03:22:47.802 PM ET,3.200,15,48,Bid,NYSE,Odd Lot
03:22:47.828 PM ET,3.200,15,48,Bid,IEX,Odd Lot
03:36:13.603 PM ET,3.210,15,48,Ask,NYSE Arca,Inter Mkt Swp; Odd Lot; Trade Thru Exmpt
03:39:05.870 PM ET,3.200,15,48,Bid,NYSE Arca,Inter Mkt Swp; Odd Lot; Trade Thru Exmpt
03:42:29.386 PM ET,3.200,15,48,Bid,Cboe BYX,Inter Mkt Swp; Odd Lot; Trade Thru Exmpt
03:43:55.021 PM ET,3.200,15,48,Bid,Cboe BZX,Inter Mkt Swp; Odd Lot; Trade Thru Exmpt
03:43:55.022 PM ET,3.200,15,48,Bid,NYSE Arca,Inter Mkt Swp; Odd Lot; Trade Thru Exmpt
03:46:55.619 PM ET,3.190,15,48,Ask,Cboe BZX,Inter Mkt Swp; Odd Lot; Trade Thru Exmpt
03:46:55.620 PM ET,3.190,15,48,Ask,NYSE,Odd Lot
03:52:45.255 PM ET,3.180,15,48,Bid,IEX,Odd Lot
03:52:45.255 PM ET,3.180,15,48,Bid,NYSE Arca,Odd Lot
03:54:48.540 PM ET,3.190,15,48,Bid,Cboe BZX,Odd Lot
03:59:34.716 PM ET,3.195,15,48,None,Off Exchange,Odd Lot
09:38:05.954 AM ET,3.190,14,45,Mid,Nasdaq GSM,Inter Mkt Swp; Odd Lot; Trade Thru Exmpt
10:08:22.389 AM ET,3.220,14,45,Ask,Nasdaq GSM,Inter Mkt Swp; Odd Lot; Trade Thru Exmpt
10:09:41.136 AM ET,3.220,14,45,Ask,Off Exchange,Odd Lot
10:10:14.339 AM ET,3.220,14,45,Ask,Nasdaq GSM,Inter Mkt Swp; Odd Lot; Trade Thru Exmpt
10:36:53.077 AM ET,3.230,14,45,Bid,NYSE Arca,Odd Lot
11:51:22.481 AM ET,3.227,14,45,Mid,Off Exchange,Odd Lot
12:26:24.759 PM ET,3.160,14,44,Ask,Cboe BZX,Inter Mkt Swp; Odd Lot; Trade Thru Exmpt
12:30:58.328 PM ET,3.140,14,44,Bid,Cboe BYX,Inter Mkt Swp; Odd Lot; Trade Thru Exmpt
12:32:15.633 PM ET,3.120,14,44,Bid,Off Exchange,Odd Lot
12:42:47.130 PM ET,3.150,14,44,Bid,Nasdaq GSM,Inter Mkt Swp; Odd Lot; Trade Thru Exmpt
12:52:11.033 PM ET,3.150,14,44,Bid,Cboe BZX,Odd Lot
12:52:11.034 PM ET,3.150,14,44,Bid,Cboe BZX,Odd Lot
01:04:31.954 PM ET,3.160,14,44,Ask,NYSE Arca,Odd Lot
01:05:19.366 PM ET,3.150,14,44,Ask,Nasdaq GSM,Inter Mkt Swp; Odd Lot; Trade Thru Exmpt
01:07:36.780 PM ET,3.164,14,44,Mid,Off Exchange,Odd Lot
01:12:48.699 PM ET,3.150,14,44,Ask,Off Exchange,Odd Lot
01:28:38.138 PM ET,3.165,14,44,Mid,IEX,Odd Lot
01:35:16.299 PM ET,3.150,14,44,Ask,Cboe EDGX,Odd Lot
01:36:20.842 PM ET,3.140,14,44,Bid,Cboe BZX,Inter Mkt Swp; Odd Lot; Trade Thru Exmpt
01:39:07.462 PM ET,3.135,14,44,Mid,Nasdaq GSM,Odd Lot
01:39:57.589 PM ET,3.140,14,44,Bid,NYSE Arca,Inter Mkt Swp; Odd Lot; Trade Thru Exmpt
01:40:02.371 PM ET,3.145,14,44,Mid,Off Exchange,Odd Lot
01:52:56.760 PM ET,3.150,14,44,Bid,Nasdaq GSM,Odd Lot
02:07:48.363 PM ET,3.185,14,45,Mid,Off Exchange,Odd Lot
02:08:18.442 PM ET,3.185,14,45,Mid,Off Exchange,Odd Lot
02:16:11.879 PM ET,3.215,14,45,Mid,Off Exchange,Odd Lot
02:31:27.963 PM ET,3.200,14,45,Ask,NYSE Arca,Odd Lot
02:37:46.063 PM ET,3.198,14,45,Mid,Off Exchange,Odd Lot
03:08:56.817 PM ET,3.190,14,45,Bid,IEX,Odd Lot
03:29:58.047 PM ET,3.210,14,45,Bid,Nasdaq BX,Inter Mkt Swp; Odd Lot; Trade Thru Exmpt
03:29:58.048 PM ET,3.210,14,45,Bid,Cboe BYX,Inter Mkt Swp; Odd Lot; Trade Thru Exmpt
03:32:04.608 PM ET,3.211,14,45,Ask,Off Exchange,Odd Lot
03:40:32.336 PM ET,3.200,14,45,Bid,Off Exchange,Odd Lot
03:51:46.422 PM ET,3.188,14,45,Mid,Off Exchange,Odd Lot
03:51:50.341 PM ET,3.185,14,45,Mid,Off Exchange,Odd Lot
03:53:11.264 PM ET,3.180,14,45,Bid,IEX,Odd Lot
03:58:46.997 PM ET,3.195,14,45,Mid,Off Exchange,Odd Lot
03:59:08.275 PM ET,3.195,14,45,None,Nasdaq GSM,Odd Lot
03:59:22.744 PM ET,3.200,14,45,None,Cboe EDGX,Odd Lot
03:59:55.178 PM ET,3.190,14,45,None,IEX,Odd Lot
11:00:27.728 AM ET,3.215,13,42,Mid,Nasdaq GSM,Odd Lot
11:11:54.096 AM ET,3.220,13,42,Ask,MEMX,Odd Lot
11:16:23.272 AM ET,3.215,13,42,Mid,Off Exchange,Odd Lot
11:31:32.569 AM ET,3.220,13,42,Ask,Nasdaq GSM,Inter Mkt Swp; Odd Lot; Trade Thru Exmpt
11:36:32.651 AM ET,3.220,13,42,Mid,Off Exchange,Deriv Priced; Odd Lot; Trade Thru Exmpt
11:36:33.634 AM ET,3.220,13,42,Mid,Off Exchange,Deriv Priced; Odd Lot; Trade Thru Exmpt
11:44:58.395 AM ET,3.230,13,42,Ask,Off Exchange,Deriv Priced; Odd Lot; Trade Thru Exmpt
12:00:13.163 PM ET,3.182,13,41,Ask,Off Exchange,Deriv Priced; Odd Lot; Trade Thru Exmpt
12:20:37.550 PM ET,3.145,13,41,Bid,Off Exchange,Odd Lot
12:22:26.755 PM ET,3.178,13,41,Ask,Off Exchange,Deriv Priced; Odd Lot; Trade Thru Exmpt
12:23:39.561 PM ET,3.182,13,41,Ask,Off Exchange,Odd Lot
12:26:23.761 PM ET,3.155,13,41,Mid,Off Exchange,Odd Lot
12:27:49.593 PM ET,3.155,13,41,Ask,Off Exchange,Odd Lot
12:31:29.723 PM ET,3.131,13,41,Mid,Off Exchange,Odd Lot
12:32:55.608 PM ET,3.120,13,41,Ask,Nasdaq GSM,Odd Lot
12:40:27.324 PM ET,3.149,13,41,Mid,Off Exchange,Odd Lot
12:51:05.307 PM ET,3.145,13,41,Mid,Off Exchange,Odd Lot
12:52:07.400 PM ET,3.150,13,41,Bid,Cboe BZX,Inter Mkt Swp; Odd Lot; Trade Thru Exmpt
12:52:11.033 PM ET,3.150,13,41,Bid,Cboe BZX,Odd Lot
12:53:17.209 PM ET,3.145,13,41,Mid,Cboe EDGA,Odd Lot
12:55:48.929 PM ET,3.155,13,41,Mid,Off Exchange,Odd Lot
12:57:26.732 PM ET,3.160,13,41,Ask,Cboe BZX,Odd Lot
12:58:42.995 PM ET,3.145,13,41,Mid,Off Exchange,Odd Lot
01:03:16.973 PM ET,3.150,13,41,Bid,Off Exchange,Odd Lot
01:14:48.652 PM ET,3.155,13,41,Mid,Cboe BZX,Odd Lot
01:15:02.998 PM ET,3.145,13,41,Mid,Off Exchange,Odd Lot
01:26:15.378 PM ET,3.175,13,41,Mid,Off Exchange,Odd Lot
01:27:20.289 PM ET,3.160,13,41,Ask,NYSE Arca,Odd Lot
01:40:23.547 PM ET,3.135,13,41,Ask,Off Exchange,Odd Lot
01:49:13.001 PM ET,3.165,13,41,Mid,Off Exchange,Odd Lot
01:51:34.028 PM ET,3.155,13,41,Mid,Off Exchange,Odd Lot
01:57:39.453 PM ET,3.155,13,41,Bid,Off Exchange,Odd Lot
01:57:45.026 PM ET,3.165,13,41,Mid,Off Exchange,Odd Lot
02:17:08.016 PM ET,3.215,13,42,Mid,Off Exchange,Odd Lot
02:37:58.002 PM ET,3.195,13,42,Mid,Off Exchange,Odd Lot
03:00:31.800 PM ET,3.180,13,41,Ask,IEX,Odd Lot
03:38:11.359 PM ET,3.205,13,42,Mid,Nasdaq GSM,Odd Lot
03:38:34.670 PM ET,3.210,13,42,Ask,NYSE National,Inter Mkt Swp; Odd Lot; Trade Thru Exmpt
03:59:31.366 PM ET,3.200,13,42,None,Off Exchange,Odd Lot
03:59:34.717 PM ET,3.200,13,42,None,Off Exchange,Odd Lot
10:35:09.579 AM ET,3.230,12,39,Bid,Nasdaq GSM,Inter Mkt Swp; Odd Lot; Trade Thru Exmpt
10:35:09.579 AM ET,3.230,12,39,Bid,NYSE,Inter Mkt Swp; Odd Lot; Trade Thru Exmpt
10:35:19.856 AM ET,3.230,12,39,Ask,Nasdaq GSM,Inter Mkt Swp; Odd Lot; Trade Thru Exmpt
10:53:38.210 AM ET,3.225,12,39,Mid,Off Exchange,Odd Lot
11:31:32.538 AM ET,3.210,12,39,Ask,Nasdaq GSM,Inter Mkt Swp; Odd Lot; Trade Thru Exmpt
11:39:58.118 AM ET,3.220,12,39,Ask,IEX,Odd Lot
11:40:39.846 AM ET,3.220,12,39,Bid,Off Exchange,Odd Lot
11:56:13.890 AM ET,3.220,12,39,Ask,Nasdaq GSM,Inter Mkt Swp; Odd Lot; Trade Thru Exmpt
12:04:01.316 PM ET,3.180,12,38,Ask,Cboe BZX,Inter Mkt Swp; Odd Lot; Trade Thru Exmpt
12:17:15.582 PM ET,3.180,12,38,Bid,Nasdaq GSM,Inter Mkt Swp; Odd Lot; Trade Thru Exmpt
12:22:58.757 PM ET,3.156,12,38,Ask,Off Exchange,Deriv Priced; Odd Lot; Trade Thru Exmpt
12:23:35.324 PM ET,3.145,12,38,Mid,Off Exchange,Odd Lot
12:30:11.674 PM ET,3.150,12,38,Ask,Off Exchange,Odd Lot
12:31:17.022 PM ET,3.159,12,38,Ask,Off Exchange,Deriv Priced; Odd Lot; Trade Thru Exmpt
12:32:55.609 PM ET,3.115,12,37,Mid,Cboe BZX,Odd Lot
12:39:17.301 PM ET,3.130,12,38,Ask,Cboe BZX,Inter Mkt Swp; Odd Lot; Trade Thru Exmpt
12:55:41.218 PM ET,3.170,12,38,Ask,IEX,Odd Lot
12:55:48.764 PM ET,3.160,12,38,Ask,Cboe BZX,Odd Lot
12:57:15.759 PM ET,3.170,12,38,Bid,NYSE,Odd Lot
12:57:34.656 PM ET,3.160,12,38,Ask,Cboe BZX,Inter Mkt Swp; Odd Lot; Trade Thru Exmpt
01:05:19.366 PM ET,3.150,12,38,Ask,Nasdaq GSM,Inter Mkt Swp; Odd Lot; Trade Thru Exmpt
01:05:19.367 PM ET,3.150,12,38,Ask,Nasdaq GSM,Inter Mkt Swp; Odd Lot; Trade Thru Exmpt
01:14:31.610 PM ET,3.154,12,38,Mid,Off Exchange,Odd Lot
01:18:55.841 PM ET,3.150,12,38,Ask,Cboe BZX,Odd Lot
01:19:31.565 PM ET,3.150,12,38,Ask,Cboe BZX,Odd Lot
01:20:58.550 PM ET,3.140,12,38,Bid,Cboe BZX,Inter Mkt Swp; Odd Lot; Trade Thru Exmpt
01:28:42.197 PM ET,3.160,12,38,Bid,Nasdaq GSM,Inter Mkt Swp; Odd Lot; Trade Thru Exmpt
01:30:06.546 PM ET,3.150,12,38,Bid,Cboe BZX,Odd Lot
01:36:20.842 PM ET,3.140,12,38,Bid,Cboe BZX,Inter Mkt Swp; Odd Lot; Trade Thru Exmpt
01:40:23.541 PM ET,3.130,12,38,Ask,Nasdaq GSM,Odd Lot
01:48:23.375 PM ET,3.150,12,38,Bid,IEX,Odd Lot
01:57:45.315 PM ET,3.165,12,38,Mid,Off Exchange,Odd Lot
02:05:16.649 PM ET,3.180,12,38,Bid,Nasdaq GSM,Inter Mkt Swp; Odd Lot; Trade Thru Exmpt
02:13:05.595 PM ET,3.200,12,38,Bid,Cboe EDGX,Odd Lot
02:13:05.595 PM ET,3.200,12,38,Bid,Cboe EDGX,Inter Mkt Swp; Odd Lot; Trade Thru Exmpt
02:16:03.831 PM ET,3.215,12,39,Mid,Off Exchange,Odd Lot
02:21:18.236 PM ET,3.185,12,38,Mid,Off Exchange,Odd Lot
02:49:37.330 PM ET,3.195,12,38,Mid,Off Exchange,Odd Lot
02:51:16.938 PM ET,3.180,12,38,Bid,Cboe BZX,Odd Lot
03:15:01.001 PM ET,3.200,12,38,Ask,NYSE Arca,Odd Lot
03:34:36.277 PM ET,3.210,12,39,Bid,NYSE,Inter Mkt Swp; Odd Lot; Trade Thru Exmpt
03:34:38.051 PM ET,3.209,12,39,Bid,Off Exchange,Deriv Priced; Odd Lot; Trade Thru Exmpt
03:43:55.022 PM ET,3.200,12,38,Bid,Off Exchange,Odd Lot
03:47:08.101 PM ET,3.180,12,38,Bid,Cboe BYX,Inter Mkt Swp; Odd Lot; Trade Thru Exmpt
03:54:40.141 PM ET,3.190,12,38,Ask,MEMX,Odd Lot
03:54:40.141 PM ET,3.190,12,38,Ask,TXSE,Inter Mkt Swp; Odd Lot; Trade Thru Exmpt
03:54:40.175 PM ET,3.190,12,38,Ask,IEX,Odd Lot
03:54:40.222 PM ET,3.190,12,38,Ask,Off Exchange,Odd Lot
03:55:00.071 PM ET,3.200,12,38,Ask,Off Exchange,Odd Lot
03:58:07.122 PM ET,3.190,12,38,Bid,Off Exchange,Odd Lot
03:58:13.134 PM ET,3.190,12,38,Bid,Off Exchange,Odd Lot
03:58:18.168 PM ET,3.190,12,38,Bid,Off Exchange,Odd Lot
03:58:24.079 PM ET,3.190,12,38,Bid,Off Exchange,Odd Lot
03:58:30.105 PM ET,3.190,12,38,Bid,Cboe BYX,Inter Mkt Swp; Odd Lot; Trade Thru Exmpt
03:58:35.077 PM ET,3.190,12,38,Bid,Cboe BYX,Inter Mkt Swp; Odd Lot; Trade Thru Exmpt
03:58:41.057 PM ET,3.190,12,38,Bid,Cboe BYX,Inter Mkt Swp; Odd Lot; Trade Thru Exmpt
03:58:53.105 PM ET,3.190,12,38,Bid,NYSE National,Inter Mkt Swp; Odd Lot; Trade Thru Exmpt
03:58:57.554 PM ET,3.200,12,38,Ask,Cboe BYX,Inter Mkt Swp; Odd Lot; Trade Thru Exmpt
03:59:24.746 PM ET,3.200,12,38,None,Off Exchange,Odd Lot
03:59:37.020 PM ET,3.195,12,38,None,Nasdaq GSM,Odd Lot
03:59:37.243 PM ET,3.195,12,38,None,Off Exchange,Odd Lot
03:59:42.458 PM ET,3.195,12,38,None,IEX,Odd Lot
03:59:48.072 PM ET,3.195,12,38,None,Off Exchange,Odd Lot
09:35:26.102 AM ET,3.210,11,35,Mid,Off Exchange,Odd Lot
09:41:09.740 AM ET,3.180,11,35,Bid,Nasdaq GSM,Inter Mkt Swp; Odd Lot; Trade Thru Exmpt
10:09:59.031 AM ET,3.214,11,35,Mid,Off Exchange,Odd Lot
10:18:16.003 AM ET,3.210,11,35,Bid,Off Exchange,Odd Lot
11:39:09.172 AM ET,3.215,11,35,Mid,Nasdaq GSM,Odd Lot
11:43:04.765 AM ET,3.225,11,35,Mid,Off Exchange,Odd Lot
11:48:37.775 AM ET,3.220,11,35,Bid,Nasdaq GSM,Inter Mkt Swp; Odd Lot; Trade Thru Exmpt
12:14:31.482 PM ET,3.195,11,35,Mid,Off Exchange,Odd Lot
12:15:02.156 PM ET,3.190,11,35,Bid,Off Exchange,Odd Lot
12:17:13.510 PM ET,3.180,11,35,Bid,Nasdaq GSM,Odd Lot
12:17:13.510 PM ET,3.180,11,35,Bid,Nasdaq GSM,Inter Mkt Swp; Odd Lot; Trade Thru Exmpt
12:17:15.582 PM ET,3.180,11,35,Bid,Nasdaq GSM,Inter Mkt Swp; Odd Lot; Trade Thru Exmpt
12:23:44.971 PM ET,3.140,11,35,Bid,Nasdaq GSM,Inter Mkt Swp; Odd Lot; Trade Thru Exmpt
12:26:23.461 PM ET,3.155,11,35,Mid,Off Exchange,Odd Lot
12:30:58.392 PM ET,3.140,11,35,Bid,Nasdaq GSM,Odd Lot
12:46:24.780 PM ET,3.145,11,35,Mid,Off Exchange,Odd Lot
12:51:39.620 PM ET,3.150,11,35,Bid,Nasdaq GSM,Odd Lot
12:52:07.389 PM ET,3.150,11,35,Bid,NYSE,Odd Lot
12:52:07.389 PM ET,3.150,11,35,Bid,Off Exchange,Odd Lot
12:53:32.997 PM ET,3.140,11,35,Bid,Off Exchange,Odd Lot
12:57:26.736 PM ET,3.160,11,35,Ask,Off Exchange,Odd Lot
12:59:19.912 PM ET,3.150,11,35,Bid,Cboe EDGX,Odd Lot
01:00:45.501 PM ET,3.150,11,35,Ask,Cboe BZX,Inter Mkt Swp; Odd Lot; Trade Thru Exmpt
01:05:19.366 PM ET,3.150,11,35,Ask,Nasdaq GSM,Inter Mkt Swp; Odd Lot; Trade Thru Exmpt
01:05:19.367 PM ET,3.150,11,35,Ask,Nasdaq GSM,Inter Mkt Swp; Odd Lot; Trade Thru Exmpt
01:12:49.188 PM ET,3.150,11,35,Bid,Off Exchange,Odd Lot
01:12:49.533 PM ET,3.150,11,35,Ask,MEMX,Inter Mkt Swp; Odd Lot; Trade Thru Exmpt
01:12:49.534 PM ET,3.150,11,35,Ask,Off Exchange,Odd Lot
01:19:31.565 PM ET,3.150,11,35,Ask,NYSE Arca,Odd Lot
01:25:03.027 PM ET,3.170,11,35,Ask,Off Exchange,Odd Lot
01:25:46.144 PM ET,3.180,11,35,Ask,Off Exchange,Odd Lot
01:28:49.553 PM ET,3.160,11,35,Ask,Nasdaq GSM,Inter Mkt Swp; Odd Lot; Trade Thru Exmpt
01:30:06.544 PM ET,3.150,11,35,Bid,Nasdaq GSM,Inter Mkt Swp; Odd Lot; Trade Thru Exmpt
01:30:06.547 PM ET,3.150,11,35,Bid,IEX,Odd Lot
01:39:08.468 PM ET,3.140,11,35,Ask,Off Exchange,Odd Lot
01:40:23.544 PM ET,3.130,11,34,Ask,Off Exchange,Odd Lot
01:48:23.392 PM ET,3.150,11,35,Bid,Off Exchange,Odd Lot
02:15:51.722 PM ET,3.220,11,35,Ask,Off Exchange,Odd Lot
02:17:27.968 PM ET,3.210,11,35,Bid,Off Exchange,Odd Lot
02:22:49.358 PM ET,3.170,11,35,Bid,Off Exchange,Odd Lot
02:32:58.675 PM ET,3.200,11,35,Ask,Off Exchange,Odd Lot
02:35:11.446 PM ET,3.200,11,35,Ask,Cboe BZX,Odd Lot
02:35:11.446 PM ET,3.200,11,35,Ask,Cboe BZX,Inter Mkt Swp; Odd Lot; Trade Thru Exmpt
02:37:59.594 PM ET,3.185,11,35,Mid,Off Exchange,Odd Lot
02:51:16.940 PM ET,3.180,11,35,Bid,Off Exchange,Odd Lot
02:59:12.236 PM ET,3.170,11,35,Bid,NYSE National,Inter Mkt Swp; Odd Lot; Trade Thru Exmpt
03:03:05.195 PM ET,3.180,11,35,Ask,Cboe EDGX,Inter Mkt Swp; Odd Lot; Trade Thru Exmpt
03:06:27.007 PM ET,3.180,11,35,Bid,NYSE,Inter Mkt Swp; Odd Lot; Trade Thru Exmpt
03:09:12.292 PM ET,3.190,11,35,Bid,Off Exchange,Odd Lot
03:25:12.984 PM ET,3.220,11,35,Ask,Off Exchange,Odd Lot
03:36:10.364 PM ET,3.215,11,35,Mid,Off Exchange,Odd Lot
03:36:36.324 PM ET,3.205,11,35,Mid,Nasdaq GSM,Odd Lot
03:39:05.872 PM ET,3.200,11,35,Bid,Off Exchange,Odd Lot
03:47:25.981 PM ET,3.190,11,35,Ask,Off Exchange,Deriv Priced; Odd Lot; Trade Thru Exmpt
03:51:07.096 PM ET,3.185,11,35,Mid,Nasdaq GSM,Odd Lot
03:54:48.540 PM ET,3.190,11,35,Bid,Cboe EDGA,Odd Lot
03:58:12.396 PM ET,3.195,11,35,Mid,Off Exchange,Odd Lot
03:58:55.084 PM ET,3.190,11,35,Bid,NYSE National,Inter Mkt Swp; Odd Lot; Trade Thru Exmpt
03:59:25.018 PM ET,3.195,11,35,None,NYSE National,Odd Lot
09:34:34.668 AM ET,3.210,10,32,Mid,Off Exchange,Odd Lot
09:34:37.361 AM ET,3.220,10,32,Mid,NYSE Arca,Odd Lot
09:36:12.227 AM ET,3.200,10,32,Bid,Nasdaq GSM,Inter Mkt Swp; Odd Lot; Trade Thru Exmpt
09:38:41.240 AM ET,3.180,10,32,Ask,Nasdaq GSM,Odd Lot
09:46:31.257 AM ET,3.210,10,32,Bid,NYSE,Odd Lot
09:47:08.904 AM ET,3.210,10,32,Bid,NYSE Arca,Inter Mkt Swp; Odd Lot; Trade Thru Exmpt
10:06:02.452 AM ET,3.210,10,32,Ask,Off Exchange,Odd Lot
10:06:08.687 AM ET,3.210,10,32,Ask,NYSE,Inter Mkt Swp; Odd Lot; Trade Thru Exmpt
10:13:18.876 AM ET,3.220,10,32,Bid,NYSE,Odd Lot
10:14:46.895 AM ET,3.220,10,32,Bid,Nasdaq GSM,Inter Mkt Swp; Odd Lot; Trade Thru Exmpt
10:27:31.201 AM ET,3.240,10,32,Ask,Cboe BZX,Inter Mkt Swp; Odd Lot; Trade Thru Exmpt
10:28:32.152 AM ET,3.239,10,32,Mid,Off Exchange,Odd Lot
10:32:20.292 AM ET,3.230,10,32,Bid,Cboe EDGX,Inter Mkt Swp; Odd Lot; Trade Thru Exmpt
10:35:09.579 AM ET,3.230,10,32,Bid,Cboe EDGX,Odd Lot
10:36:53.076 AM ET,3.230,10,32,Bid,Cboe EDGX,Inter Mkt Swp; Odd Lot; Trade Thru Exmpt
10:36:53.076 AM ET,3.230,10,32,Bid,Cboe BZX,Inter Mkt Swp; Odd Lot; Trade Thru Exmpt
10:44:26.437 AM ET,3.230,10,32,Bid,Off Exchange,Odd Lot
10:56:32.148 AM ET,3.220,10,32,Ask,Cboe EDGX,Inter Mkt Swp; Odd Lot; Trade Thru Exmpt
11:04:45.415 AM ET,3.216,10,32,Mid,Off Exchange,Deriv Priced; Odd Lot; Trade Thru Exmpt
11:11:54.096 AM ET,3.220,10,32,Ask,Cboe EDGX,Odd Lot
11:17:32.970 AM ET,3.220,10,32,Ask,IEX,Odd Lot
11:37:03.687 AM ET,3.220,10,32,Ask,Off Exchange,Deriv Priced; Odd Lot; Trade Thru Exmpt
11:39:49.170 AM ET,3.215,10,32,Mid,Nasdaq GSM,Odd Lot
11:43:41.512 AM ET,3.225,10,32,Mid,Off Exchange,Odd Lot
11:48:37.776 AM ET,3.215,10,32,Bid,IEX,Odd Lot
11:58:59.985 AM ET,3.175,10,32,Mid,Nasdaq GSM,Odd Lot
12:13:06.217 PM ET,3.195,10,32,Mid,Off Exchange,Odd Lot
12:14:09.096 PM ET,3.195,10,32,Mid,Off Exchange,Odd Lot
12:14:53.857 PM ET,3.195,10,32,Mid,Off Exchange,Odd Lot
12:17:12.624 PM ET,3.200,10,32,Ask,NYSE Arca,Odd Lot
12:17:13.253 PM ET,3.190,10,32,Bid,NYSE Arca,Inter Mkt Swp; Odd Lot; Trade Thru Exmpt
12:17:13.253 PM ET,3.190,10,32,Bid,Cboe BZX,Inter Mkt Swp; Odd Lot; Trade Thru Exmpt
12:17:13.384 PM ET,3.180,10,32,Bid,NYSE Arca,Inter Mkt Swp; Odd Lot; Trade Thru Exmpt
12:17:43.547 PM ET,3.195,10,32,None,IEX,Odd Lot
12:23:35.321 PM ET,3.140,10,31,Bid,Nasdaq GSM,Inter Mkt Swp; Odd Lot; Trade Thru Exmpt
12:26:47.116 PM ET,3.170,10,32,Ask,IEX,Odd Lot
12:30:58.392 PM ET,3.140,10,31,Bid,Nasdaq GSM,Odd Lot
12:31:20.526 PM ET,3.130,10,31,Bid,Nasdaq GSM,Odd Lot
12:31:34.915 PM ET,3.130,10,31,Bid,IEX,Odd Lot
12:32:55.609 PM ET,3.115,10,31,Mid,IEX,Odd Lot
12:38:46.897 PM ET,3.120,10,31,Ask,Nasdaq GSM,Odd Lot
12:41:35.063 PM ET,3.145,10,31,Mid,Off Exchange,Odd Lot
12:48:02.967 PM ET,3.140,10,31,Bid,Nasdaq GSM,Odd Lot
12:48:02.968 PM ET,3.140,10,31,Bid,NYSE Arca,Odd Lot
12:52:07.387 PM ET,3.150,10,32,Bid,Nasdaq GSM,Odd Lot
12:53:17.190 PM ET,3.150,10,32,Ask,Cboe EDGX,Odd Lot
12:53:17.190 PM ET,3.150,10,32,Ask,Nasdaq GSM,Odd Lot
12:53:32.995 PM ET,3.140,10,31,Bid,Nasdaq GSM,Odd Lot
12:55:41.218 PM ET,3.170,10,32,Ask,Cboe EDGX,Odd Lot
12:57:26.731 PM ET,3.160,10,32,Ask,Cboe EDGX,Odd Lot
12:57:26.732 PM ET,3.160,10,32,Ask,Cboe EDGX,Odd Lot
12:57:39.617 PM ET,3.160,10,32,Bid,Cboe EDGX,Odd Lot
12:57:39.618 PM ET,3.160,10,32,Bid,Cboe EDGX,Odd Lot
12:57:39.618 PM ET,3.160,10,32,Bid,NYSE Arca,Odd Lot
01:00:45.500 PM ET,3.150,10,32,Ask,Nasdaq GSM,Inter Mkt Swp; Odd Lot; Trade Thru Exmpt
01:00:45.501 PM ET,3.150,10,32,Ask,NYSE Arca,Inter Mkt Swp; Odd Lot; Trade Thru Exmpt
01:07:33.674 PM ET,3.160,10,32,Bid,NYSE Arca,Inter Mkt Swp; Odd Lot; Trade Thru Exmpt
01:08:09.291 PM ET,3.160,10,32,Ask,Nasdaq GSM,Inter Mkt Swp; Odd Lot; Trade Thru Exmpt
01:08:09.292 PM ET,3.160,10,32,Ask,NYSE Arca,Inter Mkt Swp; Odd Lot; Trade Thru Exmpt
01:09:53.482 PM ET,3.150,10,32,Ask,NYSE Arca,Inter Mkt Swp; Odd Lot; Trade Thru Exmpt
01:12:49.197 PM ET,3.150,10,32,Bid,NYSE Arca,Odd Lot
01:15:00.874 PM ET,3.150,10,32,Bid,NYSE Arca,Inter Mkt Swp; Odd Lot; Trade Thru Exmpt
01:16:34.539 PM ET,3.150,10,32,Bid,IEX,Odd Lot
01:16:59.206 PM ET,3.150,10,32,Bid,Nasdaq GSM,Odd Lot
01:19:31.495 PM ET,3.150,10,32,Ask,NYSE Arca,Odd Lot
01:30:06.546 PM ET,3.150,10,32,Bid,MIAX Pearl,Odd Lot
01:40:40.675 PM ET,3.120,10,31,Bid,Off Exchange,Odd Lot
01:46:19.123 PM ET,3.145,10,31,Mid,Off Exchange,Odd Lot
01:46:19.124 PM ET,3.145,10,31,Mid,Off Exchange,Odd Lot
01:46:19.125 PM ET,3.145,10,31,Mid,Off Exchange,Odd Lot
01:46:19.126 PM ET,3.145,10,31,Mid,Off Exchange,Odd Lot
01:46:43.616 PM ET,3.140,10,31,Bid,IEX,Odd Lot
01:49:59.108 PM ET,3.165,10,32,Mid,Off Exchange,Odd Lot
01:50:52.038 PM ET,3.160,10,32,Bid,Nasdaq GSM,Inter Mkt Swp; Odd Lot; Trade Thru Exmpt
01:51:04.666 PM ET,3.155,10,32,Mid,Nasdaq GSM,Odd Lot
01:51:47.913 PM ET,3.155,10,32,Mid,Off Exchange,Odd Lot
01:51:47.913 PM ET,3.155,10,32,Mid,IEX,Odd Lot
01:52:56.760 PM ET,3.150,10,32,Bid,Nasdaq GSM,Odd Lot
01:54:13.559 PM ET,3.160,10,32,Bid,Nasdaq GSM,Odd Lot
01:57:39.447 PM ET,3.160,10,32,Bid,Nasdaq GSM,Odd Lot
01:57:44.947 PM ET,3.150,10,32,Bid,Nasdaq GSM,Odd Lot
01:58:06.965 PM ET,3.160,10,32,Bid,Nasdaq GSM,Odd Lot
01:58:12.452 PM ET,3.160,10,32,Bid,Nasdaq GSM,Odd Lot
02:00:56.822 PM ET,3.170,10,32,Bid,Nasdaq GSM,Odd Lot
02:03:55.710 PM ET,3.180,10,32,Bid,Nasdaq GSM,Inter Mkt Swp; Odd Lot; Trade Thru Exmpt
02:10:59.235 PM ET,3.190,10,32,Bid,Off Exchange,Deriv Priced; Odd Lot; Trade Thru Exmpt
02:11:06.772 PM ET,3.200,10,32,Ask,Off Exchange,Odd Lot
02:14:04.781 PM ET,3.210,10,32,Ask,Off Exchange,Odd Lot
02:17:27.962 PM ET,3.210,10,32,Bid,NYSE Arca,Odd Lot
02:22:46.591 PM ET,3.180,10,32,Ask,NYSE Arca,Inter Mkt Swp; Odd Lot; Trade Thru Exmpt
02:33:26.078 PM ET,3.190,10,32,Bid,Nasdaq GSM,Odd Lot
02:35:11.445 PM ET,3.200,10,32,Ask,Cboe EDGX,Inter Mkt Swp; Odd Lot; Trade Thru Exmpt
02:46:02.303 PM ET,3.185,10,32,Mid,Off Exchange,Odd Lot
02:47:39.613 PM ET,3.195,10,32,Mid,Off Exchange,Odd Lot
02:49:46.084 PM ET,3.190,10,32,Bid,Nasdaq GSM,Inter Mkt Swp; Odd Lot; Trade Thru Exmpt
02:49:46.105 PM ET,3.190,10,32,Bid,Off Exchange,Odd Lot
02:51:16.938 PM ET,3.180,10,32,Bid,Nasdaq GSM,Odd Lot
03:05:20.701 PM ET,3.175,10,32,Mid,Nasdaq GSM,Odd Lot
03:05:20.704 PM ET,3.175,10,32,Mid,Off Exchange,Odd Lot
03:08:41.636 PM ET,3.190,10,32,Ask,Cboe EDGX,Odd Lot
03:10:12.145 PM ET,3.185,10,32,Mid,Off Exchange,Odd Lot
03:10:12.150 PM ET,3.185,10,32,Mid,Off Exchange,Odd Lot
03:22:47.802 PM ET,3.200,10,32,Bid,Cboe BZX,Odd Lot
03:22:47.802 PM ET,3.200,10,32,Bid,Cboe BZX,Inter Mkt Swp; Odd Lot; Trade Thru Exmpt
03:22:47.802 PM ET,3.200,10,32,Bid,NYSE Arca,Odd Lot
03:24:02.009 PM ET,3.210,10,32,Ask,Cboe EDGX,Inter Mkt Swp; Odd Lot; Trade Thru Exmpt
03:24:02.009 PM ET,3.210,10,32,Ask,NYSE Arca,Odd Lot
03:24:38.315 PM ET,3.220,10,32,Ask,Off Exchange,Odd Lot
03:31:42.260 PM ET,3.210,10,32,Ask,Nasdaq GSM,Inter Mkt Swp; Odd Lot; Trade Thru Exmpt
03:31:42.260 PM ET,3.210,10,32,Ask,NYSE American,Odd Lot
03:31:42.261 PM ET,3.210,10,32,Ask,Off Exchange,Odd Lot
03:34:50.690 PM ET,3.210,10,32,Bid,Cboe EDGX,Inter Mkt Swp; Odd Lot; Trade Thru Exmpt
03:36:13.629 PM ET,3.210,10,32,Ask,IEX,Odd Lot
03:36:13.630 PM ET,3.210,10,32,Ask,IEX,Odd Lot
03:39:05.870 PM ET,3.200,10,32,Bid,NYSE Arca,Inter Mkt Swp; Odd Lot; Trade Thru Exmpt
03:43:55.022 PM ET,3.200,10,32,Bid,NYSE Arca,Inter Mkt Swp; Odd Lot; Trade Thru Exmpt
03:46:55.619 PM ET,3.190,10,32,Ask,NYSE Arca,Inter Mkt Swp; Odd Lot; Trade Thru Exmpt
03:46:55.620 PM ET,3.190,10,32,Ask,NYSE,Odd Lot
03:52:45.255 PM ET,3.180,10,32,Bid,NYSE Arca,Odd Lot
03:54:00.214 PM ET,3.180,10,32,Bid,Cboe BYX,Inter Mkt Swp; Odd Lot; Trade Thru Exmpt
03:56:07.866 PM ET,3.205,10,32,Mid,NYSE National,Inter Mkt Swp; Odd Lot; Trade Thru Exmpt
03:56:25.651 PM ET,3.200,10,32,Bid,Nasdaq GSM,Inter Mkt Swp; Odd Lot; Trade Thru Exmpt
03:58:11.393 PM ET,3.190,10,32,Bid,Off Exchange,Odd Lot
03:59:07.925 PM ET,3.195,10,32,None,IEX,Odd Lot
03:59:12.934 PM ET,3.195,10,32,None,IEX,Odd Lot
03:59:14.605 PM ET,3.195,10,32,None,Nasdaq GSM,Odd Lot
03:59:31.235 PM ET,3.200,10,32,None,Off Exchange,Odd Lot
03:59:45.744 PM ET,3.195,10,32,None,Off Exchange,Odd Lot
03:59:50.108 PM ET,3.195,10,32,None,IEX,Odd Lot
03:59:55.178 PM ET,3.190,10,32,None,IEX,Odd Lot
09:52:03.495 AM ET,3.250,9,29,Bid,Cboe EDGX,Odd Lot
10:13:18.876 AM ET,3.220,9,29,Bid,Cboe EDGX,Odd Lot
10:14:46.895 AM ET,3.220,9,29,Bid,MEMX,Inter Mkt Swp; Odd Lot; Trade Thru Exmpt
10:17:25.758 AM ET,3.219,9,29,Mid,Off Exchange,Odd Lot
10:35:09.579 AM ET,3.230,9,29,Bid,Nasdaq GSM,Inter Mkt Swp; Odd Lot; Trade Thru Exmpt
10:36:53.076 AM ET,3.230,9,29,Bid,Nasdaq GSM,Inter Mkt Swp; Odd Lot; Trade Thru Exmpt
10:36:53.076 AM ET,3.230,9,29,Bid,Nasdaq GSM,Odd Lot
10:42:25.681 AM ET,3.234,9,29,Mid,Off Exchange,Odd Lot
10:52:48.225 AM ET,3.225,9,29,Mid,Off Exchange,Odd Lot
11:29:03.429 AM ET,3.210,9,29,Bid,Off Exchange,Odd Lot
11:33:03.427 AM ET,3.220,9,29,Bid,Nasdaq GSM,Inter Mkt Swp; Odd Lot; Trade Thru Exmpt
11:34:51.818 AM ET,3.220,9,29,Bid,Nasdaq GSM,Odd Lot
11:36:32.596 AM ET,3.220,9,29,Mid,Off Exchange,Deriv Priced; Odd Lot; Trade Thru Exmpt
11:56:13.891 AM ET,3.220,9,29,Ask,MEMX,Odd Lot
12:03:44.605 PM ET,3.179,9,29,Mid,Off Exchange,Deriv Priced; Odd Lot; Trade Thru Exmpt
12:09:57.064 PM ET,3.175,9,29,Mid,Off Exchange,Odd Lot
12:23:24.747 PM ET,3.151,9,28,Ask,Off Exchange,Deriv Priced; Odd Lot; Trade Thru Exmpt
12:23:35.364 PM ET,3.145,9,28,Mid,Off Exchange,Odd Lot
12:23:39.564 PM ET,3.145,9,28,Mid,Off Exchange,Odd Lot
12:42:16.287 PM ET,3.150,9,28,Bid,Cboe BZX,Odd Lot
12:43:05.158 PM ET,3.145,9,28,Mid,Off Exchange,Odd Lot
01:04:31.954 PM ET,3.155,9,28,Ask,Cboe BZX,Odd Lot
01:05:19.366 PM ET,3.150,9,28,Ask,Cboe BZX,Inter Mkt Swp; Odd Lot; Trade Thru Exmpt
01:14:59.323 PM ET,3.145,9,28,Mid,IEX,Odd Lot
01:15:00.982 PM ET,3.150,9,28,Bid,Cboe BZX,Odd Lot
01:15:00.982 PM ET,3.150,9,28,Bid,Cboe EDGX,Odd Lot
01:15:00.982 PM ET,3.150,9,28,Bid,Cboe EDGA,Odd Lot
01:20:08.310 PM ET,3.150,9,28,Bid,Cboe EDGX,Odd Lot
01:23:19.401 PM ET,3.155,9,28,Mid,Off Exchange,Odd Lot
01:27:25.534 PM ET,3.150,9,28,Bid,Off Exchange,Odd Lot
01:28:49.554 PM ET,3.160,9,28,Ask,Cboe EDGX,Odd Lot
01:28:49.555 PM ET,3.160,9,28,Ask,NYSE Arca,Odd Lot
01:51:23.154 PM ET,3.155,9,28,Mid,Off Exchange,Odd Lot
02:16:16.907 PM ET,3.215,9,29,Mid,Off Exchange,Odd Lot
02:20:19.304 PM ET,3.202,9,29,Ask,Off Exchange,Deriv Priced; Odd Lot; Trade Thru Exmpt
02:31:27.962 PM ET,3.200,9,29,Ask,Nasdaq GSM,Odd Lot
02:37:59.485 PM ET,3.190,9,29,Ask,Off Exchange,Odd Lot
02:51:25.292 PM ET,3.180,9,29,Mid,Off Exchange,Deriv Priced; Odd Lot; Trade Thru Exmpt
02:53:17.347 PM ET,3.175,9,29,Mid,Off Exchange,Deriv Priced; Odd Lot; Trade Thru Exmpt
03:00:19.025 PM ET,3.175,9,29,Mid,NYSE,Odd Lot
03:08:41.637 PM ET,3.190,9,29,Ask,NYSE,Odd Lot
03:31:42.260 PM ET,3.210,9,29,Ask,IEX,Odd Lot
03:34:36.277 PM ET,3.210,9,29,Bid,NYSE,Odd Lot
03:51:46.422 PM ET,3.194,9,29,Ask,Off Exchange,Odd Lot
03:52:54.903 PM ET,3.180,9,29,Bid,IEX,Odd Lot
03:54:48.539 PM ET,3.190,9,29,Bid,Off Exchange,Odd Lot
03:55:26.068 PM ET,3.205,9,29,Mid,IEX,Odd Lot
03:58:47.919 PM ET,3.200,9,29,Ask,Nasdaq GSM,Odd Lot
03:59:37.260 PM ET,3.195,9,29,None,Off Exchange,Odd Lot
03:59:40.533 PM ET,3.200,9,29,None,IEX,Odd Lot
03:59:41.236 PM ET,3.200,9,29,None,Nasdaq GSM,Inter Mkt Swp; Odd Lot; Trade Thru Exmpt
03:59:41.757 PM ET,3.200,9,29,None,Off Exchange,Odd Lot
03:59:45.801 PM ET,3.195,9,29,None,Off Exchange,Odd Lot
03:59:50.475 PM ET,3.200,9,29,None,NYSE National,Inter Mkt Swp; Odd Lot; Trade Thru Exmpt
03:59:50.863 PM ET,3.200,9,29,None,NYSE National,Odd Lot
09:32:01.849 AM ET,3.260,8,26,Ask,Off Exchange,Odd Lot
09:39:00.263 AM ET,3.170,8,25,Mid,Nasdaq GSM,Inter Mkt Swp; Odd Lot; Trade Thru Exmpt
09:39:01.544 AM ET,3.170,8,25,Mid,Off Exchange,Odd Lot
09:39:33.875 AM ET,3.170,8,25,Mid,NYSE Arca,Inter Mkt Swp; Odd Lot; Trade Thru Exmpt
10:00:10.195 AM ET,3.220,8,26,Bid,Nasdaq GSM,Odd Lot
10:07:51.287 AM ET,3.214,8,26,Mid,Off Exchange,Odd Lot
10:23:18.678 AM ET,3.210,8,26,Mid,Off Exchange,Odd Lot
10:54:58.803 AM ET,3.225,8,26,Mid,Cboe BZX,Odd Lot
11:16:27.628 AM ET,3.214,8,26,Mid,Off Exchange,Odd Lot
11:17:53.469 AM ET,3.220,8,26,Ask,Nasdaq GSM,Inter Mkt Swp; Odd Lot; Trade Thru Exmpt
11:18:39.889 AM ET,3.220,8,26,Ask,Nasdaq GSM,Odd Lot
11:31:32.569 AM ET,3.220,8,26,Ask,Nasdaq GSM,Odd Lot
11:31:32.569 AM ET,3.220,8,26,Ask,Nasdaq GSM,Inter Mkt Swp; Odd Lot; Trade Thru Exmpt
11:35:15.885 AM ET,3.216,8,26,Mid,Off Exchange,Deriv Priced; Odd Lot; Trade Thru Exmpt
11:49:02.500 AM ET,3.220,8,26,Bid,MEMX,Inter Mkt Swp; Odd Lot; Trade Thru Exmpt
11:54:36.066 AM ET,3.225,8,26,Mid,Off Exchange,Odd Lot
12:00:14.097 PM ET,3.195,8,26,Ask,Off Exchange,Deriv Priced; Odd Lot; Trade Thru Exmpt
12:03:22.111 PM ET,3.190,8,26,Ask,Off Exchange,Deriv Priced; Odd Lot; Trade Thru Exmpt
12:05:16.873 PM ET,3.175,8,25,Mid,Off Exchange,Odd Lot
12:10:22.055 PM ET,3.175,8,25,Mid,Off Exchange,Odd Lot
12:17:35.260 PM ET,3.190,8,26,None,Off Exchange,Odd Lot
12:20:15.981 PM ET,3.150,8,25,Bid,IEX,Odd Lot
12:22:13.178 PM ET,3.182,8,25,Ask,Off Exchange,Deriv Priced; Odd Lot; Trade Thru Exmpt
12:26:25.241 PM ET,3.175,8,25,Mid,Nasdaq GSM,Odd Lot
12:52:11.033 PM ET,3.150,8,25,Bid,Nasdaq GSM,Odd Lot
12:53:10.390 PM ET,3.150,8,25,Bid,Nasdaq GSM,Inter Mkt Swp; Odd Lot; Trade Thru Exmpt
01:05:19.366 PM ET,3.150,8,25,Ask,Nasdaq GSM,Inter Mkt Swp; Odd Lot; Trade Thru Exmpt
01:05:19.367 PM ET,3.150,8,25,Ask,Nasdaq GSM,Inter Mkt Swp; Odd Lot; Trade Thru Exmpt
01:26:22.424 PM ET,3.175,8,25,Mid,Nasdaq GSM,Odd Lot
01:27:36.204 PM ET,3.160,8,25,Bid,Nasdaq GSM,Odd Lot
01:28:49.553 PM ET,3.160,8,25,Ask,MEMX,Odd Lot
01:28:49.554 PM ET,3.160,8,25,Ask,Cboe BZX,Odd Lot
01:28:49.556 PM ET,3.165,8,25,Ask,Off Exchange,Odd Lot
01:30:25.322 PM ET,3.150,8,25,Mid,Off Exchange,Odd Lot
01:53:23.082 PM ET,3.153,8,25,Mid,Off Exchange,Odd Lot
02:28:18.201 PM ET,3.200,8,26,Ask,Cboe EDGX,Odd Lot
02:31:27.962 PM ET,3.200,8,26,Ask,Cboe EDGX,Odd Lot
02:31:35.954 PM ET,3.193,8,26,Mid,Off Exchange,Odd Lot
02:32:17.762 PM ET,3.195,8,26,Mid,Off Exchange,Odd Lot
02:45:07.014 PM ET,3.188,8,26,Mid,Off Exchange,Odd Lot
03:00:18.981 PM ET,3.175,8,25,Mid,Nasdaq GSM,Odd Lot
03:29:38.717 PM ET,3.215,8,26,Mid,NYSE American,Odd Lot
03:29:38.783 PM ET,3.215,8,26,Mid,NYSE American,Odd Lot
03:30:09.155 PM ET,3.215,8,26,Mid,Off Exchange,Deriv Priced; Odd Lot; Trade Thru Exmpt
03:41:20.387 PM ET,3.202,8,26,Mid,Off Exchange,Deriv Priced; Odd Lot; Trade Thru Exmpt
03:51:31.010 PM ET,3.185,8,25,Mid,Off Exchange,Odd Lot
03:53:07.366 PM ET,3.183,8,25,Mid,Off Exchange,Deriv Priced; Odd Lot; Trade Thru Exmpt
03:53:21.744 PM ET,3.183,8,25,Mid,Off Exchange,Deriv Priced; Odd Lot; Trade Thru Exmpt
03:54:00.004 PM ET,3.185,8,25,Mid,Off Exchange,Odd Lot
03:58:52.879 PM ET,3.195,8,26,Mid,Nasdaq GSM,Odd Lot
03:59:37.251 PM ET,3.195,8,26,None,Off Exchange,Odd Lot
03:59:45.766 PM ET,3.195,8,26,None,Off Exchange,Odd Lot
05:59:23.904 AM ET,3.310,7,23,Mid,NYSE Arca,Frm T Ext Hrs; Odd Lot
09:34:36.886 AM ET,3.230,7,23,Ask,NYSE Arca,Inter Mkt Swp; Odd Lot; Trade Thru Exmpt
09:39:33.875 AM ET,3.170,7,22,Mid,Nasdaq GSM,Inter Mkt Swp; Odd Lot; Trade Thru Exmpt
09:42:52.706 AM ET,3.190,7,22,Mid,Off Exchange,Odd Lot
09:45:31.128 AM ET,3.219,7,23,Mid,Off Exchange,Odd Lot
09:46:31.257 AM ET,3.210,7,22,Bid,Cboe EDGX,Odd Lot
09:47:08.904 AM ET,3.210,7,22,Bid,NYSE Arca,Inter Mkt Swp; Odd Lot; Trade Thru Exmpt
09:50:14.858 AM ET,3.240,7,23,Ask,NYSE Arca,Inter Mkt Swp; Odd Lot; Trade Thru Exmpt
09:50:50.203 AM ET,3.244,7,23,Mid,Off Exchange,Odd Lot
10:24:52.639 AM ET,3.239,7,23,Mid,Off Exchange,Odd Lot
10:34:41.707 AM ET,3.235,7,23,Mid,Off Exchange,Odd Lot
10:48:15.279 AM ET,3.220,7,23,Ask,Nasdaq GSM,Inter Mkt Swp; Odd Lot; Trade Thru Exmpt
10:50:56.196 AM ET,3.224,7,23,Mid,Off Exchange,Odd Lot
10:52:19.290 AM ET,3.222,7,23,Mid,Off Exchange,Deriv Priced; Odd Lot; Trade Thru Exmpt
10:55:31.373 AM ET,3.220,7,23,Bid,Nasdaq GSM,Inter Mkt Swp; Odd Lot; Trade Thru Exmpt
10:56:32.140 AM ET,3.220,7,23,Ask,Nasdaq GSM,Inter Mkt Swp; Odd Lot; Trade Thru Exmpt
11:00:00.588 AM ET,3.215,7,23,Mid,Cboe EDGX,Odd Lot
11:04:14.005 AM ET,3.214,7,23,Mid,Off Exchange,Odd Lot
11:15:19.590 AM ET,3.215,7,23,Mid,Off Exchange,Odd Lot
11:34:51.071 AM ET,3.216,7,23,Bid,Off Exchange,Deriv Priced; Odd Lot; Trade Thru Exmpt
11:35:36.527 AM ET,3.214,7,23,Mid,Off Exchange,Odd Lot
11:46:59.334 AM ET,3.230,7,23,Ask,Off Exchange,Deriv Priced; Odd Lot; Trade Thru Exmpt
11:48:04.559 AM ET,3.225,7,23,Mid,Off Exchange,Deriv Priced; Odd Lot; Trade Thru Exmpt
11:48:37.799 AM ET,3.220,7,23,Bid,Off Exchange,Odd Lot
12:11:27.236 PM ET,3.185,7,22,Mid,Off Exchange,Odd Lot
12:20:57.791 PM ET,3.140,7,22,Mid,Off Exchange,Odd Lot
12:22:35.359 PM ET,3.178,7,22,Ask,Off Exchange,Deriv Priced; Odd Lot; Trade Thru Exmpt
01:04:31.953 PM ET,3.160,7,22,Ask,Cboe EDGX,Inter Mkt Swp; Odd Lot; Trade Thru Exmpt
01:04:31.954 PM ET,3.155,7,22,Ask,MIAX Pearl,Inter Mkt Swp; Odd Lot; Trade Thru Exmpt
01:06:25.055 PM ET,3.150,7,22,Ask,Off Exchange,Odd Lot
01:14:59.318 PM ET,3.150,7,22,Ask,Nasdaq GSM,Inter Mkt Swp; Odd Lot; Trade Thru Exmpt
01:28:49.555 PM ET,3.160,7,22,Ask,NYSE Arca,Odd Lot
01:30:06.618 PM ET,3.150,7,22,Bid,Cboe BZX,Inter Mkt Swp; Odd Lot; Trade Thru Exmpt
01:33:51.947 PM ET,3.150,7,22,Bid,Off Exchange,Odd Lot
01:40:02.375 PM ET,3.145,7,22,Mid,IEX,Odd Lot
01:53:16.144 PM ET,3.150,7,22,Bid,Nasdaq PHLX,Inter Mkt Swp; Odd Lot; Trade Thru Exmpt
01:57:39.632 PM ET,3.155,7,22,Mid,Off Exchange,Odd Lot
02:45:12.288 PM ET,3.185,7,22,Mid,Off Exchange,Odd Lot
02:49:09.243 PM ET,3.195,7,22,Mid,Off Exchange,Odd Lot
03:01:47.101 PM ET,3.173,7,22,Mid,Off Exchange,Odd Lot
03:06:27.007 PM ET,3.180,7,22,Bid,Cboe EDGA,Inter Mkt Swp; Odd Lot; Trade Thru Exmpt
03:33:19.656 PM ET,3.209,7,22,Mid,Off Exchange,Deriv Priced; Odd Lot; Trade Thru Exmpt
03:34:28.455 PM ET,3.205,7,22,Mid,Off Exchange,Odd Lot
03:38:27.083 PM ET,3.208,7,22,Mid,Off Exchange,Deriv Priced; Odd Lot; Trade Thru Exmpt
03:46:28.016 PM ET,3.190,7,22,Bid,IEX,Odd Lot
03:47:26.250 PM ET,3.190,7,22,Ask,Off Exchange,Deriv Priced; Odd Lot; Trade Thru Exmpt
03:50:00.937 PM ET,3.180,7,22,Bid,Cboe BYX,Inter Mkt Swp; Odd Lot; Trade Thru Exmpt
03:50:49.394 PM ET,3.180,7,22,Bid,Cboe BYX,Inter Mkt Swp; Odd Lot; Trade Thru Exmpt
03:54:48.540 PM ET,3.190,7,22,Bid,NYSE Arca,Odd Lot
03:56:38.810 PM ET,3.200,7,22,Ask,Off Exchange,Odd Lot
03:57:04.704 PM ET,3.200,7,22,Ask,Off Exchange,Odd Lot
03:58:57.553 PM ET,3.200,7,22,Ask,Off Exchange,Odd Lot
03:59:10.706 PM ET,3.195,7,22,None,Off Exchange,Odd Lot
03:59:21.244 PM ET,3.200,7,22,None,Off Exchange,Odd Lot
03:59:21.245 PM ET,3.195,7,22,None,Off Exchange,Odd Lot
03:59:36.213 PM ET,3.195,7,22,None,Off Exchange,Odd Lot
03:59:37.253 PM ET,3.200,7,22,None,Off Exchange,Odd Lot
03:59:40.157 PM ET,3.195,7,22,None,Off Exchange,Odd Lot
03:59:49.254 PM ET,3.195,7,22,None,Off Exchange,Odd Lot
09:34:12.047 AM ET,3.215,6,19,Mid,IEX,Odd Lot
09:37:25.567 AM ET,3.190,6,19,Bid,IEX,Odd Lot
09:48:03.811 AM ET,3.230,6,19,Mid,Off Exchange,Odd Lot
09:48:18.807 AM ET,3.230,6,19,Mid,Off Exchange,Odd Lot
10:06:47.536 AM ET,3.214,6,19,Mid,Off Exchange,Odd Lot
10:23:48.752 AM ET,3.209,6,19,Mid,Off Exchange,Odd Lot
10:44:26.585 AM ET,3.230,6,19,Ask,Nasdaq GSM,Inter Mkt Swp; Odd Lot; Trade Thru Exmpt
10:55:12.909 AM ET,3.220,6,19,Bid,IEX,Odd Lot
10:56:32.140 AM ET,3.220,6,19,Ask,MEMX,Odd Lot
10:59:52.236 AM ET,3.220,6,19,Ask,Cboe BZX,Odd Lot
10:59:58.573 AM ET,3.214,6,19,Mid,Off Exchange,Odd Lot
11:04:58.126 AM ET,3.215,6,19,Mid,Cboe BZX,Odd Lot
11:05:10.512 AM ET,3.215,6,19,Mid,NYSE,Odd Lot
11:10:08.386 AM ET,3.210,6,19,Ask,Nasdaq GSM,Inter Mkt Swp; Odd Lot; Trade Thru Exmpt
11:11:54.096 AM ET,3.220,6,19,Ask,Nasdaq GSM,Odd Lot
11:14:44.798 AM ET,3.220,6,19,Ask,Nasdaq GSM,Odd Lot
11:16:23.321 AM ET,3.215,6,19,Mid,Off Exchange,Odd Lot
11:23:14.803 AM ET,3.220,6,19,Ask,Off Exchange,Deriv Priced; Odd Lot; Trade Thru Exmpt
11:28:04.352 AM ET,3.215,6,19,Mid,Nasdaq GSM,Odd Lot
11:31:32.538 AM ET,3.210,6,19,Ask,Nasdaq GSM,Inter Mkt Swp; Odd Lot; Trade Thru Exmpt
11:36:32.565 AM ET,3.220,6,19,Mid,Off Exchange,Deriv Priced; Odd Lot; Trade Thru Exmpt
11:37:17.671 AM ET,3.221,6,19,Ask,Off Exchange,Deriv Priced; Odd Lot; Trade Thru Exmpt
11:44:58.135 AM ET,3.230,6,19,Ask,Off Exchange,Deriv Priced; Odd Lot; Trade Thru Exmpt
11:48:04.521 AM ET,3.225,6,19,Mid,Off Exchange,Deriv Priced; Odd Lot; Trade Thru Exmpt
11:53:18.050 AM ET,3.221,6,19,Mid,Off Exchange,Deriv Priced; Odd Lot; Trade Thru Exmpt
12:01:13.908 PM ET,3.192,6,19,Ask,Off Exchange,Deriv Priced; Odd Lot; Trade Thru Exmpt
12:01:14.173 PM ET,3.192,6,19,Ask,Off Exchange,Deriv Priced; Odd Lot; Trade Thru Exmpt
12:03:44.570 PM ET,3.179,6,19,Mid,Off Exchange,Deriv Priced; Odd Lot; Trade Thru Exmpt
12:10:36.062 PM ET,3.180,6,19,Ask,IEX,Odd Lot
12:17:35.052 PM ET,3.200,6,19,None,Off Exchange,Odd Lot
12:17:35.052 PM ET,3.200,6,19,None,Cboe EDGA,Inter Mkt Swp; Odd Lot; Trade Thru Exmpt
12:26:24.819 PM ET,3.180,6,19,Ask,Off Exchange,Odd Lot
12:32:54.736 PM ET,3.120,6,19,Bid,IEX,Odd Lot
12:32:55.608 PM ET,3.120,6,19,Ask,Nasdaq GSM,Inter Mkt Swp; Odd Lot; Trade Thru Exmpt
12:39:27.899 PM ET,3.135,6,19,Mid,Nasdaq GSM,Odd Lot
12:53:17.232 PM ET,3.145,6,19,Mid,Nasdaq GSM,Odd Lot
01:00:41.977 PM ET,3.154,6,19,Mid,Off Exchange,Odd Lot
01:04:31.953 PM ET,3.160,6,19,Ask,Cboe EDGA,Inter Mkt Swp; Odd Lot; Trade Thru Exmpt
01:06:23.325 PM ET,3.150,6,19,Ask,Off Exchange,Odd Lot
01:06:33.021 PM ET,3.144,6,19,Mid,Off Exchange,Odd Lot
01:16:34.538 PM ET,3.150,6,19,Bid,Nasdaq GSM,Odd Lot
01:25:46.095 PM ET,3.175,6,19,Ask,IEX,Odd Lot
01:28:42.199 PM ET,3.160,6,19,Bid,Nasdaq GSM,Inter Mkt Swp; Odd Lot; Trade Thru Exmpt
01:28:42.199 PM ET,3.160,6,19,Bid,Cboe BZX,Odd Lot
01:28:49.553 PM ET,3.160,6,19,Ask,Cboe BZX,Inter Mkt Swp; Odd Lot; Trade Thru Exmpt
01:34:18.170 PM ET,3.150,6,19,Ask,NYSE National,Inter Mkt Swp; Odd Lot; Trade Thru Exmpt
01:41:49.059 PM ET,3.140,6,19,Ask,Off Exchange,Odd Lot
01:57:39.471 PM ET,3.155,6,19,Bid,Off Exchange,Odd Lot
01:57:40.148 PM ET,3.155,6,19,Mid,Off Exchange,Odd Lot
01:57:44.977 PM ET,3.150,6,19,Bid,Nasdaq GSM,Inter Mkt Swp; Odd Lot; Trade Thru Exmpt
01:57:45.022 PM ET,3.160,6,19,Bid,MEMX,Odd Lot
01:58:06.965 PM ET,3.160,6,19,Bid,NYSE Arca,Odd Lot
02:00:15.938 PM ET,3.175,6,19,Mid,Nasdaq GSM,Odd Lot
02:00:56.818 PM ET,3.180,6,19,Ask,IEX,Odd Lot
02:08:22.038 PM ET,3.190,6,19,Bid,Cboe EDGX,Odd Lot
02:08:47.883 PM ET,3.195,6,19,Mid,Off Exchange,Odd Lot
02:29:00.393 PM ET,3.195,6,19,Mid,Cboe BZX,Odd Lot
02:34:03.289 PM ET,3.200,6,19,Ask,Nasdaq GSM,Odd Lot
02:41:32.469 PM ET,3.185,6,19,Mid,IEX,Odd Lot
02:42:12.513 PM ET,3.185,6,19,Mid,Off Exchange,Odd Lot
02:44:41.510 PM ET,3.190,6,19,Ask,Cboe EDGX,Odd Lot
02:47:06.071 PM ET,3.195,6,19,Mid,Off Exchange,Odd Lot
02:47:12.335 PM ET,3.195,6,19,Mid,Off Exchange,Odd Lot
02:49:45.000 PM ET,3.195,6,19,Mid,Off Exchange,Odd Lot
03:03:05.195 PM ET,3.180,6,19,Ask,Cboe EDGX,Inter Mkt Swp; Odd Lot; Trade Thru Exmpt
03:06:57.008 PM ET,3.180,6,19,Mid,Off Exchange,Deriv Priced; Odd Lot; Trade Thru Exmpt
03:08:47.556 PM ET,3.190,6,19,Bid,NYSE Arca,Odd Lot
03:18:33.736 PM ET,3.195,6,19,Mid,Off Exchange,Odd Lot
03:23:45.813 PM ET,3.201,6,19,Mid,Off Exchange,Deriv Priced; Odd Lot; Trade Thru Exmpt
03:26:34.601 PM ET,3.215,6,19,Mid,Off Exchange,Deriv Priced; Odd Lot; Trade Thru Exmpt
03:28:06.329 PM ET,3.215,6,19,Mid,Off Exchange,Deriv Priced; Odd Lot; Trade Thru Exmpt
03:29:50.050 PM ET,3.210,6,19,Bid,Cboe BYX,Inter Mkt Swp; Odd Lot; Trade Thru Exmpt
03:38:34.670 PM ET,3.210,6,19,Ask,NYSE National,Inter Mkt Swp; Odd Lot; Trade Thru Exmpt
03:39:19.057 PM ET,3.205,6,19,Mid,Off Exchange,Odd Lot
03:45:04.581 PM ET,3.195,6,19,Mid,Off Exchange,Odd Lot
03:45:22.643 PM ET,3.195,6,19,Mid,Off Exchange,Deriv Priced; Odd Lot; Trade Thru Exmpt
03:45:22.690 PM ET,3.190,6,19,Bid,Cboe BYX,Inter Mkt Swp; Odd Lot; Trade Thru Exmpt
03:46:52.418 PM ET,3.200,6,19,Ask,Off Exchange,Odd Lot
03:47:16.406 PM ET,3.185,6,19,Mid,Nasdaq GSM,Odd Lot
03:47:38.305 PM ET,3.185,6,19,Mid,Nasdaq GSM,Odd Lot
03:48:48.645 PM ET,3.185,6,19,Mid,NYSE American,Odd Lot
03:52:45.255 PM ET,3.180,6,19,Bid,NYSE Arca,Odd Lot
03:52:54.975 PM ET,3.183,6,19,Mid,Off Exchange,Deriv Priced; Odd Lot; Trade Thru Exmpt
03:53:03.874 PM ET,3.185,6,19,Mid,Off Exchange,Odd Lot
03:53:38.497 PM ET,3.190,6,19,Ask,Off Exchange,Odd Lot
03:54:38.873 PM ET,3.185,6,19,Mid,Off Exchange,Odd Lot
03:55:23.415 PM ET,3.205,6,19,Mid,IEX,Odd Lot
03:55:39.311 PM ET,3.205,6,19,Mid,Off Exchange,Odd Lot
03:55:51.144 PM ET,3.210,6,19,Ask,Off Exchange,Odd Lot
03:59:09.505 PM ET,3.195,6,19,None,Cboe BYX,Odd Lot
03:59:15.248 PM ET,3.195,6,19,None,Cboe EDGX,Odd Lot
03:59:18.334 PM ET,3.195,6,19,None,IEX,Odd Lot
03:59:21.245 PM ET,3.195,6,19,None,NYSE National,Odd Lot
03:59:35.077 PM ET,3.195,6,19,None,Nasdaq BX,Odd Lot
03:59:37.253 PM ET,3.200,6,19,None,Off Exchange,Odd Lot
03:59:42.078 PM ET,3.200,6,19,None,NYSE Arca,Odd Lot
03:59:44.157 PM ET,3.200,6,19,None,NYSE Arca,Odd Lot
03:59:44.505 PM ET,3.200,6,19,None,Off Exchange,Odd Lot
03:59:48.069 PM ET,3.200,6,19,None,Off Exchange,Odd Lot
03:59:53.041 PM ET,3.195,6,19,None,NYSE Arca,Odd Lot
03:59:57.946 PM ET,3.195,6,19,None,Nasdaq GSM,Odd Lot
09:30:00.516 AM ET,3.265,5,16,Mid,IEX,Odd Lot
09:30:57.446 AM ET,3.220,5,16,Bid,Cboe EDGX,Inter Mkt Swp; Odd Lot; Trade Thru Exmpt
09:31:41.283 AM ET,3.239,5,16,Mid,Off Exchange,Odd Lot
09:32:44.423 AM ET,3.240,5,16,Mid,IEX,Odd Lot
09:34:01.356 AM ET,3.220,5,16,Ask,Cboe BZX,Inter Mkt Swp; Odd Lot; Trade Thru Exmpt
09:34:01.356 AM ET,3.220,5,16,Ask,NYSE Arca,Inter Mkt Swp; Odd Lot; Trade Thru Exmpt
09:35:26.002 AM ET,3.210,5,16,Ask,NYSE Arca,Inter Mkt Swp; Odd Lot; Trade Thru Exmpt
09:36:25.852 AM ET,3.200,5,16,Ask,NYSE Arca,Inter Mkt Swp; Odd Lot; Trade Thru Exmpt
09:38:02.045 AM ET,3.190,5,16,Bid,NYSE Arca,Inter Mkt Swp; Odd Lot; Trade Thru Exmpt
09:38:02.045 AM ET,3.190,5,16,Bid,Cboe EDGA,Inter Mkt Swp; Odd Lot; Trade Thru Exmpt
09:38:50.808 AM ET,3.180,5,16,Mid,NYSE Arca,Inter Mkt Swp; Odd Lot; Trade Thru Exmpt
09:42:39.618 AM ET,3.200,5,16,Mid,Cboe BZX,Inter Mkt Swp; Odd Lot; Trade Thru Exmpt
09:42:39.618 AM ET,3.200,5,16,Mid,NYSE Arca,Inter Mkt Swp; Odd Lot; Trade Thru Exmpt
09:42:50.314 AM ET,3.190,5,16,Bid,Cboe BZX,Inter Mkt Swp; Odd Lot; Trade Thru Exmpt
09:43:43.005 AM ET,3.180,5,16,Mid,Nasdaq GSM,Odd Lot
09:44:59.281 AM ET,3.214,5,16,Mid,Off Exchange,Odd Lot
09:47:08.904 AM ET,3.210,5,16,Bid,NYSE Arca,Inter Mkt Swp; Odd Lot; Trade Thru Exmpt
09:48:56.055 AM ET,3.220,5,16,Bid,Cboe BZX,Inter Mkt Swp; Odd Lot; Trade Thru Exmpt
09:48:56.055 AM ET,3.220,5,16,Bid,NYSE Arca,Inter Mkt Swp; Odd Lot; Trade Thru Exmpt
09:50:17.659 AM ET,3.230,5,16,Bid,Cboe BZX,Inter Mkt Swp; Odd Lot; Trade Thru Exmpt
09:52:20.134 AM ET,3.255,5,16,Mid,Nasdaq GSM,Odd Lot
09:52:58.515 AM ET,3.255,5,16,Mid,Off Exchange,Odd Lot
09:53:26.716 AM ET,3.250,5,16,Bid,Cboe BZX,Inter Mkt Swp; Odd Lot; Trade Thru Exmpt
09:53:26.716 AM ET,3.250,5,16,Bid,NYSE Arca,Inter Mkt Swp; Odd Lot; Trade Thru Exmpt
09:57:45.670 AM ET,3.240,5,16,Mid,NYSE Arca,Odd Lot
10:02:37.764 AM ET,3.205,5,16,Mid,Nasdaq GSM,Odd Lot
10:05:09.230 AM ET,3.205,5,16,Mid,IEX,Odd Lot
10:10:31.000 AM ET,3.224,5,16,Mid,Off Exchange,Odd Lot
10:11:49.634 AM ET,3.230,5,16,Bid,Off Exchange,Odd Lot
10:43:38.989 AM ET,3.230,5,16,Bid,IEX,Odd Lot
10:43:47.801 AM ET,3.230,5,16,Bid,IEX,Odd Lot
10:44:33.261 AM ET,3.224,5,16,Mid,Off Exchange,Odd Lot
10:51:28.228 AM ET,3.224,5,16,Mid,Off Exchange,Odd Lot
10:53:57.056 AM ET,3.225,5,16,Mid,Off Exchange,Deriv Priced; Odd Lot; Trade Thru Exmpt
11:00:42.784 AM ET,3.219,5,16,Mid,Off Exchange,Deriv Priced; Odd Lot; Trade Thru Exmpt
11:01:32.156 AM ET,3.219,5,16,Mid,Off Exchange,Deriv Priced; Odd Lot; Trade Thru Exmpt
11:01:32.467 AM ET,3.219,5,16,Mid,Off Exchange,Deriv Priced; Odd Lot; Trade Thru Exmpt
11:02:00.051 AM ET,3.215,5,16,Mid,Nasdaq GSM,Odd Lot
11:02:19.540 AM ET,3.216,5,16,Mid,Off Exchange,Deriv Priced; Odd Lot; Trade Thru Exmpt
11:15:38.322 AM ET,3.215,5,16,Mid,IEX,Odd Lot
11:16:54.367 AM ET,3.220,5,16,Ask,Off Exchange,Deriv Priced; Odd Lot; Trade Thru Exmpt
11:17:21.319 AM ET,3.219,5,16,Mid,Off Exchange,Deriv Priced; Odd Lot; Trade Thru Exmpt
11:19:45.071 AM ET,3.221,5,16,Ask,Off Exchange,Deriv Priced; Odd Lot; Trade Thru Exmpt
11:22:43.537 AM ET,3.221,5,16,Ask,Off Exchange,Deriv Priced; Odd Lot; Trade Thru Exmpt
11:23:40.164 AM ET,3.213,5,16,Mid,Off Exchange,Deriv Priced; Odd Lot; Trade Thru Exmpt
11:24:35.898 AM ET,3.210,5,16,Bid,IEX,Odd Lot
11:27:14.838 AM ET,3.214,5,16,Mid,Off Exchange,Deriv Priced; Odd Lot; Trade Thru Exmpt
11:34:18.404 AM ET,3.220,5,16,Bid,IEX,Odd Lot
11:35:29.175 AM ET,3.217,5,16,Mid,Off Exchange,Deriv Priced; Odd Lot; Trade Thru Exmpt
11:48:37.777 AM ET,3.215,5,16,Bid,IEX,Odd Lot
11:48:37.779 AM ET,3.215,5,16,Bid,IEX,Odd Lot
11:51:26.912 AM ET,3.225,5,16,Mid,Off Exchange,Odd Lot
11:53:37.803 AM ET,3.223,5,16,Mid,Off Exchange,Deriv Priced; Odd Lot; Trade Thru Exmpt
11:53:38.682 AM ET,3.224,5,16,Mid,Off Exchange,Deriv Priced; Odd Lot; Trade Thru Exmpt
12:00:55.588 PM ET,3.175,5,16,Mid,Nasdaq GSM,Odd Lot
12:03:35.698 PM ET,3.188,5,16,Ask,Off Exchange,Deriv Priced; Odd Lot; Trade Thru Exmpt
12:03:36.754 PM ET,3.183,5,16,Ask,Off Exchange,Deriv Priced; Odd Lot; Trade Thru Exmpt
12:04:03.880 PM ET,3.179,5,16,Bid,Off Exchange,Deriv Priced; Odd Lot; Trade Thru Exmpt
12:10:22.056 PM ET,3.175,5,16,Mid,Off Exchange,Odd Lot
12:17:16.688 PM ET,3.190,5,16,Ask,Cboe EDGX,Inter Mkt Swp; Odd Lot; Trade Thru Exmpt
12:22:13.318 PM ET,3.182,5,16,Ask,Off Exchange,Deriv Priced; Odd Lot; Trade Thru Exmpt
12:22:15.870 PM ET,3.180,5,16,Ask,Off Exchange,Deriv Priced; Odd Lot; Trade Thru Exmpt
12:22:22.561 PM ET,3.179,5,16,Ask,Off Exchange,Deriv Priced; Odd Lot; Trade Thru Exmpt
12:22:23.867 PM ET,3.145,5,16,Mid,IEX,Odd Lot
12:22:39.661 PM ET,3.158,5,16,Ask,Off Exchange,Deriv Priced; Odd Lot; Trade Thru Exmpt
12:23:13.872 PM ET,3.155,5,16,Ask,Off Exchange,Deriv Priced; Odd Lot; Trade Thru Exmpt
12:24:39.212 PM ET,3.148,5,16,Ask,Off Exchange,Deriv Priced; Odd Lot; Trade Thru Exmpt
12:24:57.304 PM ET,3.140,5,16,Ask,IEX,Odd Lot
12:24:57.305 PM ET,3.140,5,16,Ask,IEX,Odd Lot
12:26:15.308 PM ET,3.140,5,16,Bid,Off Exchange,Deriv Priced; Odd Lot; Trade Thru Exmpt
12:26:23.455 PM ET,3.155,5,16,Mid,Off Exchange,Odd Lot
12:26:24.815 PM ET,3.180,5,16,Ask,Nasdaq GSM,Odd Lot
12:26:47.115 PM ET,3.170,5,16,Ask,Cboe BZX,Inter Mkt Swp; Odd Lot; Trade Thru Exmpt
12:29:57.532 PM ET,3.158,5,16,Mid,Off Exchange,Deriv Priced; Odd Lot; Trade Thru Exmpt
12:30:42.385 PM ET,3.159,5,16,Ask,Off Exchange,Deriv Priced; Odd Lot; Trade Thru Exmpt
12:32:49.709 PM ET,3.143,5,16,Ask,Off Exchange,Deriv Priced; Odd Lot; Trade Thru Exmpt
12:33:57.604 PM ET,3.127,5,16,Mid,Off Exchange,Odd Lot
12:34:05.761 PM ET,3.139,5,16,Ask,Off Exchange,Deriv Priced; Odd Lot; Trade Thru Exmpt
12:35:21.818 PM ET,3.130,5,16,Ask,Off Exchange,Deriv Priced; Odd Lot; Trade Thru Exmpt
12:36:42.913 PM ET,3.121,5,16,Mid,Off Exchange,Deriv Priced; Odd Lot; Trade Thru Exmpt
12:39:04.945 PM ET,3.122,5,16,Mid,Off Exchange,Deriv Priced; Odd Lot; Trade Thru Exmpt
12:40:16.496 PM ET,3.129,5,16,Bid,Off Exchange,Deriv Priced; Odd Lot; Trade Thru Exmpt
12:41:34.021 PM ET,3.137,5,16,Bid,Off Exchange,Deriv Priced; Odd Lot; Trade Thru Exmpt
12:42:50.076 PM ET,3.139,5,16,Bid,Off Exchange,Deriv Priced; Odd Lot; Trade Thru Exmpt
12:44:04.950 PM ET,3.143,5,16,Mid,Off Exchange,Deriv Priced; Odd Lot; Trade Thru Exmpt
12:45:23.147 PM ET,3.149,5,16,Mid,Off Exchange,Deriv Priced; Odd Lot; Trade Thru Exmpt
12:46:22.180 PM ET,3.147,5,16,Mid,Off Exchange,Deriv Priced; Odd Lot; Trade Thru Exmpt
12:47:26.228 PM ET,3.146,5,16,Mid,Off Exchange,Deriv Priced; Odd Lot; Trade Thru Exmpt
12:48:28.259 PM ET,3.142,5,16,Ask,Off Exchange,Deriv Priced; Odd Lot; Trade Thru Exmpt
12:49:32.293 PM ET,3.140,5,16,Ask,Off Exchange,Deriv Priced; Odd Lot; Trade Thru Exmpt
12:51:32.927 PM ET,3.144,5,16,Mid,Off Exchange,Deriv Priced; Odd Lot; Trade Thru Exmpt
12:53:32.996 PM ET,3.140,5,16,Bid,Nasdaq GSM,Odd Lot
12:54:32.560 PM ET,3.150,5,16,Mid,Off Exchange,Deriv Priced; Odd Lot; Trade Thru Exmpt
12:56:49.571 PM ET,3.156,5,16,Bid,Off Exchange,Deriv Priced; Odd Lot; Trade Thru Exmpt
12:58:10.447 PM ET,3.154,5,16,Ask,Off Exchange,Deriv Priced; Odd Lot; Trade Thru Exmpt
12:59:20.591 PM ET,3.155,5,16,Mid,Off Exchange,Odd Lot
12:59:23.673 PM ET,3.154,5,16,Mid,Off Exchange,Deriv Priced; Odd Lot; Trade Thru Exmpt
01:00:36.714 PM ET,3.154,5,16,Mid,Off Exchange,Deriv Priced; Odd Lot; Trade Thru Exmpt
01:01:38.053 PM ET,3.152,5,16,Mid,Off Exchange,Deriv Priced; Odd Lot; Trade Thru Exmpt
01:02:42.350 PM ET,3.150,5,16,Mid,Off Exchange,Deriv Priced; Odd Lot; Trade Thru Exmpt
01:03:45.802 PM ET,3.155,5,16,Mid,Off Exchange,Deriv Priced; Odd Lot; Trade Thru Exmpt
01:04:31.953 PM ET,3.160,5,16,Ask,NYSE Arca,Inter Mkt Swp; Odd Lot; Trade Thru Exmpt
01:04:31.958 PM ET,3.150,5,16,Ask,Nasdaq GSM,Inter Mkt Swp; Odd Lot; Trade Thru Exmpt
01:05:19.366 PM ET,3.150,5,16,Ask,Nasdaq GSM,Inter Mkt Swp; Odd Lot; Trade Thru Exmpt
01:05:19.367 PM ET,3.150,5,16,Ask,Nasdaq GSM,Inter Mkt Swp; Odd Lot; Trade Thru Exmpt
01:05:43.870 PM ET,3.154,5,16,Mid,Off Exchange,Deriv Priced; Odd Lot; Trade Thru Exmpt
01:06:53.903 PM ET,3.155,5,16,Ask,Off Exchange,Deriv Priced; Odd Lot; Trade Thru Exmpt
01:07:04.736 PM ET,3.154,5,16,Mid,Off Exchange,Odd Lot
01:08:09.291 PM ET,3.160,5,16,Ask,Nasdaq GSM,Inter Mkt Swp; Odd Lot; Trade Thru Exmpt
01:08:54.970 PM ET,3.157,5,16,Mid,Off Exchange,Deriv Priced; Odd Lot; Trade Thru Exmpt
01:09:44.519 PM ET,3.154,5,16,Mid,Off Exchange,Odd Lot
01:10:06.007 PM ET,3.158,5,16,Ask,Off Exchange,Deriv Priced; Odd Lot; Trade Thru Exmpt
01:11:14.046 PM ET,3.161,5,16,Ask,Off Exchange,Deriv Priced; Odd Lot; Trade Thru Exmpt
01:12:18.089 PM ET,3.162,5,16,Ask,Off Exchange,Deriv Priced; Odd Lot; Trade Thru Exmpt
01:13:26.331 PM ET,3.156,5,16,Ask,Off Exchange,Odd Lot
01:13:29.640 PM ET,3.149,5,16,Mid,Off Exchange,Deriv Priced; Odd Lot; Trade Thru Exmpt
01:14:37.269 PM ET,3.150,5,16,Bid,Off Exchange,Deriv Priced; Odd Lot; Trade Thru Exmpt
01:15:40.182 PM ET,3.150,5,16,Bid,Off Exchange,Deriv Priced; Odd Lot; Trade Thru Exmpt
01:17:38.285 PM ET,3.150,5,16,Bid,Off Exchange,Deriv Priced; Odd Lot; Trade Thru Exmpt
01:18:44.321 PM ET,3.150,5,16,Bid,Off Exchange,Deriv Priced; Odd Lot; Trade Thru Exmpt
01:20:35.376 PM ET,3.150,5,16,Ask,Off Exchange,Deriv Priced; Odd Lot; Trade Thru Exmpt
01:22:33.479 PM ET,3.147,5,16,Mid,Off Exchange,Deriv Priced; Odd Lot; Trade Thru Exmpt
01:24:33.528 PM ET,3.146,5,16,Bid,Off Exchange,Deriv Priced; Odd Lot; Trade Thru Exmpt
01:26:30.591 PM ET,3.170,5,16,Ask,Off Exchange,Deriv Priced; Odd Lot; Trade Thru Exmpt
01:28:32.650 PM ET,3.164,5,16,Mid,Off Exchange,Deriv Priced; Odd Lot; Trade Thru Exmpt
01:28:49.554 PM ET,3.160,5,16,Ask,Cboe BYX,Inter Mkt Swp; Odd Lot; Trade Thru Exmpt
01:28:49.554 PM ET,3.160,5,16,Ask,MEMX,Odd Lot
01:29:33.533 PM ET,3.163,5,16,Ask,Off Exchange,Deriv Priced; Odd Lot; Trade Thru Exmpt
01:32:25.783 PM ET,3.156,5,16,Mid,Off Exchange,Deriv Priced; Odd Lot; Trade Thru Exmpt
01:33:28.346 PM ET,3.155,5,16,Mid,Off Exchange,Deriv Priced; Odd Lot; Trade Thru Exmpt
01:33:41.361 PM ET,3.162,5,16,Ask,Off Exchange,Odd Lot
01:34:33.784 PM ET,3.150,5,16,Ask,Off Exchange,Deriv Priced; Odd Lot; Trade Thru Exmpt
01:39:48.012 PM ET,3.139,5,16,Mid,Off Exchange,Deriv Priced; Odd Lot; Trade Thru Exmpt
01:40:59.473 PM ET,3.135,5,16,Ask,Off Exchange,Deriv Priced; Odd Lot; Trade Thru Exmpt
01:42:13.352 PM ET,3.134,5,16,Mid,Off Exchange,Deriv Priced; Odd Lot; Trade Thru Exmpt
01:43:17.120 PM ET,3.134,5,16,Mid,Off Exchange,Deriv Priced; Odd Lot; Trade Thru Exmpt
01:44:29.160 PM ET,3.134,5,16,Bid,Off Exchange,Deriv Priced; Odd Lot; Trade Thru Exmpt
01:45:40.937 PM ET,3.136,5,16,Bid,Off Exchange,Deriv Priced; Odd Lot; Trade Thru Exmpt
01:46:56.231 PM ET,3.141,5,16,Mid,Off Exchange,Deriv Priced; Odd Lot; Trade Thru Exmpt
01:50:09.351 PM ET,3.154,5,16,Bid,Off Exchange,Deriv Priced; Odd Lot; Trade Thru Exmpt
01:51:19.387 PM ET,3.156,5,16,Mid,Off Exchange,Deriv Priced; Odd Lot; Trade Thru Exmpt
01:52:32.444 PM ET,3.154,5,16,Mid,Off Exchange,Deriv Priced; Odd Lot; Trade Thru Exmpt
01:53:07.956 PM ET,3.145,5,16,Mid,Off Exchange,Odd Lot
01:53:34.519 PM ET,3.155,5,16,Mid,Off Exchange,Odd Lot
01:53:45.784 PM ET,3.154,5,16,Mid,Off Exchange,Deriv Priced; Odd Lot; Trade Thru Exmpt
01:54:09.934 PM ET,3.165,5,16,Mid,IEX,Odd Lot
01:54:53.966 PM ET,3.165,5,16,Mid,Off Exchange,Odd Lot
01:54:54.500 PM ET,3.153,5,16,Bid,Off Exchange,Deriv Priced; Odd Lot; Trade Thru Exmpt
01:56:04.933 PM ET,3.151,5,16,Bid,Off Exchange,Deriv Priced; Odd Lot; Trade Thru Exmpt
01:57:14.544 PM ET,3.153,5,16,Bid,Off Exchange,Deriv Priced; Odd Lot; Trade Thru Exmpt
01:57:39.447 PM ET,3.160,5,16,Bid,IEX,Odd Lot
01:58:29.569 PM ET,3.155,5,16,Bid,Off Exchange,Deriv Priced; Odd Lot; Trade Thru Exmpt
01:59:39.613 PM ET,3.159,5,16,Bid,Off Exchange,Deriv Priced; Odd Lot; Trade Thru Exmpt
01:59:45.568 PM ET,3.175,5,16,Mid,Off Exchange,Odd Lot
02:00:42.630 PM ET,3.159,5,16,Bid,Off Exchange,Deriv Priced; Odd Lot; Trade Thru Exmpt
02:01:01.313 PM ET,3.170,5,16,Bid,Off Exchange,Odd Lot
02:01:13.767 PM ET,3.170,5,16,Ask,Nasdaq GSM,Odd Lot
02:01:49.671 PM ET,3.163,5,16,Bid,Off Exchange,Deriv Priced; Odd Lot; Trade Thru Exmpt
02:02:56.711 PM ET,3.170,5,16,Bid,Off Exchange,Deriv Priced; Odd Lot; Trade Thru Exmpt
02:04:07.737 PM ET,3.172,5,16,Bid,Off Exchange,Deriv Priced; Odd Lot; Trade Thru Exmpt
02:05:13.253 PM ET,3.172,5,16,Bid,Off Exchange,Deriv Priced; Odd Lot; Trade Thru Exmpt
02:06:15.834 PM ET,3.173,5,16,Bid,Off Exchange,Deriv Priced; Odd Lot; Trade Thru Exmpt
02:06:18.152 PM ET,3.185,5,16,Mid,IEX,Odd Lot
02:07:21.877 PM ET,3.183,5,16,Mid,Off Exchange,Deriv Priced; Odd Lot; Trade Thru Exmpt
02:08:22.038 PM ET,3.190,5,16,Bid,Cboe BZX,Odd Lot
02:10:55.826 PM ET,3.200,5,16,Ask,Cboe EDGX,Odd Lot
02:13:22.305 PM ET,3.198,5,16,Bid,Off Exchange,Deriv Priced; Odd Lot; Trade Thru Exmpt
02:21:24.337 PM ET,3.202,5,16,Ask,Off Exchange,Deriv Priced; Odd Lot; Trade Thru Exmpt
02:22:46.591 PM ET,3.180,5,16,Ask,Cboe EDGA,Inter Mkt Swp; Odd Lot; Trade Thru Exmpt
02:28:06.343 PM ET,3.189,5,16,Bid,Off Exchange,Deriv Priced; Odd Lot; Trade Thru Exmpt
02:29:01.815 PM ET,3.190,5,16,Bid,Off Exchange,Deriv Priced; Odd Lot; Trade Thru Exmpt
02:29:58.891 PM ET,3.194,5,16,Mid,Off Exchange,Deriv Priced; Odd Lot; Trade Thru Exmpt
02:33:26.078 PM ET,3.190,5,16,Bid,Nasdaq GSM,Odd Lot
02:37:59.484 PM ET,3.190,5,16,Ask,Nasdaq GSM,Inter Mkt Swp; Odd Lot; Trade Thru Exmpt
02:42:02.475 PM ET,3.185,5,16,Mid,Off Exchange,Odd Lot
02:47:01.829 PM ET,3.190,5,16,Ask,Nasdaq GSM,Odd Lot
02:47:49.989 PM ET,3.195,5,16,Mid,Off Exchange,Odd Lot
02:49:46.084 PM ET,3.190,5,16,Bid,Nasdaq GSM,Inter Mkt Swp; Odd Lot; Trade Thru Exmpt
02:53:17.613 PM ET,3.175,5,16,Mid,Off Exchange,Deriv Priced; Odd Lot; Trade Thru Exmpt
02:59:22.255 PM ET,3.175,5,16,Mid,Cboe BZX,Odd Lot
03:04:22.411 PM ET,3.175,5,16,Mid,Cboe EDGX,Odd Lot
03:09:35.485 PM ET,3.195,5,16,Mid,Off Exchange,Odd Lot
03:09:49.549 PM ET,3.191,5,16,Mid,Off Exchange,Deriv Priced; Odd Lot; Trade Thru Exmpt
03:12:11.215 PM ET,3.191,5,16,Mid,Off Exchange,Deriv Priced; Odd Lot; Trade Thru Exmpt
03:14:46.385 PM ET,3.200,5,16,Ask,Nasdaq GSM,Odd Lot
03:19:38.423 PM ET,3.195,5,16,Mid,Cboe EDGX,Odd Lot
03:24:31.479 PM ET,3.220,5,16,Ask,Nasdaq GSM,Inter Mkt Swp; Odd Lot; Trade Thru Exmpt
03:28:35.455 PM ET,3.215,5,16,Mid,NYSE,Odd Lot
03:30:09.419 PM ET,3.215,5,16,Mid,Off Exchange,Deriv Priced; Odd Lot; Trade Thru Exmpt
03:31:42.260 PM ET,3.210,5,16,Ask,Cboe EDGX,Inter Mkt Swp; Odd Lot; Trade Thru Exmpt
03:36:02.705 PM ET,3.210,5,16,Bid,IEX,Odd Lot
03:36:02.705 PM ET,3.220,5,16,Ask,Off Exchange,Odd Lot
03:37:02.794 PM ET,3.210,5,16,Ask,Off Exchange,Odd Lot
03:37:38.403 PM ET,3.205,5,16,Mid,Nasdaq GSM,Odd Lot
03:39:18.828 PM ET,3.200,5,16,Bid,IEX,Odd Lot
03:41:20.651 PM ET,3.202,5,16,Mid,Off Exchange,Deriv Priced; Odd Lot; Trade Thru Exmpt
03:41:23.766 PM ET,3.205,5,16,Mid,Off Exchange,Odd Lot
03:42:53.763 PM ET,3.205,5,16,Mid,Off Exchange,Odd Lot
03:42:54.877 PM ET,3.200,5,16,Bid,IEX,Odd Lot
03:43:52.428 PM ET,3.203,5,16,Mid,Off Exchange,Deriv Priced; Odd Lot; Trade Thru Exmpt
03:44:17.326 PM ET,3.195,5,16,Mid,NYSE American,Odd Lot
03:48:07.470 PM ET,3.190,5,16,Ask,Off Exchange,Odd Lot
03:49:00.248 PM ET,3.185,5,16,Mid,Off Exchange,Odd Lot
03:50:29.064 PM ET,3.190,5,16,Ask,Off Exchange,Odd Lot
03:52:02.226 PM ET,3.185,5,16,Mid,Off Exchange,Odd Lot
03:52:40.761 PM ET,3.185,5,16,Mid,Off Exchange,Odd Lot
03:54:09.234 PM ET,3.185,5,16,Mid,Off Exchange,Odd Lot
03:55:23.166 PM ET,3.205,5,16,Mid,Off Exchange,Odd Lot
03:56:07.866 PM ET,3.205,5,16,Mid,Off Exchange,Odd Lot
03:56:39.576 PM ET,3.199,5,16,Mid,Off Exchange,Deriv Priced; Odd Lot; Trade Thru Exmpt
03:56:43.526 PM ET,3.195,5,16,Mid,Off Exchange,Odd Lot
03:56:51.410 PM ET,3.199,5,16,Mid,Off Exchange,Deriv Priced; Odd Lot; Trade Thru Exmpt
03:57:32.687 PM ET,3.195,5,16,Mid,Off Exchange,Odd Lot
03:57:47.047 PM ET,3.195,5,16,Mid,Off Exchange,Odd Lot
03:58:11.394 PM ET,3.195,5,16,Mid,Off Exchange,Odd Lot
03:58:11.395 PM ET,3.195,5,16,Mid,Off Exchange,Odd Lot
03:58:30.147 PM ET,3.195,5,16,Mid,Off Exchange,Odd Lot
03:58:50.567 PM ET,3.195,5,16,Mid,Off Exchange,Odd Lot
03:58:56.085 PM ET,3.195,5,16,Mid,Off Exchange,Odd Lot
03:58:57.458 PM ET,3.200,5,16,Ask,Off Exchange,Odd Lot
03:59:07.925 PM ET,3.195,5,16,None,IEX,Odd Lot
03:59:31.751 PM ET,3.200,5,16,None,Off Exchange,Odd Lot
03:59:37.243 PM ET,3.195,5,16,None,Off Exchange,Odd Lot
03:59:45.755 PM ET,3.195,5,16,None,Off Exchange,Odd Lot
09:32:01.506 AM ET,3.260,4,13,Ask,Off Exchange,Odd Lot
09:35:00.216 AM ET,3.215,4,13,Mid,Off Exchange,Odd Lot
09:46:31.257 AM ET,3.210,4,13,Bid,Cboe BZX,Odd Lot
09:47:08.904 AM ET,3.210,4,13,Bid,NYSE Arca,Inter Mkt Swp; Odd Lot; Trade Thru Exmpt
09:48:42.614 AM ET,3.229,4,13,Mid,Off Exchange,Odd Lot
09:52:58.520 AM ET,3.255,4,13,Mid,Off Exchange,Odd Lot
09:53:29.661 AM ET,3.244,4,13,Mid,Off Exchange,Odd Lot
09:57:42.150 AM ET,3.240,4,13,Bid,IEX,Odd Lot
10:06:00.337 AM ET,3.205,4,13,Mid,IEX,Odd Lot
10:06:08.686 AM ET,3.210,4,13,Ask,Nasdaq GSM,Inter Mkt Swp; Odd Lot; Trade Thru Exmpt
10:06:08.801 AM ET,3.215,4,13,Mid,Off Exchange,Odd Lot
10:06:11.036 AM ET,3.210,4,13,Bid,Nasdaq GSM,Inter Mkt Swp; Odd Lot; Trade Thru Exmpt
10:06:15.827 AM ET,3.214,4,13,Mid,Off Exchange,Odd Lot
10:08:43.546 AM ET,3.215,4,13,Mid,Nasdaq GSM,Odd Lot
10:11:05.629 AM ET,3.225,4,13,Mid,Off Exchange,Odd Lot
10:14:46.975 AM ET,3.215,4,13,Mid,Off Exchange,Odd Lot
10:55:11.653 AM ET,3.224,4,13,Mid,Off Exchange,Odd Lot
10:56:32.140 AM ET,3.220,4,13,Ask,Cboe EDGX,Odd Lot
10:59:52.236 AM ET,3.220,4,13,Ask,Cboe BZX,Odd Lot
11:01:02.414 AM ET,3.214,4,13,Mid,Off Exchange,Odd Lot
11:02:43.309 AM ET,3.215,4,13,Mid,Off Exchange,Deriv Priced; Odd Lot; Trade Thru Exmpt
11:06:35.161 AM ET,3.210,4,13,Bid,NYSE Arca,Odd Lot
11:06:35.161 AM ET,3.210,4,13,Bid,IEX,Odd Lot
11:15:34.566 AM ET,3.215,4,13,Mid,Off Exchange,Odd Lot
11:32:56.938 AM ET,3.214,4,13,Mid,Off Exchange,Odd Lot
11:46:43.376 AM ET,3.230,4,13,Ask,Off Exchange,Deriv Priced; Odd Lot; Trade Thru Exmpt
11:59:51.014 AM ET,3.175,4,13,Mid,Nasdaq GSM,Odd Lot
12:15:47.252 PM ET,3.195,4,13,Mid,Off Exchange,Odd Lot
12:17:13.409 PM ET,3.175,4,13,Bid,NYSE National,Odd Lot; Trade Thru Exmpt
12:17:33.438 PM ET,3.200,4,13,None,IEX,Odd Lot
12:23:35.322 PM ET,3.140,4,13,Bid,NYSE Arca,Inter Mkt Swp; Odd Lot; Trade Thru Exmpt
12:30:42.125 PM ET,3.145,4,13,Mid,Off Exchange,Odd Lot
12:30:56.224 PM ET,3.140,4,13,Bid,Nasdaq GSM,Odd Lot
12:33:45.643 PM ET,3.155,4,13,Ask,Off Exchange,Odd Lot
12:37:44.075 PM ET,3.121,4,12,Mid,Off Exchange,Deriv Priced; Odd Lot; Trade Thru Exmpt
12:43:17.490 PM ET,3.140,4,13,Bid,IEX,Odd Lot
12:48:19.428 PM ET,3.135,4,13,Mid,Off Exchange,Odd Lot
12:50:24.447 PM ET,3.135,4,13,Mid,NYSE,Odd Lot
12:50:30.336 PM ET,3.140,4,13,Ask,Off Exchange,Deriv Priced; Odd Lot; Trade Thru Exmpt
12:51:14.564 PM ET,3.150,4,13,Mid,Nasdaq GSM,Odd Lot
12:52:22.710 PM ET,3.145,4,13,Mid,Off Exchange,Odd Lot
12:52:32.944 PM ET,3.150,4,13,Mid,Off Exchange,Deriv Priced; Odd Lot; Trade Thru Exmpt
12:53:32.970 PM ET,3.150,4,13,Mid,Off Exchange,Deriv Priced; Odd Lot; Trade Thru Exmpt
12:53:57.481 PM ET,3.150,4,13,Mid,Off Exchange,Odd Lot
12:55:33.025 PM ET,3.150,4,13,Mid,Off Exchange,Deriv Priced; Odd Lot; Trade Thru Exmpt
12:58:04.414 PM ET,3.140,4,13,Bid,Off Exchange,Odd Lot
01:00:17.265 PM ET,3.150,4,13,Bid,IEX,Odd Lot
01:00:28.369 PM ET,3.150,4,13,Bid,Off Exchange,Odd Lot
01:04:46.531 PM ET,3.156,4,13,Ask,Off Exchange,Deriv Priced; Odd Lot; Trade Thru Exmpt
01:05:19.366 PM ET,3.150,4,13,Ask,Nasdaq GSM,Inter Mkt Swp; Odd Lot; Trade Thru Exmpt
01:05:19.367 PM ET,3.150,4,13,Ask,Nasdaq GSM,Inter Mkt Swp; Odd Lot; Trade Thru Exmpt
01:07:46.929 PM ET,3.153,4,13,Bid,Off Exchange,Deriv Priced; Odd Lot; Trade Thru Exmpt
01:10:16.298 PM ET,3.144,4,13,Mid,Off Exchange,Odd Lot
01:16:38.227 PM ET,3.150,4,13,Bid,Off Exchange,Deriv Priced; Odd Lot; Trade Thru Exmpt
01:19:39.533 PM ET,3.150,4,13,Bid,Off Exchange,Deriv Priced; Odd Lot; Trade Thru Exmpt
01:21:40.488 PM ET,3.148,4,13,Mid,Off Exchange,Deriv Priced; Odd Lot; Trade Thru Exmpt
01:23:33.766 PM ET,3.147,4,13,Bid,Off Exchange,Deriv Priced; Odd Lot; Trade Thru Exmpt
01:25:33.808 PM ET,3.146,4,13,Bid,Off Exchange,Deriv Priced; Odd Lot; Trade Thru Exmpt
01:27:33.869 PM ET,3.164,4,13,Mid,Off Exchange,Deriv Priced; Odd Lot; Trade Thru Exmpt
01:28:06.799 PM ET,3.160,4,13,Bid,Cboe BZX,Odd Lot
01:28:42.197 PM ET,3.160,4,13,Bid,Cboe BZX,Inter Mkt Swp; Odd Lot; Trade Thru Exmpt
01:30:33.814 PM ET,3.163,4,13,Ask,Off Exchange,Deriv Priced; Odd Lot; Trade Thru Exmpt
01:31:19.741 PM ET,3.160,4,13,Ask,Off Exchange,Deriv Priced; Odd Lot; Trade Thru Exmpt
01:35:34.071 PM ET,3.150,4,13,Ask,Off Exchange,Deriv Priced; Odd Lot; Trade Thru Exmpt
01:36:34.088 PM ET,3.148,4,13,Ask,Off Exchange,Deriv Priced; Odd Lot; Trade Thru Exmpt
01:37:34.114 PM ET,3.146,4,13,Ask,Off Exchange,Deriv Priced; Odd Lot; Trade Thru Exmpt
01:38:34.141 PM ET,3.143,4,13,Ask,Off Exchange,Deriv Priced; Odd Lot; Trade Thru Exmpt
01:40:16.559 PM ET,3.140,4,13,Bid,NYSE Arca,Odd Lot
01:47:57.277 PM ET,3.142,4,13,Mid,Off Exchange,Deriv Priced; Odd Lot; Trade Thru Exmpt
01:48:58.305 PM ET,3.152,4,13,Mid,Off Exchange,Deriv Priced; Odd Lot; Trade Thru Exmpt
01:51:31.461 PM ET,3.150,4,13,Bid,IEX,Odd Lot
02:08:22.037 PM ET,3.190,4,13,Bid,Cboe BZX,Inter Mkt Swp; Odd Lot; Trade Thru Exmpt
02:15:02.584 PM ET,3.206,4,13,Bid,Off Exchange,Deriv Priced; Odd Lot; Trade Thru Exmpt
02:32:03.595 PM ET,3.199,4,13,Mid,Off Exchange,Deriv Priced; Odd Lot; Trade Thru Exmpt
02:33:25.312 PM ET,3.195,4,13,Mid,Off Exchange,Odd Lot
02:41:01.118 PM ET,3.185,4,13,Mid,Off Exchange,Odd Lot
02:45:37.335 PM ET,3.185,4,13,Mid,Off Exchange,Odd Lot
02:47:44.979 PM ET,3.195,4,13,Mid,Off Exchange,Odd Lot
02:49:19.998 PM ET,3.195,4,13,Mid,Off Exchange,Odd Lot
02:53:43.863 PM ET,3.174,4,13,Mid,Off Exchange,Deriv Priced; Odd Lot; Trade Thru Exmpt
02:57:23.333 PM ET,3.172,4,13,Mid,Off Exchange,Deriv Priced; Odd Lot; Trade Thru Exmpt
03:22:47.801 PM ET,3.200,4,13,Bid,Nasdaq GSM,Odd Lot
03:31:38.133 PM ET,3.220,4,13,Ask,Off Exchange,Odd Lot
03:33:19.933 PM ET,3.209,4,13,Mid,Off Exchange,Deriv Priced; Odd Lot; Trade Thru Exmpt
03:38:27.361 PM ET,3.208,4,13,Mid,Off Exchange,Deriv Priced; Odd Lot; Trade Thru Exmpt
03:38:29.072 PM ET,3.205,4,13,Mid,Off Exchange,Odd Lot
03:39:05.870 PM ET,3.200,4,13,Bid,Nasdaq GSM,Inter Mkt Swp; Odd Lot; Trade Thru Exmpt
03:40:18.982 PM ET,3.205,4,13,Mid,Off Exchange,Odd Lot
03:40:34.176 PM ET,3.200,4,13,Bid,IEX,Odd Lot
03:41:34.446 PM ET,3.210,4,13,Ask,Off Exchange,Odd Lot
03:41:44.548 PM ET,3.205,4,13,Mid,NYSE American,Odd Lot
03:42:53.454 PM ET,3.205,4,13,Mid,Off Exchange,Odd Lot
03:43:44.680 PM ET,3.205,4,13,Mid,Off Exchange,Odd Lot
03:44:45.135 PM ET,3.190,4,13,Bid,Cboe BYX,Inter Mkt Swp; Odd Lot; Trade Thru Exmpt
03:45:04.580 PM ET,3.199,4,13,Mid,Off Exchange,Odd Lot
03:45:22.644 PM ET,3.195,4,13,Mid,Off Exchange,Deriv Priced; Odd Lot; Trade Thru Exmpt
03:47:26.515 PM ET,3.190,4,13,Ask,Off Exchange,Deriv Priced; Odd Lot; Trade Thru Exmpt
03:50:49.395 PM ET,3.185,4,13,Mid,Off Exchange,Odd Lot
03:52:39.359 PM ET,3.185,4,13,Mid,Off Exchange,Deriv Priced; Odd Lot; Trade Thru Exmpt
03:53:21.745 PM ET,3.183,4,13,Mid,Off Exchange,Deriv Priced; Odd Lot; Trade Thru Exmpt
03:55:03.730 PM ET,3.205,4,13,Mid,Off Exchange,Odd Lot
03:55:06.326 PM ET,3.205,4,13,Mid,IEX,Odd Lot
03:57:20.260 PM ET,3.195,4,13,Mid,Off Exchange,Odd Lot
03:58:39.685 PM ET,3.195,4,13,Mid,Off Exchange,Odd Lot
03:58:57.504 PM ET,3.200,4,13,Ask,Off Exchange,Odd Lot
03:59:17.338 PM ET,3.200,4,13,None,Off Exchange,Odd Lot
03:59:31.304 PM ET,3.195,4,13,None,Off Exchange,Odd Lot
03:59:31.306 PM ET,3.195,4,13,None,Off Exchange,Odd Lot
03:59:31.366 PM ET,3.200,4,13,None,Cboe EDGX,Odd Lot
03:59:45.744 PM ET,3.195,4,13,None,Off Exchange,Odd Lot
03:59:45.761 PM ET,3.200,4,13,None,Off Exchange,Odd Lot
03:59:45.801 PM ET,3.200,4,13,None,Off Exchange,Odd Lot
03:59:48.069 PM ET,3.195,4,13,None,Off Exchange,Odd Lot
03:59:55.178 PM ET,3.190,4,13,None,IEX,Odd Lot
03:59:56.482 PM ET,3.200,4,13,None,NYSE National,Inter Mkt Swp; Odd Lot; Trade Thru Exmpt
09:34:46.542 AM ET,3.210,3,10,Mid,Off Exchange,Odd Lot
09:46:34.786 AM ET,3.214,3,10,Mid,Off Exchange,Odd Lot
10:05:22.279 AM ET,3.205,3,10,Mid,Off Exchange,Odd Lot
10:05:28.984 AM ET,3.205,3,10,Mid,Off Exchange,Odd Lot
10:06:16.085 AM ET,3.215,3,10,Mid,Off Exchange,Odd Lot
10:08:54.089 AM ET,3.220,3,10,Ask,Off Exchange,Odd Lot
10:09:25.186 AM ET,3.215,3,10,Mid,Nasdaq GSM,Odd Lot
10:10:16.388 AM ET,3.220,3,10,Ask,Cboe BZX,Odd Lot
10:10:30.384 AM ET,3.220,3,10,Bid,Cboe BZX,Inter Mkt Swp; Odd Lot; Trade Thru Exmpt
10:10:36.089 AM ET,3.225,3,10,Mid,Off Exchange,Odd Lot
10:14:46.903 AM ET,3.215,3,10,Bid,IEX,Odd Lot
10:23:16.813 AM ET,3.209,3,10,Mid,Off Exchange,Odd Lot
10:46:08.873 AM ET,3.224,3,10,Mid,Off Exchange,Odd Lot
10:48:48.507 AM ET,3.224,3,10,Mid,Off Exchange,Odd Lot
10:49:35.641 AM ET,3.224,3,10,Mid,Off Exchange,Odd Lot
10:54:07.442 AM ET,3.224,3,10,Mid,Off Exchange,Odd Lot
10:56:15.088 AM ET,3.214,3,10,Mid,Off Exchange,Odd Lot
11:03:41.989 AM ET,3.214,3,10,Mid,Off Exchange,Odd Lot
11:04:45.778 AM ET,3.214,3,10,Mid,Off Exchange,Odd Lot
11:12:07.531 AM ET,3.225,3,10,Mid,Off Exchange,Odd Lot
11:12:49.020 AM ET,3.225,3,10,Mid,Off Exchange,Odd Lot
11:13:32.758 AM ET,3.225,3,10,Mid,Off Exchange,Odd Lot
11:13:51.141 AM ET,3.224,3,10,Mid,Off Exchange,Odd Lot
11:14:17.407 AM ET,3.225,3,10,Mid,Off Exchange,Odd Lot
11:15:44.698 AM ET,3.215,3,10,Mid,Off Exchange,Odd Lot
11:15:53.200 AM ET,3.215,3,10,Mid,Off Exchange,Odd Lot
11:21:14.869 AM ET,3.214,3,10,Mid,Off Exchange,Odd Lot
11:31:53.102 AM ET,3.214,3,10,Mid,Off Exchange,Odd Lot
11:36:08.440 AM ET,3.214,3,10,Mid,Off Exchange,Odd Lot
11:37:44.188 AM ET,3.214,3,10,Mid,Off Exchange,Odd Lot
11:48:37.803 AM ET,3.220,3,10,Bid,Cboe BZX,Inter Mkt Swp; Odd Lot; Trade Thru Exmpt
11:49:43.383 AM ET,3.222,3,10,Mid,Off Exchange,Deriv Priced; Odd Lot; Trade Thru Exmpt
11:56:05.737 AM ET,3.225,3,10,Mid,Off Exchange,Odd Lot
11:56:13.890 AM ET,3.220,3,10,Ask,NYSE Arca,Inter Mkt Swp; Odd Lot; Trade Thru Exmpt
12:05:08.965 PM ET,3.180,3,10,Bid,Cboe BZX,Inter Mkt Swp; Odd Lot; Trade Thru Exmpt
12:10:36.074 PM ET,3.180,3,10,Ask,Off Exchange,Odd Lot
12:11:27.238 PM ET,3.185,3,10,Mid,Off Exchange,Odd Lot
12:17:13.511 PM ET,3.180,3,10,Bid,MEMX,Inter Mkt Swp; Odd Lot; Trade Thru Exmpt
12:17:15.582 PM ET,3.180,3,10,Bid,Nasdaq GSM,Inter Mkt Swp; Odd Lot; Trade Thru Exmpt
12:17:35.940 PM ET,3.190,3,10,None,Nasdaq GSM,Odd Lot
12:24:28.362 PM ET,3.140,3,9,Ask,Off Exchange,Odd Lot
12:25:17.165 PM ET,3.142,3,9,Ask,Off Exchange,Deriv Priced; Odd Lot; Trade Thru Exmpt
12:26:24.815 PM ET,3.180,3,10,Ask,Nasdaq GSM,Odd Lot
12:26:47.120 PM ET,3.160,3,9,Ask,Nasdaq GSM,Inter Mkt Swp; Odd Lot; Trade Thru Exmpt
12:30:42.125 PM ET,3.145,3,9,Mid,Off Exchange,Odd Lot
12:35:19.234 PM ET,3.120,3,9,Bid,Off Exchange,Odd Lot
12:43:35.248 PM ET,3.145,3,9,Mid,Off Exchange,Odd Lot
12:51:04.785 PM ET,3.145,3,9,Mid,MEMX,Odd Lot
12:51:39.625 PM ET,3.150,3,9,Bid,Nasdaq GSM,Odd Lot
12:52:04.412 PM ET,3.150,3,9,Bid,Off Exchange,Odd Lot
12:52:44.656 PM ET,3.145,3,9,Mid,Off Exchange,Deriv Priced; Odd Lot; Trade Thru Exmpt
01:05:19.366 PM ET,3.150,3,9,Ask,Nasdaq GSM,Inter Mkt Swp; Odd Lot; Trade Thru Exmpt
01:05:19.367 PM ET,3.150,3,9,Ask,Nasdaq GSM,Inter Mkt Swp; Odd Lot; Trade Thru Exmpt
01:06:25.055 PM ET,3.145,3,9,Mid,NYSE American,Odd Lot
01:08:08.749 PM ET,3.164,3,9,Mid,Off Exchange,Odd Lot
01:13:11.903 PM ET,3.145,3,9,Mid,Off Exchange,Odd Lot
01:15:14.945 PM ET,3.150,3,9,Bid,IEX,Odd Lot
01:20:58.550 PM ET,3.140,3,9,Bid,NYSE Arca,Odd Lot
01:21:29.331 PM ET,3.140,3,9,Bid,NYSE Arca,Inter Mkt Swp; Odd Lot; Trade Thru Exmpt
01:22:37.685 PM ET,3.149,3,9,Mid,Off Exchange,Odd Lot
01:23:05.191 PM ET,3.150,3,9,Bid,Cboe BZX,Odd Lot
01:23:26.801 PM ET,3.149,3,9,Bid,Off Exchange,Odd Lot
01:26:22.429 PM ET,3.175,3,10,Mid,MEMX,Odd Lot
01:26:24.161 PM ET,3.170,3,10,Bid,Cboe BYX,Inter Mkt Swp; Odd Lot; Trade Thru Exmpt
01:28:06.799 PM ET,3.160,3,9,Bid,Cboe EDGX,Odd Lot
01:28:19.524 PM ET,3.160,3,9,Bid,NYSE Arca,Inter Mkt Swp; Odd Lot; Trade Thru Exmpt
01:30:06.547 PM ET,3.150,3,9,Bid,Nasdaq GSM,Odd Lot
01:33:50.818 PM ET,3.155,3,9,Mid,IEX,Odd Lot
01:34:18.144 PM ET,3.150,3,9,Ask,NYSE American,Inter Mkt Swp; Odd Lot; Trade Thru Exmpt
01:43:22.465 PM ET,3.140,3,9,Bid,NYSE Arca,Inter Mkt Swp; Odd Lot; Trade Thru Exmpt
01:58:06.965 PM ET,3.160,3,9,Bid,Nasdaq GSM,Odd Lot
01:58:41.147 PM ET,3.170,3,10,Ask,Nasdaq GSM,Inter Mkt Swp; Odd Lot; Trade Thru Exmpt
01:59:15.451 PM ET,3.175,3,10,Mid,Off Exchange,Odd Lot
02:00:14.423 PM ET,3.175,3,10,Mid,Off Exchange,Odd Lot
02:00:56.823 PM ET,3.170,3,10,Bid,MEMX,Inter Mkt Swp; Odd Lot; Trade Thru Exmpt
02:02:55.564 PM ET,3.163,3,9,Bid,Off Exchange,Odd Lot
02:06:16.071 PM ET,3.185,3,10,Mid,Off Exchange,Odd Lot
02:12:34.770 PM ET,3.195,3,10,Mid,Off Exchange,Odd Lot
02:13:08.595 PM ET,3.205,3,10,Mid,Nasdaq GSM,Odd Lot
02:13:10.826 PM ET,3.208,3,10,Mid,Off Exchange,Odd Lot
02:17:15.642 PM ET,3.215,3,10,Mid,Off Exchange,Odd Lot
02:19:33.874 PM ET,3.180,3,10,Bid,Nasdaq GSM,Odd Lot
02:19:33.875 PM ET,3.180,3,10,Bid,Nasdaq GSM,Inter Mkt Swp; Odd Lot; Trade Thru Exmpt
02:22:46.591 PM ET,3.180,3,10,Ask,Nasdaq GSM,Inter Mkt Swp; Odd Lot; Trade Thru Exmpt
02:25:23.934 PM ET,3.190,3,10,Ask,NYSE National,Inter Mkt Swp; Odd Lot; Trade Thru Exmpt
02:25:23.943 PM ET,3.190,3,10,Ask,MEMX,Odd Lot
02:29:14.327 PM ET,3.196,3,10,Mid,Off Exchange,Deriv Priced; Odd Lot; Trade Thru Exmpt
02:29:49.769 PM ET,3.196,3,10,Mid,Off Exchange,Deriv Priced; Odd Lot; Trade Thru Exmpt
02:30:28.307 PM ET,3.195,3,10,Mid,Off Exchange,Deriv Priced; Odd Lot; Trade Thru Exmpt
02:32:00.396 PM ET,3.200,3,10,Mid,Off Exchange,Deriv Priced; Odd Lot; Trade Thru Exmpt
02:32:35.424 PM ET,3.199,3,10,Mid,Off Exchange,Deriv Priced; Odd Lot; Trade Thru Exmpt
02:33:26.079 PM ET,3.190,3,10,Bid,NYSE,Odd Lot
02:34:57.853 PM ET,3.194,3,10,Mid,Off Exchange,Odd Lot
02:35:21.896 PM ET,3.200,3,10,Bid,Cboe BYX,Inter Mkt Swp; Odd Lot; Trade Thru Exmpt
02:36:25.576 PM ET,3.197,3,10,Mid,Off Exchange,Deriv Priced; Odd Lot; Trade Thru Exmpt
02:37:32.632 PM ET,3.200,3,10,Mid,Off Exchange,Deriv Priced; Odd Lot; Trade Thru Exmpt
02:41:09.947 PM ET,3.185,3,10,Mid,Off Exchange,Odd Lot
02:41:11.268 PM ET,3.185,3,10,Mid,Off Exchange,Odd Lot
02:41:37.533 PM ET,3.185,3,10,Mid,Off Exchange,Odd Lot
02:45:06.995 PM ET,3.189,3,10,Mid,Off Exchange,Deriv Priced; Odd Lot; Trade Thru Exmpt
02:45:07.018 PM ET,3.185,3,10,Mid,Off Exchange,Odd Lot
02:45:21.997 PM ET,3.188,3,10,Mid,Off Exchange,Deriv Priced; Odd Lot; Trade Thru Exmpt
02:45:42.015 PM ET,3.188,3,10,Mid,Off Exchange,Deriv Priced; Odd Lot; Trade Thru Exmpt
02:46:06.432 PM ET,3.185,3,10,Mid,Off Exchange,Odd Lot
02:46:12.301 PM ET,3.185,3,10,Mid,Off Exchange,Odd Lot
02:47:08.497 PM ET,3.195,3,10,Mid,Off Exchange,Odd Lot
02:49:14.993 PM ET,3.195,3,10,Mid,Off Exchange,Odd Lot
02:49:49.171 PM ET,3.190,3,10,Ask,Cboe EDGX,Odd Lot
02:50:02.123 PM ET,3.189,3,10,Mid,Off Exchange,Deriv Priced; Odd Lot; Trade Thru Exmpt
02:54:06.876 PM ET,3.173,3,10,Mid,Off Exchange,Deriv Priced; Odd Lot; Trade Thru Exmpt
02:54:30.483 PM ET,3.172,3,10,Mid,Off Exchange,Deriv Priced; Odd Lot; Trade Thru Exmpt
03:06:27.006 PM ET,3.180,3,10,Bid,Nasdaq GSM,Inter Mkt Swp; Odd Lot; Trade Thru Exmpt
03:08:41.636 PM ET,3.190,3,10,Ask,MEMX,Odd Lot
03:09:41.640 PM ET,3.195,3,10,Mid,Off Exchange,Deriv Priced; Odd Lot; Trade Thru Exmpt
03:09:49.808 PM ET,3.191,3,10,Mid,Off Exchange,Deriv Priced; Odd Lot; Trade Thru Exmpt
03:12:11.479 PM ET,3.191,3,10,Mid,Off Exchange,Deriv Priced; Odd Lot; Trade Thru Exmpt
03:16:07.966 PM ET,3.196,3,10,Mid,Off Exchange,Deriv Priced; Odd Lot; Trade Thru Exmpt
03:16:35.975 PM ET,3.196,3,10,Mid,Off Exchange,Deriv Priced; Odd Lot; Trade Thru Exmpt
03:16:55.989 PM ET,3.196,3,10,Mid,Off Exchange,Deriv Priced; Odd Lot; Trade Thru Exmpt
03:23:46.079 PM ET,3.201,3,10,Mid,Off Exchange,Deriv Priced; Odd Lot; Trade Thru Exmpt
03:26:34.602 PM ET,3.215,3,10,Mid,Off Exchange,Deriv Priced; Odd Lot; Trade Thru Exmpt
03:28:06.327 PM ET,3.215,3,10,Mid,Off Exchange,Deriv Priced; Odd Lot; Trade Thru Exmpt
03:29:39.484 PM ET,3.215,3,10,Mid,Cboe EDGX,Odd Lot
03:30:09.683 PM ET,3.215,3,10,Mid,Off Exchange,Deriv Priced; Odd Lot; Trade Thru Exmpt
03:32:58.940 PM ET,3.211,3,10,Ask,Off Exchange,Odd Lot
03:36:13.603 PM ET,3.210,3,10,Ask,Cboe BZX,Odd Lot
03:38:27.626 PM ET,3.208,3,10,Mid,Off Exchange,Deriv Priced; Odd Lot; Trade Thru Exmpt
03:39:05.919 PM ET,3.195,3,10,Mid,NYSE National,Odd Lot
03:39:17.429 PM ET,3.200,3,10,Mid,Off Exchange,Deriv Priced; Odd Lot; Trade Thru Exmpt
03:41:20.915 PM ET,3.202,3,10,Mid,Off Exchange,Deriv Priced; Odd Lot; Trade Thru Exmpt
03:42:07.125 PM ET,3.210,3,10,Ask,Off Exchange,Odd Lot
03:43:52.427 PM ET,3.203,3,10,Mid,Off Exchange,Deriv Priced; Odd Lot; Trade Thru Exmpt
03:45:56.868 PM ET,3.200,3,10,Ask,Off Exchange,Odd Lot
03:49:34.355 PM ET,3.180,3,10,Bid,Cboe BYX,Inter Mkt Swp; Odd Lot; Trade Thru Exmpt
03:49:42.680 PM ET,3.190,3,10,Ask,Off Exchange,Odd Lot
03:50:10.032 PM ET,3.190,3,10,Ask,Off Exchange,Odd Lot
03:53:21.745 PM ET,3.182,3,10,Mid,Off Exchange,Deriv Priced; Odd Lot; Trade Thru Exmpt
03:53:22.367 PM ET,3.182,3,10,Mid,Off Exchange,Odd Lot
03:54:56.012 PM ET,3.195,3,10,Mid,Off Exchange,Odd Lot
03:55:00.105 PM ET,3.210,3,10,Ask,Nasdaq GSM,Odd Lot
03:56:20.348 PM ET,3.205,3,10,Mid,Off Exchange,Odd Lot
03:56:32.615 PM ET,3.200,3,10,Mid,Off Exchange,Deriv Priced; Odd Lot; Trade Thru Exmpt
03:56:44.240 PM ET,3.199,3,10,Mid,Off Exchange,Deriv Priced; Odd Lot; Trade Thru Exmpt
03:56:53.416 PM ET,3.200,3,10,Ask,Off Exchange,Odd Lot
03:56:58.475 PM ET,3.199,3,10,Mid,Off Exchange,Deriv Priced; Odd Lot; Trade Thru Exmpt
03:57:59.035 PM ET,3.200,3,10,Ask,Off Exchange,Odd Lot
03:58:55.061 PM ET,3.195,3,10,Mid,Nasdaq GSM,Odd Lot
03:58:57.454 PM ET,3.200,3,10,Ask,Off Exchange,Odd Lot
03:58:57.459 PM ET,3.200,3,10,Ask,Off Exchange,Odd Lot
03:58:57.460 PM ET,3.200,3,10,Ask,Off Exchange,Odd Lot
03:58:57.504 PM ET,3.200,3,10,Ask,Off Exchange,Odd Lot
03:58:57.505 PM ET,3.200,3,10,Ask,Off Exchange,Odd Lot
03:58:57.510 PM ET,3.200,3,10,Ask,Off Exchange,Odd Lot
03:59:03.924 PM ET,3.200,3,10,Ask,Off Exchange,Odd Lot
03:59:31.367 PM ET,3.200,3,10,None,Off Exchange,Odd Lot
03:59:31.752 PM ET,3.200,3,10,None,Off Exchange,Odd Lot
03:59:45.744 PM ET,3.195,3,10,None,Off Exchange,Odd Lot
03:59:45.801 PM ET,3.200,3,10,None,Off Exchange,Odd Lot
03:59:55.178 PM ET,3.190,3,10,None,IEX,Odd Lot
04:00:07.241 PM ET,3.210,3,10,None,Off Exchange,Frm T Ext Hrs; Odd Lot
09:35:25.843 AM ET,3.212,2,6,Mid,Off Exchange,Odd Lot
09:44:18.946 AM ET,3.190,2,6,Ask,Off Exchange,Odd Lot
09:49:46.262 AM ET,3.234,2,6,Mid,Off Exchange,Odd Lot
09:50:16.745 AM ET,3.230,2,6,Bid,Off Exchange,Odd Lot
09:53:26.717 AM ET,3.250,2,7,Bid,Off Exchange,Odd Lot
10:00:30.078 AM ET,3.225,2,6,Mid,Off Exchange,Odd Lot
10:00:30.090 AM ET,3.225,2,6,Mid,Off Exchange,Odd Lot
10:02:13.430 AM ET,3.210,2,6,Ask,Off Exchange,Odd Lot
10:03:24.020 AM ET,3.205,2,6,Mid,Nasdaq GSM,Odd Lot
10:03:56.093 AM ET,3.200,2,6,Bid,Off Exchange,Odd Lot
10:03:56.733 AM ET,3.205,2,6,Mid,Nasdaq GSM,Odd Lot
10:06:08.638 AM ET,3.210,2,6,Ask,IEX,Odd Lot
10:07:06.085 AM ET,3.215,2,6,Mid,Off Exchange,Odd Lot
10:07:16.097 AM ET,3.215,2,6,Mid,Off Exchange,Odd Lot
10:07:26.085 AM ET,3.215,2,6,Mid,Off Exchange,Odd Lot
10:07:54.021 AM ET,3.215,2,6,Mid,Off Exchange,Odd Lot
10:08:06.504 AM ET,3.220,2,6,Ask,Off Exchange,Odd Lot
10:08:55.209 AM ET,3.214,2,6,Mid,Off Exchange,Odd Lot
10:10:36.089 AM ET,3.225,2,6,Mid,IEX,Odd Lot
10:10:54.160 AM ET,3.230,2,6,Mid,Off Exchange,Odd Lot
10:11:43.441 AM ET,3.235,2,6,Ask,Off Exchange,Odd Lot
10:12:20.112 AM ET,3.230,2,6,Mid,Cboe BZX,Odd Lot
10:13:07.579 AM ET,3.225,2,6,Mid,Off Exchange,Odd Lot
10:13:52.201 AM ET,3.223,2,6,Mid,Off Exchange,Deriv Priced; Odd Lot; Trade Thru Exmpt
10:15:37.118 AM ET,3.230,2,6,Ask,Off Exchange,Odd Lot
10:17:57.690 AM ET,3.214,2,6,Mid,Off Exchange,Odd Lot
10:25:56.367 AM ET,3.239,2,6,Mid,Off Exchange,Odd Lot
10:35:09.578 AM ET,3.230,2,6,Bid,Nasdaq GSM,Inter Mkt Swp; Odd Lot; Trade Thru Exmpt
10:35:19.859 AM ET,3.225,2,6,Mid,Off Exchange,Odd Lot
10:35:19.860 AM ET,3.225,2,6,Mid,Off Exchange,Odd Lot
10:36:00.596 AM ET,3.220,2,6,Mid,Off Exchange,Odd Lot
10:42:57.454 AM ET,3.234,2,6,Mid,Off Exchange,Odd Lot
10:44:26.586 AM ET,3.225,2,6,Mid,Cboe BZX,Odd Lot
10:44:55.518 AM ET,3.220,2,6,Bid,Cboe BZX,Odd Lot
10:46:40.734 AM ET,3.224,2,6,Mid,Off Exchange,Odd Lot
10:48:56.792 AM ET,3.220,2,6,Bid,Off Exchange,Odd Lot
10:56:47.059 AM ET,3.214,2,6,Mid,Off Exchange,Odd Lot
11:00:12.616 AM ET,3.215,2,6,Mid,Cboe BZX,Odd Lot
11:05:35.472 AM ET,3.210,2,6,Bid,Off Exchange,Odd Lot
11:15:24.566 AM ET,3.215,2,6,Mid,Off Exchange,Odd Lot
11:15:26.134 AM ET,3.215,2,6,Mid,Off Exchange,Odd Lot
11:15:44.657 AM ET,3.220,2,6,Ask,IEX,Odd Lot
11:29:51.414 AM ET,3.205,2,6,Mid,Nasdaq GSM,Odd Lot
11:29:55.926 AM ET,3.210,2,6,Ask,NYSE National,Inter Mkt Swp; Odd Lot; Trade Thru Exmpt
11:36:40.421 AM ET,3.214,2,6,Mid,Off Exchange,Odd Lot
11:44:06.918 AM ET,3.224,2,6,Mid,Off Exchange,Odd Lot
11:47:43.378 AM ET,3.229,2,6,Mid,Off Exchange,Deriv Priced; Odd Lot; Trade Thru Exmpt
11:47:50.548 AM ET,3.224,2,6,Mid,Off Exchange,Odd Lot
11:48:18.072 AM ET,3.225,2,6,Mid,Cboe BZX,Odd Lot
11:48:54.228 AM ET,3.224,2,6,Mid,Off Exchange,Odd Lot
11:51:50.412 AM ET,3.225,2,6,Mid,Off Exchange,Odd Lot
11:51:50.412 AM ET,3.225,2,6,Mid,IEX,Odd Lot
11:52:38.057 AM ET,3.225,2,6,Mid,Off Exchange,Odd Lot
11:52:49.522 AM ET,3.225,2,6,Mid,NYSE,Inter Mkt Swp; Odd Lot; Trade Thru Exmpt
11:53:01.978 AM ET,3.225,2,6,Mid,Off Exchange,Odd Lot
11:53:26.169 AM ET,3.225,2,6,Mid,Off Exchange,Odd Lot
11:53:50.410 AM ET,3.225,2,6,Mid,Off Exchange,Odd Lot
11:54:14.670 AM ET,3.225,2,6,Mid,Off Exchange,Odd Lot
11:54:38.970 AM ET,3.225,2,6,Mid,Off Exchange,Odd Lot
11:55:03.173 AM ET,3.225,2,6,Mid,Off Exchange,Odd Lot
11:55:26.903 AM ET,3.225,2,6,Mid,Off Exchange,Odd Lot
11:56:26.138 AM ET,3.215,2,6,Mid,IEX,Odd Lot
11:58:57.347 AM ET,3.180,2,6,Ask,NYSE National,Inter Mkt Swp; Odd Lot; Trade Thru Exmpt
12:02:52.327 PM ET,3.175,2,6,Mid,Nasdaq GSM,Inter Mkt Swp; Odd Lot; Trade Thru Exmpt
12:13:36.888 PM ET,3.182,2,6,Bid,Off Exchange,Odd Lot
12:15:52.233 PM ET,3.195,2,6,Mid,Off Exchange,Odd Lot
12:15:57.234 PM ET,3.195,2,6,Mid,Off Exchange,Odd Lot
12:17:12.285 PM ET,3.200,2,6,Ask,NYSE American,Inter Mkt Swp; Odd Lot; Trade Thru Exmpt
12:17:12.299 PM ET,3.200,2,6,Ask,IEX,Odd Lot
12:17:13.397 PM ET,3.175,2,6,Bid,NYSE National,Odd Lot; Trade Thru Exmpt
12:17:13.406 PM ET,3.175,2,6,Bid,IEX,Odd Lot
12:17:13.512 PM ET,3.180,2,6,Bid,Off Exchange,Odd Lot
12:17:15.583 PM ET,3.180,2,6,Bid,MIAX Pearl,Odd Lot
12:17:27.565 PM ET,3.190,2,6,None,NYSE Arca,Inter Mkt Swp; Odd Lot; Trade Thru Exmpt
12:17:33.366 PM ET,3.200,2,6,None,IEX,Odd Lot
12:20:37.549 PM ET,3.150,2,6,Bid,NYSE Arca,Inter Mkt Swp; Odd Lot; Trade Thru Exmpt
12:21:55.770 PM ET,3.140,2,6,Bid,Nasdaq GSM,Inter Mkt Swp; Odd Lot; Trade Thru Exmpt
12:23:40.107 PM ET,3.145,2,6,Mid,Off Exchange,Odd Lot
12:23:44.972 PM ET,3.140,2,6,Bid,Nasdaq GSM,Odd Lot
12:25:42.364 PM ET,3.140,2,6,Ask,Cboe BZX,Inter Mkt Swp; Odd Lot; Trade Thru Exmpt
12:26:47.115 PM ET,3.170,2,6,Ask,Nasdaq GSM,Inter Mkt Swp; Odd Lot; Trade Thru Exmpt
12:27:49.592 PM ET,3.150,2,6,Ask,Cboe BZX,Inter Mkt Swp; Odd Lot; Trade Thru Exmpt
12:27:49.593 PM ET,3.150,2,6,Ask,NYSE Arca,Inter Mkt Swp; Odd Lot; Trade Thru Exmpt
12:28:57.596 PM ET,3.155,2,6,Mid,Off Exchange,Odd Lot
12:31:42.646 PM ET,3.151,2,6,Ask,Off Exchange,Deriv Priced; Odd Lot; Trade Thru Exmpt
12:33:05.140 PM ET,3.115,2,6,Mid,Off Exchange,Odd Lot
12:33:09.399 PM ET,3.120,2,6,Ask,NYSE Arca,Odd Lot
12:38:46.998 PM ET,3.120,2,6,Bid,Off Exchange,Odd Lot
12:40:38.512 PM ET,3.150,2,6,Bid,Off Exchange,Odd Lot
12:42:22.866 PM ET,3.155,2,6,Mid,Off Exchange,Odd Lot
12:43:51.792 PM ET,3.145,2,6,Mid,Off Exchange,Odd Lot
12:49:51.630 PM ET,3.135,2,6,Mid,Off Exchange,Odd Lot
12:50:43.088 PM ET,3.140,2,6,Ask,NYSE Arca,Odd Lot
12:51:04.835 PM ET,3.145,2,6,Mid,MEMX,Odd Lot
12:51:14.569 PM ET,3.150,2,6,Mid,Nasdaq GSM,Odd Lot
12:52:00.368 PM ET,3.155,2,6,Mid,Off Exchange,Odd Lot
12:52:01.468 PM ET,3.155,2,6,Mid,Off Exchange,Odd Lot
12:52:11.033 PM ET,3.150,2,6,Bid,NYSE Arca,Odd Lot
12:57:15.759 PM ET,3.170,2,6,Bid,Cboe BZX,Odd Lot
12:58:04.363 PM ET,3.150,2,6,Bid,Nasdaq GSM,Inter Mkt Swp; Odd Lot; Trade Thru Exmpt
01:02:25.463 PM ET,3.160,2,6,Ask,Off Exchange,Odd Lot
01:04:31.954 PM ET,3.160,2,6,Ask,NYSE,Odd Lot
01:05:19.366 PM ET,3.150,2,6,Ask,Nasdaq GSM,Inter Mkt Swp; Odd Lot; Trade Thru Exmpt
01:05:19.367 PM ET,3.150,2,6,Ask,Nasdaq GSM,Inter Mkt Swp; Odd Lot; Trade Thru Exmpt
01:05:44.636 PM ET,3.155,2,6,Mid,MIAX Pearl,Odd Lot
01:13:59.639 PM ET,3.154,2,6,Mid,Off Exchange,Odd Lot
01:15:10.818 PM ET,3.150,2,6,Ask,NYSE Arca,Odd Lot
01:18:33.385 PM ET,3.150,2,6,Bid,IEX,Odd Lot
01:22:54.562 PM ET,3.145,2,6,Mid,NYSE,Odd Lot
01:23:02.900 PM ET,3.150,2,6,Bid,Nasdaq GSM,Odd Lot
01:24:47.964 PM ET,3.160,2,6,Bid,Nasdaq GSM,Odd Lot
01:27:15.726 PM ET,3.160,2,6,Bid,IEX,Odd Lot
01:30:56.872 PM ET,3.150,2,6,Bid,IEX,Odd Lot
01:33:15.212 PM ET,3.155,2,6,Mid,Off Exchange,Odd Lot
01:33:51.504 PM ET,3.155,2,6,Mid,Nasdaq GSM,Odd Lot
01:34:00.300 PM ET,3.155,2,6,Mid,Off Exchange,Odd Lot
01:34:17.542 PM ET,3.155,2,6,Mid,Off Exchange,Odd Lot
01:35:03.186 PM ET,3.140,2,6,Bid,IEX,Odd Lot
01:36:20.994 PM ET,3.140,2,6,Ask,Off Exchange,Odd Lot
01:38:59.305 PM ET,3.135,2,6,Mid,Off Exchange,Odd Lot
01:39:57.589 PM ET,3.140,2,6,Bid,Cboe BZX,Inter Mkt Swp; Odd Lot; Trade Thru Exmpt
01:40:23.541 PM ET,3.135,2,6,Ask,Nasdaq PHLX,Odd Lot
01:40:23.542 PM ET,3.130,2,6,Ask,Cboe BYX,Inter Mkt Swp; Odd Lot; Trade Thru Exmpt
01:40:23.542 PM ET,3.130,2,6,Ask,Off Exchange,Odd Lot
01:40:23.556 PM ET,3.130,2,6,Ask,MEMX,Inter Mkt Swp; Odd Lot; Trade Thru Exmpt
01:43:22.464 PM ET,3.140,2,6,Bid,Nasdaq GSM,Odd Lot
01:43:35.493 PM ET,3.140,2,6,Bid,Cboe BYX,Inter Mkt Swp; Odd Lot; Trade Thru Exmpt
01:47:04.625 PM ET,3.140,2,6,Bid,IEX,Odd Lot
01:48:16.803 PM ET,3.145,2,6,Mid,Off Exchange,Odd Lot
01:48:23.375 PM ET,3.150,2,6,Bid,Nasdaq GSM,Odd Lot
01:51:57.878 PM ET,3.150,2,6,Bid,NYSE Arca,Inter Mkt Swp; Odd Lot; Trade Thru Exmpt
01:55:35.282 PM ET,3.154,2,6,Bid,Off Exchange,Odd Lot
01:55:48.934 PM ET,3.160,2,6,Bid,IEX,Odd Lot
01:59:55.131 PM ET,3.175,2,6,Mid,NYSE,Odd Lot
02:00:30.988 PM ET,3.175,2,6,Mid,Cboe BZX,Odd Lot
02:05:38.930 PM ET,3.184,2,6,Mid,Off Exchange,Deriv Priced; Odd Lot; Trade Thru Exmpt
02:10:32.301 PM ET,3.195,2,6,Mid,Off Exchange,Deriv Priced; Odd Lot; Trade Thru Exmpt
02:10:56.258 PM ET,3.194,2,6,Mid,Off Exchange,Odd Lot
02:11:27.290 PM ET,3.196,2,6,Mid,Off Exchange,Deriv Priced; Odd Lot; Trade Thru Exmpt
02:11:48.367 PM ET,3.195,2,6,Mid,Off Exchange,Odd Lot
02:12:17.355 PM ET,3.195,2,6,Mid,Off Exchange,Deriv Priced; Odd Lot; Trade Thru Exmpt
02:12:48.655 PM ET,3.196,2,6,Mid,Off Exchange,Odd Lot
02:13:39.775 PM ET,3.205,2,6,Mid,Off Exchange,Odd Lot
02:13:54.776 PM ET,3.205,2,6,Mid,Off Exchange,Odd Lot
02:14:54.772 PM ET,3.215,2,6,Mid,Off Exchange,Odd Lot
02:15:02.851 PM ET,3.206,2,6,Bid,Off Exchange,Deriv Priced; Odd Lot; Trade Thru Exmpt
02:15:03.120 PM ET,3.206,2,6,Bid,Off Exchange,Deriv Priced; Odd Lot; Trade Thru Exmpt
02:15:59.823 PM ET,3.215,2,6,Mid,Off Exchange,Odd Lot
02:17:05.626 PM ET,3.215,2,6,Mid,Off Exchange,Odd Lot
02:18:11.924 PM ET,3.205,2,6,Ask,Off Exchange,Deriv Priced; Odd Lot; Trade Thru Exmpt
02:19:15.905 PM ET,3.204,2,6,Ask,Off Exchange,Deriv Priced; Odd Lot; Trade Thru Exmpt
02:19:33.562 PM ET,3.191,2,6,Ask,Off Exchange,Deriv Priced; Odd Lot; Trade Thru Exmpt
02:19:52.714 PM ET,3.187,2,6,Mid,Off Exchange,Deriv Priced; Odd Lot; Trade Thru Exmpt
02:20:12.193 PM ET,3.186,2,6,Mid,Off Exchange,Deriv Priced; Odd Lot; Trade Thru Exmpt
02:20:30.446 PM ET,3.186,2,6,Mid,Off Exchange,Deriv Priced; Odd Lot; Trade Thru Exmpt
02:20:56.782 PM ET,3.185,2,6,Mid,Off Exchange,Deriv Priced; Odd Lot; Trade Thru Exmpt
02:21:16.173 PM ET,3.182,2,6,Mid,Off Exchange,Deriv Priced; Odd Lot; Trade Thru Exmpt
02:21:42.831 PM ET,3.185,2,6,Mid,Off Exchange,Deriv Priced; Odd Lot; Trade Thru Exmpt
02:22:02.861 PM ET,3.185,2,6,Mid,Off Exchange,Deriv Priced; Odd Lot; Trade Thru Exmpt
02:22:35.899 PM ET,3.184,2,6,Mid,Off Exchange,Deriv Priced; Odd Lot; Trade Thru Exmpt
02:22:46.591 PM ET,3.180,2,6,Ask,Nasdaq GSM,Inter Mkt Swp; Odd Lot; Trade Thru Exmpt
02:22:58.964 PM ET,3.175,2,6,Ask,Off Exchange,Deriv Priced; Odd Lot; Trade Thru Exmpt
02:23:20.998 PM ET,3.174,2,6,Mid,Off Exchange,Deriv Priced; Odd Lot; Trade Thru Exmpt
02:24:01.033 PM ET,3.173,2,6,Mid,Off Exchange,Deriv Priced; Odd Lot; Trade Thru Exmpt
02:24:27.061 PM ET,3.173,2,6,Mid,Off Exchange,Deriv Priced; Odd Lot; Trade Thru Exmpt
02:24:46.858 PM ET,3.178,2,6,Bid,Off Exchange,Deriv Priced; Odd Lot; Trade Thru Exmpt
02:28:18.201 PM ET,3.200,2,6,Ask,NYSE,Odd Lot
02:31:27.875 PM ET,3.200,2,6,Ask,Nasdaq GSM,Odd Lot
02:31:27.962 PM ET,3.200,2,6,Ask,Cboe EDGX,Odd Lot
02:32:02.836 PM ET,3.195,2,6,Mid,Cboe BZX,Odd Lot
02:33:17.312 PM ET,3.199,2,6,Mid,Off Exchange,Deriv Priced; Odd Lot; Trade Thru Exmpt
02:34:01.528 PM ET,3.196,2,6,Mid,Off Exchange,Deriv Priced; Odd Lot; Trade Thru Exmpt
02:34:03.295 PM ET,3.200,2,6,Ask,Nasdaq GSM,Odd Lot
02:34:32.620 PM ET,3.194,2,6,Mid,Off Exchange,Deriv Priced; Odd Lot; Trade Thru Exmpt
02:34:58.940 PM ET,3.193,2,6,Mid,Off Exchange,Deriv Priced; Odd Lot; Trade Thru Exmpt
02:36:59.301 PM ET,3.200,2,6,Mid,Off Exchange,Deriv Priced; Odd Lot; Trade Thru Exmpt
02:37:13.270 PM ET,3.200,2,6,Mid,Off Exchange,Deriv Priced; Odd Lot; Trade Thru Exmpt
02:37:42.841 PM ET,3.196,2,6,Mid,Off Exchange,Deriv Priced; Odd Lot; Trade Thru Exmpt
02:37:59.484 PM ET,3.190,2,6,Ask,Nasdaq GSM,Inter Mkt Swp; Odd Lot; Trade Thru Exmpt
02:38:10.866 PM ET,3.191,2,6,Ask,Off Exchange,Deriv Priced; Odd Lot; Trade Thru Exmpt
02:38:39.887 PM ET,3.191,2,6,Ask,Off Exchange,Deriv Priced; Odd Lot; Trade Thru Exmpt
02:39:13.537 PM ET,3.190,2,6,Ask,Off Exchange,Deriv Priced; Odd Lot; Trade Thru Exmpt
02:39:34.946 PM ET,3.190,2,6,Mid,Off Exchange,Deriv Priced; Odd Lot; Trade Thru Exmpt
02:39:57.521 PM ET,3.185,2,6,Mid,Nasdaq GSM,Odd Lot
02:40:31.433 PM ET,3.185,2,6,Mid,Off Exchange,Odd Lot
02:41:02.048 PM ET,3.185,2,6,Mid,Off Exchange,Deriv Priced; Odd Lot; Trade Thru Exmpt
02:41:06.177 PM ET,3.185,2,6,Mid,Off Exchange,Odd Lot
02:41:12.459 PM ET,3.185,2,6,Mid,IEX,Odd Lot
02:41:21.101 PM ET,3.196,2,6,Ask,Off Exchange,Odd Lot
02:41:28.611 PM ET,3.188,2,6,Mid,Off Exchange,Deriv Priced; Odd Lot; Trade Thru Exmpt
02:41:41.583 PM ET,3.185,2,6,Mid,IEX,Odd Lot
02:41:57.786 PM ET,3.188,2,6,Mid,Off Exchange,Deriv Priced; Odd Lot; Trade Thru Exmpt
02:42:23.624 PM ET,3.188,2,6,Mid,Off Exchange,Deriv Priced; Odd Lot; Trade Thru Exmpt
02:42:27.360 PM ET,3.185,2,6,Mid,Off Exchange,Odd Lot
02:42:54.184 PM ET,3.188,2,6,Mid,Off Exchange,Odd Lot
02:45:31.007 PM ET,3.185,2,6,Mid,Off Exchange,Odd Lot
02:46:02.032 PM ET,3.187,2,6,Mid,Off Exchange,Deriv Priced; Odd Lot; Trade Thru Exmpt
02:46:22.042 PM ET,3.187,2,6,Mid,Off Exchange,Deriv Priced; Odd Lot; Trade Thru Exmpt
02:46:28.396 PM ET,3.187,2,6,Mid,Off Exchange,Deriv Priced; Odd Lot; Trade Thru Exmpt
02:46:43.773 PM ET,3.187,2,6,Mid,Off Exchange,Deriv Priced; Odd Lot; Trade Thru Exmpt
02:47:02.056 PM ET,3.187,2,6,Mid,Off Exchange,Deriv Priced; Odd Lot; Trade Thru Exmpt
02:47:17.257 PM ET,3.190,2,6,Mid,Off Exchange,Deriv Priced; Odd Lot; Trade Thru Exmpt
02:47:17.312 PM ET,3.195,2,6,Mid,Off Exchange,Odd Lot
02:47:37.598 PM ET,3.191,2,6,Mid,Off Exchange,Deriv Priced; Odd Lot; Trade Thru Exmpt
02:48:01.308 PM ET,3.191,2,6,Mid,Off Exchange,Deriv Priced; Odd Lot; Trade Thru Exmpt
02:48:22.312 PM ET,3.191,2,6,Mid,Off Exchange,Deriv Priced; Odd Lot; Trade Thru Exmpt
02:48:46.352 PM ET,3.191,2,6,Mid,Off Exchange,Deriv Priced; Odd Lot; Trade Thru Exmpt
02:50:19.053 PM ET,3.185,2,6,Mid,IEX,Odd Lot
02:52:25.970 PM ET,3.176,2,6,Mid,Off Exchange,Deriv Priced; Odd Lot; Trade Thru Exmpt
02:53:25.974 PM ET,3.171,2,6,Mid,Off Exchange,Deriv Priced; Odd Lot; Trade Thru Exmpt
02:54:47.340 PM ET,3.172,2,6,Mid,Off Exchange,Deriv Priced; Odd Lot; Trade Thru Exmpt
02:55:00.354 PM ET,3.172,2,6,Mid,Off Exchange,Deriv Priced; Odd Lot; Trade Thru Exmpt
02:55:17.626 PM ET,3.173,2,6,Mid,Off Exchange,Deriv Priced; Odd Lot; Trade Thru Exmpt
02:55:42.528 PM ET,3.173,2,6,Mid,Off Exchange,Deriv Priced; Odd Lot; Trade Thru Exmpt
02:56:11.549 PM ET,3.172,2,6,Mid,Off Exchange,Deriv Priced; Odd Lot; Trade Thru Exmpt
02:56:20.179 PM ET,3.172,2,6,Mid,Off Exchange,Deriv Priced; Odd Lot; Trade Thru Exmpt
02:56:35.589 PM ET,3.173,2,6,Mid,Off Exchange,Deriv Priced; Odd Lot; Trade Thru Exmpt
02:56:58.624 PM ET,3.174,2,6,Mid,Off Exchange,Deriv Priced; Odd Lot; Trade Thru Exmpt
02:57:19.630 PM ET,3.173,2,6,Mid,Off Exchange,Deriv Priced; Odd Lot; Trade Thru Exmpt
02:57:42.540 PM ET,3.173,2,6,Mid,Off Exchange,Deriv Priced; Odd Lot; Trade Thru Exmpt
02:58:03.567 PM ET,3.173,2,6,Mid,Off Exchange,Deriv Priced; Odd Lot; Trade Thru Exmpt
02:58:25.713 PM ET,3.173,2,6,Mid,Off Exchange,Deriv Priced; Odd Lot; Trade Thru Exmpt
02:58:45.734 PM ET,3.173,2,6,Mid,Off Exchange,Deriv Priced; Odd Lot; Trade Thru Exmpt
02:59:10.757 PM ET,3.173,2,6,Mid,Off Exchange,Deriv Priced; Odd Lot; Trade Thru Exmpt
02:59:27.780 PM ET,3.174,2,6,Mid,Off Exchange,Deriv Priced; Odd Lot; Trade Thru Exmpt
02:59:49.708 PM ET,3.175,2,6,Mid,Off Exchange,Deriv Priced; Odd Lot; Trade Thru Exmpt
03:00:10.803 PM ET,3.175,2,6,Mid,Off Exchange,Deriv Priced; Odd Lot; Trade Thru Exmpt
03:00:35.816 PM ET,3.175,2,6,Mid,Off Exchange,Deriv Priced; Odd Lot; Trade Thru Exmpt
03:00:56.446 PM ET,3.174,2,6,Mid,Off Exchange,Deriv Priced; Odd Lot; Trade Thru Exmpt
03:01:17.857 PM ET,3.174,2,6,Mid,Off Exchange,Deriv Priced; Odd Lot; Trade Thru Exmpt
03:01:36.794 PM ET,3.174,2,6,Mid,Off Exchange,Deriv Priced; Odd Lot; Trade Thru Exmpt
03:01:58.920 PM ET,3.173,2,6,Mid,Off Exchange,Deriv Priced; Odd Lot; Trade Thru Exmpt
03:02:18.921 PM ET,3.173,2,6,Mid,Off Exchange,Deriv Priced; Odd Lot; Trade Thru Exmpt
03:02:50.940 PM ET,3.173,2,6,Mid,Off Exchange,Deriv Priced; Odd Lot; Trade Thru Exmpt
03:03:16.953 PM ET,3.176,2,6,Mid,Off Exchange,Deriv Priced; Odd Lot; Trade Thru Exmpt
03:03:31.289 PM ET,3.175,2,6,Mid,Off Exchange,Deriv Priced; Odd Lot; Trade Thru Exmpt
03:03:36.807 PM ET,3.175,2,6,Mid,Off Exchange,Deriv Priced; Odd Lot; Trade Thru Exmpt
03:03:59.187 PM ET,3.175,2,6,Mid,Off Exchange,Deriv Priced; Odd Lot; Trade Thru Exmpt
03:04:18.008 PM ET,3.175,2,6,Mid,Off Exchange,Deriv Priced; Odd Lot; Trade Thru Exmpt
03:04:37.038 PM ET,3.175,2,6,Mid,Off Exchange,Deriv Priced; Odd Lot; Trade Thru Exmpt
03:05:00.046 PM ET,3.175,2,6,Mid,Off Exchange,Deriv Priced; Odd Lot; Trade Thru Exmpt
03:05:18.958 PM ET,3.174,2,6,Mid,Off Exchange,Deriv Priced; Odd Lot; Trade Thru Exmpt
03:05:50.111 PM ET,3.175,2,6,Mid,Off Exchange,Deriv Priced; Odd Lot; Trade Thru Exmpt
03:06:15.152 PM ET,3.175,2,6,Mid,Off Exchange,Deriv Priced; Odd Lot; Trade Thru Exmpt
03:06:27.006 PM ET,3.180,2,6,Bid,Nasdaq GSM,Inter Mkt Swp; Odd Lot; Trade Thru Exmpt
03:06:37.051 PM ET,3.178,2,6,Bid,Off Exchange,Deriv Priced; Odd Lot; Trade Thru Exmpt
03:06:54.188 PM ET,3.179,2,6,Bid,Off Exchange,Deriv Priced; Odd Lot; Trade Thru Exmpt
03:07:18.228 PM ET,3.179,2,6,Bid,Off Exchange,Deriv Priced; Odd Lot; Trade Thru Exmpt
03:07:33.258 PM ET,3.180,2,6,Bid,Off Exchange,Deriv Priced; Odd Lot; Trade Thru Exmpt
03:09:50.073 PM ET,3.191,2,6,Mid,Off Exchange,Deriv Priced; Odd Lot; Trade Thru Exmpt
03:12:11.745 PM ET,3.191,2,6,Mid,Off Exchange,Deriv Priced; Odd Lot; Trade Thru Exmpt
03:13:00.925 PM ET,3.193,2,6,Mid,Off Exchange,Odd Lot
03:13:04.332 PM ET,3.193,2,6,Mid,Off Exchange,Deriv Priced; Odd Lot; Trade Thru Exmpt
03:13:24.691 PM ET,3.191,2,6,Mid,Off Exchange,Deriv Priced; Odd Lot; Trade Thru Exmpt
03:13:47.739 PM ET,3.191,2,6,Mid,Off Exchange,Deriv Priced; Odd Lot; Trade Thru Exmpt
03:14:10.550 PM ET,3.192,2,6,Mid,Off Exchange,Deriv Priced; Odd Lot; Trade Thru Exmpt
03:14:24.768 PM ET,3.192,2,6,Mid,Off Exchange,Deriv Priced; Odd Lot; Trade Thru Exmpt
03:14:45.802 PM ET,3.192,2,6,Mid,Off Exchange,Deriv Priced; Odd Lot; Trade Thru Exmpt
03:15:07.616 PM ET,3.192,2,6,Mid,Off Exchange,Odd Lot
03:17:10.946 PM ET,3.196,2,6,Mid,Off Exchange,Deriv Priced; Odd Lot; Trade Thru Exmpt
03:17:17.720 PM ET,3.196,2,6,Mid,Off Exchange,Deriv Priced; Odd Lot; Trade Thru Exmpt
03:17:31.911 PM ET,3.196,2,6,Mid,Off Exchange,Deriv Priced; Odd Lot; Trade Thru Exmpt
03:17:54.955 PM ET,3.196,2,6,Mid,Off Exchange,Deriv Priced; Odd Lot; Trade Thru Exmpt
03:18:13.979 PM ET,3.196,2,6,Mid,Off Exchange,Deriv Priced; Odd Lot; Trade Thru Exmpt
03:18:28.002 PM ET,3.195,2,6,Mid,Off Exchange,Deriv Priced; Odd Lot; Trade Thru Exmpt
03:18:48.034 PM ET,3.195,2,6,Mid,Off Exchange,Deriv Priced; Odd Lot; Trade Thru Exmpt
03:19:06.875 PM ET,3.195,2,6,Mid,Off Exchange,Deriv Priced; Odd Lot; Trade Thru Exmpt
03:19:27.074 PM ET,3.194,2,6,Mid,Off Exchange,Deriv Priced; Odd Lot; Trade Thru Exmpt
03:19:43.088 PM ET,3.194,2,6,Mid,Off Exchange,Deriv Priced; Odd Lot; Trade Thru Exmpt
03:20:02.110 PM ET,3.195,2,6,Mid,Off Exchange,Deriv Priced; Odd Lot; Trade Thru Exmpt
03:20:20.138 PM ET,3.195,2,6,Mid,Off Exchange,Deriv Priced; Odd Lot; Trade Thru Exmpt
03:20:40.171 PM ET,3.195,2,6,Mid,Off Exchange,Deriv Priced; Odd Lot; Trade Thru Exmpt
03:21:00.186 PM ET,3.195,2,6,Mid,Off Exchange,Deriv Priced; Odd Lot; Trade Thru Exmpt
03:21:17.216 PM ET,3.193,2,6,Mid,Off Exchange,Deriv Priced; Odd Lot; Trade Thru Exmpt
03:21:38.687 PM ET,3.193,2,6,Mid,Off Exchange,Deriv Priced; Odd Lot; Trade Thru Exmpt
03:23:46.342 PM ET,3.201,2,6,Mid,Off Exchange,Deriv Priced; Odd Lot; Trade Thru Exmpt
03:23:50.559 PM ET,3.202,2,6,Mid,Off Exchange,Odd Lot
03:24:06.463 PM ET,3.204,2,6,Bid,Off Exchange,Deriv Priced; Odd Lot; Trade Thru Exmpt
03:24:21.470 PM ET,3.204,2,6,Bid,Off Exchange,Deriv Priced; Odd Lot; Trade Thru Exmpt
03:24:40.478 PM ET,3.204,2,6,Bid,Off Exchange,Deriv Priced; Odd Lot; Trade Thru Exmpt
03:26:34.601 PM ET,3.215,2,6,Mid,Off Exchange,Deriv Priced; Odd Lot; Trade Thru Exmpt
03:28:06.328 PM ET,3.215,2,6,Mid,Off Exchange,Deriv Priced; Odd Lot; Trade Thru Exmpt
03:29:00.001 PM ET,3.220,2,6,Ask,Off Exchange,Odd Lot
03:30:09.952 PM ET,3.215,2,6,Mid,Off Exchange,Deriv Priced; Odd Lot; Trade Thru Exmpt
03:30:15.743 PM ET,3.215,2,6,Mid,Off Exchange,Odd Lot
03:30:30.791 PM ET,3.215,2,6,Mid,Off Exchange,Odd Lot
03:30:45.821 PM ET,3.215,2,6,Mid,Off Exchange,Odd Lot
03:31:00.270 PM ET,3.214,2,6,Mid,Off Exchange,Deriv Priced; Odd Lot; Trade Thru Exmpt
03:31:14.836 PM ET,3.213,2,6,Mid,Off Exchange,Deriv Priced; Odd Lot; Trade Thru Exmpt
03:33:20.200 PM ET,3.209,2,6,Mid,Off Exchange,Deriv Priced; Odd Lot; Trade Thru Exmpt
03:33:20.463 PM ET,3.209,2,6,Mid,Off Exchange,Deriv Priced; Odd Lot; Trade Thru Exmpt
03:33:37.129 PM ET,3.208,2,6,Mid,Off Exchange,Odd Lot
03:33:49.155 PM ET,3.208,2,6,Mid,Off Exchange,Odd Lot
03:34:00.225 PM ET,3.207,2,6,Mid,Off Exchange,Odd Lot
03:34:12.212 PM ET,3.207,2,6,Mid,Off Exchange,Deriv Priced; Odd Lot; Trade Thru Exmpt
03:34:30.227 PM ET,3.207,2,6,Mid,Off Exchange,Deriv Priced; Odd Lot; Trade Thru Exmpt
03:34:51.261 PM ET,3.209,2,6,Bid,Off Exchange,Deriv Priced; Odd Lot; Trade Thru Exmpt
03:34:59.208 PM ET,3.209,2,6,Bid,Off Exchange,Deriv Priced; Odd Lot; Trade Thru Exmpt
03:35:11.499 PM ET,3.215,2,6,Mid,IEX,Odd Lot
03:35:18.584 PM ET,3.212,2,6,Mid,Off Exchange,Deriv Priced; Odd Lot; Trade Thru Exmpt
03:35:29.283 PM ET,3.212,2,6,Mid,Off Exchange,Deriv Priced; Odd Lot; Trade Thru Exmpt
03:35:44.726 PM ET,3.212,2,6,Mid,Off Exchange,Deriv Priced; Odd Lot; Trade Thru Exmpt
03:35:54.300 PM ET,3.212,2,6,Mid,Off Exchange,Deriv Priced; Odd Lot; Trade Thru Exmpt
03:36:08.989 PM ET,3.212,2,6,Mid,Off Exchange,Deriv Priced; Odd Lot; Trade Thru Exmpt
03:36:25.064 PM ET,3.213,2,6,Ask,Off Exchange,Deriv Priced; Odd Lot; Trade Thru Exmpt
03:38:27.888 PM ET,3.208,2,6,Mid,Off Exchange,Deriv Priced; Odd Lot; Trade Thru Exmpt
03:38:40.753 PM ET,3.207,2,6,Mid,Off Exchange,Odd Lot
03:41:21.180 PM ET,3.202,2,6,Mid,Off Exchange,Deriv Priced; Odd Lot; Trade Thru Exmpt
03:41:37.815 PM ET,3.203,2,6,Mid,Off Exchange,Odd Lot
03:41:58.362 PM ET,3.204,2,6,Mid,Off Exchange,Odd Lot
03:42:03.822 PM ET,3.204,2,6,Mid,Off Exchange,Deriv Priced; Odd Lot; Trade Thru Exmpt
03:42:21.248 PM ET,3.204,2,6,Mid,Off Exchange,Deriv Priced; Odd Lot; Trade Thru Exmpt
03:43:52.428 PM ET,3.203,2,6,Mid,Off Exchange,Deriv Priced; Odd Lot; Trade Thru Exmpt
03:45:22.644 PM ET,3.195,2,6,Mid,Off Exchange,Deriv Priced; Odd Lot; Trade Thru Exmpt
03:47:26.781 PM ET,3.190,2,6,Ask,Off Exchange,Deriv Priced; Odd Lot; Trade Thru Exmpt
03:47:27.056 PM ET,3.190,2,6,Ask,Off Exchange,Deriv Priced; Odd Lot; Trade Thru Exmpt
03:47:34.574 PM ET,3.190,2,6,Ask,Off Exchange,Deriv Priced; Odd Lot; Trade Thru Exmpt
03:47:38.758 PM ET,3.190,2,6,Ask,Off Exchange,Deriv Priced; Odd Lot; Trade Thru Exmpt
03:47:45.331 PM ET,3.190,2,6,Ask,Off Exchange,Deriv Priced; Odd Lot; Trade Thru Exmpt
03:47:50.670 PM ET,3.190,2,6,Mid,Off Exchange,Deriv Priced; Odd Lot; Trade Thru Exmpt
03:47:57.130 PM ET,3.190,2,6,Mid,Off Exchange,Deriv Priced; Odd Lot; Trade Thru Exmpt
03:48:07.681 PM ET,3.190,2,6,Mid,Off Exchange,Odd Lot
03:48:13.610 PM ET,3.189,2,6,Mid,Off Exchange,Odd Lot
03:48:22.714 PM ET,3.188,2,6,Mid,Off Exchange,Odd Lot
03:48:26.703 PM ET,3.188,2,6,Mid,Off Exchange,Deriv Priced; Odd Lot; Trade Thru Exmpt
03:48:36.735 PM ET,3.188,2,6,Mid,Off Exchange,Deriv Priced; Odd Lot; Trade Thru Exmpt
03:48:43.500 PM ET,3.187,2,6,Mid,Off Exchange,Deriv Priced; Odd Lot; Trade Thru Exmpt
03:48:52.686 PM ET,3.187,2,6,Mid,Off Exchange,Deriv Priced; Odd Lot; Trade Thru Exmpt
03:49:00.248 PM ET,3.185,2,6,Mid,Off Exchange,Odd Lot
03:49:06.871 PM ET,3.185,2,6,Mid,Off Exchange,Odd Lot
03:49:15.891 PM ET,3.186,2,6,Mid,Off Exchange,Deriv Priced; Odd Lot; Trade Thru Exmpt
03:49:18.917 PM ET,3.186,2,6,Mid,Off Exchange,Deriv Priced; Odd Lot; Trade Thru Exmpt
03:49:26.255 PM ET,3.185,2,6,Mid,Off Exchange,Deriv Priced; Odd Lot; Trade Thru Exmpt
03:49:33.926 PM ET,3.185,2,6,Mid,Off Exchange,Deriv Priced; Odd Lot; Trade Thru Exmpt
03:49:38.416 PM ET,3.185,2,6,Mid,Off Exchange,Deriv Priced; Odd Lot; Trade Thru Exmpt
03:49:45.607 PM ET,3.185,2,6,Mid,Off Exchange,Deriv Priced; Odd Lot; Trade Thru Exmpt
03:49:53.975 PM ET,3.185,2,6,Mid,Off Exchange,Deriv Priced; Odd Lot; Trade Thru Exmpt
03:49:59.998 PM ET,3.185,2,6,Mid,Off Exchange,Deriv Priced; Odd Lot; Trade Thru Exmpt
03:50:07.707 PM ET,3.185,2,6,Mid,Off Exchange,Deriv Priced; Odd Lot; Trade Thru Exmpt
03:50:19.027 PM ET,3.186,2,6,Mid,Off Exchange,Deriv Priced; Odd Lot; Trade Thru Exmpt
03:50:31.989 PM ET,3.186,2,6,Mid,Off Exchange,Deriv Priced; Odd Lot; Trade Thru Exmpt
03:50:39.090 PM ET,3.186,2,6,Mid,Off Exchange,Deriv Priced; Odd Lot; Trade Thru Exmpt
03:50:48.088 PM ET,3.186,2,6,Mid,Off Exchange,Deriv Priced; Odd Lot; Trade Thru Exmpt
03:51:00.526 PM ET,3.185,2,6,Mid,Off Exchange,Deriv Priced; Odd Lot; Trade Thru Exmpt
03:51:11.989 PM ET,3.185,2,6,Mid,Off Exchange,Deriv Priced; Odd Lot; Trade Thru Exmpt
03:51:18.182 PM ET,3.185,2,6,Mid,Off Exchange,Deriv Priced; Odd Lot; Trade Thru Exmpt
03:51:26.528 PM ET,3.185,2,6,Mid,Off Exchange,Deriv Priced; Odd Lot; Trade Thru Exmpt
03:51:37.215 PM ET,3.186,2,6,Mid,Off Exchange,Deriv Priced; Odd Lot; Trade Thru Exmpt
03:51:42.951 PM ET,3.186,2,6,Mid,Off Exchange,Deriv Priced; Odd Lot; Trade Thru Exmpt
03:51:46.423 PM ET,3.185,2,6,Mid,Off Exchange,Odd Lot
03:51:54.249 PM ET,3.186,2,6,Mid,Off Exchange,Deriv Priced; Odd Lot; Trade Thru Exmpt
03:52:01.369 PM ET,3.185,2,6,Mid,Off Exchange,Deriv Priced; Odd Lot; Trade Thru Exmpt
03:52:03.034 PM ET,3.180,2,6,Bid,Cboe BYX,Inter Mkt Swp; Odd Lot; Trade Thru Exmpt
03:52:04.188 PM ET,3.185,2,6,Mid,Off Exchange,Deriv Priced; Odd Lot; Trade Thru Exmpt
03:52:06.201 PM ET,3.184,2,6,Mid,Off Exchange,Deriv Priced; Odd Lot; Trade Thru Exmpt
03:52:10.326 PM ET,3.184,2,6,Mid,Off Exchange,Deriv Priced; Odd Lot; Trade Thru Exmpt
03:52:12.331 PM ET,3.184,2,6,Mid,Off Exchange,Deriv Priced; Odd Lot; Trade Thru Exmpt
03:52:18.217 PM ET,3.184,2,6,Mid,Off Exchange,Deriv Priced; Odd Lot; Trade Thru Exmpt
03:52:18.496 PM ET,3.184,2,6,Mid,Off Exchange,Deriv Priced; Odd Lot; Trade Thru Exmpt
03:52:20.357 PM ET,3.184,2,6,Mid,Off Exchange,Deriv Priced; Odd Lot; Trade Thru Exmpt
03:52:24.380 PM ET,3.185,2,6,Mid,Off Exchange,Deriv Priced; Odd Lot; Trade Thru Exmpt
03:52:29.334 PM ET,3.185,2,6,Mid,Off Exchange,Deriv Priced; Odd Lot; Trade Thru Exmpt
03:52:32.257 PM ET,3.185,2,6,Mid,Off Exchange,Deriv Priced; Odd Lot; Trade Thru Exmpt
03:54:27.780 PM ET,3.183,2,6,Mid,Off Exchange,Odd Lot
03:56:28.621 PM ET,3.200,2,6,Mid,Off Exchange,Deriv Priced; Odd Lot; Trade Thru Exmpt
03:56:30.492 PM ET,3.199,2,6,Mid,Off Exchange,Deriv Priced; Odd Lot; Trade Thru Exmpt
03:56:36.577 PM ET,3.199,2,6,Mid,Off Exchange,Deriv Priced; Odd Lot; Trade Thru Exmpt
03:56:43.951 PM ET,3.199,2,6,Mid,Off Exchange,Deriv Priced; Odd Lot; Trade Thru Exmpt
03:56:49.638 PM ET,3.202,2,6,Ask,Off Exchange,Deriv Priced; Odd Lot; Trade Thru Exmpt
03:56:53.628 PM ET,3.199,2,6,Mid,Off Exchange,Deriv Priced; Odd Lot; Trade Thru Exmpt
03:56:56.276 PM ET,3.202,2,6,Ask,Off Exchange,Deriv Priced; Odd Lot; Trade Thru Exmpt
03:57:36.362 PM ET,3.195,2,6,Mid,Off Exchange,Odd Lot
03:58:11.393 PM ET,3.190,2,6,Bid,Off Exchange,Odd Lot
03:58:57.504 PM ET,3.200,2,6,Ask,Off Exchange,Odd Lot
03:58:57.510 PM ET,3.200,2,6,Ask,Off Exchange,Odd Lot
03:59:04.589 PM ET,3.195,2,6,Mid,Off Exchange,Odd Lot
03:59:06.635 PM ET,3.195,2,6,None,Off Exchange,Odd Lot
03:59:24.746 PM ET,3.200,2,6,None,Off Exchange,Odd Lot
03:59:31.256 PM ET,3.200,2,6,None,Off Exchange,Odd Lot
03:59:34.870 PM ET,3.195,2,6,None,IEX,Odd Lot
03:59:37.259 PM ET,3.200,2,6,None,Off Exchange,Odd Lot
03:59:41.658 PM ET,3.200,2,6,None,Off Exchange,Odd Lot
03:59:45.911 PM ET,3.200,2,6,None,Off Exchange,Odd Lot
03:59:50.074 PM ET,3.190,2,6,None,Cboe BYX,Inter Mkt Swp; Odd Lot; Trade Thru Exmpt
03:59:50.108 PM ET,3.195,2,6,None,IEX,Odd Lot
03:59:50.122 PM ET,3.195,2,6,None,IEX,Odd Lot
03:59:51.109 PM ET,3.195,2,6,None,IEX,Odd Lot
03:59:54.141 PM ET,3.190,2,6,None,Off Exchange,Odd Lot
05:35:24.168 AM ET,3.090,1,3,Mid,Nasdaq GSM,Frm T Ext Hrs; Odd Lot
08:54:03.432 AM ET,3.200,1,3,Mid,Nasdaq GSM,Frm T Ext Hrs; Inter Mkt Swp; Odd Lot; Trade Thru Exmpt
08:54:06.424 AM ET,3.160,1,3,Bid,Nasdaq GSM,Frm T Ext Hrs; Inter Mkt Swp; Odd Lot; Trade Thru Exmpt
08:54:06.424 AM ET,3.210,1,3,Mid,NYSE Arca,Frm T Ext Hrs; Inter Mkt Swp; Odd Lot; Trade Thru Exmpt
08:54:07.516 AM ET,3.160,1,3,Bid,Nasdaq GSM,Frm T Ext Hrs; Inter Mkt Swp; Odd Lot; Trade Thru Exmpt
08:54:07.517 AM ET,3.210,1,3,Mid,NYSE Arca,Frm T Ext Hrs; Inter Mkt Swp; Odd Lot; Trade Thru Exmpt
08:54:10.581 AM ET,3.160,1,3,Bid,Nasdaq GSM,Frm T Ext Hrs; Inter Mkt Swp; Odd Lot; Trade Thru Exmpt
08:54:10.581 AM ET,3.250,1,3,Mid,Nasdaq GSM,Frm T Ext Hrs; Inter Mkt Swp; Odd Lot; Trade Thru Exmpt
08:54:10.582 AM ET,3.240,1,3,Mid,NYSE Arca,Frm T Ext Hrs; Inter Mkt Swp; Odd Lot; Trade Thru Exmpt
09:30:27.166 AM ET,3.260,1,3,None,Cboe EDGX,Odd Lot
09:30:27.168 AM ET,3.270,1,3,None,Cboe EDGX,Odd Lot
09:30:28.879 AM ET,3.320,1,3,None,Off Exchange,Odd Lot
09:30:56.122 AM ET,3.220,1,3,Bid,NYSE National,Inter Mkt Swp; Odd Lot; Trade Thru Exmpt
09:32:03.116 AM ET,3.240,1,3,Mid,Nasdaq GSM,Odd Lot
09:32:10.539 AM ET,3.240,1,3,Mid,Nasdaq GSM,Odd Lot
09:32:42.726 AM ET,3.240,1,3,Mid,Off Exchange,Odd Lot
09:33:50.009 AM ET,3.240,1,3,Mid,Nasdaq GSM,Odd Lot
09:34:01.356 AM ET,3.220,1,3,Ask,Nasdaq GSM,Odd Lot
09:34:02.302 AM ET,3.210,1,3,Bid,Off Exchange,Odd Lot
09:34:03.102 AM ET,3.220,1,3,Ask,Off Exchange,Odd Lot
09:34:35.299 AM ET,3.210,1,3,Mid,Nasdaq GSM,Odd Lot
09:35:00.175 AM ET,3.215,1,3,Mid,Nasdaq GSM,Odd Lot
09:36:25.851 AM ET,3.200,1,3,Ask,Cboe EDGA,Inter Mkt Swp; Odd Lot; Trade Thru Exmpt
09:37:48.929 AM ET,3.200,1,3,Mid,Nasdaq GSM,Odd Lot
09:38:03.902 AM ET,3.190,1,3,Mid,NYSE,Odd Lot
09:38:52.929 AM ET,3.180,1,3,Mid,Nasdaq GSM,Odd Lot
09:39:30.122 AM ET,3.170,1,3,Mid,Nasdaq GSM,Odd Lot
09:39:51.140 AM ET,3.170,1,3,Mid,Off Exchange,Odd Lot
09:42:10.449 AM ET,3.210,1,3,Mid,Nasdaq GSM,Odd Lot
09:42:39.618 AM ET,3.200,1,3,Mid,Cboe BZX,Inter Mkt Swp; Odd Lot; Trade Thru Exmpt
09:42:41.498 AM ET,3.200,1,3,Mid,Nasdaq GSM,Odd Lot
09:42:56.496 AM ET,3.190,1,3,Mid,Nasdaq GSM,Odd Lot
09:44:21.217 AM ET,3.190,1,3,Ask,Off Exchange,Odd Lot
09:45:17.757 AM ET,3.210,1,3,Mid,Off Exchange,Odd Lot
09:46:09.147 AM ET,3.220,1,3,Mid,IEX,Odd Lot
09:47:04.940 AM ET,3.215,1,3,Mid,Nasdaq GSM,Odd Lot
09:47:06.786 AM ET,3.214,1,3,Mid,Off Exchange,Odd Lot
09:47:38.642 AM ET,3.209,1,3,Mid,Off Exchange,Odd Lot
09:49:09.890 AM ET,3.222,1,3,Mid,Off Exchange,Odd Lot
09:49:14.375 AM ET,3.224,1,3,Mid,Off Exchange,Odd Lot
09:49:40.372 AM ET,3.225,1,3,Mid,Nasdaq GSM,Odd Lot
09:49:57.221 AM ET,3.235,1,3,Mid,Nasdaq GSM,Odd Lot
09:50:18.222 AM ET,3.234,1,3,Mid,Off Exchange,Odd Lot
09:53:22.497 AM ET,3.255,1,3,Mid,IEX,Odd Lot
09:55:25.761 AM ET,3.245,1,3,Mid,Nasdaq GSM,Odd Lot
09:55:39.513 AM ET,3.245,1,3,Mid,Nasdaq GSM,Odd Lot
09:59:36.302 AM ET,3.230,1,3,Ask,Off Exchange,Odd Lot
10:00:39.246 AM ET,3.225,1,3,Mid,Nasdaq GSM,Odd Lot
10:00:47.627 AM ET,3.225,1,3,Mid,Off Exchange,Odd Lot
10:01:22.848 AM ET,3.215,1,3,Mid,Nasdaq GSM,Odd Lot
10:01:39.725 AM ET,3.215,1,3,Mid,Nasdaq GSM,Odd Lot
10:02:07.001 AM ET,3.220,1,3,Ask,Off Exchange,Odd Lot
10:02:56.915 AM ET,3.200,1,3,Bid,NYSE,Inter Mkt Swp; Odd Lot; Trade Thru Exmpt
10:02:56.915 AM ET,3.200,1,3,Bid,NYSE Arca,Inter Mkt Swp; Odd Lot; Trade Thru Exmpt
10:03:30.103 AM ET,3.207,1,3,Mid,Off Exchange,Deriv Priced; Odd Lot; Trade Thru Exmpt
10:03:39.389 AM ET,3.205,1,3,Mid,Nasdaq GSM,Odd Lot
10:03:56.085 AM ET,3.205,1,3,Mid,Off Exchange,Odd Lot
10:04:06.096 AM ET,3.205,1,3,Mid,Nasdaq GSM,Odd Lot
10:04:09.198 AM ET,3.205,1,3,Mid,Nasdaq GSM,Odd Lot
10:05:15.194 AM ET,3.210,1,3,Ask,Off Exchange,Odd Lot
10:05:17.356 AM ET,3.205,1,3,Mid,Off Exchange,Odd Lot
10:05:43.835 AM ET,3.204,1,3,Mid,Off Exchange,Odd Lot
10:05:48.136 AM ET,3.205,1,3,Mid,Nasdaq GSM,Odd Lot
10:06:19.828 AM ET,3.215,1,3,Mid,Off Exchange,Odd Lot
10:06:23.346 AM ET,3.208,1,3,Bid,Off Exchange,Deriv Priced; Odd Lot; Trade Thru Exmpt
10:06:27.820 AM ET,3.215,1,3,Mid,Nasdaq GSM,Odd Lot
10:07:46.085 AM ET,3.215,1,3,Mid,Off Exchange,Odd Lot
10:08:15.611 AM ET,3.220,1,3,Ask,Off Exchange,Odd Lot
10:08:16.089 AM ET,3.220,1,3,Ask,Off Exchange,Odd Lot
10:08:23.244 AM ET,3.214,1,3,Mid,Off Exchange,Odd Lot
10:08:36.089 AM ET,3.220,1,3,Ask,Off Exchange,Odd Lot
10:08:41.563 AM ET,3.215,1,3,Mid,Nasdaq GSM,Odd Lot
10:09:12.785 AM ET,3.215,1,3,Mid,Off Exchange,Deriv Priced; Odd Lot; Trade Thru Exmpt
10:09:30.981 AM ET,3.215,1,3,Mid,Nasdaq GSM,Odd Lot
10:10:09.019 AM ET,3.211,1,3,Mid,Off Exchange,Odd Lot
10:10:36.118 AM ET,3.225,1,3,Mid,Nasdaq GSM,Odd Lot
10:11:34.744 AM ET,3.224,1,3,Mid,Off Exchange,Odd Lot
10:11:43.431 AM ET,3.235,1,3,Ask,Off Exchange,Odd Lot
10:11:49.633 AM ET,3.230,1,3,Bid,Off Exchange,Odd Lot
10:12:04.758 AM ET,3.230,1,3,Mid,Off Exchange,Odd Lot
10:12:13.953 AM ET,3.230,1,3,Mid,Off Exchange,Odd Lot
10:12:30.396 AM ET,3.230,1,3,Mid,Off Exchange,Odd Lot
10:13:03.438 AM ET,3.225,1,3,Mid,Off Exchange,Odd Lot
10:13:18.887 AM ET,3.225,1,3,Mid,Off Exchange,Odd Lot
10:13:24.113 AM ET,3.225,1,3,Mid,Off Exchange,Odd Lot
10:13:39.113 AM ET,3.225,1,3,Mid,Off Exchange,Odd Lot
10:14:24.113 AM ET,3.225,1,3,Mid,Off Exchange,Odd Lot
10:14:39.113 AM ET,3.225,1,3,Mid,Off Exchange,Odd Lot
10:14:46.903 AM ET,3.215,1,3,Bid,IEX,Odd Lot
10:14:51.961 AM ET,3.220,1,3,Bid,Nasdaq GSM,Odd Lot
10:15:48.594 AM ET,3.230,1,3,Ask,Cboe EDGX,Inter Mkt Swp; Odd Lot; Trade Thru Exmpt
10:15:53.517 AM ET,3.225,1,3,Mid,Nasdaq GSM,Odd Lot
10:16:19.152 AM ET,3.225,1,3,Mid,Off Exchange,Odd Lot
10:16:19.153 AM ET,3.225,1,3,Mid,Off Exchange,Odd Lot
10:16:22.123 AM ET,3.225,1,3,Mid,Off Exchange,Odd Lot
10:16:24.665 AM ET,3.220,1,3,Mid,Off Exchange,Odd Lot
10:16:40.971 AM ET,3.220,1,3,Mid,Nasdaq GSM,Odd Lot
10:18:29.809 AM ET,3.214,1,3,Mid,Off Exchange,Odd Lot
10:18:46.151 AM ET,3.210,1,3,Bid,Cboe BZX,Inter Mkt Swp; Odd Lot; Trade Thru Exmpt
10:20:15.775 AM ET,3.205,1,3,Mid,Off Exchange,Odd Lot
10:20:37.375 AM ET,3.204,1,3,Mid,Off Exchange,Odd Lot
10:20:42.278 AM ET,3.195,1,3,Mid,IEX,Odd Lot
10:20:47.042 AM ET,3.195,1,3,Mid,Nasdaq GSM,Odd Lot
10:22:12.977 AM ET,3.209,1,3,Mid,Off Exchange,Odd Lot
10:22:19.171 AM ET,3.210,1,3,Mid,IEX,Odd Lot
10:22:19.241 AM ET,3.210,1,3,Mid,Off Exchange,Odd Lot
10:23:39.351 AM ET,3.217,1,3,Mid,Off Exchange,Deriv Priced; Odd Lot; Trade Thru Exmpt
10:24:20.590 AM ET,3.229,1,3,Mid,Off Exchange,Odd Lot
10:24:53.021 AM ET,3.240,1,3,Mid,Off Exchange,Odd Lot
10:25:25.538 AM ET,3.240,1,3,Mid,Nasdaq GSM,Odd Lot
10:26:06.614 AM ET,3.240,1,3,Mid,Off Exchange,Odd Lot
10:26:40.761 AM ET,3.240,1,3,Mid,Off Exchange,Odd Lot
10:28:16.586 AM ET,3.235,1,3,Mid,Nasdaq GSM,Odd Lot
10:28:35.958 AM ET,3.234,1,3,Mid,Off Exchange,Odd Lot
10:28:43.164 AM ET,3.235,1,3,Mid,Nasdaq GSM,Odd Lot
10:30:15.618 AM ET,3.215,1,3,Bid,IEX,Odd Lot
10:30:15.619 AM ET,3.215,1,3,Bid,IEX,Odd Lot
10:30:15.620 AM ET,3.215,1,3,Bid,IEX,Odd Lot
10:31:50.192 AM ET,3.220,1,3,Mid,IEX,Odd Lot
10:32:20.292 AM ET,3.230,1,3,Bid,Cboe BZX,Inter Mkt Swp; Odd Lot; Trade Thru Exmpt
10:34:53.101 AM ET,3.235,1,3,Mid,Off Exchange,Odd Lot
10:35:38.316 AM ET,3.220,1,3,Mid,Off Exchange,Odd Lot
10:36:09.320 AM ET,3.220,1,3,Mid,Nasdaq GSM,Odd Lot
10:39:20.750 AM ET,3.235,1,3,Mid,Nasdaq GSM,Odd Lot
10:39:37.079 AM ET,3.235,1,3,Mid,Nasdaq GSM,Odd Lot
10:40:53.142 AM ET,3.235,1,3,Mid,Off Exchange,Odd Lot
10:44:26.586 AM ET,3.225,1,3,Mid,Cboe BZX,Odd Lot
10:44:26.586 AM ET,3.230,1,3,Ask,Off Exchange,Odd Lot
10:45:05.196 AM ET,3.224,1,3,Mid,Off Exchange,Odd Lot
10:47:47.563 AM ET,3.225,1,3,Mid,Off Exchange,Odd Lot
10:48:16.569 AM ET,3.224,1,3,Mid,Off Exchange,Odd Lot
10:49:38.876 AM ET,3.228,1,3,Mid,Off Exchange,Odd Lot
10:49:41.186 AM ET,3.225,1,3,Mid,Nasdaq GSM,Odd Lot
10:50:49.894 AM ET,3.225,1,3,Mid,Cboe BZX,Odd Lot
10:52:31.859 AM ET,3.224,1,3,Mid,Off Exchange,Odd Lot
10:54:00.712 AM ET,3.225,1,3,Mid,Nasdaq GSM,Odd Lot
10:54:32.624 AM ET,3.225,1,3,Mid,Nasdaq GSM,Odd Lot
10:56:10.448 AM ET,3.215,1,3,Mid,Nasdaq GSM,Odd Lot
10:57:19.005 AM ET,3.214,1,3,Mid,Off Exchange,Odd Lot
10:57:42.325 AM ET,3.215,1,3,Mid,Nasdaq GSM,Odd Lot
10:57:44.506 AM ET,3.210,1,3,Bid,Off Exchange,Odd Lot
10:59:58.029 AM ET,3.215,1,3,Mid,IEX,Odd Lot
10:59:59.451 AM ET,3.215,1,3,Mid,Nasdaq GSM,Odd Lot
11:00:58.005 AM ET,3.210,1,3,Bid,IEX,Odd Lot
11:02:10.382 AM ET,3.215,1,3,Mid,Nasdaq GSM,Odd Lot
11:03:56.341 AM ET,3.215,1,3,Mid,Nasdaq GSM,Odd Lot
11:05:04.086 AM ET,3.215,1,3,Mid,Nasdaq GSM,Odd Lot
11:06:48.605 AM ET,3.210,1,3,Ask,Off Exchange,Odd Lot
11:07:49.625 AM ET,3.205,1,3,Mid,Nasdaq GSM,Odd Lot
11:08:52.541 AM ET,3.205,1,3,Mid,Nasdaq GSM,Odd Lot
11:09:16.392 AM ET,3.205,1,3,Mid,Nasdaq GSM,Odd Lot
11:09:32.946 AM ET,3.204,1,3,Mid,Off Exchange,Odd Lot
11:10:04.819 AM ET,3.204,1,3,Mid,Off Exchange,Odd Lot
11:10:09.679 AM ET,3.215,1,3,Mid,Nasdaq GSM,Odd Lot
11:11:35.237 AM ET,3.215,1,3,Mid,Nasdaq GSM,Odd Lot
11:11:40.514 AM ET,3.214,1,3,Mid,Off Exchange,Odd Lot
11:14:45.051 AM ET,3.215,1,3,Mid,Nasdaq GSM,Odd Lot
11:16:20.707 AM ET,3.215,1,3,Mid,Nasdaq GSM,Odd Lot
11:17:32.970 AM ET,3.220,1,3,Ask,IEX,Odd Lot
11:17:50.020 AM ET,3.220,1,3,Ask,IEX,Odd Lot
11:17:53.469 AM ET,3.220,1,3,Ask,NYSE Arca,Inter Mkt Swp; Odd Lot; Trade Thru Exmpt
11:18:25.230 AM ET,3.225,1,3,Mid,Off Exchange,Odd Lot
11:18:38.551 AM ET,3.220,1,3,Bid,Off Exchange,Odd Lot
11:18:45.776 AM ET,3.215,1,3,Mid,Nasdaq GSM,Odd Lot
11:18:54.689 AM ET,3.215,1,3,Mid,Off Exchange,Odd Lot
11:20:11.103 AM ET,3.215,1,3,Mid,Off Exchange,Odd Lot
11:20:45.479 AM ET,3.215,1,3,Mid,Off Exchange,Odd Lot
11:20:55.755 AM ET,3.215,1,3,Mid,Nasdaq GSM,Odd Lot
11:21:17.420 AM ET,3.215,1,3,Mid,Off Exchange,Odd Lot
11:21:17.421 AM ET,3.215,1,3,Mid,IEX,Odd Lot
11:21:46.843 AM ET,3.214,1,3,Mid,Off Exchange,Odd Lot
11:22:48.843 AM ET,3.215,1,3,Mid,IEX,Odd Lot
11:22:48.843 AM ET,3.215,1,3,Mid,Off Exchange,Odd Lot
11:22:50.698 AM ET,3.214,1,3,Mid,Off Exchange,Odd Lot
11:23:22.540 AM ET,3.214,1,3,Mid,Off Exchange,Odd Lot
11:24:26.412 AM ET,3.214,1,3,Mid,Off Exchange,Odd Lot
11:24:38.768 AM ET,3.215,1,3,Mid,Off Exchange,Odd Lot
11:25:11.124 AM ET,3.215,1,3,Mid,Off Exchange,Odd Lot
11:25:59.124 AM ET,3.215,1,3,Mid,Off Exchange,Odd Lot
11:26:18.272 AM ET,3.215,1,3,Mid,Nasdaq GSM,Odd Lot
11:27:13.780 AM ET,3.210,1,3,Bid,Off Exchange,Odd Lot
11:27:13.855 AM ET,3.215,1,3,Mid,IEX,Odd Lot
11:27:13.855 AM ET,3.215,1,3,Mid,Off Exchange,Odd Lot
11:27:43.065 AM ET,3.215,1,3,Mid,Nasdaq GSM,Odd Lot
11:29:03.631 AM ET,3.220,1,3,Ask,Off Exchange,Odd Lot
11:30:46.703 AM ET,3.205,1,3,Mid,Cboe BZX,Odd Lot
11:30:49.179 AM ET,3.204,1,3,Mid,Off Exchange,Odd Lot
11:30:58.097 AM ET,3.205,1,3,Mid,Nasdaq GSM,Odd Lot
11:31:32.539 AM ET,3.210,1,3,Ask,NYSE Arca,Inter Mkt Swp; Odd Lot; Trade Thru Exmpt
11:31:35.679 AM ET,3.215,1,3,Mid,Nasdaq GSM,Odd Lot
11:32:25.108 AM ET,3.214,1,3,Mid,Off Exchange,Odd Lot
11:33:03.427 AM ET,3.220,1,3,Bid,NYSE,Inter Mkt Swp; Odd Lot; Trade Thru Exmpt
11:38:15.911 AM ET,3.214,1,3,Mid,Off Exchange,Odd Lot
11:38:41.083 AM ET,3.215,1,3,Mid,Nasdaq GSM,Odd Lot
11:39:19.977 AM ET,3.214,1,3,Mid,Off Exchange,Odd Lot
11:39:58.118 AM ET,3.220,1,3,Ask,NYSE Arca,Inter Mkt Swp; Odd Lot; Trade Thru Exmpt
11:40:23.659 AM ET,3.224,1,3,Mid,Off Exchange,Odd Lot
11:42:02.119 AM ET,3.235,1,3,Mid,Off Exchange,Odd Lot
11:43:03.395 AM ET,3.234,1,3,Mid,Off Exchange,Odd Lot
11:48:37.803 AM ET,3.220,1,3,Bid,NYSE Arca,Inter Mkt Swp; Odd Lot; Trade Thru Exmpt
11:49:58.205 AM ET,3.224,1,3,Mid,Off Exchange,Odd Lot
11:50:30.050 AM ET,3.224,1,3,Mid,Off Exchange,Odd Lot
11:51:53.396 AM ET,3.225,1,3,Mid,Nasdaq GSM,Odd Lot
11:56:08.446 AM ET,3.220,1,3,Bid,Off Exchange,Odd Lot
11:56:20.654 AM ET,3.215,1,3,Mid,Nasdaq GSM,Odd Lot
11:56:37.936 AM ET,3.215,1,3,Mid,IEX,Odd Lot
11:57:31.585 AM ET,3.215,1,3,Mid,Nasdaq GSM,Odd Lot
11:58:44.549 AM ET,3.190,1,3,Bid,NYSE American,Inter Mkt Swp; Odd Lot; Trade Thru Exmpt
11:59:22.760 AM ET,3.180,1,3,Bid,NYSE Arca,Inter Mkt Swp; Odd Lot; Trade Thru Exmpt
12:00:50.530 PM ET,3.175,1,3,Mid,Nasdaq GSM,Odd Lot
12:00:58.089 PM ET,3.175,1,3,Mid,Nasdaq GSM,Odd Lot
12:04:01.316 PM ET,3.180,1,3,Ask,NYSE Arca,Inter Mkt Swp; Odd Lot; Trade Thru Exmpt
12:06:52.166 PM ET,3.170,1,3,Bid,Off Exchange,Odd Lot
12:06:54.362 PM ET,3.175,1,3,Mid,Nasdaq GSM,Odd Lot
12:08:16.710 PM ET,3.175,1,3,Mid,Nasdaq GSM,Odd Lot
12:10:36.074 PM ET,3.180,1,3,Ask,NYSE Arca,Inter Mkt Swp; Odd Lot; Trade Thru Exmpt
12:10:37.013 PM ET,3.185,1,3,Mid,Nasdaq GSM,Odd Lot
12:11:19.465 PM ET,3.185,1,3,Mid,Nasdaq GSM,Odd Lot
12:12:43.988 PM ET,3.195,1,3,Mid,Nasdaq GSM,Odd Lot
12:13:46.808 PM ET,3.195,1,3,Mid,Nasdaq GSM,Odd Lot
12:14:29.284 PM ET,3.195,1,3,Mid,Nasdaq GSM,Odd Lot
12:16:02.232 PM ET,3.195,1,3,Mid,Off Exchange,Odd Lot
12:17:11.602 PM ET,3.195,1,3,Mid,Nasdaq GSM,Odd Lot
12:17:12.281 PM ET,3.200,1,3,Ask,Off Exchange,Odd Lot
12:17:16.688 PM ET,3.190,1,3,Ask,Nasdaq GSM,Odd Lot
12:17:27.565 PM ET,3.190,1,3,None,NYSE Arca,Inter Mkt Swp; Odd Lot; Trade Thru Exmpt
12:17:35.016 PM ET,3.200,1,3,None,NYSE Arca,Odd Lot
12:17:35.931 PM ET,3.190,1,3,None,MEMX,Odd Lot
12:21:55.770 PM ET,3.140,1,3,Bid,NYSE Arca,Inter Mkt Swp; Odd Lot; Trade Thru Exmpt
12:21:55.985 PM ET,3.145,1,3,Mid,Off Exchange,Odd Lot
12:22:20.832 PM ET,3.145,1,3,Mid,Off Exchange,Odd Lot
12:22:55.814 PM ET,3.145,1,3,Mid,Off Exchange,Odd Lot
12:25:42.365 PM ET,3.140,1,3,Ask,NYSE Arca,Inter Mkt Swp; Odd Lot; Trade Thru Exmpt
12:26:16.777 PM ET,3.150,1,3,Ask,Off Exchange,Odd Lot
12:26:23.426 PM ET,3.150,1,3,Bid,Cboe BZX,Inter Mkt Swp; Odd Lot; Trade Thru Exmpt
12:26:24.759 PM ET,3.160,1,3,Ask,NYSE Arca,Inter Mkt Swp; Odd Lot; Trade Thru Exmpt
12:27:39.600 PM ET,3.150,1,3,Bid,Nasdaq GSM,Odd Lot
12:30:38.025 PM ET,3.145,1,3,Mid,Off Exchange,Odd Lot
12:31:34.918 PM ET,3.130,1,3,Bid,Off Exchange,Odd Lot
12:32:55.609 PM ET,3.115,1,3,Mid,Cboe EDGX,Odd Lot
12:32:55.611 PM ET,3.115,1,3,Mid,Off Exchange,Odd Lot
12:33:09.399 PM ET,3.120,1,3,Ask,Cboe BZX,Inter Mkt Swp; Odd Lot; Trade Thru Exmpt
12:35:19.120 PM ET,3.121,1,3,Mid,Off Exchange,Odd Lot
12:37:09.056 PM ET,3.120,1,3,Bid,Off Exchange,Odd Lot
12:38:46.897 PM ET,3.120,1,3,Ask,Nasdaq GSM,Odd Lot
12:39:05.204 PM ET,3.122,1,3,Mid,Off Exchange,Deriv Priced; Odd Lot; Trade Thru Exmpt
12:40:27.388 PM ET,3.150,1,3,Ask,Cboe BZX,Odd Lot
12:40:29.243 PM ET,3.150,1,3,Ask,Cboe BZX,Odd Lot
12:43:05.089 PM ET,3.139,1,3,Bid,Off Exchange,Deriv Priced; Odd Lot; Trade Thru Exmpt
12:48:35.846 PM ET,3.135,1,3,Mid,Off Exchange,Odd Lot
12:51:04.300 PM ET,3.140,1,3,Ask,Off Exchange,Odd Lot
12:51:04.840 PM ET,3.145,1,3,Mid,MEMX,Odd Lot
12:51:39.617 PM ET,3.150,1,3,Bid,Nasdaq GSM,Odd Lot
12:52:07.389 PM ET,3.150,1,3,Bid,NYSE Arca,Odd Lot
12:52:07.389 PM ET,3.150,1,3,Bid,Cboe EDGX,Inter Mkt Swp; Odd Lot; Trade Thru Exmpt
12:52:22.709 PM ET,3.145,1,3,Mid,Cboe EDGA,Odd Lot
12:53:02.440 PM ET,3.145,1,3,Mid,NYSE Arca,Inter Mkt Swp; Odd Lot; Trade Thru Exmpt
12:53:17.230 PM ET,3.145,1,3,Mid,Off Exchange,Odd Lot
12:53:24.537 PM ET,3.145,1,3,Mid,IEX,Odd Lot
12:53:27.146 PM ET,3.150,1,3,Ask,Off Exchange,Deriv Priced; Odd Lot; Trade Thru Exmpt
12:53:32.996 PM ET,3.140,1,3,Bid,Cboe BZX,Odd Lot
12:54:08.995 PM ET,3.140,1,3,Bid,MEMX,Odd Lot
12:54:44.268 PM ET,3.145,1,3,Mid,Cboe EDGX,Odd Lot
12:54:44.269 PM ET,3.145,1,3,Mid,IEX,Odd Lot
12:55:48.764 PM ET,3.160,1,3,Ask,Cboe BZX,Odd Lot
12:56:00.679 PM ET,3.165,1,3,Mid,Nasdaq GSM,Odd Lot
12:57:26.731 PM ET,3.160,1,3,Ask,Cboe BZX,Odd Lot
12:57:26.800 PM ET,3.155,1,3,Mid,Cboe EDGX,Odd Lot
12:57:39.617 PM ET,3.160,1,3,Bid,Nasdaq GSM,Odd Lot
12:57:39.620 PM ET,3.160,1,3,Bid,Off Exchange,Odd Lot
12:59:48.485 PM ET,3.150,1,3,Bid,Off Exchange,Odd Lot
01:00:45.500 PM ET,3.150,1,3,Ask,Nasdaq GSM,Inter Mkt Swp; Odd Lot; Trade Thru Exmpt
01:00:45.501 PM ET,3.150,1,3,Ask,Cboe EDGX,Odd Lot
01:01:13.938 PM ET,3.154,1,3,Mid,Off Exchange,Odd Lot
01:02:08.867 PM ET,3.160,1,3,Ask,IEX,Odd Lot
01:03:16.972 PM ET,3.150,1,3,Bid,Off Exchange,Odd Lot
01:03:16.972 PM ET,3.150,1,3,Bid,IEX,Odd Lot
01:03:21.404 PM ET,3.154,1,3,Mid,Off Exchange,Odd Lot
01:04:31.958 PM ET,3.150,1,3,Ask,Nasdaq GSM,Inter Mkt Swp; Odd Lot; Trade Thru Exmpt
01:04:31.958 PM ET,3.150,1,3,Ask,Cboe EDGX,Inter Mkt Swp; Odd Lot; Trade Thru Exmpt
01:04:31.959 PM ET,3.150,1,3,Ask,Cboe EDGX,Inter Mkt Swp; Odd Lot; Trade Thru Exmpt
01:05:19.367 PM ET,3.150,1,3,Ask,NYSE Arca,Inter Mkt Swp; Odd Lot; Trade Thru Exmpt
01:05:55.194 PM ET,3.150,1,3,Bid,Off Exchange,Odd Lot
01:05:55.196 PM ET,3.150,1,3,Bid,Off Exchange,Odd Lot
01:06:19.915 PM ET,3.150,1,3,Ask,Off Exchange,Odd Lot
01:07:35.547 PM ET,3.165,1,3,Mid,Nasdaq GSM,Odd Lot
01:07:35.550 PM ET,3.165,1,3,Mid,MEMX,Odd Lot
01:08:09.291 PM ET,3.160,1,3,Ask,Cboe EDGX,Inter Mkt Swp; Odd Lot; Trade Thru Exmpt
01:08:29.417 PM ET,3.155,1,3,Mid,Nasdaq GSM,Odd Lot
01:10:12.234 PM ET,3.158,1,3,Ask,Off Exchange,Deriv Priced; Odd Lot; Trade Thru Exmpt
01:11:39.306 PM ET,3.145,1,3,Mid,Off Exchange,Odd Lot
01:11:58.116 PM ET,3.145,1,3,Mid,IEX,Odd Lot
01:11:58.185 PM ET,3.145,1,3,Mid,Off Exchange,Odd Lot
01:12:49.184 PM ET,3.150,1,3,Bid,Off Exchange,Odd Lot
01:12:49.197 PM ET,3.150,1,3,Bid,Cboe EDGX,Inter Mkt Swp; Odd Lot; Trade Thru Exmpt
01:14:59.318 PM ET,3.150,1,3,Ask,Off Exchange,Odd Lot
01:17:58.128 PM ET,3.155,1,3,Mid,Off Exchange,Odd Lot
01:17:58.128 PM ET,3.155,1,3,Mid,IEX,Odd Lot
01:19:33.360 PM ET,3.150,1,3,Bid,IEX,Odd Lot
01:20:58.550 PM ET,3.140,1,3,Bid,Cboe EDGX,Inter Mkt Swp; Odd Lot; Trade Thru Exmpt
01:23:05.441 PM ET,3.147,1,3,Bid,Off Exchange,Deriv Priced; Odd Lot; Trade Thru Exmpt
01:23:50.698 PM ET,3.155,1,3,Mid,Nasdaq GSM,Odd Lot
01:25:59.358 PM ET,3.185,1,3,Ask,Off Exchange,Odd Lot
01:27:03.234 PM ET,3.160,1,3,Bid,Cboe BYX,Odd Lot
01:27:03.235 PM ET,3.160,1,3,Mid,Off Exchange,Odd Lot
01:29:30.817 PM ET,3.155,1,3,Mid,Off Exchange,Odd Lot
01:30:06.618 PM ET,3.150,1,3,Bid,Cboe BZX,Inter Mkt Swp; Odd Lot; Trade Thru Exmpt
01:30:39.274 PM ET,3.150,1,3,Ask,NYSE Arca,Odd Lot
01:32:04.454 PM ET,3.155,1,3,Mid,Off Exchange,Odd Lot
01:32:17.804 PM ET,3.155,1,3,Mid,Off Exchange,Odd Lot
01:32:22.804 PM ET,3.155,1,3,Mid,Off Exchange,Odd Lot
01:32:45.212 PM ET,3.155,1,3,Mid,Off Exchange,Odd Lot
01:32:53.258 PM ET,3.155,1,3,Mid,Off Exchange,Odd Lot
01:33:00.213 PM ET,3.155,1,3,Mid,Off Exchange,Odd Lot
01:33:01.608 PM ET,3.150,1,3,Bid,Nasdaq GSM,Odd Lot
01:34:03.338 PM ET,3.155,1,3,Mid,Off Exchange,Odd Lot
01:34:05.281 PM ET,3.155,1,3,Mid,Off Exchange,Odd Lot
01:34:09.768 PM ET,3.155,1,3,Mid,Off Exchange,Odd Lot
01:34:18.144 PM ET,3.150,1,3,Ask,Nasdaq GSM,Inter Mkt Swp; Odd Lot; Trade Thru Exmpt
01:34:18.150 PM ET,3.145,1,3,Mid,Off Exchange,Odd Lot
01:38:13.524 PM ET,3.135,1,3,Mid,Nasdaq GSM,Odd Lot
01:39:57.924 PM ET,3.140,1,3,Bid,Off Exchange,Deriv Priced; Odd Lot; Trade Thru Exmpt
01:40:35.515 PM ET,3.125,1,3,Mid,Nasdaq GSM,Odd Lot
01:40:59.732 PM ET,3.135,1,3,Ask,Off Exchange,Deriv Priced; Odd Lot; Trade Thru Exmpt
01:42:45.189 PM ET,3.135,1,3,Mid,Nasdaq GSM,Odd Lot
01:43:22.464 PM ET,3.140,1,3,Bid,Nasdaq GSM,Odd Lot
01:43:24.369 PM ET,3.145,1,3,Mid,Nasdaq GSM,Odd Lot
01:45:21.928 PM ET,3.132,1,3,Bid,Off Exchange,Deriv Priced; Odd Lot; Trade Thru Exmpt
01:45:30.853 PM ET,3.140,1,3,Bid,Cboe BZX,Inter Mkt Swp; Odd Lot; Trade Thru Exmpt
01:48:24.067 PM ET,3.155,1,3,Mid,Nasdaq GSM,Odd Lot
01:48:26.261 PM ET,3.155,1,3,Mid,Off Exchange,Odd Lot
01:48:45.519 PM ET,3.155,1,3,Mid,Off Exchange,Odd Lot
01:49:00.505 PM ET,3.155,1,3,Mid,Off Exchange,Odd Lot
01:50:07.777 PM ET,3.170,1,3,Ask,Off Exchange,Odd Lot
01:50:52.030 PM ET,3.160,1,3,Bid,Off Exchange,Odd Lot
01:51:21.669 PM ET,3.155,1,3,Mid,Nasdaq GSM,Odd Lot
01:51:36.390 PM ET,3.150,1,3,Bid,Nasdaq GSM,Odd Lot
01:52:11.781 PM ET,3.150,1,3,Bid,Off Exchange,Odd Lot
01:56:00.977 PM ET,3.151,1,3,Bid,Off Exchange,Deriv Priced; Odd Lot; Trade Thru Exmpt
01:56:07.990 PM ET,3.151,1,3,Bid,Off Exchange,Deriv Priced; Odd Lot; Trade Thru Exmpt
01:57:39.448 PM ET,3.155,1,3,Bid,Off Exchange,Odd Lot
01:59:31.384 PM ET,3.175,1,3,Mid,Nasdaq GSM,Odd Lot
02:00:02.443 PM ET,3.175,1,3,Mid,Nasdaq GSM,Odd Lot
02:00:19.020 PM ET,3.175,1,3,Mid,IEX,Odd Lot
02:00:37.598 PM ET,3.175,1,3,Mid,Off Exchange,Odd Lot
02:00:39.430 PM ET,3.175,1,3,Mid,Off Exchange,Odd Lot
02:00:44.430 PM ET,3.175,1,3,Mid,Off Exchange,Odd Lot
02:00:49.273 PM ET,3.175,1,3,Mid,Nasdaq GSM,Odd Lot
02:01:35.758 PM ET,3.162,1,3,Bid,Off Exchange,Deriv Priced; Odd Lot; Trade Thru Exmpt
02:01:38.914 PM ET,3.170,1,3,Bid,Nasdaq GSM,Odd Lot
02:05:17.909 PM ET,3.185,1,3,Mid,Off Exchange,Deriv Priced; Odd Lot; Trade Thru Exmpt
02:05:58.929 PM ET,3.185,1,3,Mid,Off Exchange,Deriv Priced; Odd Lot; Trade Thru Exmpt
02:05:58.930 PM ET,3.185,1,3,Mid,Off Exchange,Deriv Priced; Odd Lot; Trade Thru Exmpt
02:07:34.614 PM ET,3.185,1,3,Mid,Nasdaq GSM,Odd Lot
02:07:59.063 PM ET,3.184,1,3,Mid,Off Exchange,Deriv Priced; Odd Lot; Trade Thru Exmpt
02:08:24.864 PM ET,3.189,1,3,Bid,Off Exchange,Deriv Priced; Odd Lot; Trade Thru Exmpt
02:09:43.676 PM ET,3.195,1,3,Mid,Nasdaq GSM,Odd Lot
02:10:14.049 PM ET,3.195,1,3,Mid,Nasdaq GSM,Odd Lot
02:11:00.479 PM ET,3.200,1,3,Ask,Off Exchange,Odd Lot
02:11:05.855 PM ET,3.195,1,3,Mid,Nasdaq GSM,Odd Lot
02:11:43.285 PM ET,3.195,1,3,Mid,Nasdaq GSM,Odd Lot
02:12:22.484 PM ET,3.195,1,3,Mid,Off Exchange,Odd Lot
02:12:51.687 PM ET,3.195,1,3,Mid,Nasdaq GSM,Odd Lot
02:13:00.240 PM ET,3.195,1,3,Mid,Off Exchange,Deriv Priced; Odd Lot; Trade Thru Exmpt
02:13:00.241 PM ET,3.195,1,3,Mid,Off Exchange,Deriv Priced; Odd Lot; Trade Thru Exmpt
02:13:04.158 PM ET,3.200,1,3,Ask,Off Exchange,Odd Lot
02:13:21.268 PM ET,3.205,1,3,Mid,Nasdaq GSM,Odd Lot
02:13:28.620 PM ET,3.205,1,3,Mid,Nasdaq GSM,Odd Lot
02:14:04.774 PM ET,3.205,1,3,Mid,Off Exchange,Odd Lot
02:14:14.526 PM ET,3.215,1,3,Mid,Off Exchange,Odd Lot
02:14:24.777 PM ET,3.215,1,3,Mid,Off Exchange,Odd Lot
02:14:29.775 PM ET,3.215,1,3,Mid,Off Exchange,Odd Lot
02:14:39.775 PM ET,3.215,1,3,Mid,Off Exchange,Odd Lot
02:15:06.106 PM ET,3.211,1,3,Mid,Off Exchange,Odd Lot
02:15:06.135 PM ET,3.215,1,3,Mid,Off Exchange,Odd Lot
02:15:11.795 PM ET,3.215,1,3,Mid,Off Exchange,Odd Lot
02:15:13.135 PM ET,3.215,1,3,Mid,Nasdaq GSM,Odd Lot
02:15:35.329 PM ET,3.214,1,3,Mid,Off Exchange,Odd Lot
02:16:03.823 PM ET,3.215,1,3,Mid,Nasdaq GSM,Odd Lot
02:16:35.622 PM ET,3.215,1,3,Mid,Off Exchange,Odd Lot
02:16:40.640 PM ET,3.215,1,3,Mid,Off Exchange,Odd Lot
02:17:01.041 PM ET,3.215,1,3,Mid,Off Exchange,Odd Lot
02:17:08.019 PM ET,3.215,1,3,Mid,Off Exchange,Odd Lot
02:18:28.883 PM ET,3.205,1,3,Ask,Off Exchange,Deriv Priced; Odd Lot; Trade Thru Exmpt
02:18:59.678 PM ET,3.204,1,3,Ask,Off Exchange,Deriv Priced; Odd Lot; Trade Thru Exmpt
02:19:10.922 PM ET,3.190,1,3,Bid,Cboe EDGX,Inter Mkt Swp; Odd Lot; Trade Thru Exmpt
02:19:13.416 PM ET,3.205,1,3,Ask,Off Exchange,Deriv Priced; Odd Lot; Trade Thru Exmpt
02:20:03.094 PM ET,3.190,1,3,Ask,Off Exchange,Odd Lot
02:20:40.753 PM ET,3.186,1,3,Mid,Off Exchange,Deriv Priced; Odd Lot; Trade Thru Exmpt
02:21:30.886 PM ET,3.182,1,3,Mid,Off Exchange,Deriv Priced; Odd Lot; Trade Thru Exmpt
02:22:17.867 PM ET,3.184,1,3,Mid,Off Exchange,Deriv Priced; Odd Lot; Trade Thru Exmpt
02:22:49.339 PM ET,3.170,1,3,Bid,NYSE,Odd Lot
02:22:49.339 PM ET,3.170,1,3,Bid,Nasdaq GSM,Odd Lot
02:23:06.075 PM ET,3.170,1,3,Bid,Nasdaq GSM,Inter Mkt Swp; Odd Lot; Trade Thru Exmpt
02:23:15.142 PM ET,3.175,1,3,Mid,Nasdaq GSM,Odd Lot
02:23:18.911 PM ET,3.180,1,3,Ask,Off Exchange,Odd Lot
02:23:32.635 PM ET,3.175,1,3,Mid,Nasdaq GSM,Odd Lot
02:23:37.520 PM ET,3.173,1,3,Mid,Off Exchange,Deriv Priced; Odd Lot; Trade Thru Exmpt
02:24:58.629 PM ET,3.185,1,3,Mid,Nasdaq GSM,Odd Lot
02:27:37.603 PM ET,3.185,1,3,Bid,Off Exchange,Odd Lot
02:28:24.596 PM ET,3.189,1,3,Bid,Off Exchange,Deriv Priced; Odd Lot; Trade Thru Exmpt
02:29:55.561 PM ET,3.195,1,3,Mid,Nasdaq GSM,Odd Lot
02:30:05.046 PM ET,3.195,1,3,Mid,Nasdaq GSM,Odd Lot
02:31:10.089 PM ET,3.195,1,3,Mid,Nasdaq GSM,Odd Lot
02:31:27.882 PM ET,3.200,1,3,Ask,Nasdaq GSM,Odd Lot
02:31:27.967 PM ET,3.200,1,3,Ask,Nasdaq GSM,Inter Mkt Swp; Odd Lot; Trade Thru Exmpt
02:32:08.689 PM ET,3.195,1,3,Mid,Nasdaq GSM,Odd Lot
02:33:22.078 PM ET,3.199,1,3,Mid,Off Exchange,Odd Lot
02:33:27.318 PM ET,3.190,1,3,Bid,Off Exchange,Odd Lot
02:34:00.285 PM ET,3.196,1,3,Mid,Off Exchange,Odd Lot
02:34:14.680 PM ET,3.195,1,3,Mid,Nasdaq GSM,Odd Lot
02:34:15.057 PM ET,3.196,1,3,Mid,Off Exchange,Odd Lot
02:35:25.879 PM ET,3.200,1,3,Ask,NYSE,Inter Mkt Swp; Odd Lot; Trade Thru Exmpt
02:36:31.377 PM ET,3.195,1,3,Mid,Nasdaq GSM,Odd Lot
02:37:59.485 PM ET,3.185,1,3,Mid,Nasdaq GSM,Odd Lot
02:40:04.471 PM ET,3.185,1,3,Mid,Off Exchange,Deriv Priced; Odd Lot; Trade Thru Exmpt
02:40:27.010 PM ET,3.186,1,3,Mid,Off Exchange,Odd Lot
02:40:33.013 PM ET,3.185,1,3,Mid,Off Exchange,Odd Lot
02:40:49.267 PM ET,3.185,1,3,Mid,Off Exchange,Odd Lot
02:40:56.004 PM ET,3.185,1,3,Mid,Off Exchange,Odd Lot
02:42:27.534 PM ET,3.188,1,3,Mid,Off Exchange,Odd Lot
02:42:54.164 PM ET,3.188,1,3,Mid,Off Exchange,Deriv Priced; Odd Lot; Trade Thru Exmpt
02:43:24.692 PM ET,3.186,1,3,Mid,Off Exchange,Deriv Priced; Odd Lot; Trade Thru Exmpt
02:43:37.948 PM ET,3.186,1,3,Mid,Off Exchange,Odd Lot
02:45:31.011 PM ET,3.185,1,3,Mid,Nasdaq GSM,Odd Lot
02:46:07.306 PM ET,3.185,1,3,Mid,Off Exchange,Odd Lot
02:49:09.998 PM ET,3.195,1,3,Mid,Off Exchange,Odd Lot
02:49:37.331 PM ET,3.195,1,3,Mid,Off Exchange,Deriv Priced; Odd Lot; Trade Thru Exmpt
02:49:46.084 PM ET,3.190,1,3,Bid,Nasdaq PHLX,Inter Mkt Swp; Odd Lot; Trade Thru Exmpt
02:49:55.046 PM ET,3.185,1,3,Mid,Off Exchange,Odd Lot
02:50:00.516 PM ET,3.185,1,3,Mid,Off Exchange,Odd Lot
02:50:00.516 PM ET,3.185,1,3,Mid,IEX,Odd Lot
02:50:26.573 PM ET,3.190,1,3,Ask,Off Exchange,Odd Lot
02:50:55.290 PM ET,3.185,1,3,Mid,Off Exchange,Deriv Priced; Odd Lot; Trade Thru Exmpt
02:51:36.721 PM ET,3.188,1,3,Ask,Off Exchange,Odd Lot
02:51:55.968 PM ET,3.175,1,3,Mid,Off Exchange,Deriv Priced; Odd Lot; Trade Thru Exmpt
02:52:14.387 PM ET,3.175,1,3,Mid,Nasdaq GSM,Odd Lot
02:52:55.972 PM ET,3.175,1,3,Mid,Off Exchange,Deriv Priced; Odd Lot; Trade Thru Exmpt
02:53:55.603 PM ET,3.175,1,3,Mid,Nasdaq GSM,Odd Lot
02:54:00.377 PM ET,3.175,1,3,Mid,Off Exchange,Deriv Priced; Odd Lot; Trade Thru Exmpt
02:54:29.754 PM ET,3.175,1,3,Mid,Off Exchange,Odd Lot
02:54:29.754 PM ET,3.175,1,3,Mid,IEX,Odd Lot
02:54:30.379 PM ET,3.171,1,3,Mid,Off Exchange,Deriv Priced; Odd Lot; Trade Thru Exmpt
02:55:15.512 PM ET,3.175,1,3,Mid,Off Exchange,Deriv Priced; Odd Lot; Trade Thru Exmpt
02:55:25.741 PM ET,3.175,1,3,Mid,Nasdaq GSM,Odd Lot
02:55:48.209 PM ET,3.175,1,3,Mid,Nasdaq GSM,Odd Lot
02:55:50.177 PM ET,3.173,1,3,Mid,Off Exchange,Deriv Priced; Odd Lot; Trade Thru Exmpt
02:56:53.331 PM ET,3.175,1,3,Mid,Off Exchange,Deriv Priced; Odd Lot; Trade Thru Exmpt
02:57:59.578 PM ET,3.175,1,3,Mid,Off Exchange,Deriv Priced; Odd Lot; Trade Thru Exmpt
02:58:03.960 PM ET,3.181,1,3,Ask,Off Exchange,Odd Lot
02:58:29.580 PM ET,3.175,1,3,Mid,Off Exchange,Deriv Priced; Odd Lot; Trade Thru Exmpt
02:58:59.582 PM ET,3.175,1,3,Mid,Off Exchange,Deriv Priced; Odd Lot; Trade Thru Exmpt
02:59:03.203 PM ET,3.175,1,3,Mid,Nasdaq GSM,Odd Lot
02:59:10.572 PM ET,3.175,1,3,Mid,Nasdaq GSM,Odd Lot
02:59:23.353 PM ET,3.175,1,3,Mid,Nasdaq GSM,Odd Lot
02:59:29.584 PM ET,3.173,1,3,Mid,Off Exchange,Deriv Priced; Odd Lot; Trade Thru Exmpt
02:59:49.005 PM ET,3.175,1,3,Mid,Off Exchange,Odd Lot
02:59:59.586 PM ET,3.175,1,3,Mid,Off Exchange,Deriv Priced; Odd Lot; Trade Thru Exmpt
03:00:20.135 PM ET,3.175,1,3,Mid,Nasdaq GSM,Odd Lot
03:00:29.588 PM ET,3.175,1,3,Mid,Off Exchange,Deriv Priced; Odd Lot; Trade Thru Exmpt
03:01:05.929 PM ET,3.174,1,3,Mid,Off Exchange,Deriv Priced; Odd Lot; Trade Thru Exmpt
03:01:35.931 PM ET,3.171,1,3,Mid,Off Exchange,Deriv Priced; Odd Lot; Trade Thru Exmpt
03:02:38.080 PM ET,3.173,1,3,Mid,Off Exchange,Deriv Priced; Odd Lot; Trade Thru Exmpt
03:03:01.288 PM ET,3.175,1,3,Mid,Off Exchange,Deriv Priced; Odd Lot; Trade Thru Exmpt
03:04:38.276 PM ET,3.175,1,3,Mid,Off Exchange,Deriv Priced; Odd Lot; Trade Thru Exmpt
03:05:08.278 PM ET,3.175,1,3,Mid,Off Exchange,Deriv Priced; Odd Lot; Trade Thru Exmpt
03:05:38.280 PM ET,3.175,1,3,Mid,Off Exchange,Deriv Priced; Odd Lot; Trade Thru Exmpt
03:05:38.939 PM ET,3.175,1,3,Mid,Off Exchange,Deriv Priced; Odd Lot; Trade Thru Exmpt
03:06:00.897 PM ET,3.175,1,3,Mid,Nasdaq GSM,Odd Lot
03:06:27.006 PM ET,3.180,1,3,Bid,Nasdaq GSM,Inter Mkt Swp; Odd Lot; Trade Thru Exmpt
03:06:27.007 PM ET,3.178,1,3,Bid,Off Exchange,Deriv Priced; Odd Lot; Trade Thru Exmpt
03:07:47.565 PM ET,3.180,1,3,Mid,Off Exchange,Deriv Priced; Odd Lot; Trade Thru Exmpt
03:07:47.565 PM ET,3.185,1,3,Mid,Off Exchange,Deriv Priced; Odd Lot; Trade Thru Exmpt
03:08:18.604 PM ET,3.190,1,3,Ask,Off Exchange,Odd Lot
03:08:41.637 PM ET,3.190,1,3,Ask,Off Exchange,Deriv Priced; Odd Lot; Trade Thru Exmpt
03:08:41.648 PM ET,3.195,1,3,Ask,Off Exchange,Odd Lot
03:09:52.628 PM ET,3.191,1,3,Mid,Off Exchange,Odd Lot
03:10:08.290 PM ET,3.190,1,3,Ask,Off Exchange,Deriv Priced; Odd Lot; Trade Thru Exmpt
03:10:08.291 PM ET,3.191,1,3,Ask,Off Exchange,Deriv Priced; Odd Lot; Trade Thru Exmpt
03:10:08.292 PM ET,3.190,1,3,Ask,Off Exchange,Deriv Priced; Odd Lot; Trade Thru Exmpt
03:11:04.062 PM ET,3.195,1,3,Mid,Nasdaq GSM,Odd Lot
03:11:21.177 PM ET,3.195,1,3,Mid,Nasdaq GSM,Odd Lot
03:11:38.943 PM ET,3.195,1,3,Mid,Nasdaq GSM,Odd Lot
03:12:16.143 PM ET,3.192,1,3,Mid,Off Exchange,Odd Lot
03:12:37.299 PM ET,3.194,1,3,Mid,Off Exchange,Odd Lot
03:13:23.885 PM ET,3.195,1,3,Mid,Off Exchange,Odd Lot
03:13:27.208 PM ET,3.195,1,3,Mid,Off Exchange,Odd Lot
03:15:17.453 PM ET,3.195,1,3,Mid,Nasdaq GSM,Odd Lot
03:19:26.418 PM ET,3.195,1,3,Mid,Off Exchange,Odd Lot
03:19:26.423 PM ET,3.195,1,3,Mid,Off Exchange,Odd Lot
03:19:53.249 PM ET,3.195,1,3,Mid,Nasdaq GSM,Odd Lot
03:21:44.641 PM ET,3.192,1,3,Mid,Off Exchange,Deriv Priced; Odd Lot; Trade Thru Exmpt
03:21:44.642 PM ET,3.192,1,3,Mid,Off Exchange,Deriv Priced; Odd Lot; Trade Thru Exmpt
03:21:44.643 PM ET,3.192,1,3,Mid,Off Exchange,Deriv Priced; Odd Lot; Trade Thru Exmpt
03:22:54.152 PM ET,3.205,1,3,Mid,Off Exchange,Odd Lot
03:26:22.023 PM ET,3.215,1,3,Mid,Nasdaq GSM,Odd Lot
03:26:53.669 PM ET,3.215,1,3,Mid,Nasdaq GSM,Odd Lot
03:28:01.460 PM ET,3.215,1,3,Mid,Nasdaq GSM,Odd Lot
03:28:06.323 PM ET,3.215,1,3,Mid,Off Exchange,Odd Lot
03:28:06.329 PM ET,3.215,1,3,Mid,Off Exchange,Deriv Priced; Odd Lot; Trade Thru Exmpt
03:28:30.564 PM ET,3.215,1,3,Mid,Nasdaq GSM,Odd Lot
03:29:00.554 PM ET,3.215,1,3,Mid,Nasdaq GSM,Odd Lot
03:29:05.129 PM ET,3.215,1,3,Mid,Off Exchange,Odd Lot
03:29:54.939 PM ET,3.215,1,3,Mid,Nasdaq GSM,Odd Lot
03:30:12.394 PM ET,3.215,1,3,Mid,Off Exchange,Odd Lot
03:31:16.796 PM ET,3.213,1,3,Mid,Off Exchange,Deriv Priced; Odd Lot; Trade Thru Exmpt
03:31:16.797 PM ET,3.213,1,3,Mid,Off Exchange,Deriv Priced; Odd Lot; Trade Thru Exmpt
03:32:24.373 PM ET,3.205,1,3,Mid,Nasdaq GSM,Odd Lot
03:33:11.384 PM ET,3.205,1,3,Mid,Off Exchange,Odd Lot
03:34:16.124 PM ET,3.205,1,3,Mid,Nasdaq GSM,Odd Lot
03:34:21.227 PM ET,3.207,1,3,Mid,Off Exchange,Deriv Priced; Odd Lot; Trade Thru Exmpt
03:35:03.907 PM ET,3.210,1,3,Bid,Off Exchange,Deriv Priced; Odd Lot; Trade Thru Exmpt
03:36:13.603 PM ET,3.210,1,3,Ask,Nasdaq GSM,Inter Mkt Swp; Odd Lot; Trade Thru Exmpt
03:36:25.064 PM ET,3.210,1,3,Ask,Off Exchange,Deriv Priced; Odd Lot; Trade Thru Exmpt
03:36:25.064 PM ET,3.213,1,3,Ask,Off Exchange,Deriv Priced; Odd Lot; Trade Thru Exmpt
03:36:25.065 PM ET,3.213,1,3,Ask,Off Exchange,Deriv Priced; Odd Lot; Trade Thru Exmpt
03:37:18.407 PM ET,3.205,1,3,Mid,Off Exchange,Odd Lot
03:37:51.795 PM ET,3.205,1,3,Mid,Nasdaq GSM,Odd Lot
03:38:56.622 PM ET,3.205,1,3,Mid,Nasdaq GSM,Odd Lot
03:39:00.564 PM ET,3.205,1,3,Mid,Nasdaq GSM,Odd Lot
03:39:17.429 PM ET,3.200,1,3,Mid,Off Exchange,Deriv Priced; Odd Lot; Trade Thru Exmpt
03:39:17.431 PM ET,3.200,1,3,Mid,Off Exchange,Deriv Priced; Odd Lot; Trade Thru Exmpt
03:39:17.432 PM ET,3.200,1,3,Mid,Off Exchange,Deriv Priced; Odd Lot; Trade Thru Exmpt
03:39:25.653 PM ET,3.205,1,3,Mid,Nasdaq GSM,Odd Lot
03:40:02.351 PM ET,3.205,1,3,Mid,Nasdaq GSM,Odd Lot
03:40:18.981 PM ET,3.201,1,3,Mid,Off Exchange,Odd Lot
03:40:23.453 PM ET,3.205,1,3,Mid,Off Exchange,Odd Lot
03:41:26.169 PM ET,3.202,1,3,Mid,Off Exchange,Odd Lot
03:41:37.793 PM ET,3.203,1,3,Mid,Off Exchange,Deriv Priced; Odd Lot; Trade Thru Exmpt
03:42:07.124 PM ET,3.204,1,3,Mid,Off Exchange,Odd Lot
03:42:29.141 PM ET,3.205,1,3,Mid,Off Exchange,Deriv Priced; Odd Lot; Trade Thru Exmpt
03:42:29.142 PM ET,3.205,1,3,Mid,Off Exchange,Deriv Priced; Odd Lot; Trade Thru Exmpt
03:42:29.142 PM ET,3.204,1,3,Mid,Off Exchange,Deriv Priced; Odd Lot; Trade Thru Exmpt
03:42:29.143 PM ET,3.205,1,3,Mid,Off Exchange,Deriv Priced; Odd Lot; Trade Thru Exmpt
03:42:53.453 PM ET,3.205,1,3,Mid,Off Exchange,Odd Lot
03:43:52.400 PM ET,3.204,1,3,Mid,Off Exchange,Odd Lot
03:43:52.427 PM ET,3.203,1,3,Mid,Off Exchange,Deriv Priced; Odd Lot; Trade Thru Exmpt
03:44:31.283 PM ET,3.200,1,3,Ask,NYSE National,Inter Mkt Swp; Odd Lot; Trade Thru Exmpt
03:44:39.490 PM ET,3.200,1,3,Ask,Cboe BYX,Inter Mkt Swp; Odd Lot; Trade Thru Exmpt
03:44:55.085 PM ET,3.195,1,3,Mid,Nasdaq GSM,Odd Lot
03:44:58.990 PM ET,3.195,1,3,Mid,Nasdaq GSM,Odd Lot
03:45:01.522 PM ET,3.195,1,3,Mid,Nasdaq GSM,Odd Lot
03:45:22.588 PM ET,3.195,1,3,Mid,Off Exchange,Odd Lot
03:45:22.590 PM ET,3.195,1,3,Mid,Off Exchange,Odd Lot
03:45:22.643 PM ET,3.195,1,3,Mid,Off Exchange,Deriv Priced; Odd Lot; Trade Thru Exmpt
03:46:00.706 PM ET,3.200,1,3,Ask,NYSE National,Inter Mkt Swp; Odd Lot; Trade Thru Exmpt
03:46:55.646 PM ET,3.190,1,3,Ask,Off Exchange,Odd Lot
03:47:22.426 PM ET,3.185,1,3,Mid,Nasdaq GSM,Odd Lot
03:48:07.655 PM ET,3.189,1,3,Mid,Off Exchange,Deriv Priced; Odd Lot; Trade Thru Exmpt
03:48:31.714 PM ET,3.188,1,3,Mid,Off Exchange,Deriv Priced; Odd Lot; Trade Thru Exmpt
03:48:54.691 PM ET,3.187,1,3,Mid,Off Exchange,Deriv Priced; Odd Lot; Trade Thru Exmpt
03:50:12.124 PM ET,3.185,1,3,Mid,Nasdaq GSM,Odd Lot
03:50:22.774 PM ET,3.186,1,3,Mid,Off Exchange,Deriv Priced; Odd Lot; Trade Thru Exmpt
03:50:54.966 PM ET,3.185,1,3,Mid,Off Exchange,Deriv Priced; Odd Lot; Trade Thru Exmpt
03:50:59.000 PM ET,3.185,1,3,Mid,Nasdaq GSM,Odd Lot
03:51:31.009 PM ET,3.185,1,3,Mid,Nasdaq GSM,Odd Lot
03:52:26.130 PM ET,3.185,1,3,Mid,Nasdaq GSM,Odd Lot
03:52:45.255 PM ET,3.180,1,3,Bid,IEX,Odd Lot
03:53:35.810 PM ET,3.185,1,3,Mid,Nasdaq GSM,Odd Lot
03:53:57.345 PM ET,3.185,1,3,Mid,Nasdaq GSM,Odd Lot
03:54:12.573 PM ET,3.185,1,3,Mid,Nasdaq GSM,Odd Lot
03:55:12.140 PM ET,3.197,1,3,Bid,Off Exchange,Odd Lot
03:55:14.180 PM ET,3.195,1,3,Bid,Off Exchange,Odd Lot
03:55:29.216 PM ET,3.205,1,3,Mid,Nasdaq GSM,Odd Lot
03:56:25.660 PM ET,3.195,1,3,Bid,Off Exchange,Odd Lot
03:56:38.810 PM ET,3.195,1,3,Mid,Off Exchange,Odd Lot
03:56:53.416 PM ET,3.195,1,3,Mid,Off Exchange,Odd Lot
03:57:04.704 PM ET,3.195,1,3,Mid,Off Exchange,Odd Lot
03:57:14.231 PM ET,3.195,1,3,Mid,Off Exchange,Odd Lot
03:57:32.686 PM ET,3.195,1,3,Mid,Off Exchange,Odd Lot
03:57:35.404 PM ET,3.195,1,3,Mid,Off Exchange,Odd Lot
03:57:46.100 PM ET,3.195,1,3,Mid,Off Exchange,Odd Lot
03:57:55.051 PM ET,3.195,1,3,Mid,Off Exchange,Odd Lot
03:58:04.967 PM ET,3.195,1,3,Mid,Off Exchange,Odd Lot
03:58:11.394 PM ET,3.195,1,3,Mid,Off Exchange,Odd Lot
03:58:47.919 PM ET,3.200,1,3,Ask,Nasdaq GSM,Odd Lot
03:58:52.823 PM ET,3.195,1,3,Mid,Off Exchange,Odd Lot
03:58:55.062 PM ET,3.195,1,3,Mid,Off Exchange,Odd Lot
03:58:57.429 PM ET,3.195,1,3,Mid,Off Exchange,Odd Lot
03:58:57.453 PM ET,3.200,1,3,Ask,Off Exchange,Odd Lot
03:59:02.561 PM ET,3.195,1,3,Mid,Off Exchange,Odd Lot
03:59:04.924 PM ET,3.195,1,3,Mid,Off Exchange,Odd Lot
03:59:08.235 PM ET,3.195,1,3,None,Off Exchange,Odd Lot
03:59:12.935 PM ET,3.195,1,3,None,Off Exchange,Odd Lot
03:59:17.337 PM ET,3.195,1,3,None,Off Exchange,Odd Lot
03:59:19.314 PM ET,3.195,1,3,None,Off Exchange,Odd Lot
03:59:21.670 PM ET,3.200,1,3,None,Cboe BZX,Odd Lot
03:59:22.741 PM ET,3.195,1,3,None,Off Exchange,Odd Lot
03:59:24.747 PM ET,3.195,1,3,None,Off Exchange,Odd Lot
03:59:26.938 PM ET,3.195,1,3,None,Off Exchange,Odd Lot
03:59:31.223 PM ET,3.195,1,3,None,Off Exchange,Odd Lot
03:59:33.145 PM ET,3.195,1,3,None,Off Exchange,Odd Lot
03:59:35.281 PM ET,3.195,1,3,None,Off Exchange,Odd Lot
03:59:35.401 PM ET,3.195,1,3,None,Off Exchange,Odd Lot
03:59:37.228 PM ET,3.195,1,3,None,Off Exchange,Odd Lot
03:59:39.308 PM ET,3.195,1,3,None,Off Exchange,Odd Lot
03:59:41.988 PM ET,3.195,1,3,None,Off Exchange,Odd Lot
03:59:43.357 PM ET,3.195,1,3,None,Off Exchange,Odd Lot
03:59:45.477 PM ET,3.195,1,3,None,Off Exchange,Odd Lot
03:59:45.940 PM ET,3.195,1,3,None,Off Exchange,Odd Lot
03:59:47.499 PM ET,3.195,1,3,None,Off Exchange,Odd Lot
03:59:49.265 PM ET,3.190,1,3,None,Off Exchange,Odd Lot
03:59:49.755 PM ET,3.195,1,3,None,Off Exchange,Odd Lot
03:59:50.074 PM ET,3.190,1,3,None,Cboe BYX,Inter Mkt Swp; Odd Lot; Trade Thru Exmpt
03:59:50.281 PM ET,3.195,1,3,None,Nasdaq GSM,Odd Lot
03:59:51.223 PM ET,3.195,1,3,None,IEX,Odd Lot
03:59:51.904 PM ET,3.195,1,3,None,IEX,Odd Lot
03:59:52.204 PM ET,3.195,1,3,None,IEX,Odd Lot
03:59:52.581 PM ET,3.195,1,3,None,IEX,Odd Lot
03:59:52.847 PM ET,3.195,1,3,None,IEX,Odd Lot
03:59:53.147 PM ET,3.195,1,3,None,IEX,Odd Lot
03:59:53.547 PM ET,3.195,1,3,None,IEX,Odd Lot
03:59:53.847 PM ET,3.195,1,3,None,IEX,Odd Lot
03:59:54.147 PM ET,3.195,1,3,None,IEX,Odd Lot
03:59:54.447 PM ET,3.195,1,3,None,IEX,Odd Lot
03:59:54.747 PM ET,3.195,1,3,None,IEX,Odd Lot
03:59:55.178 PM ET,3.190,1,3,None,IEX,Odd Lot
03:59:55.181 PM ET,3.195,1,3,None,IEX,Odd Lot
03:59:55.446 PM ET,3.195,1,3,None,IEX,Odd Lot
03:59:55.746 PM ET,3.195,1,3,None,IEX,Odd Lot
03:59:56.046 PM ET,3.195,1,3,None,IEX,Odd Lot
04:04:04.173 PM ET,3.210,1,3,Ask,Off Exchange,Frm T Ext Hrs; Odd Lot
04:10:04.303 PM ET,3.210,1,3,Mid,Off Exchange,Frm T Ext Hrs; Odd Lot
