Time,Price,Size,Premium,Side,Exchange,Conditions
04:00:02.820 PM ET,1.420,"131,010",186.03K,None,NYSE,Close; Trade Thru Exmpt
03:02:51.919 PM ET,1.420,"42,673",60.60K,Bid,Off Exchange,
10:17:40.826 AM ET,1.310,"11,885",15.57K,Bid,Off Exchange,
02:26:18.206 PM ET,1.380,"10,103",13.94K,Bid,Off Exchange,
02:39:04.431 PM ET,1.400,"10,000",14.00K,Bid,NYSE,Inter Mkt Swp; Trade Thru Exmpt
10:12:22.955 AM ET,1.325,"9,900",13.12K,Mid,Off Exchange,
10:12:24.719 AM ET,1.320,"9,900",13.07K,Mid,Off Exchange,
10:12:25.938 AM ET,1.325,"9,900",13.12K,Mid,Off Exchange,
11:47:21.039 AM ET,1.370,"9,900",13.56K,Mid,Off Exchange,
11:47:22.262 AM ET,1.370,"9,900",13.56K,Mid,Off Exchange,
11:47:23.473 AM ET,1.375,"9,900",13.61K,Mid,Off Exchange,
11:47:25.014 AM ET,1.370,"9,900",13.56K,Mid,Off Exchange,
10:25:27.007 AM ET,1.330,"9,542",12.69K,Bid,Off Exchange,
03:21:35.977 PM ET,1.415,"9,000",12.73K,Mid,Off Exchange,
03:02:51.915 PM ET,1.431,"7,600",10.88K,Mid,Off Exchange,
02:39:04.431 PM ET,1.400,"7,500",10.50K,Bid,NYSE Arca,Inter Mkt Swp; Trade Thru Exmpt
12:41:36.594 PM ET,1.380,"7,031",9.70K,Mid,Off Exchange,
11:10:37.569 AM ET,1.395,"7,000",9.77K,Mid,Off Exchange,
12:22:21.937 PM ET,1.371,"7,000",9.59K,Mid,Off Exchange,
03:05:17.904 PM ET,1.425,"6,621",9.43K,Mid,Off Exchange,
01:26:44.267 PM ET,1.375,"6,618",9.10K,Mid,Off Exchange,
11:08:53.350 AM ET,1.370,"6,204",8.50K,Mid,Off Exchange,
11:09:00.305 AM ET,1.380,"6,000",8.28K,Ask,NYSE,Inter Mkt Swp; Trade Thru Exmpt
02:26:16.149 PM ET,1.380,"5,813",8.02K,Bid,MEMX,Inter Mkt Swp
02:54:10.412 PM ET,1.425,"5,700",8.12K,Mid,Off Exchange,
09:30:00.877 AM ET,1.250,"5,233",6.54K,Mid,NYSE,Mkt Cntr Open; Trade Thru Exmpt
10:11:12.160 AM ET,1.315,"5,000",6.58K,Mid,Off Exchange,
01:35:02.084 PM ET,1.375,"5,000",6.88K,Mid,Off Exchange,
05:26:04.913 PM ET,1.429,"5,000",7.15K,Mid,Off Exchange,Frm T Ext Hrs
10:12:14.729 AM ET,1.315,"4,950",6.51K,Mid,Off Exchange,
10:12:14.778 AM ET,1.320,"4,950",6.53K,Mid,Off Exchange,
10:12:16.845 AM ET,1.315,"4,950",6.51K,Mid,Off Exchange,
10:12:19.388 AM ET,1.330,"4,950",6.58K,Mid,Off Exchange,
11:47:13.234 AM ET,1.380,"4,950",6.83K,Mid,Off Exchange,
11:47:13.450 AM ET,1.375,"4,950",6.81K,Mid,Off Exchange,
11:47:15.660 AM ET,1.380,"4,950",6.83K,Mid,Off Exchange,
11:47:15.770 AM ET,1.375,"4,950",6.81K,Mid,Off Exchange,
11:47:17.226 AM ET,1.380,"4,950",6.83K,Mid,Off Exchange,
11:47:17.375 AM ET,1.380,"4,950",6.83K,Mid,Off Exchange,
11:47:18.837 AM ET,1.375,"4,950",6.81K,Mid,Off Exchange,
11:47:18.921 AM ET,1.375,"4,950",6.81K,Mid,Off Exchange,
01:51:39.489 PM ET,1.375,"4,800",6.60K,Mid,Off Exchange,
01:52:27.827 PM ET,1.375,"4,800",6.60K,Mid,Off Exchange,
01:17:50.037 PM ET,1.380,"4,750",6.55K,Bid,Nasdaq GSM,Inter Mkt Swp; Trade Thru Exmpt
01:18:03.857 PM ET,1.380,"4,500",6.21K,Bid,Off Exchange,
10:51:53.350 AM ET,1.370,"4,303",5.89K,Bid,Off Exchange,
09:32:01.457 AM ET,1.260,"4,085",5.15K,Ask,NYSE,Inter Mkt Swp; Trade Thru Exmpt
04:32:14.611 PM ET,1.409,"4,000",5.63K,Mid,Off Exchange,Frm T Ext Hrs
02:39:04.432 PM ET,1.400,"3,965",5.55K,Bid,Off Exchange,
03:09:58.060 PM ET,1.420,"3,746",5.32K,Bid,Off Exchange,
02:55:49.246 PM ET,1.430,"3,566",5.10K,Bid,Cboe EDGX,
03:58:13.158 PM ET,1.420,"3,564",5.06K,Ask,NYSE,Inter Mkt Swp; Trade Thru Exmpt
01:25:43.932 PM ET,1.380,"3,504",4.84K,Ask,Off Exchange,
02:44:43.602 PM ET,1.425,"3,500",4.99K,Mid,Off Exchange,
03:58:02.532 PM ET,1.420,"3,500",4.97K,Ask,Off Exchange,
11:11:22.272 AM ET,1.400,"3,400",4.76K,Ask,Off Exchange,
03:58:13.155 PM ET,1.420,"3,400",4.83K,Ask,Off Exchange,
04:01:30.071 PM ET,1.420,"3,277",4.65K,Ask,Off Exchange,Frm T Ext Hrs; Prior Ref Price; Trade Thru Exmpt
03:04:49.131 PM ET,1.421,"3,207",4.56K,Mid,Off Exchange,
10:12:17.071 AM ET,1.315,"3,100",4.08K,Mid,Off Exchange,
12:41:32.148 PM ET,1.374,"3,100",4.26K,Mid,Off Exchange,
10:11:09.187 AM ET,1.315,"3,000",3.94K,Mid,Off Exchange,
10:49:12.889 AM ET,1.375,"3,000",4.13K,Mid,Off Exchange,
10:55:43.029 AM ET,1.365,"3,000",4.09K,Mid,Off Exchange,
12:03:30.131 PM ET,1.375,"3,000",4.13K,Mid,Off Exchange,
02:39:04.431 PM ET,1.400,"3,000",4.20K,Bid,Cboe EDGX,
02:55:49.246 PM ET,1.430,"3,000",4.29K,Bid,NYSE Arca,Inter Mkt Swp; Trade Thru Exmpt
03:14:23.088 PM ET,1.430,"3,000",4.29K,Mid,Off Exchange,
11:58:01.706 AM ET,1.375,"2,996",4.12K,Mid,Off Exchange,
10:02:41.779 AM ET,1.310,"2,970",3.89K,Bid,Off Exchange,
03:49:12.840 PM ET,1.410,"2,900",4.09K,Bid,Off Exchange,
02:36:06.233 PM ET,1.390,"2,860",3.98K,Bid,MIAX Pearl,
03:49:12.838 PM ET,1.415,"2,800",3.96K,Mid,Off Exchange,
03:02:51.916 PM ET,1.430,"2,796",4.00K,Bid,Cboe BZX,
02:38:04.102 PM ET,1.395,"2,700",3.77K,Mid,Off Exchange,
03:58:29.914 PM ET,1.429,"2,700",3.86K,Mid,Off Exchange,
03:50:25.560 PM ET,1.410,"2,645",3.73K,Bid,Off Exchange,
10:38:08.614 AM ET,1.340,"2,500",3.35K,Bid,Cboe EDGX,Inter Mkt Swp; Trade Thru Exmpt
10:38:08.614 AM ET,1.340,"2,500",3.35K,Bid,NYSE Arca,Inter Mkt Swp; Trade Thru Exmpt
10:38:08.614 AM ET,1.340,"2,500",3.35K,Bid,NYSE,Inter Mkt Swp; Trade Thru Exmpt
03:24:00.903 PM ET,1.415,"2,500",3.54K,Mid,Off Exchange,
10:45:00.801 AM ET,1.355,"2,400",3.25K,Mid,Off Exchange,
11:11:53.458 AM ET,1.400,"2,300",3.22K,Mid,Off Exchange,
03:16:29.157 PM ET,1.430,"2,246",3.21K,Ask,Off Exchange,
11:41:33.422 AM ET,1.370,"2,239",3.07K,Bid,Off Exchange,
09:30:04.806 AM ET,1.240,"2,200",2.73K,Mid,NYSE,
03:58:46.693 PM ET,1.430,"2,195",3.14K,Ask,Off Exchange,
10:47:27.234 AM ET,1.350,"2,140",2.89K,Bid,Cboe EDGX,Inter Mkt Swp; Trade Thru Exmpt
11:57:39.813 AM ET,1.375,"2,100",2.89K,Mid,Off Exchange,
11:26:31.649 AM ET,1.380,"2,085",2.88K,Mid,Off Exchange,
09:50:22.206 AM ET,1.310,"2,027",2.65K,Mid,Off Exchange,
09:58:29.748 AM ET,1.310,"2,027",2.66K,Mid,Off Exchange,
10:12:18.896 AM ET,1.320,"2,022",2.67K,Bid,Off Exchange,
09:46:00.727 AM ET,1.300,"2,005",2.61K,Bid,Cboe EDGX,
11:20:04.283 AM ET,1.385,"2,000",2.77K,Mid,Off Exchange,
11:55:02.452 AM ET,1.376,"2,000",2.75K,Mid,Off Exchange,
03:22:14.703 PM ET,1.415,"2,000",2.83K,Mid,Off Exchange,
03:59:11.602 PM ET,1.430,"2,000",2.86K,None,NYSE Arca,Inter Mkt Swp; Trade Thru Exmpt
03:59:11.703 PM ET,1.420,"2,000",2.84K,None,IEX,
03:27:51.213 PM ET,1.411,"1,999",2.82K,Mid,Off Exchange,
11:55:32.483 AM ET,1.375,"1,970",2.71K,Mid,NYSE,Inter Mkt Swp; Trade Thru Exmpt
11:17:53.126 AM ET,1.390,"1,958",2.72K,Mid,Off Exchange,
11:21:05.747 AM ET,1.380,"1,958",2.70K,Mid,Off Exchange,
12:41:44.782 PM ET,1.380,"1,935",2.67K,Mid,Off Exchange,
12:49:36.632 PM ET,1.370,"1,935",2.65K,Mid,Off Exchange,
11:27:42.153 AM ET,1.390,"1,909",2.65K,Mid,Off Exchange,
11:29:03.931 AM ET,1.380,"1,909",2.64K,Mid,Off Exchange,
10:38:46.099 AM ET,1.350,"1,908",2.58K,Mid,Off Exchange,
10:44:55.534 AM ET,1.350,"1,908",2.58K,Mid,Off Exchange,
03:59:11.703 PM ET,1.420,"1,900",2.70K,None,NYSE,
03:59:49.599 PM ET,1.420,"1,900",2.70K,None,NYSE,
03:41:00.994 PM ET,1.410,"1,894",2.67K,Ask,NYSE,Inter Mkt Swp; Trade Thru Exmpt
11:29:02.061 AM ET,1.390,"1,885",2.62K,Ask,Off Exchange,
11:26:38.405 AM ET,1.385,"1,833",2.54K,Mid,Off Exchange,
10:11:24.260 AM ET,1.320,"1,832",2.42K,Mid,Off Exchange,
10:53:11.031 AM ET,1.370,"1,800",2.47K,Ask,IEX,
01:04:20.183 PM ET,1.375,"1,800",2.48K,Mid,NYSE,
12:04:09.202 PM ET,1.370,"1,793",2.46K,Ask,IEX,
03:03:38.577 PM ET,1.425,"1,785",2.54K,Mid,Off Exchange,
09:45:29.888 AM ET,1.300,"1,775",2.31K,Bid,Nasdaq GSM,Inter Mkt Swp; Trade Thru Exmpt
10:12:17.072 AM ET,1.315,"1,750",2.30K,Mid,Off Exchange,
03:02:51.917 PM ET,1.420,"1,700",2.41K,Bid,NYSE,
03:20:40.259 PM ET,1.420,"1,521",2.16K,Ask,Nasdaq GSM,Inter Mkt Swp; Trade Thru Exmpt
11:19:32.041 AM ET,1.380,"1,500",2.07K,Bid,Off Exchange,
01:44:33.439 PM ET,1.375,"1,500",2.06K,Mid,Off Exchange,
01:44:40.664 PM ET,1.379,"1,500",2.07K,Mid,Off Exchange,
01:44:47.648 PM ET,1.375,"1,500",2.06K,Mid,Off Exchange,
03:38:05.738 PM ET,1.420,"1,500",2.13K,Bid,NYSE,Inter Mkt Swp; Trade Thru Exmpt
03:59:49.599 PM ET,1.420,"1,500",2.13K,None,NYSE,
09:45:29.887 AM ET,1.300,"1,497",1.95K,Bid,NYSE,Inter Mkt Swp; Trade Thru Exmpt
10:47:27.234 AM ET,1.355,"1,400",1.90K,Mid,Off Exchange,
12:15:27.219 PM ET,1.371,"1,389",1.90K,Mid,Off Exchange,
03:38:05.738 PM ET,1.420,"1,368",1.94K,Bid,Nasdaq GSM,Inter Mkt Swp; Trade Thru Exmpt
12:04:09.202 PM ET,1.370,"1,360",1.86K,Ask,Off Exchange,
04:00:40.520 PM ET,1.420,"1,344",1.91K,Ask,Off Exchange,Frm T Ext Hrs; Prior Ref Price
03:02:51.917 PM ET,1.420,"1,301",1.85K,Bid,NYSE,
10:12:23.783 AM ET,1.325,"1,300",1.72K,Mid,Off Exchange,
11:36:48.187 AM ET,1.375,"1,300",1.79K,Mid,Off Exchange,
12:04:29.870 PM ET,1.370,"1,300",1.78K,Ask,NYSE Arca,Inter Mkt Swp; Trade Thru Exmpt
03:41:10.133 PM ET,1.410,"1,300",1.83K,Bid,NYSE,Inter Mkt Swp; Trade Thru Exmpt
03:48:55.373 PM ET,1.410,"1,300",1.83K,Bid,Off Exchange,
03:58:13.158 PM ET,1.420,"1,300",1.85K,Ask,NYSE,Inter Mkt Swp; Trade Thru Exmpt
09:42:13.045 AM ET,1.290,"1,292",1.67K,Bid,NYSE,Inter Mkt Swp; Trade Thru Exmpt
11:22:23.716 AM ET,1.385,"1,282",1.78K,Mid,Off Exchange,
11:22:21.112 AM ET,1.385,"1,277",1.77K,Mid,Off Exchange,
11:11:36.355 AM ET,1.399,"1,250",1.75K,Mid,Off Exchange,
02:39:15.551 PM ET,1.410,"1,250",1.76K,Bid,Cboe EDGX,Inter Mkt Swp; Trade Thru Exmpt
01:03:19.589 PM ET,1.375,"1,237",1.70K,Mid,Off Exchange,
09:59:29.798 AM ET,1.320,"1,200",1.58K,Ask,Off Exchange,
10:38:46.959 AM ET,1.350,"1,200",1.62K,Bid,NYSE,
10:47:27.234 AM ET,1.350,"1,200",1.62K,Bid,Cboe BZX,
10:47:27.234 AM ET,1.355,"1,200",1.63K,Mid,Off Exchange,
11:36:45.757 AM ET,1.380,"1,200",1.66K,Ask,NYSE,Inter Mkt Swp; Trade Thru Exmpt
11:38:16.148 AM ET,1.370,"1,200",1.64K,Bid,Off Exchange,
01:18:04.732 PM ET,1.380,"1,200",1.66K,Ask,Cboe EDGX,
02:39:04.431 PM ET,1.400,"1,200",1.68K,Bid,Cboe BZX,
03:20:40.258 PM ET,1.420,"1,200",1.70K,Ask,NYSE,Inter Mkt Swp; Trade Thru Exmpt
03:38:05.738 PM ET,1.420,"1,200",1.70K,Bid,NYSE,Inter Mkt Swp; Trade Thru Exmpt
03:56:00.679 PM ET,1.415,"1,200",1.70K,Mid,Cboe BZX,
02:55:49.245 PM ET,1.430,"1,199",1.71K,Bid,Cboe EDGX,
09:43:46.354 AM ET,1.300,"1,194",1.55K,Ask,Cboe BYX,Inter Mkt Swp; Trade Thru Exmpt
03:46:52.991 PM ET,1.419,"1,192",1.69K,Mid,Off Exchange,
03:02:51.916 PM ET,1.430,"1,179",1.69K,Bid,Cboe EDGA,
10:14:16.652 AM ET,1.320,"1,135",1.50K,Ask,NYSE American,Inter Mkt Swp; Trade Thru Exmpt
11:15:49.426 AM ET,1.390,"1,115",1.55K,Mid,Off Exchange,
02:38:04.099 PM ET,1.395,"1,110",1.55K,Mid,Off Exchange,
01:53:42.311 PM ET,1.379,"1,105",1.52K,Mid,Off Exchange,
09:32:26.489 AM ET,1.261,"1,100",1.39K,Mid,Off Exchange,
10:47:27.234 AM ET,1.350,"1,100",1.49K,Bid,Nasdaq GSM,Inter Mkt Swp; Trade Thru Exmpt
10:47:27.234 AM ET,1.355,"1,100",1.49K,Mid,Off Exchange,
10:49:15.160 AM ET,1.370,"1,100",1.51K,Ask,Nasdaq GSM,
10:53:11.030 AM ET,1.370,"1,100",1.51K,Ask,NYSE,
11:10:58.324 AM ET,1.400,"1,100",1.54K,Bid,Nasdaq GSM,Inter Mkt Swp; Trade Thru Exmpt
12:04:09.202 PM ET,1.370,"1,100",1.51K,Ask,Cboe EDGA,Inter Mkt Swp; Trade Thru Exmpt
12:17:10.851 PM ET,1.370,"1,100",1.51K,Bid,IEX,
03:02:51.916 PM ET,1.430,"1,100",1.57K,Bid,Nasdaq GSM,
03:02:51.917 PM ET,1.420,"1,100",1.56K,Bid,Cboe BYX,Inter Mkt Swp; Trade Thru Exmpt
03:02:51.917 PM ET,1.420,"1,100",1.56K,Bid,IEX,
03:38:05.738 PM ET,1.420,"1,100",1.56K,Bid,NYSE,Inter Mkt Swp; Trade Thru Exmpt
03:58:46.694 PM ET,1.430,"1,100",1.57K,Ask,Nasdaq GSM,
10:49:18.261 AM ET,1.360,"1,092",1.49K,Bid,Off Exchange,
10:38:46.958 AM ET,1.350,"1,083",1.46K,Bid,NYSE,Inter Mkt Swp; Trade Thru Exmpt
10:47:27.234 AM ET,1.350,"1,058",1.43K,Bid,Nasdaq GSM,
10:47:27.234 AM ET,1.355,"1,058",1.43K,Mid,Off Exchange,
02:39:04.431 PM ET,1.400,"1,030",1.44K,Bid,Cboe BZX,Inter Mkt Swp; Trade Thru Exmpt
09:45:29.887 AM ET,1.300,"1,003",1.30K,Bid,NYSE,Inter Mkt Swp; Trade Thru Exmpt
09:45:29.887 AM ET,1.300,"1,000",1.30K,Bid,NYSE Arca,Inter Mkt Swp; Trade Thru Exmpt
10:14:16.652 AM ET,1.320,"1,000",1.32K,Ask,Cboe EDGA,Inter Mkt Swp; Trade Thru Exmpt
10:42:10.946 AM ET,1.360,"1,000",1.36K,Ask,IEX,
10:49:15.181 AM ET,1.370,"1,000",1.37K,Ask,Off Exchange,
10:53:11.031 AM ET,1.370,"1,000",1.37K,Ask,Nasdaq GSM,
11:01:49.290 AM ET,1.375,"1,000",1.38K,Mid,Off Exchange,
11:10:58.222 AM ET,1.400,"1,000",1.40K,Ask,Cboe EDGX,Inter Mkt Swp; Trade Thru Exmpt
11:10:58.223 AM ET,1.400,"1,000",1.40K,Ask,NYSE,Inter Mkt Swp; Trade Thru Exmpt
11:11:57.331 AM ET,1.390,"1,000",1.39K,Bid,NYSE,Inter Mkt Swp; Trade Thru Exmpt
11:12:37.539 AM ET,1.385,"1,000",1.39K,Mid,Off Exchange,
11:18:08.263 AM ET,1.381,"1,000",1.38K,Mid,Off Exchange,
11:36:45.565 AM ET,1.380,"1,000",1.38K,Bid,Off Exchange,
11:36:45.757 AM ET,1.380,"1,000",1.38K,Ask,Cboe EDGA,Inter Mkt Swp; Trade Thru Exmpt
11:36:58.014 AM ET,1.375,"1,000",1.38K,Mid,Off Exchange,
11:40:19.104 AM ET,1.375,"1,000",1.38K,Mid,Off Exchange,
11:40:20.884 AM ET,1.371,"1,000",1.37K,Mid,Off Exchange,
12:17:10.851 PM ET,1.370,"1,000",1.37K,Bid,Nasdaq GSM,
12:35:06.914 PM ET,1.373,"1,000",1.37K,Mid,Off Exchange,
01:17:50.038 PM ET,1.380,"1,000",1.38K,Bid,NYSE,
02:38:53.068 PM ET,1.400,"1,000",1.40K,Ask,Off Exchange,
02:38:53.068 PM ET,1.395,"1,000",1.40K,Mid,Off Exchange,
02:44:37.051 PM ET,1.422,"1,000",1.42K,Mid,Off Exchange,
02:55:49.245 PM ET,1.430,"1,000",1.43K,Bid,NYSE,
02:56:02.450 PM ET,1.435,"1,000",1.44K,Mid,Off Exchange,
02:59:40.893 PM ET,1.430,"1,000",1.43K,Bid,Off Exchange,
03:22:27.983 PM ET,1.410,"1,000",1.41K,Bid,Off Exchange,
03:26:50.458 PM ET,1.411,"1,000",1.41K,Mid,Off Exchange,
03:29:56.467 PM ET,1.411,"1,000",1.41K,Mid,Off Exchange,
03:30:55.664 PM ET,1.420,"1,000",1.42K,Mid,Off Exchange,
03:31:41.724 PM ET,1.420,"1,000",1.42K,Bid,Nasdaq GSM,Inter Mkt Swp; Trade Thru Exmpt
03:38:05.738 PM ET,1.420,"1,000",1.42K,Bid,NYSE,Inter Mkt Swp; Trade Thru Exmpt
03:41:00.994 PM ET,1.410,"1,000",1.41K,Ask,NYSE,Inter Mkt Swp; Trade Thru Exmpt
03:41:10.133 PM ET,1.410,"1,000",1.41K,Bid,Nasdaq GSM,Inter Mkt Swp; Trade Thru Exmpt
03:58:46.694 PM ET,1.430,"1,000",1.43K,Ask,Nasdaq GSM,
03:59:11.601 PM ET,1.430,"1,000",1.43K,None,Nasdaq GSM,
03:59:11.703 PM ET,1.420,"1,000",1.42K,None,NYSE,
03:59:49.595 PM ET,1.420,"1,000",1.42K,None,NYSE,
10:47:27.234 AM ET,1.350,999,1.35K,Bid,Cboe BZX,
01:08:35.049 PM ET,1.370,978,1.34K,Bid,Off Exchange,
12:48:57.502 PM ET,1.371,959,1.31K,Mid,Off Exchange,
09:30:03.952 AM ET,1.250,957,1.20K,Mid,Off Exchange,Deriv Priced; Trade Thru Exmpt
12:58:27.919 PM ET,1.379,946,1.31K,Mid,Off Exchange,
03:02:51.916 PM ET,1.430,943,1.35K,Bid,Nasdaq PHLX,Inter Mkt Swp; Trade Thru Exmpt
09:28:01.092 AM ET,1.270,941,1.20K,Bid,Cboe EDGX,Frm T Ext Hrs; Inter Mkt Swp; Trade Thru Exmpt
12:58:11.671 PM ET,1.379,938,1.29K,Mid,Off Exchange,
10:38:46.959 AM ET,1.350,917,1.24K,Bid,NYSE,
11:11:53.459 AM ET,1.400,907,1.27K,Mid,Off Exchange,
11:36:45.751 AM ET,1.380,903,1.25K,Ask,Off Exchange,
10:47:23.123 AM ET,1.355,900,1.22K,Mid,Off Exchange,
11:48:36.495 AM ET,1.375,900,1.24K,Mid,Off Exchange,
12:04:29.870 PM ET,1.370,900,1.23K,Ask,NYSE,Inter Mkt Swp; Trade Thru Exmpt
01:17:50.038 PM ET,1.380,900,1.24K,Bid,IEX,
02:38:04.017 PM ET,1.395,900,1.26K,Mid,Off Exchange,
03:02:51.917 PM ET,1.420,900,1.28K,Bid,NYSE,
03:02:51.917 PM ET,1.420,900,1.28K,Bid,Nasdaq GSM,
03:03:31.006 PM ET,1.425,900,1.28K,Mid,Off Exchange,
03:20:40.259 PM ET,1.420,900,1.28K,Ask,NYSE,Inter Mkt Swp; Trade Thru Exmpt
03:31:41.724 PM ET,1.420,900,1.28K,Bid,Cboe BZX,
03:38:05.738 PM ET,1.420,900,1.28K,Bid,Nasdaq GSM,Inter Mkt Swp; Trade Thru Exmpt
03:54:59.186 PM ET,1.415,900,1.27K,Mid,Cboe BZX,
03:56:00.695 PM ET,1.415,900,1.27K,Mid,Cboe EDGX,
03:58:13.158 PM ET,1.420,900,1.28K,Ask,NYSE,Inter Mkt Swp; Trade Thru Exmpt
03:59:11.703 PM ET,1.420,900,1.28K,None,Nasdaq GSM,
03:59:49.599 PM ET,1.420,900,1.28K,None,NYSE,
11:13:31.695 AM ET,1.390,899,1.25K,Ask,Off Exchange,
03:58:46.676 PM ET,1.430,897,1.28K,Ask,NYSE,
09:54:02.855 AM ET,1.310,876,1.15K,Ask,Nasdaq GSM,Inter Mkt Swp; Trade Thru Exmpt
11:04:49.217 AM ET,1.370,872,1.19K,Ask,Nasdaq PHLX,Inter Mkt Swp; Trade Thru Exmpt
03:59:11.703 PM ET,1.425,859,1.22K,None,NYSE Arca,
11:33:33.258 AM ET,1.389,857,1.19K,Mid,Off Exchange,
10:34:00.110 AM ET,1.335,846,1.13K,Mid,Off Exchange,
11:59:15.942 AM ET,1.371,835,1.14K,Mid,Off Exchange,
09:54:02.855 AM ET,1.310,831,1.09K,Ask,NYSE,Inter Mkt Swp; Trade Thru Exmpt
10:46:45.986 AM ET,1.351,818,1.10K,Mid,Off Exchange,
09:30:07.558 AM ET,1.235,800,988,Mid,Off Exchange,
09:42:22.846 AM ET,1.290,800,1.03K,Ask,NYSE,Inter Mkt Swp; Trade Thru Exmpt
09:48:59.408 AM ET,1.300,800,1.04K,Bid,Nasdaq BX,Inter Mkt Swp; Trade Thru Exmpt
10:14:16.652 AM ET,1.320,800,1.06K,Ask,Cboe EDGA,Inter Mkt Swp; Trade Thru Exmpt
10:17:42.459 AM ET,1.320,800,1.06K,Bid,NYSE,Inter Mkt Swp; Trade Thru Exmpt
10:47:27.234 AM ET,1.350,800,1.08K,Bid,NYSE,Inter Mkt Swp; Trade Thru Exmpt
10:47:27.236 AM ET,1.350,800,1.08K,Bid,NYSE,
10:51:24.780 AM ET,1.360,800,1.09K,Bid,Off Exchange,
10:53:11.030 AM ET,1.370,800,1.10K,Ask,NYSE,
10:58:14.061 AM ET,1.370,800,1.10K,Bid,NYSE,Inter Mkt Swp; Trade Thru Exmpt
11:04:49.217 AM ET,1.370,800,1.10K,Ask,Nasdaq PHLX,Inter Mkt Swp; Trade Thru Exmpt
11:04:51.852 AM ET,1.370,800,1.10K,Ask,NYSE,Inter Mkt Swp; Trade Thru Exmpt
11:09:19.590 AM ET,1.390,800,1.11K,Ask,TXSE,
11:36:45.757 AM ET,1.380,800,1.10K,Ask,NYSE,Inter Mkt Swp; Trade Thru Exmpt
12:04:09.202 PM ET,1.370,800,1.10K,Ask,NYSE,Inter Mkt Swp; Trade Thru Exmpt
12:04:09.244 PM ET,1.370,800,1.10K,Ask,Cboe EDGA,
12:04:29.870 PM ET,1.370,800,1.10K,Ask,NYSE,Inter Mkt Swp; Trade Thru Exmpt
12:17:10.851 PM ET,1.370,800,1.10K,Bid,NYSE,
01:13:24.299 PM ET,1.375,800,1.10K,Mid,Cboe EDGX,
01:17:50.036 PM ET,1.380,800,1.10K,Bid,NYSE,Inter Mkt Swp; Trade Thru Exmpt
01:17:50.037 PM ET,1.380,800,1.10K,Bid,NYSE,Inter Mkt Swp; Trade Thru Exmpt
01:18:04.731 PM ET,1.380,800,1.10K,Ask,Cboe EDGA,Inter Mkt Swp; Trade Thru Exmpt
02:26:16.148 PM ET,1.380,800,1.10K,Bid,NYSE,Inter Mkt Swp; Trade Thru Exmpt
02:38:04.114 PM ET,1.390,800,1.11K,Bid,Nasdaq BX,Inter Mkt Swp; Trade Thru Exmpt
02:40:18.298 PM ET,1.415,800,1.13K,Mid,Off Exchange,
03:02:51.916 PM ET,1.430,800,1.14K,Bid,NYSE,Inter Mkt Swp; Trade Thru Exmpt
03:02:51.916 PM ET,1.430,800,1.14K,Bid,Cboe BZX,
03:20:40.258 PM ET,1.420,800,1.14K,Ask,NYSE,Inter Mkt Swp; Trade Thru Exmpt
03:38:05.738 PM ET,1.420,800,1.14K,Bid,NYSE,Inter Mkt Swp; Trade Thru Exmpt
03:38:05.747 PM ET,1.420,800,1.14K,Bid,Off Exchange,
03:41:00.994 PM ET,1.410,800,1.13K,Ask,NYSE,Inter Mkt Swp; Trade Thru Exmpt
03:46:52.987 PM ET,1.420,800,1.14K,Ask,NYSE,Inter Mkt Swp; Trade Thru Exmpt
03:57:36.736 PM ET,1.410,800,1.13K,Bid,Off Exchange,
03:58:13.158 PM ET,1.420,800,1.14K,Ask,NYSE,Inter Mkt Swp; Trade Thru Exmpt
03:58:57.579 PM ET,1.430,800,1.14K,Ask,Off Exchange,
03:59:11.601 PM ET,1.430,800,1.14K,None,Nasdaq GSM,
03:59:11.703 PM ET,1.420,800,1.14K,None,NYSE,
03:59:32.431 PM ET,1.420,800,1.14K,None,Off Exchange,
03:59:48.829 PM ET,1.420,800,1.14K,None,Off Exchange,
03:59:49.599 PM ET,1.420,800,1.14K,None,NYSE,
10:12:52.637 AM ET,1.320,785,1.04K,Bid,Off Exchange,
10:18:41.454 AM ET,1.330,774,1.03K,Bid,Nasdaq GSM,Inter Mkt Swp; Trade Thru Exmpt
03:59:49.595 PM ET,1.420,753,1.07K,None,NYSE,
12:04:09.270 PM ET,1.370,750,1.03K,Ask,Cboe EDGA,
10:47:27.234 AM ET,1.355,742,1.01K,Mid,Off Exchange,
02:39:04.431 PM ET,1.400,735,1.03K,Bid,NYSE,Inter Mkt Swp; Trade Thru Exmpt
07:49:51.452 AM ET,1.270,733,931,Mid,Off Exchange,Frm T Ext Hrs
03:38:05.738 PM ET,1.420,709,1.01K,Bid,NYSE,Inter Mkt Swp; Trade Thru Exmpt
09:42:13.045 AM ET,1.290,708,913,Bid,NYSE,Inter Mkt Swp; Trade Thru Exmpt
09:30:04.806 AM ET,1.240,700,868,Mid,NYSE American,
09:30:19.066 AM ET,1.250,700,875,Ask,NYSE,Inter Mkt Swp; Trade Thru Exmpt
09:30:26.992 AM ET,1.260,700,882,Ask,Nasdaq GSM,
10:12:24.720 AM ET,1.320,700,924,Bid,Cboe BYX,Inter Mkt Swp; Trade Thru Exmpt
10:14:16.652 AM ET,1.320,700,924,Ask,Nasdaq PHLX,Inter Mkt Swp; Trade Thru Exmpt
10:17:40.824 AM ET,1.315,700,921,Mid,Off Exchange,
10:42:10.945 AM ET,1.360,700,952,Ask,TXSE,
10:47:54.734 AM ET,1.365,700,956,Mid,Off Exchange,
10:47:54.749 AM ET,1.365,700,956,Mid,Off Exchange,
10:47:54.767 AM ET,1.365,700,956,Mid,Off Exchange,
10:47:54.813 AM ET,1.365,700,956,Mid,Off Exchange,
11:11:57.331 AM ET,1.390,700,973,Bid,Nasdaq GSM,
11:36:45.757 AM ET,1.380,700,966,Ask,Cboe EDGA,
01:13:24.358 PM ET,1.375,700,963,Mid,Cboe EDGX,
01:17:50.037 PM ET,1.380,700,966,Bid,NYSE,Inter Mkt Swp; Trade Thru Exmpt
01:17:50.055 PM ET,1.385,700,970,Mid,Off Exchange,
01:17:50.100 PM ET,1.385,700,970,Mid,Off Exchange,
01:17:50.113 PM ET,1.385,700,970,Mid,IEX,
01:17:50.125 PM ET,1.385,700,970,Mid,Off Exchange,
01:18:04.730 PM ET,1.380,700,966,Ask,NYSE,Inter Mkt Swp; Trade Thru Exmpt
01:40:13.211 PM ET,1.380,700,966,Mid,Off Exchange,
02:26:19.282 PM ET,1.385,700,970,Mid,Off Exchange,
02:26:19.298 PM ET,1.385,700,970,Mid,Off Exchange,
02:26:19.319 PM ET,1.385,700,970,Mid,Off Exchange,
02:26:19.336 PM ET,1.385,700,970,Mid,Off Exchange,
02:26:19.351 PM ET,1.385,700,970,Mid,Off Exchange,
02:26:19.371 PM ET,1.385,700,970,Mid,Off Exchange,
02:36:21.436 PM ET,1.395,700,977,Mid,NYSE Arca,
02:36:21.436 PM ET,1.395,700,977,Mid,NYSE,
02:38:04.113 PM ET,1.395,700,977,Mid,Cboe EDGX,
02:38:04.119 PM ET,1.395,700,977,Mid,Cboe EDGX,
02:55:49.245 PM ET,1.430,700,1.00K,Bid,NYSE,
03:02:51.916 PM ET,1.430,700,1.00K,Bid,Nasdaq BX,Inter Mkt Swp; Trade Thru Exmpt
03:02:51.917 PM ET,1.420,700,994,Bid,NYSE,
03:10:28.134 PM ET,1.425,700,998,Mid,Off Exchange,
03:20:40.258 PM ET,1.420,700,994,Ask,NYSE,Inter Mkt Swp; Trade Thru Exmpt
03:20:40.259 PM ET,1.420,700,994,Ask,NYSE,Inter Mkt Swp; Trade Thru Exmpt
03:31:41.723 PM ET,1.420,700,994,Bid,NYSE,Inter Mkt Swp; Trade Thru Exmpt
03:38:05.738 PM ET,1.420,700,994,Bid,Nasdaq GSM,Inter Mkt Swp; Trade Thru Exmpt
03:41:00.994 PM ET,1.410,700,987,Ask,NYSE,Inter Mkt Swp; Trade Thru Exmpt
03:46:52.987 PM ET,1.420,700,994,Ask,NYSE,Inter Mkt Swp; Trade Thru Exmpt
03:56:00.695 PM ET,1.415,700,991,Mid,Cboe EDGX,
03:56:00.823 PM ET,1.415,700,991,Mid,Off Exchange,
03:56:00.876 PM ET,1.415,700,991,Mid,Off Exchange,
03:56:00.895 PM ET,1.415,700,991,Mid,Off Exchange,
03:56:00.913 PM ET,1.415,700,991,Mid,Off Exchange,
03:56:00.921 PM ET,1.415,700,991,Mid,Off Exchange,
03:56:00.927 PM ET,1.415,700,991,Mid,Off Exchange,
03:56:00.936 PM ET,1.415,700,991,Mid,Off Exchange,
03:56:00.954 PM ET,1.415,700,991,Mid,Off Exchange,
03:56:00.969 PM ET,1.415,700,991,Mid,Off Exchange,
03:56:00.984 PM ET,1.415,700,991,Mid,Off Exchange,
03:56:01.016 PM ET,1.415,700,991,Mid,Off Exchange,
03:58:13.158 PM ET,1.420,700,994,Ask,NYSE,Inter Mkt Swp; Trade Thru Exmpt
03:58:29.550 PM ET,1.430,700,1.00K,Ask,Off Exchange,
03:58:46.694 PM ET,1.430,700,1.00K,Ask,Nasdaq GSM,
03:59:11.602 PM ET,1.430,700,1.00K,None,Nasdaq GSM,Inter Mkt Swp; Trade Thru Exmpt
03:59:49.599 PM ET,1.420,700,994,None,Nasdaq GSM,
02:43:39.086 PM ET,1.429,697,996,Mid,Off Exchange,
11:04:49.217 AM ET,1.370,692,948,Ask,NYSE,Inter Mkt Swp; Trade Thru Exmpt
12:09:16.979 PM ET,1.379,690,952,Mid,Off Exchange,
03:05:21.994 PM ET,1.430,686,981,Mid,Off Exchange,
03:55:43.003 PM ET,1.410,684,964,Bid,Off Exchange,
03:58:13.158 PM ET,1.420,677,961,Ask,NYSE Arca,Inter Mkt Swp; Trade Thru Exmpt
03:41:00.994 PM ET,1.410,671,946,Ask,NYSE American,Inter Mkt Swp; Trade Thru Exmpt
02:39:15.551 PM ET,1.410,669,943,Bid,NYSE,Inter Mkt Swp; Trade Thru Exmpt
11:25:43.712 AM ET,1.385,665,921,Mid,Off Exchange,
09:54:02.855 AM ET,1.310,653,855,Ask,Nasdaq BX,Inter Mkt Swp; Trade Thru Exmpt
03:23:08.583 PM ET,1.419,650,922,Mid,Off Exchange,
11:06:53.706 AM ET,1.370,643,881,Bid,Off Exchange,
01:18:04.730 PM ET,1.380,642,886,Ask,NYSE,Inter Mkt Swp; Trade Thru Exmpt
03:20:40.259 PM ET,1.420,640,909,Ask,NYSE Arca,Inter Mkt Swp; Trade Thru Exmpt
11:11:57.331 AM ET,1.390,638,887,Bid,Cboe EDGA,
04:31:07.308 PM ET,1.400,627,878,Bid,NYSE Arca,Frm T Ext Hrs
01:18:04.731 PM ET,1.380,618,853,Ask,Nasdaq GSM,Inter Mkt Swp; Trade Thru Exmpt
03:58:13.158 PM ET,1.420,616,875,Ask,Nasdaq GSM,Inter Mkt Swp; Trade Thru Exmpt
10:47:27.268 AM ET,1.350,605,817,Bid,Off Exchange,
09:30:04.806 AM ET,1.240,600,744,Mid,NYSE Arca,
09:38:46.001 AM ET,1.280,600,768,Bid,Nasdaq BX,Inter Mkt Swp; Trade Thru Exmpt
09:54:02.855 AM ET,1.310,600,786,Ask,Nasdaq BX,Inter Mkt Swp; Trade Thru Exmpt
10:10:35.428 AM ET,1.310,600,786,Bid,Off Exchange,
10:14:16.652 AM ET,1.320,600,792,Ask,Nasdaq PHLX,Inter Mkt Swp; Trade Thru Exmpt
10:18:41.454 AM ET,1.330,600,798,Bid,Nasdaq GSM,Inter Mkt Swp; Trade Thru Exmpt
10:47:54.631 AM ET,1.360,600,816,Bid,Nasdaq GSM,Inter Mkt Swp; Trade Thru Exmpt
10:49:15.154 AM ET,1.375,600,825,Ask,NYSE Arca,
10:53:11.030 AM ET,1.370,600,822,Ask,Cboe EDGX,
10:53:11.031 AM ET,1.370,600,822,Ask,Nasdaq PHLX,Inter Mkt Swp; Trade Thru Exmpt
10:53:11.032 AM ET,1.370,600,822,Ask,Off Exchange,
10:58:14.062 AM ET,1.370,600,822,Bid,Nasdaq GSM,Inter Mkt Swp; Trade Thru Exmpt
11:04:49.217 AM ET,1.370,600,822,Ask,Nasdaq PHLX,Inter Mkt Swp; Trade Thru Exmpt
11:04:49.217 AM ET,1.370,600,822,Ask,Cboe EDGX,
11:09:00.306 AM ET,1.380,600,828,Ask,IEX,
11:10:58.324 AM ET,1.400,600,840,Bid,Nasdaq BX,Inter Mkt Swp; Trade Thru Exmpt
11:10:58.324 AM ET,1.400,600,840,Bid,Cboe EDGX,Inter Mkt Swp; Trade Thru Exmpt
11:11:22.289 AM ET,1.395,600,837,Mid,Off Exchange,
11:11:57.332 AM ET,1.390,600,834,Bid,Nasdaq GSM,
11:36:45.757 AM ET,1.380,600,828,Ask,Nasdaq PHLX,Inter Mkt Swp; Trade Thru Exmpt
11:36:46.757 AM ET,1.380,600,828,Ask,Cboe EDGX,
01:03:26.311 PM ET,1.374,600,824,Mid,Off Exchange,
01:13:24.299 PM ET,1.375,600,825,Mid,NYSE,
01:17:50.036 PM ET,1.380,600,828,Bid,NYSE,Inter Mkt Swp; Trade Thru Exmpt
01:17:50.038 PM ET,1.380,600,828,Bid,Cboe EDGX,
01:17:50.038 PM ET,1.380,600,828,Bid,NYSE Arca,
01:17:50.182 PM ET,1.385,600,831,Mid,Off Exchange,
01:18:04.730 PM ET,1.380,600,828,Ask,NYSE,Inter Mkt Swp; Trade Thru Exmpt
01:18:04.731 PM ET,1.380,600,828,Ask,Cboe EDGA,Inter Mkt Swp; Trade Thru Exmpt
01:22:19.533 PM ET,1.375,600,825,Mid,Off Exchange,
02:26:16.149 PM ET,1.380,600,828,Bid,Nasdaq GSM,Inter Mkt Swp; Trade Thru Exmpt
02:26:19.278 PM ET,1.390,600,834,Ask,NYSE,
02:29:03.745 PM ET,1.380,600,828,Bid,Off Exchange,
02:29:20.834 PM ET,1.387,600,832,Mid,Off Exchange,
02:39:04.431 PM ET,1.400,600,840,Bid,NYSE,Inter Mkt Swp; Trade Thru Exmpt
03:02:51.916 PM ET,1.430,600,858,Bid,Cboe EDGX,
03:19:48.099 PM ET,1.425,600,855,Mid,NYSE,
03:20:40.259 PM ET,1.420,600,852,Ask,NYSE,Inter Mkt Swp; Trade Thru Exmpt
03:20:40.259 PM ET,1.420,600,852,Ask,Nasdaq PHLX,Inter Mkt Swp; Trade Thru Exmpt
03:20:40.259 PM ET,1.420,600,852,Ask,Nasdaq GSM,Inter Mkt Swp; Trade Thru Exmpt
03:38:05.738 PM ET,1.420,600,852,Bid,Nasdaq PHLX,Inter Mkt Swp; Trade Thru Exmpt
03:41:00.994 PM ET,1.410,600,846,Ask,NYSE,Inter Mkt Swp; Trade Thru Exmpt
03:41:00.994 PM ET,1.410,600,846,Ask,Nasdaq PHLX,Inter Mkt Swp; Trade Thru Exmpt
03:41:00.995 PM ET,1.410,600,846,Ask,Off Exchange,
03:52:42.287 PM ET,1.415,600,849,Mid,Cboe BZX,
03:56:01.009 PM ET,1.415,600,849,Mid,NYSE Arca,
03:56:01.009 PM ET,1.415,600,849,Mid,Cboe BZX,
03:56:23.553 PM ET,1.415,600,849,Mid,Cboe EDGX,
03:56:23.573 PM ET,1.415,600,849,Mid,Cboe EDGX,
03:56:36.562 PM ET,1.415,600,849,Mid,NYSE Arca,
03:56:36.562 PM ET,1.415,600,849,Mid,Cboe BZX,
03:56:55.094 PM ET,1.415,600,849,Mid,Cboe EDGX,
03:58:13.158 PM ET,1.420,600,852,Ask,NYSE,Inter Mkt Swp; Trade Thru Exmpt
03:58:13.158 PM ET,1.420,600,852,Ask,Nasdaq GSM,Inter Mkt Swp; Trade Thru Exmpt
03:58:29.620 PM ET,1.425,600,855,Mid,Cboe BZX,
03:59:11.601 PM ET,1.430,600,858,None,NYSE,
03:59:11.703 PM ET,1.420,600,852,None,Nasdaq GSM,
03:59:11.703 PM ET,1.420,600,852,None,IEX,
03:59:11.704 PM ET,1.420,600,852,None,NYSE,Inter Mkt Swp; Trade Thru Exmpt
03:59:57.289 PM ET,1.413,600,848,None,Off Exchange,
03:20:40.269 PM ET,1.420,594,843,Ask,Off Exchange,
11:04:51.852 AM ET,1.370,590,808,Ask,NYSE,Inter Mkt Swp; Trade Thru Exmpt
03:56:00.621 PM ET,1.415,590,835,Mid,IEX,
03:31:41.723 PM ET,1.420,582,826,Bid,NYSE,Inter Mkt Swp; Trade Thru Exmpt
11:10:58.222 AM ET,1.400,576,806,Ask,NYSE,Inter Mkt Swp; Trade Thru Exmpt
02:45:20.686 PM ET,1.420,569,808,Bid,Off Exchange,
03:59:11.703 PM ET,1.420,564,801,None,Nasdaq GSM,
03:59:49.598 PM ET,1.420,562,798,None,NYSE Arca,Inter Mkt Swp; Trade Thru Exmpt
10:47:27.234 AM ET,1.355,560,759,Mid,Off Exchange,
10:47:27.234 AM ET,1.350,556,751,Bid,NYSE,Inter Mkt Swp; Trade Thru Exmpt
09:54:02.855 AM ET,1.310,551,722,Ask,Nasdaq PHLX,Inter Mkt Swp; Trade Thru Exmpt
09:48:11.022 AM ET,1.300,550,715,Bid,Off Exchange,
10:38:08.614 AM ET,1.340,550,737,Bid,IEX,
10:47:27.234 AM ET,1.355,550,745,Mid,IEX,
11:11:53.459 AM ET,1.395,550,767,Mid,IEX,
12:04:09.275 PM ET,1.370,550,754,Ask,Cboe EDGA,Inter Mkt Swp; Trade Thru Exmpt
01:18:03.857 PM ET,1.385,550,762,Mid,NYSE,
02:05:56.286 PM ET,1.380,550,759,Ask,Off Exchange,
02:38:04.114 PM ET,1.395,550,767,Mid,Cboe EDGX,
02:38:04.114 PM ET,1.395,550,767,Mid,Cboe BZX,
02:38:04.114 PM ET,1.395,550,767,Mid,Cboe BYX,
03:57:11.630 PM ET,1.415,550,778,Mid,NYSE Arca,
03:57:11.630 PM ET,1.415,550,778,Mid,NYSE,
10:47:54.631 AM ET,1.360,549,747,Bid,Nasdaq GSM,Inter Mkt Swp; Trade Thru Exmpt
03:21:47.616 PM ET,1.411,547,772,Mid,Off Exchange,
09:40:41.335 AM ET,1.290,545,703,Ask,Off Exchange,
11:05:48.502 AM ET,1.370,544,745,Bid,Off Exchange,
09:45:29.888 AM ET,1.300,542,705,Bid,Nasdaq GSM,Inter Mkt Swp; Trade Thru Exmpt
03:59:11.601 PM ET,1.430,540,772,None,Nasdaq GSM,
10:47:27.234 AM ET,1.350,534,721,Bid,Cboe EDGA,
10:47:27.235 AM ET,1.355,534,724,Mid,Off Exchange,
03:38:05.738 PM ET,1.420,532,755,Bid,Nasdaq GSM,Inter Mkt Swp; Trade Thru Exmpt
03:59:11.704 PM ET,1.420,528,750,None,NYSE Arca,Inter Mkt Swp; Trade Thru Exmpt
03:02:51.917 PM ET,1.430,525,751,Bid,Off Exchange,
12:28:29.012 PM ET,1.371,524,718,Mid,Off Exchange,
10:49:24.000 AM ET,1.369,521,713,Mid,Off Exchange,
03:31:49.876 PM ET,1.425,520,741,Mid,Off Exchange,
10:09:00.084 AM ET,1.315,518,681,Mid,Off Exchange,
12:04:09.208 PM ET,1.370,515,706,Mid,Off Exchange,
04:01:40.142 PM ET,1.420,515,731,Ask,Off Exchange,Frm T Ext Hrs; Prior Ref Price; Trade Thru Exmpt
03:59:49.599 PM ET,1.420,510,724,None,Nasdaq GSM,
10:47:27.234 AM ET,1.355,504,683,Mid,Off Exchange,
03:02:51.915 PM ET,1.430,504,721,Bid,NYSE Arca,Inter Mkt Swp; Trade Thru Exmpt
09:33:40.022 AM ET,1.280,500,640,Bid,NYSE,
09:35:08.521 AM ET,1.280,500,640,Bid,Nasdaq BX,Inter Mkt Swp; Trade Thru Exmpt
09:42:13.045 AM ET,1.290,500,645,Bid,NYSE,Inter Mkt Swp; Trade Thru Exmpt
09:47:21.167 AM ET,1.300,500,650,Bid,Nasdaq BX,Inter Mkt Swp; Trade Thru Exmpt
10:14:16.652 AM ET,1.320,500,660,Ask,Cboe EDGA,Inter Mkt Swp; Trade Thru Exmpt
10:17:40.823 AM ET,1.315,500,658,Mid,Cboe BZX,
10:17:40.823 AM ET,1.315,500,658,Mid,MEMX,
10:17:40.823 AM ET,1.315,500,658,Mid,Cboe EDGX,
10:17:40.823 AM ET,1.315,500,658,Mid,NYSE American,
10:17:40.823 AM ET,1.315,500,658,Mid,Cboe EDGA,
10:17:40.823 AM ET,1.315,500,658,Mid,Nasdaq GSM,
10:17:40.824 AM ET,1.315,500,658,Mid,Off Exchange,
10:18:41.454 AM ET,1.330,500,665,Bid,NYSE,Inter Mkt Swp; Trade Thru Exmpt
10:28:36.728 AM ET,1.331,500,666,Mid,Off Exchange,
10:38:08.614 AM ET,1.340,500,670,Bid,NYSE,Inter Mkt Swp; Trade Thru Exmpt
10:38:08.614 AM ET,1.340,500,670,Bid,IEX,
10:38:46.959 AM ET,1.350,500,675,Bid,Nasdaq GSM,Inter Mkt Swp; Trade Thru Exmpt
10:38:46.959 AM ET,1.350,500,675,Bid,Off Exchange,
10:42:10.945 AM ET,1.355,500,678,Mid,Nasdaq GSM,
10:42:24.786 AM ET,1.355,500,678,Mid,Off Exchange,
10:47:27.236 AM ET,1.350,500,675,Bid,Nasdaq GSM,
10:49:11.032 AM ET,1.370,500,685,Bid,IEX,
10:50:20.990 AM ET,1.369,500,684,Mid,Off Exchange,
10:50:34.640 AM ET,1.360,500,680,Bid,Off Exchange,
10:51:53.347 AM ET,1.370,500,685,Bid,Nasdaq GSM,
10:51:53.349 AM ET,1.370,500,685,Bid,Off Exchange,
10:53:11.031 AM ET,1.370,500,685,Ask,NYSE,
10:55:26.881 AM ET,1.364,500,682,Mid,Off Exchange,
11:04:49.217 AM ET,1.370,500,685,Ask,NYSE,Inter Mkt Swp; Trade Thru Exmpt
11:04:49.217 AM ET,1.370,500,685,Ask,Nasdaq PHLX,Inter Mkt Swp; Trade Thru Exmpt
11:04:49.217 AM ET,1.370,500,685,Ask,Nasdaq GSM,
11:06:53.593 AM ET,1.370,500,685,Bid,Nasdaq BX,Inter Mkt Swp; Trade Thru Exmpt
11:06:53.594 AM ET,1.370,500,685,Bid,Off Exchange,
11:09:00.306 AM ET,1.380,500,690,Ask,Nasdaq GSM,Inter Mkt Swp; Trade Thru Exmpt
11:09:19.590 AM ET,1.390,500,695,Ask,NYSE Arca,Inter Mkt Swp; Trade Thru Exmpt
11:09:19.590 AM ET,1.390,500,695,Ask,Nasdaq GSM,Inter Mkt Swp; Trade Thru Exmpt
11:11:28.429 AM ET,1.395,500,698,Mid,Off Exchange,
11:11:31.566 AM ET,1.395,500,698,Mid,Off Exchange,
11:22:09.670 AM ET,1.385,500,693,Mid,Off Exchange,
11:24:01.611 AM ET,1.385,500,693,Mid,Off Exchange,
11:29:38.347 AM ET,1.389,500,694,Mid,Off Exchange,
11:34:49.205 AM ET,1.380,500,690,Bid,Off Exchange,
11:36:45.751 AM ET,1.380,500,690,Ask,IEX,
11:36:45.757 AM ET,1.380,500,690,Ask,NYSE,Inter Mkt Swp; Trade Thru Exmpt
11:36:45.758 AM ET,1.380,500,690,Ask,Cboe EDGA,Inter Mkt Swp; Trade Thru Exmpt
11:40:00.003 AM ET,1.375,500,688,Mid,Off Exchange,
12:04:09.252 PM ET,1.370,500,685,Ask,Cboe EDGA,Inter Mkt Swp; Trade Thru Exmpt
12:04:09.280 PM ET,1.370,500,685,Ask,Cboe EDGA,Inter Mkt Swp; Trade Thru Exmpt
12:04:29.870 PM ET,1.370,500,685,Ask,NYSE,Inter Mkt Swp; Trade Thru Exmpt
12:14:29.597 PM ET,1.375,500,688,Mid,Off Exchange,
12:16:00.065 PM ET,1.370,500,685,Bid,Off Exchange,
12:57:04.876 PM ET,1.375,500,688,Mid,Off Exchange,
01:13:21.780 PM ET,1.375,500,688,Mid,NYSE Arca,
01:17:50.036 PM ET,1.380,500,690,Bid,NYSE,Inter Mkt Swp; Trade Thru Exmpt
01:17:50.037 PM ET,1.380,500,690,Bid,Cboe BZX,Inter Mkt Swp; Trade Thru Exmpt
01:17:50.037 PM ET,1.380,500,690,Bid,Nasdaq GSM,Inter Mkt Swp; Trade Thru Exmpt
01:26:49.720 PM ET,1.380,500,690,Ask,NYSE,
01:59:43.122 PM ET,1.371,500,686,Mid,Off Exchange,
02:01:08.430 PM ET,1.375,500,687,Mid,Off Exchange,
02:26:16.148 PM ET,1.380,500,690,Bid,NYSE,Inter Mkt Swp; Trade Thru Exmpt
02:36:06.233 PM ET,1.390,500,695,Bid,NYSE,Inter Mkt Swp; Trade Thru Exmpt
02:36:06.234 PM ET,1.390,500,695,Bid,IEX,
02:41:30.210 PM ET,1.420,500,710,Ask,NYSE,Inter Mkt Swp; Trade Thru Exmpt
02:55:49.246 PM ET,1.430,500,715,Bid,Nasdaq GSM,
02:55:49.246 PM ET,1.430,500,715,Bid,Cboe BZX,
02:59:40.892 PM ET,1.430,500,715,Bid,Nasdaq BX,Inter Mkt Swp; Trade Thru Exmpt
03:02:51.913 PM ET,1.435,500,718,Mid,NYSE Arca,
03:04:19.608 PM ET,1.430,500,715,Ask,NYSE,
03:20:40.259 PM ET,1.420,500,710,Ask,NYSE,Inter Mkt Swp; Trade Thru Exmpt
03:23:00.005 PM ET,1.415,500,708,Mid,IEX,
03:23:08.584 PM ET,1.415,500,708,Mid,IEX,
03:25:43.550 PM ET,1.415,500,708,Mid,Off Exchange,
03:28:58.551 PM ET,1.415,500,708,Mid,Cboe BZX,
03:30:44.556 PM ET,1.415,500,708,Mid,Cboe BZX,
03:31:12.432 PM ET,1.415,500,708,Mid,Nasdaq GSM,
03:31:41.723 PM ET,1.415,500,708,Bid,NYSE Arca,Inter Mkt Swp; Trade Thru Exmpt
03:31:41.723 PM ET,1.415,500,708,Bid,NYSE,Inter Mkt Swp; Trade Thru Exmpt
03:31:41.723 PM ET,1.420,500,710,Bid,NYSE,Inter Mkt Swp; Trade Thru Exmpt
03:31:41.723 PM ET,1.415,500,708,Bid,Cboe EDGX,
03:31:41.723 PM ET,1.415,500,708,Bid,Cboe BZX,
03:31:41.724 PM ET,1.415,500,708,Bid,Nasdaq GSM,
03:32:52.803 PM ET,1.425,500,713,Mid,Cboe EDGX,
03:33:05.977 PM ET,1.425,500,713,Mid,IEX,
03:36:30.965 PM ET,1.425,500,713,Mid,Cboe BZX,
03:36:30.965 PM ET,1.425,500,713,Mid,Nasdaq GSM,
03:38:05.738 PM ET,1.420,500,710,Bid,NYSE,Inter Mkt Swp; Trade Thru Exmpt
03:38:13.249 PM ET,1.415,500,708,Mid,Nasdaq GSM,
03:41:00.994 PM ET,1.410,500,705,Ask,Nasdaq GSM,Inter Mkt Swp; Trade Thru Exmpt
03:41:01.028 PM ET,1.405,500,703,Mid,Nasdaq GSM,
03:41:01.028 PM ET,1.405,500,703,Mid,NYSE Arca,
03:44:24.754 PM ET,1.415,500,708,Mid,Off Exchange,
03:46:52.987 PM ET,1.420,500,710,Ask,NYSE,Inter Mkt Swp; Trade Thru Exmpt
03:48:35.765 PM ET,1.415,500,708,Mid,Off Exchange,
03:53:08.044 PM ET,1.415,500,708,Mid,Off Exchange,
03:56:00.621 PM ET,1.415,500,708,Mid,Off Exchange,
03:58:46.693 PM ET,1.430,500,715,Ask,Nasdaq GSM,Inter Mkt Swp; Trade Thru Exmpt
03:58:46.694 PM ET,1.430,500,715,Ask,Cboe BYX,Inter Mkt Swp; Trade Thru Exmpt
03:59:11.601 PM ET,1.430,500,715,None,NYSE,
03:59:11.601 PM ET,1.430,500,715,None,Nasdaq GSM,
03:59:11.602 PM ET,1.430,500,715,None,Nasdaq GSM,Inter Mkt Swp; Trade Thru Exmpt
03:59:11.703 PM ET,1.420,500,710,None,Nasdaq BX,
03:59:11.703 PM ET,1.425,500,713,None,NYSE,
03:59:11.703 PM ET,1.420,500,710,None,IEX,
03:59:19.344 PM ET,1.417,500,709,None,Off Exchange,
03:59:49.599 PM ET,1.420,500,710,None,NYSE Arca,
03:59:49.604 PM ET,1.420,500,710,None,NYSE,Inter Mkt Swp; Trade Thru Exmpt
03:59:52.528 PM ET,1.415,500,708,None,Nasdaq GSM,
05:22:26.517 PM ET,1.400,500,700,Bid,Off Exchange,Frm T Ext Hrs
03:59:11.601 PM ET,1.430,494,706,None,Nasdaq GSM,
03:38:05.738 PM ET,1.420,491,697,Bid,NYSE,Inter Mkt Swp; Trade Thru Exmpt
03:02:51.917 PM ET,1.420,489,694,Bid,Nasdaq GSM,
10:17:02.116 AM ET,1.315,483,635,Mid,Off Exchange,
10:47:27.234 AM ET,1.355,479,649,Mid,Nasdaq BX,Inter Mkt Swp; Trade Thru Exmpt
10:47:27.234 AM ET,1.350,475,641,Bid,NYSE American,Inter Mkt Swp; Trade Thru Exmpt
03:44:37.963 PM ET,1.410,473,667,Bid,Off Exchange,
03:58:13.158 PM ET,1.420,471,669,Ask,Nasdaq GSM,Inter Mkt Swp; Trade Thru Exmpt
03:59:11.703 PM ET,1.420,470,667,None,Cboe BZX,
03:59:49.599 PM ET,1.420,470,667,None,NYSE Arca,
03:02:51.916 PM ET,1.430,468,669,Bid,Cboe EDGX,Inter Mkt Swp; Trade Thru Exmpt
10:14:16.652 AM ET,1.320,466,615,Ask,NYSE American,Inter Mkt Swp; Trade Thru Exmpt
03:02:51.916 PM ET,1.430,466,666,Bid,Cboe EDGX,
03:37:15.102 PM ET,1.425,466,664,Mid,Off Exchange,
03:36:30.965 PM ET,1.425,461,657,Mid,NYSE,
03:59:49.599 PM ET,1.420,461,655,None,Cboe BZX,
10:47:27.234 AM ET,1.350,459,620,Bid,MEMX,Inter Mkt Swp
11:16:49.819 AM ET,1.390,458,637,Ask,Off Exchange,
11:06:53.597 AM ET,1.370,457,626,Bid,Nasdaq BX,Inter Mkt Swp; Trade Thru Exmpt
09:40:41.337 AM ET,1.290,455,587,Ask,Off Exchange,
09:54:02.855 AM ET,1.310,455,596,Ask,Nasdaq PHLX,Inter Mkt Swp; Trade Thru Exmpt
03:41:00.995 PM ET,1.410,454,640,Ask,Off Exchange,
11:36:45.758 AM ET,1.380,451,622,Ask,Cboe EDGA,Inter Mkt Swp; Trade Thru Exmpt
12:04:09.251 PM ET,1.370,450,617,Ask,Cboe EDGA,Inter Mkt Swp; Trade Thru Exmpt
02:38:04.114 PM ET,1.395,450,628,Mid,Nasdaq GSM,
03:20:40.259 PM ET,1.420,449,638,Ask,NYSE Arca,Inter Mkt Swp; Trade Thru Exmpt
03:56:00.142 PM ET,1.415,448,634,Mid,Off Exchange,
02:33:35.082 PM ET,1.390,443,616,Ask,Off Exchange,
03:02:51.916 PM ET,1.430,443,633,Bid,Nasdaq PHLX,Inter Mkt Swp; Trade Thru Exmpt
09:42:22.846 AM ET,1.290,442,570,Ask,NYSE,Inter Mkt Swp; Trade Thru Exmpt
11:36:45.757 AM ET,1.380,442,610,Ask,Nasdaq GSM,Inter Mkt Swp; Trade Thru Exmpt
01:29:05.077 PM ET,1.380,442,610,Ask,Off Exchange,
03:35:25.102 PM ET,1.425,442,630,Mid,NYSE,
03:59:49.598 PM ET,1.420,442,628,None,NYSE Arca,Inter Mkt Swp; Trade Thru Exmpt
10:17:08.662 AM ET,1.315,440,579,Mid,Off Exchange,
01:39:09.794 PM ET,1.380,440,607,Ask,Off Exchange,
10:49:15.160 AM ET,1.370,436,597,Ask,Nasdaq GSM,
10:47:27.234 AM ET,1.350,434,586,Bid,Nasdaq GSM,Inter Mkt Swp; Trade Thru Exmpt
03:02:51.917 PM ET,1.420,434,616,Bid,Nasdaq GSM,
09:54:02.855 AM ET,1.310,432,566,Ask,Nasdaq PHLX,Inter Mkt Swp; Trade Thru Exmpt
03:02:51.916 PM ET,1.430,432,618,Bid,Cboe EDGX,
09:46:00.727 AM ET,1.300,431,560,Bid,Nasdaq BX,
12:10:58.576 PM ET,1.371,428,587,Mid,Off Exchange,
11:11:57.331 AM ET,1.390,425,591,Bid,Nasdaq GSM,
02:19:47.378 PM ET,1.380,425,587,Ask,Off Exchange,
02:26:16.148 PM ET,1.380,418,577,Bid,NYSE,Inter Mkt Swp; Trade Thru Exmpt
03:11:44.398 PM ET,1.425,412,587,Mid,Off Exchange,
03:53:30.110 PM ET,1.415,412,583,Mid,NYSE,
11:36:46.767 AM ET,1.375,408,561,Mid,Off Exchange,
12:42:53.051 PM ET,1.375,408,561,Mid,Off Exchange,
10:14:16.652 AM ET,1.320,407,537,Ask,Cboe EDGA,Inter Mkt Swp; Trade Thru Exmpt
02:50:08.859 PM ET,1.425,407,580,Mid,Off Exchange,
03:56:45.145 PM ET,1.420,405,575,Ask,Off Exchange,
02:30:03.011 PM ET,1.390,403,560,Ask,Off Exchange,
10:47:27.234 AM ET,1.350,402,543,Bid,MEMX,
09:48:59.408 AM ET,1.300,400,520,Bid,Nasdaq BX,Inter Mkt Swp; Trade Thru Exmpt
09:48:59.409 AM ET,1.300,400,520,Bid,Nasdaq BX,Inter Mkt Swp; Trade Thru Exmpt
10:10:35.426 AM ET,1.315,400,526,Mid,Off Exchange,
10:12:18.890 AM ET,1.320,400,528,Bid,Nasdaq GSM,Inter Mkt Swp; Trade Thru Exmpt
10:14:16.652 AM ET,1.320,400,528,Ask,NYSE American,Inter Mkt Swp; Trade Thru Exmpt
10:14:16.652 AM ET,1.320,400,528,Ask,NYSE,Inter Mkt Swp; Trade Thru Exmpt
10:14:16.652 AM ET,1.320,400,528,Ask,IEX,
10:14:16.652 AM ET,1.320,400,528,Ask,Nasdaq PHLX,Inter Mkt Swp; Trade Thru Exmpt
10:14:16.686 AM ET,1.315,400,526,Mid,Off Exchange,
10:17:40.824 AM ET,1.315,400,526,Mid,Off Exchange,
10:18:42.266 AM ET,1.325,400,530,Bid,Off Exchange,
10:47:27.233 AM ET,1.355,400,542,Mid,NYSE,
10:47:27.234 AM ET,1.350,400,540,Bid,NYSE,Inter Mkt Swp; Trade Thru Exmpt
10:47:27.235 AM ET,1.355,400,542,Mid,Off Exchange,
10:49:15.159 AM ET,1.370,400,548,Ask,Cboe BZX,
10:53:11.030 AM ET,1.370,400,548,Ask,NYSE,
10:58:14.061 AM ET,1.370,400,548,Bid,NYSE,Inter Mkt Swp; Trade Thru Exmpt
11:04:49.216 AM ET,1.370,400,548,Ask,NYSE,Inter Mkt Swp; Trade Thru Exmpt
11:04:49.217 AM ET,1.370,400,548,Ask,NYSE,Inter Mkt Swp; Trade Thru Exmpt
11:04:51.852 AM ET,1.370,400,548,Ask,NYSE,Inter Mkt Swp; Trade Thru Exmpt
11:09:00.305 AM ET,1.380,400,552,Ask,Nasdaq GSM,Inter Mkt Swp; Trade Thru Exmpt
11:09:03.740 AM ET,1.390,400,556,Ask,Off Exchange,
11:10:58.223 AM ET,1.400,400,560,Ask,Nasdaq GSM,Inter Mkt Swp; Trade Thru Exmpt
11:10:58.324 AM ET,1.400,400,560,Bid,NYSE,Inter Mkt Swp; Trade Thru Exmpt
11:11:57.331 AM ET,1.395,400,558,Mid,NYSE Arca,
11:11:57.331 AM ET,1.390,400,556,Bid,NYSE,Inter Mkt Swp; Trade Thru Exmpt
11:11:57.331 AM ET,1.390,400,556,Bid,Nasdaq BX,Inter Mkt Swp; Trade Thru Exmpt
11:11:57.332 AM ET,1.390,400,556,Bid,Cboe EDGA,Inter Mkt Swp; Trade Thru Exmpt
11:28:11.994 AM ET,1.390,400,556,Ask,Off Exchange,
11:28:11.994 AM ET,1.385,400,554,Mid,Off Exchange,
11:37:49.707 AM ET,1.375,400,550,Mid,Off Exchange,
11:47:13.243 AM ET,1.375,400,550,Mid,IEX,
11:49:28.846 AM ET,1.375,400,550,Mid,NYSE,
12:04:09.202 PM ET,1.370,400,548,Ask,NYSE,Inter Mkt Swp; Trade Thru Exmpt
12:04:09.202 PM ET,1.370,400,548,Ask,Nasdaq GSM,Inter Mkt Swp; Trade Thru Exmpt
12:04:09.202 PM ET,1.370,400,548,Ask,Nasdaq PHLX,Inter Mkt Swp; Trade Thru Exmpt
12:04:09.202 PM ET,1.370,400,548,Ask,Nasdaq BX,
12:04:09.251 PM ET,1.370,400,548,Ask,Cboe EDGA,
12:04:09.258 PM ET,1.370,400,548,Ask,Cboe EDGA,
12:04:09.265 PM ET,1.370,400,548,Ask,Cboe EDGA,
12:04:09.270 PM ET,1.370,400,548,Ask,Nasdaq PHLX,
12:04:09.280 PM ET,1.370,400,548,Ask,Cboe EDGA,
12:13:34.746 PM ET,1.370,400,548,Bid,Off Exchange,
12:14:53.401 PM ET,1.375,400,550,Mid,Off Exchange,
12:17:10.851 PM ET,1.375,400,550,Mid,NYSE,
12:17:55.295 PM ET,1.370,400,548,Bid,Nasdaq BX,Inter Mkt Swp; Trade Thru Exmpt
12:35:05.100 PM ET,1.370,400,548,Bid,IEX,
01:12:14.470 PM ET,1.375,400,550,Mid,MEMX,
01:12:14.559 PM ET,1.375,400,550,Mid,MEMX,
01:13:21.780 PM ET,1.375,400,550,Mid,Cboe BZX,
01:13:21.780 PM ET,1.375,400,550,Mid,Cboe EDGX,
01:13:21.875 PM ET,1.375,400,550,Mid,Cboe EDGX,
01:13:21.898 PM ET,1.375,400,550,Mid,NYSE,
01:13:24.425 PM ET,1.375,400,550,Mid,Cboe EDGX,
01:17:50.036 PM ET,1.380,400,552,Bid,NYSE,Inter Mkt Swp; Trade Thru Exmpt
01:17:50.037 PM ET,1.380,400,552,Bid,Nasdaq GSM,Inter Mkt Swp; Trade Thru Exmpt
01:17:50.037 PM ET,1.380,400,552,Bid,NYSE,Inter Mkt Swp; Trade Thru Exmpt
01:17:50.038 PM ET,1.380,400,552,Bid,NYSE Arca,
01:18:04.730 PM ET,1.380,400,552,Ask,NYSE,Inter Mkt Swp; Trade Thru Exmpt
02:09:55.079 PM ET,1.380,400,552,Ask,Off Exchange,
02:26:16.148 PM ET,1.380,400,552,Bid,NYSE Arca,Inter Mkt Swp; Trade Thru Exmpt
02:26:19.278 PM ET,1.390,400,556,Ask,NYSE,
02:26:55.361 PM ET,1.385,400,554,Mid,NYSE,
02:26:55.361 PM ET,1.385,400,554,Mid,NYSE Arca,
02:26:55.361 PM ET,1.385,400,554,Mid,Cboe BZX,
02:26:55.361 PM ET,1.385,400,554,Mid,Nasdaq GSM,
02:27:49.225 PM ET,1.385,400,554,Mid,NYSE,
02:30:53.368 PM ET,1.390,400,556,Mid,Off Exchange,
02:30:55.363 PM ET,1.380,400,552,Bid,Off Exchange,
02:34:20.792 PM ET,1.385,400,554,Mid,Off Exchange,
02:36:06.232 PM ET,1.390,400,556,Bid,NYSE,Inter Mkt Swp; Trade Thru Exmpt
02:36:06.233 PM ET,1.390,400,556,Bid,MEMX,
02:36:21.436 PM ET,1.395,400,558,Mid,Cboe BZX,
02:37:04.753 PM ET,1.395,400,558,Mid,IEX,
02:38:04.103 PM ET,1.395,400,558,Mid,Cboe EDGX,
02:38:04.114 PM ET,1.395,400,558,Mid,Cboe EDGX,
02:38:04.114 PM ET,1.395,400,558,Mid,Off Exchange,
02:38:04.115 PM ET,1.395,400,558,Mid,Nasdaq GSM,
02:38:04.116 PM ET,1.395,400,558,Mid,IEX,
02:38:04.120 PM ET,1.395,400,558,Mid,Off Exchange,
02:38:04.120 PM ET,1.395,400,558,Mid,IEX,
02:38:04.129 PM ET,1.395,400,558,Mid,Cboe EDGX,
02:38:04.130 PM ET,1.395,400,558,Mid,Off Exchange,
02:38:04.273 PM ET,1.395,400,558,Mid,Cboe BZX,
02:38:04.274 PM ET,1.395,400,558,Mid,NYSE Arca,
02:38:04.274 PM ET,1.395,400,558,Mid,Cboe EDGX,
02:38:04.382 PM ET,1.395,400,558,Mid,NYSE,
02:39:04.431 PM ET,1.400,400,560,Bid,NYSE,Inter Mkt Swp; Trade Thru Exmpt
02:39:04.435 PM ET,1.405,400,562,Mid,IEX,
02:42:00.347 PM ET,1.425,400,570,Mid,NYSE Arca,
02:42:00.347 PM ET,1.425,400,570,Mid,Cboe BZX,
02:42:00.347 PM ET,1.425,400,570,Mid,Cboe EDGX,
02:42:00.347 PM ET,1.425,400,570,Mid,MEMX,
02:42:00.347 PM ET,1.425,400,570,Mid,NYSE,
02:42:00.348 PM ET,1.425,400,570,Mid,Cboe EDGX,
02:42:00.382 PM ET,1.425,400,570,Mid,Cboe EDGX,
02:42:00.393 PM ET,1.425,400,570,Mid,Cboe EDGX,
02:42:01.275 PM ET,1.425,400,570,Mid,Cboe EDGX,
02:42:01.276 PM ET,1.425,400,570,Mid,Cboe EDGX,
02:42:01.300 PM ET,1.425,400,570,Mid,Cboe EDGX,
02:42:01.305 PM ET,1.425,400,570,Mid,Cboe EDGX,
02:42:01.316 PM ET,1.425,400,570,Mid,Cboe EDGX,
02:42:01.339 PM ET,1.425,400,570,Mid,Cboe EDGX,
02:42:01.369 PM ET,1.425,400,570,Mid,Cboe EDGX,
02:42:04.236 PM ET,1.425,400,570,Mid,Cboe EDGX,
02:42:04.251 PM ET,1.425,400,570,Mid,Cboe EDGX,
02:42:05.081 PM ET,1.425,400,570,Mid,Cboe BZX,
02:42:09.449 PM ET,1.425,400,570,Mid,Cboe EDGX,
02:42:35.549 PM ET,1.425,400,570,Mid,Cboe EDGX,
02:42:35.564 PM ET,1.425,400,570,Mid,Cboe EDGX,
02:42:35.579 PM ET,1.425,400,570,Mid,Cboe EDGX,
02:42:35.590 PM ET,1.425,400,570,Mid,Cboe EDGX,
02:42:37.361 PM ET,1.425,400,570,Mid,Cboe EDGX,
02:42:37.383 PM ET,1.425,400,570,Mid,Cboe EDGX,
02:42:37.408 PM ET,1.425,400,570,Mid,Cboe EDGX,
02:42:37.472 PM ET,1.425,400,570,Mid,Cboe EDGX,
02:42:37.478 PM ET,1.425,400,570,Mid,Cboe EDGX,
02:42:38.166 PM ET,1.425,400,570,Mid,Cboe EDGX,
02:42:38.174 PM ET,1.425,400,570,Mid,Cboe EDGX,
02:42:38.181 PM ET,1.425,400,570,Mid,Cboe EDGX,
02:45:03.007 PM ET,1.425,400,570,Mid,Cboe BZX,
02:45:05.255 PM ET,1.425,400,570,Mid,NYSE,
02:47:20.379 PM ET,1.425,400,570,Mid,IEX,
02:47:40.079 PM ET,1.425,400,570,Mid,Cboe BZX,
02:55:49.245 PM ET,1.430,400,572,Bid,Cboe EDGX,
02:56:14.696 PM ET,1.435,400,574,Mid,Cboe BZX,
03:02:51.913 PM ET,1.435,400,574,Mid,NYSE Arca,
03:02:51.914 PM ET,1.435,400,574,Mid,Cboe BZX,
03:02:51.915 PM ET,1.435,400,574,Mid,Nasdaq GSM,
03:02:51.916 PM ET,1.430,400,572,Bid,NYSE,
03:02:51.916 PM ET,1.430,400,572,Bid,Nasdaq PHLX,Inter Mkt Swp; Trade Thru Exmpt
03:02:51.917 PM ET,1.420,400,568,Bid,MEMX,
03:02:51.917 PM ET,1.420,400,568,Bid,IEX,
03:04:19.608 PM ET,1.430,400,572,Ask,NYSE,
03:04:26.616 PM ET,1.425,400,570,Mid,Off Exchange,
03:15:17.306 PM ET,1.425,400,570,Mid,NYSE,
03:17:10.090 PM ET,1.425,400,570,Mid,NYSE,
03:18:22.947 PM ET,1.425,400,570,Mid,Off Exchange,
03:19:26.326 PM ET,1.425,400,570,Mid,NYSE,
03:19:44.735 PM ET,1.425,400,570,Mid,Off Exchange,
03:20:40.259 PM ET,1.420,400,568,Ask,NYSE,Inter Mkt Swp; Trade Thru Exmpt
03:20:40.259 PM ET,1.420,400,568,Ask,IEX,
03:20:40.259 PM ET,1.420,400,568,Ask,MEMX,
03:20:40.259 PM ET,1.420,400,568,Ask,Nasdaq GSM,Inter Mkt Swp; Trade Thru Exmpt
03:20:40.385 PM ET,1.415,400,566,Mid,IEX,
03:21:35.976 PM ET,1.415,400,566,Mid,NYSE,
03:21:35.977 PM ET,1.415,400,566,Mid,Nasdaq GSM,
03:31:41.724 PM ET,1.420,400,568,Bid,NYSE Arca,
03:38:05.738 PM ET,1.420,400,568,Bid,Nasdaq PHLX,Inter Mkt Swp; Trade Thru Exmpt
03:38:05.738 PM ET,1.420,400,568,Bid,Nasdaq GSM,Inter Mkt Swp; Trade Thru Exmpt
03:41:00.994 PM ET,1.410,400,564,Ask,NYSE,Inter Mkt Swp; Trade Thru Exmpt
03:41:00.994 PM ET,1.410,400,564,Ask,MEMX,Inter Mkt Swp
03:41:00.994 PM ET,1.410,400,564,Ask,Nasdaq PHLX,Inter Mkt Swp; Trade Thru Exmpt
03:41:00.994 PM ET,1.410,400,564,Ask,Nasdaq GSM,Inter Mkt Swp; Trade Thru Exmpt
03:41:10.133 PM ET,1.410,400,564,Bid,NYSE,
03:46:52.988 PM ET,1.420,400,568,Ask,Cboe BZX,
03:48:04.404 PM ET,1.415,400,566,Mid,Off Exchange,
03:52:15.108 PM ET,1.415,400,566,Mid,Cboe BZX,
03:55:22.830 PM ET,1.415,400,566,Mid,Off Exchange,
03:56:00.620 PM ET,1.415,400,566,Mid,Cboe EDGX,
03:56:00.620 PM ET,1.415,400,566,Mid,NYSE Arca,
03:56:00.620 PM ET,1.415,400,566,Mid,NYSE,
03:56:00.656 PM ET,1.415,400,566,Mid,Off Exchange,
03:56:23.525 PM ET,1.415,400,566,Mid,Cboe EDGX,
03:56:23.526 PM ET,1.415,400,566,Mid,Off Exchange,
03:57:04.667 PM ET,1.415,400,566,Mid,IEX,
03:58:08.672 PM ET,1.415,400,566,Mid,Off Exchange,
03:58:13.159 PM ET,1.420,400,568,Ask,Off Exchange,
03:58:29.593 PM ET,1.425,400,570,Mid,MEMX,
03:59:11.601 PM ET,1.430,400,572,None,Nasdaq GSM,
03:59:11.601 PM ET,1.430,400,572,None,Cboe EDGX,
03:59:11.645 PM ET,1.430,400,572,None,NYSE Arca,
03:59:11.703 PM ET,1.420,400,568,None,NYSE,
03:59:11.704 PM ET,1.425,400,570,None,Off Exchange,
03:59:14.879 PM ET,1.415,400,566,None,Off Exchange,
03:59:25.799 PM ET,1.415,400,566,None,Off Exchange,
03:59:26.000 PM ET,1.415,400,566,None,Off Exchange,
03:59:32.431 PM ET,1.420,400,568,None,Off Exchange,
03:59:45.755 PM ET,1.420,400,568,None,Cboe EDGA,
03:59:49.598 PM ET,1.420,400,568,None,NYSE Arca,Inter Mkt Swp; Trade Thru Exmpt
03:59:49.598 PM ET,1.420,400,568,None,Nasdaq GSM,Inter Mkt Swp; Trade Thru Exmpt
03:59:49.599 PM ET,1.420,400,568,None,Cboe EDGA,
03:59:49.599 PM ET,1.420,400,568,None,NYSE,
03:59:49.700 PM ET,1.415,400,566,None,NYSE Arca,
05:26:25.776 PM ET,1.430,400,572,Ask,Off Exchange,Frm T Ext Hrs
10:47:27.234 AM ET,1.350,399,539,Bid,NYSE American,Inter Mkt Swp; Trade Thru Exmpt
03:16:56.483 PM ET,1.430,399,571,Ask,Off Exchange,
03:55:45.011 PM ET,1.415,399,565,Mid,Cboe BZX,
11:10:58.222 AM ET,1.400,397,556,Ask,NYSE,Inter Mkt Swp; Trade Thru Exmpt
02:23:45.084 PM ET,1.380,397,548,Ask,Off Exchange,
12:04:09.202 PM ET,1.370,395,541,Ask,IEX,
11:04:49.217 AM ET,1.370,393,538,Ask,Nasdaq PHLX,Inter Mkt Swp; Trade Thru Exmpt
11:04:49.218 AM ET,1.370,393,538,Ask,Off Exchange,
11:04:49.251 AM ET,1.370,393,538,Ask,Nasdaq PHLX,
11:04:51.852 AM ET,1.370,393,538,Ask,Nasdaq GSM,Inter Mkt Swp; Trade Thru Exmpt
09:46:00.727 AM ET,1.300,392,510,Bid,Cboe EDGX,
03:58:13.156 PM ET,1.420,388,551,Ask,Off Exchange,
10:23:26.258 AM ET,1.335,384,513,Mid,NYSE Arca,
12:17:02.270 PM ET,1.370,384,526,Bid,Off Exchange,
03:02:51.917 PM ET,1.420,381,541,Bid,Nasdaq BX,
03:02:51.917 PM ET,1.420,381,541,Bid,Nasdaq BX,Inter Mkt Swp; Trade Thru Exmpt
03:59:11.703 PM ET,1.425,379,540,None,NYSE Arca,
03:59:49.599 PM ET,1.420,379,538,None,NYSE,
01:12:14.207 PM ET,1.370,378,518,Bid,Off Exchange,
03:20:40.259 PM ET,1.420,376,534,Ask,MEMX,Inter Mkt Swp
10:17:40.824 AM ET,1.315,375,493,Mid,IEX,
03:02:51.917 PM ET,1.425,375,534,Bid,Off Exchange,
10:13:13.794 AM ET,1.325,370,490,Mid,Off Exchange,
03:02:51.917 PM ET,1.430,370,529,Bid,Off Exchange,
03:58:29.642 PM ET,1.425,370,527,Mid,IEX,
03:59:53.571 PM ET,1.410,367,517,None,Nasdaq BX,
03:02:51.916 PM ET,1.430,366,523,Bid,Cboe EDGX,Inter Mkt Swp; Trade Thru Exmpt
03:58:22.415 PM ET,1.420,366,520,Bid,Off Exchange,
10:52:01.157 AM ET,1.379,362,499,Mid,Off Exchange,
02:58:15.081 PM ET,1.435,360,517,Mid,NYSE,
10:12:46.134 AM ET,1.320,357,471,Mid,Off Exchange,
03:02:51.916 PM ET,1.430,357,511,Bid,Nasdaq PHLX,
10:12:38.072 AM ET,1.325,356,472,Mid,Off Exchange,
10:12:24.908 AM ET,1.325,354,469,Mid,Off Exchange,
03:41:00.994 PM ET,1.410,354,499,Ask,Nasdaq GSM,Inter Mkt Swp; Trade Thru Exmpt
09:41:02.405 AM ET,1.284,351,451,Mid,Off Exchange,
09:31:56.618 AM ET,1.254,350,439,Mid,Off Exchange,
09:32:30.837 AM ET,1.264,350,442,Mid,Off Exchange,
09:33:39.044 AM ET,1.264,350,442,Bid,Off Exchange,
09:34:47.310 AM ET,1.284,350,449,Mid,Off Exchange,
09:35:55.481 AM ET,1.284,350,449,Mid,Off Exchange,
09:37:03.789 AM ET,1.284,350,449,Mid,Off Exchange,
09:37:37.698 AM ET,1.284,350,449,Mid,Off Exchange,
09:38:45.996 AM ET,1.284,350,449,Mid,Off Exchange,
09:39:54.252 AM ET,1.284,350,449,Mid,Off Exchange,
09:41:36.561 AM ET,1.284,350,449,Mid,Off Exchange,
09:42:44.975 AM ET,1.284,350,449,Mid,Off Exchange,
09:43:52.956 AM ET,1.294,350,453,Mid,Off Exchange,
09:45:01.196 AM ET,1.294,350,453,Mid,Off Exchange,
09:45:35.485 AM ET,1.304,350,456,Mid,Off Exchange,
09:46:43.594 AM ET,1.304,350,456,Mid,Off Exchange,
09:47:52.068 AM ET,1.304,350,456,Mid,Off Exchange,
09:49:00.168 AM ET,1.304,350,456,Mid,Off Exchange,
09:49:34.076 AM ET,1.304,350,456,Mid,Off Exchange,
09:50:42.482 AM ET,1.314,350,460,Mid,Off Exchange,
09:51:50.694 AM ET,1.314,350,460,Mid,Off Exchange,
09:52:58.931 AM ET,1.314,350,460,Mid,Off Exchange,
09:53:33.038 AM ET,1.314,350,460,Mid,Off Exchange,
09:54:41.283 AM ET,1.304,350,456,Mid,Off Exchange,
09:55:49.641 AM ET,1.314,350,460,Mid,Off Exchange,
09:56:57.724 AM ET,1.314,350,460,Mid,Off Exchange,
09:57:31.693 AM ET,1.314,350,460,Mid,Off Exchange,
09:58:40.060 AM ET,1.314,350,460,Mid,Off Exchange,
09:59:48.302 AM ET,1.314,350,460,Mid,Off Exchange,
10:00:56.618 AM ET,1.314,350,460,Mid,Off Exchange,
12:04:09.258 PM ET,1.370,350,480,Ask,Cboe EDGA,Inter Mkt Swp; Trade Thru Exmpt
12:04:09.270 PM ET,1.370,350,480,Ask,Nasdaq PHLX,
12:04:09.275 PM ET,1.370,350,480,Ask,Cboe EDGA,
01:18:03.857 PM ET,1.385,350,485,Mid,NYSE,
02:38:04.114 PM ET,1.395,350,488,Mid,Cboe BYX,
03:40:19.319 PM ET,1.415,350,495,Mid,Off Exchange,
03:57:50.139 PM ET,1.415,350,495,Mid,IEX,
11:10:58.324 AM ET,1.400,348,487,Bid,Nasdaq GSM,Inter Mkt Swp; Trade Thru Exmpt
09:46:00.727 AM ET,1.300,346,450,Bid,Nasdaq GSM,
11:10:58.223 AM ET,1.400,346,484,Ask,NYSE,Inter Mkt Swp; Trade Thru Exmpt
11:11:57.332 AM ET,1.390,343,477,Bid,Nasdaq PHLX,Inter Mkt Swp; Trade Thru Exmpt
03:58:29.594 PM ET,1.425,342,487,Mid,Off Exchange,
10:47:27.234 AM ET,1.350,340,459,Bid,MEMX,Inter Mkt Swp
10:47:27.234 AM ET,1.355,340,461,Mid,Off Exchange,
12:04:09.202 PM ET,1.370,337,462,Ask,Off Exchange,
03:23:55.453 PM ET,1.415,336,475,Mid,Nasdaq GSM,
10:03:18.595 AM ET,1.312,334,438,Mid,Off Exchange,
03:59:53.713 PM ET,1.420,331,470,None,Cboe BZX,
03:02:51.916 PM ET,1.430,330,472,Bid,Nasdaq BX,
10:17:40.824 AM ET,1.315,325,427,Mid,IEX,
02:36:06.233 PM ET,1.390,322,448,Bid,IEX,
03:57:01.212 PM ET,1.415,317,449,Mid,Off Exchange,
03:58:13.158 PM ET,1.420,312,443,Ask,Nasdaq GSM,Inter Mkt Swp; Trade Thru Exmpt
03:02:51.917 PM ET,1.425,311,443,Bid,Nasdaq GSM,
03:00:26.050 PM ET,1.440,310,446,Ask,Off Exchange,
03:08:27.136 PM ET,1.420,310,440,Bid,Off Exchange,
09:42:22.846 AM ET,1.290,308,397,Ask,Nasdaq GSM,Inter Mkt Swp; Trade Thru Exmpt
09:46:00.727 AM ET,1.300,306,398,Bid,Nasdaq GSM,
10:20:02.001 AM ET,1.316,306,403,Bid,Off Exchange,Avg Price; Deriv Priced; Trade Thru Exmpt
03:02:51.916 PM ET,1.430,306,438,Bid,Nasdaq GSM,
03:59:11.601 PM ET,1.430,306,438,None,Nasdaq GSM,
03:56:21.043 PM ET,1.420,305,433,Ask,Off Exchange,
09:30:12.983 AM ET,1.235,304,375,Mid,Off Exchange,
10:51:27.309 AM ET,1.369,304,416,Mid,Off Exchange,
01:14:23.213 PM ET,1.371,304,417,Mid,Off Exchange,
02:50:56.688 PM ET,1.425,304,433,Mid,Cboe BZX,
11:36:45.757 AM ET,1.380,303,418,Ask,Nasdaq GSM,Inter Mkt Swp; Trade Thru Exmpt
03:59:11.602 PM ET,1.430,303,433,None,Nasdaq GSM,Inter Mkt Swp; Trade Thru Exmpt
09:30:28.685 AM ET,1.260,300,378,Ask,NYSE,
09:32:01.457 AM ET,1.260,300,378,Ask,NYSE,Inter Mkt Swp; Trade Thru Exmpt
09:42:22.846 AM ET,1.290,300,387,Ask,NYSE,Inter Mkt Swp; Trade Thru Exmpt
09:43:03.110 AM ET,1.290,300,387,Bid,NYSE,
09:43:03.110 AM ET,1.290,300,387,Bid,Nasdaq GSM,Inter Mkt Swp; Trade Thru Exmpt
09:45:29.887 AM ET,1.300,300,390,Bid,NYSE,Inter Mkt Swp; Trade Thru Exmpt
09:48:59.408 AM ET,1.300,300,390,Bid,Nasdaq BX,Inter Mkt Swp; Trade Thru Exmpt
09:50:33.341 AM ET,1.310,300,393,Bid,NYSE,Inter Mkt Swp; Trade Thru Exmpt
09:54:02.855 AM ET,1.310,300,393,Ask,Nasdaq GSM,Inter Mkt Swp; Trade Thru Exmpt
09:54:02.855 AM ET,1.310,300,393,Ask,Nasdaq BX,Inter Mkt Swp; Trade Thru Exmpt
09:54:02.856 AM ET,1.310,300,393,Ask,NYSE American,Inter Mkt Swp; Trade Thru Exmpt
09:54:03.325 AM ET,1.310,300,393,Ask,Cboe BZX,
09:55:18.641 AM ET,1.310,300,393,Bid,NYSE,
10:00:22.336 AM ET,1.310,300,393,Bid,Off Exchange,
10:00:22.361 AM ET,1.310,300,393,Bid,Nasdaq BX,
10:12:18.890 AM ET,1.320,300,396,Bid,Cboe EDGX,
10:12:18.890 AM ET,1.320,300,396,Bid,NYSE,
10:12:18.894 AM ET,1.320,300,396,Bid,Off Exchange,
10:12:18.895 AM ET,1.320,300,396,Bid,Off Exchange,
10:14:16.652 AM ET,1.320,300,396,Ask,NYSE,Inter Mkt Swp; Trade Thru Exmpt
10:14:16.652 AM ET,1.320,300,396,Ask,NYSE American,Inter Mkt Swp; Trade Thru Exmpt
10:14:16.652 AM ET,1.320,300,396,Ask,Nasdaq PHLX,Inter Mkt Swp; Trade Thru Exmpt
10:17:40.824 AM ET,1.315,300,395,Mid,Off Exchange,
10:18:41.454 AM ET,1.330,300,399,Bid,NYSE,Inter Mkt Swp; Trade Thru Exmpt
10:38:08.614 AM ET,1.340,300,402,Bid,Cboe EDGX,Inter Mkt Swp; Trade Thru Exmpt
10:38:08.614 AM ET,1.340,300,402,Bid,IEX,
10:38:08.633 AM ET,1.345,300,404,Mid,Cboe BZX,
10:40:03.110 AM ET,1.355,300,407,Mid,Off Exchange,
10:40:03.114 AM ET,1.355,300,407,Mid,Off Exchange,
10:40:03.125 AM ET,1.355,300,407,Mid,Off Exchange,
10:40:03.131 AM ET,1.355,300,407,Mid,Off Exchange,
10:42:36.793 AM ET,1.360,300,408,Ask,Off Exchange,
10:43:47.502 AM ET,1.360,300,408,Mid,Off Exchange,
10:45:49.349 AM ET,1.355,300,407,Mid,NYSE Arca,
10:45:49.349 AM ET,1.355,300,407,Mid,Cboe BZX,
10:45:49.360 AM ET,1.355,300,407,Mid,Cboe EDGX,
10:45:49.373 AM ET,1.355,300,407,Mid,Cboe EDGX,
10:45:49.427 AM ET,1.355,300,407,Mid,Cboe EDGX,
10:47:22.709 AM ET,1.355,300,407,Mid,NYSE Arca,
10:47:22.709 AM ET,1.355,300,407,Mid,Cboe BZX,
10:47:22.709 AM ET,1.355,300,407,Mid,Cboe EDGX,
10:47:22.710 AM ET,1.355,300,407,Mid,NYSE,
10:47:22.710 AM ET,1.355,300,407,Mid,MEMX,
10:47:22.719 AM ET,1.355,300,407,Mid,Cboe EDGX,
10:47:22.728 AM ET,1.355,300,407,Mid,Cboe EDGX,
10:47:22.737 AM ET,1.355,300,407,Mid,Cboe EDGX,
10:47:22.743 AM ET,1.355,300,407,Mid,Cboe EDGX,
10:47:22.839 AM ET,1.355,300,407,Mid,Off Exchange,
10:47:22.840 AM ET,1.355,300,407,Mid,Off Exchange,
10:47:22.853 AM ET,1.355,300,407,Mid,Off Exchange,
10:47:22.872 AM ET,1.355,300,407,Mid,Cboe EDGX,
10:47:22.882 AM ET,1.355,300,407,Mid,Cboe EDGX,
10:47:23.026 AM ET,1.355,300,407,Mid,Cboe EDGX,
10:47:23.026 AM ET,1.355,300,407,Mid,Cboe BZX,
10:47:23.026 AM ET,1.355,300,407,Mid,NYSE Arca,
10:47:23.026 AM ET,1.355,300,407,Mid,NYSE,
10:47:23.027 AM ET,1.355,300,407,Mid,Cboe EDGX,
10:47:23.036 AM ET,1.355,300,407,Mid,Cboe EDGX,
10:47:24.489 AM ET,1.355,300,407,Mid,Cboe EDGX,
10:47:24.501 AM ET,1.355,300,407,Mid,Cboe EDGX,
10:47:27.219 AM ET,1.355,300,407,Mid,Cboe EDGX,
10:47:27.233 AM ET,1.355,300,407,Mid,Off Exchange,
10:47:27.234 AM ET,1.350,300,405,Bid,Cboe EDGX,Inter Mkt Swp; Trade Thru Exmpt
10:47:27.234 AM ET,1.350,300,405,Bid,NYSE,Inter Mkt Swp; Trade Thru Exmpt
10:47:27.234 AM ET,1.355,300,407,Mid,Off Exchange,
10:47:27.234 AM ET,1.350,300,405,Bid,Cboe BZX,
10:47:27.270 AM ET,1.355,300,407,Mid,Off Exchange,
10:47:27.271 AM ET,1.355,300,407,Mid,Off Exchange,
10:47:27.358 AM ET,1.355,300,407,Mid,Off Exchange,
10:47:27.420 AM ET,1.355,300,407,Mid,Off Exchange,
10:47:54.631 AM ET,1.360,300,408,Bid,Cboe EDGX,Inter Mkt Swp; Trade Thru Exmpt
10:47:57.710 AM ET,1.365,300,410,Mid,Off Exchange,
10:47:57.712 AM ET,1.365,300,410,Mid,Off Exchange,
10:49:15.160 AM ET,1.370,300,411,Ask,Nasdaq GSM,
10:51:53.347 AM ET,1.370,300,411,Bid,NYSE,
10:51:53.350 AM ET,1.370,300,411,Bid,Off Exchange,
10:53:11.030 AM ET,1.370,300,411,Ask,NYSE,
10:53:11.032 AM ET,1.370,300,411,Ask,Nasdaq PHLX,
10:54:15.062 AM ET,1.365,300,410,Mid,NYSE,
10:54:15.062 AM ET,1.365,300,410,Mid,NYSE Arca,
10:54:15.062 AM ET,1.365,300,410,Mid,Nasdaq GSM,
10:58:14.061 AM ET,1.370,300,411,Bid,Cboe EDGX,
11:04:49.217 AM ET,1.370,300,411,Ask,NYSE,Inter Mkt Swp; Trade Thru Exmpt
11:04:49.217 AM ET,1.370,300,411,Ask,Cboe EDGX,Inter Mkt Swp; Trade Thru Exmpt
11:04:51.852 AM ET,1.370,300,411,Ask,NYSE,Inter Mkt Swp; Trade Thru Exmpt
11:04:51.852 AM ET,1.370,300,411,Ask,Nasdaq GSM,Inter Mkt Swp; Trade Thru Exmpt
11:05:26.626 AM ET,1.375,300,413,Mid,NYSE,
11:05:26.627 AM ET,1.375,300,413,Mid,NYSE,
11:05:28.118 AM ET,1.375,300,413,Mid,Off Exchange,
11:08:40.518 AM ET,1.370,300,411,Mid,Off Exchange,Avg Price
11:08:53.350 AM ET,1.375,300,413,Mid,NYSE,
11:08:53.350 AM ET,1.375,300,413,Mid,NYSE Arca,
11:09:00.305 AM ET,1.380,300,414,Ask,Cboe EDGX,Inter Mkt Swp; Trade Thru Exmpt
11:09:00.305 AM ET,1.380,300,414,Ask,NYSE,Inter Mkt Swp; Trade Thru Exmpt
11:09:19.590 AM ET,1.390,300,417,Ask,Cboe EDGX,Inter Mkt Swp; Trade Thru Exmpt
11:10:33.207 AM ET,1.395,300,419,Mid,Off Exchange,
11:10:58.223 AM ET,1.400,300,420,Ask,NYSE,
11:10:58.235 AM ET,1.405,300,422,Ask,Off Exchange,
11:10:58.235 AM ET,1.405,300,422,Ask,IEX,
11:10:58.276 AM ET,1.405,300,422,Mid,Off Exchange,
11:10:58.324 AM ET,1.400,300,420,Bid,NYSE,Inter Mkt Swp; Trade Thru Exmpt
11:12:48.746 AM ET,1.385,300,416,Mid,MEMX,
11:14:36.053 AM ET,1.385,300,416,Mid,Off Exchange,
11:18:00.307 AM ET,1.385,300,416,Mid,NYSE,
11:19:18.066 AM ET,1.385,300,416,Mid,NYSE,
11:21:46.988 AM ET,1.385,300,416,Mid,NYSE,
11:24:17.166 AM ET,1.385,300,416,Mid,NYSE,
11:28:13.828 AM ET,1.385,300,416,Mid,NYSE,
11:29:09.907 AM ET,1.385,300,416,Mid,NYSE,
11:30:20.187 AM ET,1.385,300,416,Mid,Off Exchange,
11:36:45.757 AM ET,1.380,300,414,Ask,NYSE American,Inter Mkt Swp; Trade Thru Exmpt
11:36:45.757 AM ET,1.380,300,414,Ask,Nasdaq PHLX,Inter Mkt Swp; Trade Thru Exmpt
11:37:57.671 AM ET,1.375,300,413,Mid,Cboe EDGX,Inter Mkt Swp; Trade Thru Exmpt
11:45:20.164 AM ET,1.370,300,411,Bid,Nasdaq PHLX,Inter Mkt Swp; Trade Thru Exmpt
11:45:20.164 AM ET,1.375,300,413,Mid,NYSE Arca,
11:47:13.242 AM ET,1.375,300,413,Mid,NYSE,
11:48:36.093 AM ET,1.370,300,411,Bid,Off Exchange,
11:50:37.366 AM ET,1.375,300,413,Mid,NYSE,
11:55:02.326 AM ET,1.375,300,413,Mid,NYSE,
12:04:09.202 PM ET,1.370,300,411,Ask,NYSE American,Inter Mkt Swp; Trade Thru Exmpt
12:04:09.202 PM ET,1.370,300,411,Ask,Cboe EDGX,Inter Mkt Swp; Trade Thru Exmpt
12:04:09.245 PM ET,1.370,300,411,Ask,Nasdaq PHLX,
12:04:09.259 PM ET,1.370,300,411,Ask,Cboe EDGA,Inter Mkt Swp; Trade Thru Exmpt
12:04:09.259 PM ET,1.370,300,411,Ask,Nasdaq PHLX,Inter Mkt Swp; Trade Thru Exmpt
12:04:09.265 PM ET,1.370,300,411,Ask,Nasdaq PHLX,
12:04:29.870 PM ET,1.370,300,411,Ask,Cboe EDGX,Inter Mkt Swp; Trade Thru Exmpt
12:06:50.647 PM ET,1.375,300,413,Mid,NYSE,
12:15:03.808 PM ET,1.375,300,413,Mid,NYSE,
12:17:10.851 PM ET,1.375,300,413,Mid,Cboe EDGX,
12:17:10.851 PM ET,1.375,300,413,Mid,Cboe BZX,
12:17:55.298 PM ET,1.370,300,411,Bid,Nasdaq BX,Inter Mkt Swp; Trade Thru Exmpt
12:20:07.854 PM ET,1.371,300,411,Mid,Off Exchange,Avg Price
12:20:34.907 PM ET,1.375,300,413,Mid,NYSE,
12:24:13.426 PM ET,1.375,300,413,Mid,Cboe EDGX,
12:31:56.780 PM ET,1.375,300,413,Mid,Off Exchange,
12:31:56.788 PM ET,1.375,300,413,Mid,Off Exchange,
12:36:50.072 PM ET,1.375,300,413,Mid,IEX,
12:41:45.041 PM ET,1.375,300,413,Mid,IEX,
12:41:55.071 PM ET,1.375,300,413,Mid,IEX,
12:43:50.873 PM ET,1.375,300,413,Mid,NYSE,Inter Mkt Swp; Trade Thru Exmpt
12:46:07.202 PM ET,1.375,300,413,Mid,NYSE,
12:58:05.140 PM ET,1.375,300,413,Mid,Off Exchange,
12:58:05.140 PM ET,1.375,300,413,Mid,IEX,
01:00:44.751 PM ET,1.370,300,411,Bid,IEX,
01:01:20.077 PM ET,1.375,300,413,None,Off Exchange,
01:01:20.161 PM ET,1.375,300,413,None,Off Exchange,
01:03:23.071 PM ET,1.375,300,413,Mid,NYSE,
01:10:15.824 PM ET,1.375,300,413,Mid,NYSE,
01:10:15.855 PM ET,1.375,300,413,Mid,NYSE,
01:10:16.617 PM ET,1.375,300,413,Mid,NYSE,
01:10:36.106 PM ET,1.375,300,413,Mid,Cboe EDGX,Inter Mkt Swp; Trade Thru Exmpt
01:10:40.444 PM ET,1.375,300,413,Mid,Cboe EDGX,
01:12:14.246 PM ET,1.375,300,413,Mid,IEX,
01:12:14.257 PM ET,1.375,300,413,Mid,Cboe EDGA,
01:12:14.266 PM ET,1.375,300,413,Mid,Off Exchange,
01:12:14.267 PM ET,1.375,300,413,Mid,Off Exchange,
01:12:14.274 PM ET,1.375,300,413,Mid,Off Exchange,
01:12:14.280 PM ET,1.375,300,413,Mid,Off Exchange,
01:12:14.286 PM ET,1.375,300,413,Mid,Off Exchange,
01:12:14.348 PM ET,1.375,300,413,Mid,Off Exchange,
01:12:14.348 PM ET,1.375,300,413,Mid,IEX,
01:12:14.359 PM ET,1.375,300,413,Mid,Off Exchange,
01:12:14.393 PM ET,1.375,300,413,Mid,MEMX,
01:12:14.470 PM ET,1.375,300,413,Mid,Cboe EDGX,
01:12:14.470 PM ET,1.375,300,413,Mid,Off Exchange,
01:12:14.513 PM ET,1.375,300,413,Mid,MEMX,
01:12:14.513 PM ET,1.375,300,413,Mid,Cboe EDGX,
01:12:14.513 PM ET,1.375,300,413,Mid,NYSE Arca,
01:12:14.514 PM ET,1.375,300,413,Mid,Off Exchange,
01:12:14.559 PM ET,1.375,300,413,Mid,Cboe EDGX,
01:12:14.616 PM ET,1.375,300,413,Mid,NYSE Arca,
01:12:14.617 PM ET,1.375,300,413,Mid,Cboe EDGX,
01:12:14.617 PM ET,1.375,300,413,Mid,MEMX,
01:12:14.617 PM ET,1.375,300,413,Mid,Off Exchange,
01:12:14.686 PM ET,1.375,300,413,Mid,MEMX,
01:13:19.836 PM ET,1.375,300,413,Mid,Cboe EDGA,
01:13:20.930 PM ET,1.375,300,413,Mid,Cboe EDGA,
01:13:20.931 PM ET,1.375,300,413,Mid,Off Exchange,
01:13:21.826 PM ET,1.375,300,413,Mid,Cboe EDGX,
01:13:21.875 PM ET,1.375,300,413,Mid,NYSE,
01:13:21.887 PM ET,1.375,300,413,Mid,Cboe EDGX,
01:13:24.299 PM ET,1.375,300,413,Mid,MEMX,
01:13:24.299 PM ET,1.375,300,413,Mid,Cboe EDGA,
01:13:24.358 PM ET,1.375,300,413,Mid,Cboe EDGX,
01:13:24.358 PM ET,1.375,300,413,Mid,Cboe EDGA,
01:13:24.395 PM ET,1.375,300,413,Mid,NYSE,
01:13:24.419 PM ET,1.375,300,413,Mid,Cboe EDGX,
01:13:24.425 PM ET,1.375,300,413,Mid,Cboe EDGX,
01:17:50.036 PM ET,1.380,300,414,Bid,Cboe EDGX,
01:17:50.036 PM ET,1.380,300,414,Bid,NYSE Arca,Inter Mkt Swp; Trade Thru Exmpt
01:17:50.036 PM ET,1.380,300,414,Bid,NYSE,Inter Mkt Swp; Trade Thru Exmpt
01:17:50.037 PM ET,1.385,300,416,Mid,NYSE,Inter Mkt Swp; Trade Thru Exmpt
01:17:50.038 PM ET,1.385,300,416,Mid,NYSE Arca,
01:17:50.038 PM ET,1.380,300,414,Bid,MIAX Pearl,
01:17:50.038 PM ET,1.380,300,414,Bid,IEX,
01:17:50.038 PM ET,1.380,300,414,Bid,Cboe BYX,Inter Mkt Swp; Trade Thru Exmpt
01:17:50.112 PM ET,1.385,300,416,Mid,NYSE Arca,
01:17:50.112 PM ET,1.385,300,416,Mid,Cboe EDGX,
01:17:50.112 PM ET,1.385,300,416,Mid,NYSE,
01:17:50.113 PM ET,1.385,300,416,Mid,Off Exchange,
01:17:50.189 PM ET,1.385,300,416,Mid,Off Exchange,
01:18:04.730 PM ET,1.380,300,414,Ask,NYSE,Inter Mkt Swp; Trade Thru Exmpt
01:18:04.730 PM ET,1.380,300,414,Ask,NYSE American,Inter Mkt Swp; Trade Thru Exmpt
01:18:04.731 PM ET,1.380,300,414,Ask,Cboe BZX,Inter Mkt Swp; Trade Thru Exmpt
01:18:04.732 PM ET,1.380,300,414,Ask,Off Exchange,
01:18:04.737 PM ET,1.380,300,414,Ask,Cboe EDGA,
01:26:49.720 PM ET,1.380,300,414,Ask,NYSE,
02:26:16.148 PM ET,1.380,300,414,Bid,NYSE,Inter Mkt Swp; Trade Thru Exmpt
02:26:16.149 PM ET,1.380,300,414,Bid,Cboe EDGX,Inter Mkt Swp; Trade Thru Exmpt
02:36:06.232 PM ET,1.390,300,417,Bid,NYSE,Inter Mkt Swp; Trade Thru Exmpt
02:36:06.276 PM ET,1.395,300,419,Mid,IEX,
02:37:35.080 PM ET,1.395,300,419,Mid,NYSE,
02:38:04.274 PM ET,1.395,300,419,Mid,NYSE Arca,
02:38:48.995 PM ET,1.395,300,419,Mid,Off Exchange,
02:39:15.551 PM ET,1.410,300,423,Bid,Cboe EDGX,Inter Mkt Swp; Trade Thru Exmpt
02:42:03.355 PM ET,1.425,300,428,Mid,Cboe EDGX,
02:44:07.224 PM ET,1.425,300,428,Mid,Cboe EDGX,
02:46:39.386 PM ET,1.425,300,428,Mid,NYSE,
02:51:15.546 PM ET,1.425,300,428,Mid,NYSE,
02:54:38.975 PM ET,1.425,300,428,Mid,Off Exchange,
02:54:58.124 PM ET,1.425,300,428,Mid,Off Exchange,
02:54:59.121 PM ET,1.425,300,428,Mid,Off Exchange,
02:55:49.245 PM ET,1.430,300,429,Bid,Cboe EDGX,
02:55:49.254 PM ET,1.430,300,429,Bid,Off Exchange,
02:57:07.826 PM ET,1.435,300,431,Mid,NYSE,
02:58:32.127 PM ET,1.435,300,431,Mid,NYSE,
02:59:48.468 PM ET,1.435,300,431,Mid,NYSE,
03:02:51.915 PM ET,1.430,300,429,Bid,NYSE,Inter Mkt Swp; Trade Thru Exmpt
03:02:51.915 PM ET,1.430,300,429,Bid,Nasdaq BX,Inter Mkt Swp; Trade Thru Exmpt
03:02:51.916 PM ET,1.430,300,429,Bid,NYSE,Inter Mkt Swp; Trade Thru Exmpt
03:02:51.916 PM ET,1.430,300,429,Bid,NYSE,
03:02:51.916 PM ET,1.430,300,429,Bid,Nasdaq BX,
03:02:51.916 PM ET,1.430,300,429,Bid,NYSE American,Inter Mkt Swp; Trade Thru Exmpt
03:02:51.916 PM ET,1.430,300,429,Bid,Cboe EDGX,Inter Mkt Swp; Trade Thru Exmpt
03:02:51.917 PM ET,1.420,300,426,Bid,Cboe EDGX,
03:03:17.712 PM ET,1.425,300,428,Mid,NYSE,
03:09:24.805 PM ET,1.425,300,428,Mid,Off Exchange,
03:11:44.397 PM ET,1.425,300,428,Mid,Off Exchange,
03:16:25.819 PM ET,1.425,300,428,Mid,Nasdaq GSM,
03:17:10.947 PM ET,1.425,300,428,Mid,Off Exchange,
03:20:40.258 PM ET,1.420,300,426,Ask,NYSE,Inter Mkt Swp; Trade Thru Exmpt
03:20:40.259 PM ET,1.420,300,426,Ask,NYSE,Inter Mkt Swp; Trade Thru Exmpt
03:20:40.259 PM ET,1.420,300,426,Ask,Cboe EDGX,Inter Mkt Swp; Trade Thru Exmpt
03:20:40.259 PM ET,1.420,300,426,Ask,Nasdaq PHLX,Inter Mkt Swp; Trade Thru Exmpt
03:20:40.260 PM ET,1.420,300,426,Ask,Nasdaq PHLX,Inter Mkt Swp; Trade Thru Exmpt
03:21:00.196 PM ET,1.415,300,425,Mid,Off Exchange,
03:23:51.279 PM ET,1.415,300,425,Mid,Off Exchange,
03:31:12.435 PM ET,1.415,300,425,Mid,Nasdaq GSM,
03:31:41.723 PM ET,1.420,300,426,Bid,NYSE,Inter Mkt Swp; Trade Thru Exmpt
03:31:41.724 PM ET,1.420,300,426,Bid,Cboe EDGX,
03:32:18.023 PM ET,1.426,300,428,Mid,Off Exchange,
03:32:52.803 PM ET,1.425,300,428,Mid,MIAX Pearl,
03:33:05.976 PM ET,1.430,300,429,Mid,Off Exchange,
03:33:34.547 PM ET,1.425,300,428,Mid,NYSE,
03:38:05.738 PM ET,1.420,300,426,Bid,Cboe EDGX,Inter Mkt Swp; Trade Thru Exmpt
03:38:05.738 PM ET,1.420,300,426,Bid,Nasdaq GSM,Inter Mkt Swp; Trade Thru Exmpt
03:38:05.738 PM ET,1.420,300,426,Bid,Cboe BZX,Inter Mkt Swp; Trade Thru Exmpt
03:40:58.347 PM ET,1.415,300,425,Mid,NYSE Arca,
03:41:00.994 PM ET,1.410,300,423,Ask,NYSE,Inter Mkt Swp; Trade Thru Exmpt
03:41:00.994 PM ET,1.410,300,423,Ask,Cboe EDGX,Inter Mkt Swp; Trade Thru Exmpt
03:41:00.994 PM ET,1.410,300,423,Ask,MEMX,Inter Mkt Swp
03:41:00.994 PM ET,1.410,300,423,Ask,Nasdaq GSM,Inter Mkt Swp; Trade Thru Exmpt
03:41:00.994 PM ET,1.410,300,423,Ask,Nasdaq PHLX,Inter Mkt Swp; Trade Thru Exmpt
03:41:00.994 PM ET,1.410,300,423,Ask,Nasdaq GSM,
03:41:01.001 PM ET,1.410,300,423,Ask,Off Exchange,
03:41:10.133 PM ET,1.410,300,423,Bid,NYSE,
03:41:10.133 PM ET,1.410,300,423,Bid,NYSE,Inter Mkt Swp; Trade Thru Exmpt
03:41:10.133 PM ET,1.410,300,423,Bid,Cboe EDGX,Inter Mkt Swp; Trade Thru Exmpt
03:41:10.140 PM ET,1.410,300,423,Bid,Off Exchange,
03:44:35.131 PM ET,1.415,300,425,Mid,Off Exchange,
03:46:52.988 PM ET,1.420,300,426,Ask,Nasdaq GSM,
03:46:52.989 PM ET,1.420,300,426,Ask,Nasdaq GSM,
03:56:01.055 PM ET,1.415,300,425,Mid,Off Exchange,
03:56:11.476 PM ET,1.420,300,426,Ask,Off Exchange,
03:56:11.477 PM ET,1.420,300,426,Ask,Off Exchange,
03:56:36.564 PM ET,1.415,300,425,Mid,IEX,
03:57:04.598 PM ET,1.415,300,425,Mid,MEMX,
03:57:04.598 PM ET,1.415,300,425,Mid,Cboe EDGX,
03:57:04.598 PM ET,1.415,300,425,Mid,Cboe BZX,
03:57:04.598 PM ET,1.415,300,425,Mid,Off Exchange,
03:57:16.139 PM ET,1.415,300,425,Mid,Off Exchange,Avg Price
03:57:36.051 PM ET,1.415,300,425,Mid,Cboe EDGX,
03:57:36.054 PM ET,1.415,300,425,Mid,Off Exchange,
03:57:36.056 PM ET,1.415,300,425,Mid,IEX,
03:58:13.158 PM ET,1.420,300,426,Ask,Cboe EDGX,
03:58:13.158 PM ET,1.420,300,426,Ask,NYSE,Inter Mkt Swp; Trade Thru Exmpt
03:58:13.158 PM ET,1.420,300,426,Ask,Cboe EDGX,Inter Mkt Swp; Trade Thru Exmpt
03:58:18.133 PM ET,1.425,300,428,Mid,Off Exchange,
03:58:22.360 PM ET,1.425,300,428,Mid,Off Exchange,
03:58:29.620 PM ET,1.425,300,428,Mid,Cboe BZX,
03:58:30.219 PM ET,1.425,300,428,Mid,Off Exchange,
03:58:46.694 PM ET,1.430,300,429,Ask,Nasdaq GSM,
03:58:47.894 PM ET,1.425,300,428,Mid,IEX,
03:59:11.600 PM ET,1.430,300,429,None,IEX,
03:59:11.601 PM ET,1.430,300,429,None,NYSE,Inter Mkt Swp; Trade Thru Exmpt
03:59:11.601 PM ET,1.430,300,429,None,Nasdaq GSM,
03:59:11.602 PM ET,1.430,300,429,None,NYSE Arca,Inter Mkt Swp; Trade Thru Exmpt
03:59:11.602 PM ET,1.430,300,429,None,Nasdaq GSM,Inter Mkt Swp; Trade Thru Exmpt
03:59:11.703 PM ET,1.420,300,426,None,Cboe EDGX,
03:59:11.703 PM ET,1.420,300,426,None,NYSE,
03:59:11.703 PM ET,1.420,300,426,None,IEX,
03:59:12.293 PM ET,1.420,300,426,None,Nasdaq GSM,
03:59:14.878 PM ET,1.415,300,425,None,IEX,
03:59:20.501 PM ET,1.415,300,425,None,Off Exchange,
03:59:25.338 PM ET,1.415,300,425,None,Cboe BZX,
03:59:25.999 PM ET,1.415,300,425,None,Off Exchange,
03:59:26.001 PM ET,1.415,300,425,None,Off Exchange,
03:59:49.599 PM ET,1.420,300,426,None,NYSE Arca,
03:59:49.599 PM ET,1.420,300,426,None,IEX,
03:59:49.599 PM ET,1.420,300,426,None,Nasdaq GSM,
03:59:49.604 PM ET,1.420,300,426,None,NYSE,Inter Mkt Swp; Trade Thru Exmpt
03:59:49.604 PM ET,1.420,300,426,None,IEX,
10:47:27.233 AM ET,1.355,299,405,Mid,Cboe BYX,Inter Mkt Swp; Trade Thru Exmpt
10:47:27.234 AM ET,1.355,299,405,Mid,Off Exchange,
12:40:46.925 PM ET,1.375,299,411,Mid,NYSE,
01:03:23.072 PM ET,1.375,299,411,Mid,NYSE,
01:12:14.267 PM ET,1.375,299,411,Mid,Off Exchange,
04:34:00.022 PM ET,1.410,299,422,Ask,Nasdaq GSM,Frm T Ext Hrs; Inter Mkt Swp; Trade Thru Exmpt
12:36:50.074 PM ET,1.375,298,410,Mid,Off Exchange,
03:02:51.917 PM ET,1.420,298,423,Bid,Cboe BYX,
03:41:00.994 PM ET,1.410,298,420,Ask,NYSE,Inter Mkt Swp; Trade Thru Exmpt
03:56:11.566 PM ET,1.415,298,422,Mid,Off Exchange,
11:33:08.860 AM ET,1.380,297,410,Bid,Nasdaq GSM,Inter Mkt Swp; Trade Thru Exmpt
02:41:40.542 PM ET,1.425,297,423,Mid,NYSE,
03:02:51.917 PM ET,1.420,297,422,Bid,Nasdaq BX,
03:59:11.602 PM ET,1.430,297,425,None,Nasdaq GSM,Inter Mkt Swp; Trade Thru Exmpt
03:59:11.704 PM ET,1.425,297,423,None,Nasdaq GSM,Inter Mkt Swp; Trade Thru Exmpt
04:01:39.563 PM ET,1.390,297,413,Mid,NYSE Arca,Frm T Ext Hrs; Inter Mkt Swp; Trade Thru Exmpt
10:42:10.945 AM ET,1.355,296,401,Mid,NYSE,
02:44:03.904 PM ET,1.425,296,422,Mid,Off Exchange,
10:47:27.234 AM ET,1.350,295,398,Bid,MEMX,Inter Mkt Swp
10:47:27.235 AM ET,1.355,295,400,Mid,Off Exchange,
02:49:35.573 PM ET,1.425,295,420,Mid,NYSE,
12:21:59.432 PM ET,1.375,294,404,Mid,Off Exchange,
12:04:29.870 PM ET,1.370,293,401,Ask,Nasdaq GSM,Inter Mkt Swp; Trade Thru Exmpt
10:53:11.031 AM ET,1.370,292,400,Ask,Nasdaq PHLX,Inter Mkt Swp; Trade Thru Exmpt
02:41:30.210 PM ET,1.420,291,413,Ask,Cboe BZX,Inter Mkt Swp; Trade Thru Exmpt
11:36:46.757 AM ET,1.380,290,400,Ask,Nasdaq GSM,
03:02:51.916 PM ET,1.430,290,415,Bid,Nasdaq GSM,
03:53:56.857 PM ET,1.415,290,410,Mid,IEX,
03:58:38.569 PM ET,1.425,290,413,Mid,Cboe EDGA,
10:40:03.108 AM ET,1.355,289,392,Mid,Off Exchange,
03:02:51.916 PM ET,1.430,289,413,Bid,Nasdaq GSM,
11:36:45.758 AM ET,1.380,288,397,Ask,Cboe EDGA,Inter Mkt Swp; Trade Thru Exmpt
03:11:44.397 PM ET,1.425,288,410,Mid,Off Exchange,
09:42:13.477 AM ET,1.295,286,370,Mid,Off Exchange,
02:47:20.379 PM ET,1.425,282,402,Mid,IEX,
11:11:57.331 AM ET,1.390,280,389,Bid,NYSE,Inter Mkt Swp; Trade Thru Exmpt
12:17:10.851 PM ET,1.370,280,384,Bid,Nasdaq BX,
05:15:57.313 PM ET,1.420,280,398,Ask,Off Exchange,Frm T Ext Hrs
02:29:35.351 PM ET,1.390,278,386,Ask,IEX,
11:11:57.331 AM ET,1.390,277,385,Bid,Nasdaq GSM,
01:17:50.037 PM ET,1.380,277,382,Bid,MIAX Pearl,Inter Mkt Swp; Trade Thru Exmpt
03:59:11.601 PM ET,1.430,277,396,None,Nasdaq GSM,
03:59:49.599 PM ET,1.420,277,393,None,Cboe EDGX,
03:59:49.604 PM ET,1.420,276,392,None,NYSE,Inter Mkt Swp; Trade Thru Exmpt
10:09:00.580 AM ET,1.315,275,362,Mid,Off Exchange,
10:14:16.649 AM ET,1.320,275,363,Ask,Off Exchange,
10:14:16.663 AM ET,1.320,275,363,Ask,Off Exchange,
10:14:16.673 AM ET,1.320,275,363,Ask,Off Exchange,
10:18:41.491 AM ET,1.330,275,366,Bid,Off Exchange,
10:47:27.234 AM ET,1.355,275,373,Mid,Off Exchange,
10:51:53.373 AM ET,1.370,275,377,Bid,Off Exchange,
10:53:11.073 AM ET,1.365,275,375,Mid,Off Exchange,
10:53:11.075 AM ET,1.365,275,375,Mid,Off Exchange,
10:53:11.076 AM ET,1.365,275,375,Mid,Off Exchange,
11:01:23.069 AM ET,1.375,275,378,Mid,Off Exchange,
11:04:49.221 AM ET,1.370,275,377,Ask,Off Exchange,
11:11:57.338 AM ET,1.390,275,382,Bid,Off Exchange,
11:32:55.138 AM ET,1.385,275,381,Mid,Off Exchange,
12:41:45.041 PM ET,1.375,275,378,Mid,Off Exchange,
02:55:49.285 PM ET,1.435,275,395,Mid,Off Exchange,
02:55:49.289 PM ET,1.435,275,395,Mid,Off Exchange,
03:02:51.917 PM ET,1.430,275,393,Bid,Off Exchange,
03:39:34.397 PM ET,1.415,275,389,Mid,Off Exchange,
03:54:33.522 PM ET,1.415,275,389,Mid,Off Exchange,
03:55:22.832 PM ET,1.415,275,389,Mid,Off Exchange,
12:17:10.851 PM ET,1.370,274,375,Bid,NYSE,
11:35:10.067 AM ET,1.385,273,378,Mid,IEX,
03:20:40.259 PM ET,1.420,273,388,Ask,Nasdaq GSM,Inter Mkt Swp; Trade Thru Exmpt
11:35:10.068 AM ET,1.385,272,377,Mid,Off Exchange,
01:58:00.082 PM ET,1.380,272,375,Ask,Off Exchange,
02:02:20.079 PM ET,1.380,270,373,Ask,Off Exchange,
03:02:51.916 PM ET,1.430,270,386,Bid,Nasdaq BX,
03:02:51.916 PM ET,1.430,270,386,Bid,Nasdaq BX,Inter Mkt Swp; Trade Thru Exmpt
09:54:02.855 AM ET,1.310,269,352,Ask,NYSE,Inter Mkt Swp; Trade Thru Exmpt
10:55:01.578 AM ET,1.369,269,368,Mid,Off Exchange,Avg Price
12:17:10.852 PM ET,1.370,269,369,Bid,Nasdaq BX,Inter Mkt Swp; Trade Thru Exmpt
01:52:48.274 PM ET,1.380,266,367,Ask,Off Exchange,
10:50:24.459 AM ET,1.365,265,362,Mid,Off Exchange,
02:14:50.082 PM ET,1.380,265,366,Ask,Off Exchange,
03:59:49.599 PM ET,1.420,264,375,None,Nasdaq GSM,
01:54:00.080 PM ET,1.380,263,363,Ask,Off Exchange,
04:00:31.128 PM ET,1.330,263,350,Mid,Off Exchange,Frm T Ext Hrs
04:35:33.801 PM ET,1.400,263,368,Bid,Off Exchange,Frm T Ext Hrs
03:45:00.035 PM ET,1.410,262,369,Mid,Off Exchange,Avg Price
09:54:02.856 AM ET,1.310,261,342,Ask,NYSE American,Inter Mkt Swp; Trade Thru Exmpt
01:49:15.080 PM ET,1.380,261,360,Ask,Off Exchange,
03:31:41.723 PM ET,1.420,261,371,Bid,NYSE,Inter Mkt Swp; Trade Thru Exmpt
03:58:46.694 PM ET,1.430,260,372,Ask,Nasdaq GSM,
10:53:11.031 AM ET,1.370,258,353,Ask,Nasdaq PHLX,
01:09:00.770 PM ET,1.371,257,352,Mid,Off Exchange,
01:46:29.928 PM ET,1.380,255,352,Ask,Off Exchange,
05:54:31.875 PM ET,1.410,255,360,Ask,NYSE Arca,Frm T Ext Hrs; Inter Mkt Swp; Trade Thru Exmpt
10:47:54.631 AM ET,1.360,254,345,Bid,Nasdaq GSM,Inter Mkt Swp; Trade Thru Exmpt
11:56:46.843 AM ET,1.375,254,349,Mid,Off Exchange,
10:38:08.614 AM ET,1.340,252,338,Bid,Nasdaq GSM,Inter Mkt Swp; Trade Thru Exmpt
09:38:20.725 AM ET,1.285,250,321,Mid,Off Exchange,
10:39:51.981 AM ET,1.355,250,339,Mid,Off Exchange,
10:42:10.945 AM ET,1.355,250,339,Mid,NYSE Arca,
10:47:27.233 AM ET,1.355,250,339,Mid,NYSE,
10:53:11.031 AM ET,1.370,250,343,Ask,Nasdaq GSM,
12:04:09.202 PM ET,1.370,250,343,Ask,Nasdaq GSM,Inter Mkt Swp; Trade Thru Exmpt
12:04:09.259 PM ET,1.370,250,343,Ask,Cboe EDGA,Inter Mkt Swp; Trade Thru Exmpt
12:04:09.259 PM ET,1.370,250,343,Ask,Nasdaq PHLX,Inter Mkt Swp; Trade Thru Exmpt
12:04:29.870 PM ET,1.370,250,343,Ask,Nasdaq GSM,Inter Mkt Swp; Trade Thru Exmpt
01:17:50.038 PM ET,1.380,250,345,Bid,Cboe BYX,Inter Mkt Swp; Trade Thru Exmpt
02:39:04.431 PM ET,1.400,250,350,Bid,Nasdaq GSM,Inter Mkt Swp; Trade Thru Exmpt
03:22:39.482 PM ET,1.415,250,354,Mid,Off Exchange,
02:06:03.299 PM ET,1.380,248,342,Ask,Off Exchange,
03:59:49.599 PM ET,1.420,248,352,None,NYSE Arca,
12:31:58.013 PM ET,1.375,247,340,Mid,Off Exchange,
10:40:03.109 AM ET,1.355,246,333,Mid,Off Exchange,
11:10:58.222 AM ET,1.400,246,344,Ask,NYSE,Inter Mkt Swp; Trade Thru Exmpt
02:54:45.082 PM ET,1.425,246,351,Mid,Off Exchange,
03:46:52.989 PM ET,1.420,246,349,Ask,Nasdaq GSM,
12:25:02.002 PM ET,1.371,245,336,Mid,Off Exchange,Avg Price
12:04:09.202 PM ET,1.370,244,334,Ask,Nasdaq GSM,
03:58:46.694 PM ET,1.430,240,343,Ask,Nasdaq GSM,
03:59:11.703 PM ET,1.425,240,342,None,Cboe BZX,
09:30:00.899 AM ET,1.260,239,301,Mid,Cboe BZX,
09:30:10.185 AM ET,1.235,239,295,Mid,Off Exchange,
01:01:20.161 PM ET,1.375,238,327,None,Off Exchange,
01:34:20.077 PM ET,1.380,238,328,Ask,Off Exchange,
03:59:49.596 PM ET,1.420,236,335,None,Off Exchange,
10:47:27.234 AM ET,1.350,235,317,Bid,Off Exchange,
03:00:25.084 PM ET,1.440,235,338,Ask,Off Exchange,
01:45:01.056 PM ET,1.376,233,321,Mid,Off Exchange,Avg Price
03:19:32.174 PM ET,1.429,231,330,Mid,Off Exchange,
03:21:38.995 PM ET,1.411,231,326,Mid,Off Exchange,
09:35:08.220 AM ET,1.285,229,294,Mid,Off Exchange,
01:17:50.037 PM ET,1.380,228,315,Bid,Nasdaq GSM,Inter Mkt Swp; Trade Thru Exmpt
10:18:41.454 AM ET,1.330,226,301,Bid,Nasdaq GSM,Inter Mkt Swp; Trade Thru Exmpt
09:30:04.746 AM ET,1.240,225,279,Mid,NYSE,
10:18:41.499 AM ET,1.330,225,299,Bid,Off Exchange,
03:39:34.398 PM ET,1.415,225,318,Mid,Off Exchange,
03:58:38.674 PM ET,1.425,225,321,Mid,Off Exchange,
03:59:11.602 PM ET,1.430,225,322,None,NYSE Arca,Inter Mkt Swp; Trade Thru Exmpt
03:20:40.259 PM ET,1.420,224,318,Ask,Nasdaq GSM,Inter Mkt Swp; Trade Thru Exmpt
03:38:05.738 PM ET,1.420,224,318,Bid,Nasdaq GSM,Inter Mkt Swp; Trade Thru Exmpt
03:59:11.703 PM ET,1.420,224,318,None,Nasdaq GSM,
03:59:49.598 PM ET,1.420,224,318,None,Nasdaq GSM,Inter Mkt Swp; Trade Thru Exmpt
03:59:49.599 PM ET,1.420,224,318,None,Nasdaq GSM,
10:12:51.583 AM ET,1.328,223,296,Mid,Off Exchange,
02:29:35.351 PM ET,1.390,222,309,Ask,IEX,
03:58:46.694 PM ET,1.430,222,317,Ask,Nasdaq GSM,
03:59:11.601 PM ET,1.430,222,317,None,Nasdaq GSM,
03:59:11.704 PM ET,1.425,222,316,None,Off Exchange,
10:42:10.946 AM ET,1.360,221,301,Ask,IEX,
03:59:11.619 PM ET,1.430,221,316,None,Cboe BZX,
11:04:49.217 AM ET,1.370,219,300,Ask,Off Exchange,
03:15:00.012 PM ET,1.429,219,313,Mid,Off Exchange,Avg Price
03:34:21.606 PM ET,1.430,219,313,Mid,Off Exchange,
09:36:32.589 AM ET,1.280,218,279,Mid,Off Exchange,
03:58:46.694 PM ET,1.430,218,312,Ask,NYSE,Inter Mkt Swp; Trade Thru Exmpt
10:49:11.031 AM ET,1.370,216,296,Bid,Nasdaq GSM,Inter Mkt Swp; Trade Thru Exmpt
03:58:13.158 PM ET,1.420,216,307,Ask,Nasdaq GSM,Inter Mkt Swp; Trade Thru Exmpt
02:36:06.233 PM ET,1.390,214,297,Bid,Nasdaq GSM,Inter Mkt Swp; Trade Thru Exmpt
03:41:10.133 PM ET,1.410,214,302,Bid,Nasdaq GSM,Inter Mkt Swp; Trade Thru Exmpt
10:58:14.062 AM ET,1.370,212,290,Bid,Nasdaq GSM,Inter Mkt Swp; Trade Thru Exmpt
11:04:49.217 AM ET,1.370,212,290,Ask,Nasdaq GSM,Inter Mkt Swp; Trade Thru Exmpt
10:09:18.464 AM ET,1.315,211,277,Mid,Off Exchange,
09:51:14.275 AM ET,1.320,210,277,Mid,Off Exchange,
10:07:19.356 AM ET,1.310,210,275,Bid,Off Exchange,
11:36:46.757 AM ET,1.380,210,290,Ask,Nasdaq GSM,
03:02:51.916 PM ET,1.430,210,300,Bid,Nasdaq GSM,Inter Mkt Swp; Trade Thru Exmpt
03:56:00.621 PM ET,1.415,210,297,Mid,IEX,
03:59:49.595 PM ET,1.420,210,298,None,NYSE,
03:02:51.916 PM ET,1.430,209,299,Bid,Nasdaq PHLX,
09:32:01.463 AM ET,1.265,207,262,Ask,IEX,
10:42:10.945 AM ET,1.355,207,280,Mid,Cboe EDGX,
03:59:11.703 PM ET,1.420,206,293,None,Nasdaq GSM,
12:21:37.770 PM ET,1.375,205,282,Mid,Off Exchange,
02:09:32.592 PM ET,1.375,205,282,Mid,Off Exchange,
10:55:58.089 AM ET,1.365,204,278,Mid,Off Exchange,
03:41:00.994 PM ET,1.410,202,285,Ask,NYSE,Inter Mkt Swp; Trade Thru Exmpt
09:30:04.746 AM ET,1.240,200,248,Mid,NYSE,
09:30:19.065 AM ET,1.250,200,250,Ask,NYSE,
09:32:01.457 AM ET,1.260,200,252,Ask,NYSE,Inter Mkt Swp; Trade Thru Exmpt
09:32:01.689 AM ET,1.265,200,253,Mid,Off Exchange,
09:32:04.522 AM ET,1.265,200,253,Mid,Off Exchange,
09:32:55.022 AM ET,1.265,200,253,Mid,NYSE,
09:32:55.022 AM ET,1.265,200,253,Mid,NYSE Arca,
09:33:39.044 AM ET,1.270,200,254,Bid,NYSE,Inter Mkt Swp; Trade Thru Exmpt
09:33:39.078 AM ET,1.275,200,255,Mid,Off Exchange,
09:33:40.022 AM ET,1.280,200,256,Bid,NYSE,
09:33:40.663 AM ET,1.285,200,257,Mid,IEX,
09:33:41.337 AM ET,1.285,200,257,Mid,NYSE,Inter Mkt Swp; Trade Thru Exmpt
09:33:41.337 AM ET,1.280,200,256,Bid,NYSE,Inter Mkt Swp; Trade Thru Exmpt
09:33:44.740 AM ET,1.285,200,257,Mid,Off Exchange,
09:34:28.142 AM ET,1.285,200,257,Mid,IEX,
09:35:08.215 AM ET,1.285,200,257,Mid,IEX,
09:35:08.215 AM ET,1.285,200,257,Mid,Off Exchange,
09:35:08.216 AM ET,1.285,200,257,Mid,IEX,
09:35:08.227 AM ET,1.285,200,257,Mid,IEX,
09:35:08.521 AM ET,1.280,200,256,Bid,Nasdaq BX,Inter Mkt Swp; Trade Thru Exmpt
09:35:10.193 AM ET,1.285,200,257,Mid,NYSE,
09:35:10.194 AM ET,1.285,200,257,Mid,NYSE,Inter Mkt Swp; Trade Thru Exmpt
09:35:10.194 AM ET,1.285,200,257,Mid,Nasdaq GSM,Inter Mkt Swp; Trade Thru Exmpt
09:35:10.194 AM ET,1.280,200,256,Bid,Nasdaq PHLX,Inter Mkt Swp; Trade Thru Exmpt
09:38:46.001 AM ET,1.280,200,256,Bid,Nasdaq BX,Inter Mkt Swp; Trade Thru Exmpt
09:38:47.121 AM ET,1.285,200,257,Mid,Off Exchange,
09:38:47.122 AM ET,1.285,200,257,Mid,IEX,
09:42:13.045 AM ET,1.290,200,258,Bid,NYSE,Inter Mkt Swp; Trade Thru Exmpt
09:42:13.045 AM ET,1.290,200,258,Bid,Cboe BZX,Inter Mkt Swp; Trade Thru Exmpt
09:42:22.846 AM ET,1.290,200,258,Ask,NYSE,Inter Mkt Swp; Trade Thru Exmpt
09:42:22.885 AM ET,1.290,200,258,Ask,Nasdaq PHLX,Inter Mkt Swp; Trade Thru Exmpt
09:42:22.885 AM ET,1.290,200,258,Ask,Nasdaq PHLX,
09:42:22.986 AM ET,1.285,200,257,Mid,Off Exchange,
09:43:03.110 AM ET,1.290,200,258,Bid,NYSE,
09:43:15.081 AM ET,1.295,200,259,Mid,Off Exchange,
09:46:00.727 AM ET,1.300,200,260,Bid,Nasdaq GSM,
09:50:33.341 AM ET,1.310,200,262,Bid,Cboe BZX,
09:51:26.841 AM ET,1.315,200,263,Mid,Off Exchange,
09:54:02.855 AM ET,1.310,200,262,Ask,NYSE Arca,Inter Mkt Swp; Trade Thru Exmpt
09:54:05.947 AM ET,1.310,200,262,Ask,NYSE,
09:55:18.641 AM ET,1.310,200,262,Bid,NYSE,
10:00:22.361 AM ET,1.310,200,262,Bid,Nasdaq BX,
10:02:01.095 AM ET,1.310,200,262,Bid,Nasdaq BX,Inter Mkt Swp; Trade Thru Exmpt
10:03:26.226 AM ET,1.315,200,263,Mid,NYSE,
10:04:59.486 AM ET,1.315,200,263,Mid,NYSE,
10:09:00.579 AM ET,1.315,200,263,Mid,IEX,
10:09:00.579 AM ET,1.315,200,263,Mid,Off Exchange,
10:10:07.080 AM ET,1.315,200,263,Mid,Off Exchange,
10:12:18.890 AM ET,1.320,200,264,Bid,NYSE,
10:12:18.895 AM ET,1.320,200,264,Bid,Off Exchange,
10:12:18.896 AM ET,1.320,200,264,Bid,Off Exchange,
10:12:18.902 AM ET,1.325,200,265,Mid,IEX,
10:12:35.436 AM ET,1.325,200,265,Mid,NYSE Arca,
10:14:16.652 AM ET,1.320,200,264,Ask,NYSE,Inter Mkt Swp; Trade Thru Exmpt
10:14:16.652 AM ET,1.320,200,264,Ask,Cboe BZX,Inter Mkt Swp; Trade Thru Exmpt
10:14:16.652 AM ET,1.320,200,264,Ask,Cboe EDGA,Inter Mkt Swp; Trade Thru Exmpt
10:14:16.798 AM ET,1.315,200,263,Mid,Off Exchange,
10:14:16.798 AM ET,1.315,200,263,Mid,IEX,
10:17:40.823 AM ET,1.315,200,263,Mid,Cboe BZX,
10:17:40.823 AM ET,1.315,200,263,Mid,NYSE Arca,
10:17:40.823 AM ET,1.315,200,263,Mid,MEMX,
10:17:40.823 AM ET,1.315,200,263,Mid,Cboe EDGX,
10:17:40.823 AM ET,1.315,200,263,Mid,NYSE American,
10:17:40.823 AM ET,1.315,200,263,Mid,Cboe EDGA,
10:17:40.823 AM ET,1.315,200,263,Mid,Cboe BYX,
10:17:40.823 AM ET,1.315,200,263,Mid,MIAX Pearl,
10:17:40.823 AM ET,1.315,200,263,Mid,Nasdaq PHLX,
10:17:40.823 AM ET,1.315,200,263,Mid,Nasdaq BX,
10:17:40.824 AM ET,1.315,200,263,Mid,Off Exchange,
10:17:40.840 AM ET,1.315,200,263,Mid,Off Exchange,
10:17:42.459 AM ET,1.320,200,264,Bid,NYSE,Inter Mkt Swp; Trade Thru Exmpt
10:17:42.459 AM ET,1.320,200,264,Bid,Nasdaq GSM,Inter Mkt Swp; Trade Thru Exmpt
10:18:41.454 AM ET,1.330,200,266,Bid,NYSE,Inter Mkt Swp; Trade Thru Exmpt
10:18:41.466 AM ET,1.335,200,267,Mid,Off Exchange,
10:18:41.478 AM ET,1.335,200,267,Mid,Off Exchange,
10:38:08.614 AM ET,1.340,200,268,Bid,Cboe BZX,Inter Mkt Swp; Trade Thru Exmpt
10:38:08.614 AM ET,1.340,200,268,Bid,NYSE,Inter Mkt Swp; Trade Thru Exmpt
10:38:08.614 AM ET,1.340,200,268,Bid,IEX,
10:38:46.958 AM ET,1.350,200,270,Bid,NYSE,Inter Mkt Swp; Trade Thru Exmpt
10:38:46.959 AM ET,1.350,200,270,Bid,NYSE,
10:38:46.959 AM ET,1.350,200,270,Bid,Cboe EDGX,
10:39:41.465 AM ET,1.355,200,271,Mid,Off Exchange,
10:42:36.792 AM ET,1.360,200,272,Ask,Off Exchange,
10:42:36.792 AM ET,1.355,200,271,Mid,Off Exchange,
10:42:36.793 AM ET,1.360,200,272,Ask,Off Exchange,
10:47:22.839 AM ET,1.355,200,271,Mid,Off Exchange,
10:47:22.843 AM ET,1.355,200,271,Mid,Off Exchange,
10:47:23.026 AM ET,1.355,200,271,Mid,MEMX,
10:47:27.233 AM ET,1.355,200,271,Mid,NYSE Arca,
10:47:27.233 AM ET,1.355,200,271,Mid,IEX,
10:47:27.234 AM ET,1.350,200,270,Bid,MEMX,Inter Mkt Swp
10:47:27.234 AM ET,1.350,200,270,Bid,NYSE,Inter Mkt Swp; Trade Thru Exmpt
10:47:27.234 AM ET,1.350,200,270,Bid,NYSE Arca,Inter Mkt Swp; Trade Thru Exmpt
10:47:27.234 AM ET,1.350,200,270,Bid,Cboe BZX,Inter Mkt Swp; Trade Thru Exmpt
10:47:27.236 AM ET,1.350,200,270,Bid,NYSE,
10:47:27.236 AM ET,1.350,200,270,Bid,Nasdaq GSM,
10:47:27.239 AM ET,1.355,200,271,Mid,IEX,
10:47:27.358 AM ET,1.355,200,271,Mid,Off Exchange,
10:47:54.631 AM ET,1.360,200,272,Bid,NYSE Arca,Inter Mkt Swp; Trade Thru Exmpt
10:47:54.631 AM ET,1.360,200,272,Bid,NYSE,Inter Mkt Swp; Trade Thru Exmpt
10:47:54.631 AM ET,1.360,200,272,Bid,Cboe BZX,Inter Mkt Swp; Trade Thru Exmpt
10:48:22.328 AM ET,1.365,200,273,Mid,Off Exchange,
10:49:11.031 AM ET,1.370,200,274,Bid,NYSE,Inter Mkt Swp; Trade Thru Exmpt
10:49:11.031 AM ET,1.370,200,274,Bid,Nasdaq PHLX,Inter Mkt Swp; Trade Thru Exmpt
10:49:15.159 AM ET,1.370,200,274,Ask,NYSE,
10:49:15.160 AM ET,1.370,200,274,Ask,NYSE,Inter Mkt Swp; Trade Thru Exmpt
10:49:15.160 AM ET,1.370,200,274,Ask,NYSE Arca,Inter Mkt Swp; Trade Thru Exmpt
10:49:15.162 AM ET,1.370,200,274,Ask,Off Exchange,
10:51:53.347 AM ET,1.370,200,274,Bid,Off Exchange,
10:51:53.347 AM ET,1.370,200,274,Bid,NYSE,
10:51:53.350 AM ET,1.370,200,274,Bid,Off Exchange,
10:51:53.369 AM ET,1.370,200,274,Bid,Off Exchange,
10:52:54.268 AM ET,1.375,200,275,Mid,Cboe EDGX,
10:52:54.268 AM ET,1.375,200,275,Mid,NYSE,
10:52:54.290 AM ET,1.375,200,275,Mid,IEX,
10:53:11.030 AM ET,1.370,200,274,Ask,NYSE,
10:53:11.031 AM ET,1.370,200,274,Ask,Nasdaq GSM,
10:53:11.031 AM ET,1.370,200,274,Ask,IEX,
10:53:11.031 AM ET,1.370,200,274,Ask,Cboe BZX,Inter Mkt Swp; Trade Thru Exmpt
10:53:11.032 AM ET,1.370,200,274,Ask,IEX,
10:58:14.061 AM ET,1.370,200,274,Bid,NYSE Arca,Inter Mkt Swp; Trade Thru Exmpt
10:58:14.061 AM ET,1.370,200,274,Bid,NYSE,Inter Mkt Swp; Trade Thru Exmpt
11:04:49.215 AM ET,1.370,200,274,Ask,Off Exchange,
11:04:49.216 AM ET,1.370,200,274,Ask,NYSE,Inter Mkt Swp; Trade Thru Exmpt
11:04:49.217 AM ET,1.370,200,274,Ask,NYSE,Inter Mkt Swp; Trade Thru Exmpt
11:04:49.217 AM ET,1.370,200,274,Ask,Cboe BZX,Inter Mkt Swp; Trade Thru Exmpt
11:04:49.217 AM ET,1.370,200,274,Ask,Nasdaq GSM,Inter Mkt Swp; Trade Thru Exmpt
11:04:49.217 AM ET,1.370,200,274,Ask,NYSE,
11:04:51.852 AM ET,1.370,200,274,Ask,NYSE,Inter Mkt Swp; Trade Thru Exmpt
11:04:51.852 AM ET,1.370,200,274,Ask,Cboe BZX,Inter Mkt Swp; Trade Thru Exmpt
11:08:51.101 AM ET,1.370,200,274,Mid,Off Exchange,Avg Price
11:09:00.305 AM ET,1.380,200,276,Ask,NYSE,Inter Mkt Swp; Trade Thru Exmpt
11:09:00.306 AM ET,1.380,200,276,Ask,IEX,
11:09:00.322 AM ET,1.380,200,276,Ask,Off Exchange,
11:09:14.329 AM ET,1.390,200,278,Mid,Off Exchange,
11:09:19.590 AM ET,1.390,200,278,Ask,NYSE,Inter Mkt Swp; Trade Thru Exmpt
11:09:19.590 AM ET,1.390,200,278,Ask,NYSE Arca,Inter Mkt Swp; Trade Thru Exmpt
11:10:58.222 AM ET,1.400,200,280,Ask,NYSE,Inter Mkt Swp; Trade Thru Exmpt
11:10:58.222 AM ET,1.400,200,280,Ask,Cboe EDGX,Inter Mkt Swp; Trade Thru Exmpt
11:10:58.324 AM ET,1.400,200,280,Bid,NYSE,Inter Mkt Swp; Trade Thru Exmpt
11:11:57.331 AM ET,1.390,200,278,Bid,NYSE,Inter Mkt Swp; Trade Thru Exmpt
11:11:57.331 AM ET,1.390,200,278,Bid,NYSE Arca,Inter Mkt Swp; Trade Thru Exmpt
11:11:57.331 AM ET,1.390,200,278,Bid,Nasdaq BX,
11:11:57.332 AM ET,1.390,200,278,Bid,Nasdaq GSM,
11:12:02.587 AM ET,1.385,200,277,Mid,Off Exchange,
11:12:48.747 AM ET,1.385,200,277,Mid,Cboe BZX,
11:18:00.308 AM ET,1.385,200,277,Mid,NYSE,
11:21:46.989 AM ET,1.385,200,277,Mid,NYSE,
11:24:34.131 AM ET,1.385,200,277,Mid,Nasdaq GSM,
11:26:17.050 AM ET,1.384,200,277,Mid,Off Exchange,Avg Price
11:30:17.947 AM ET,1.385,200,277,Mid,NYSE,
11:33:08.860 AM ET,1.380,200,276,Bid,Nasdaq BX,
11:33:19.351 AM ET,1.384,200,277,Mid,Off Exchange,Avg Price
11:35:05.082 AM ET,1.382,200,276,Mid,Off Exchange,
11:35:37.831 AM ET,1.385,200,277,Mid,Off Exchange,
11:35:39.325 AM ET,1.380,200,276,Bid,NYSE,Inter Mkt Swp; Trade Thru Exmpt
11:36:45.757 AM ET,1.380,200,276,Ask,NYSE,Inter Mkt Swp; Trade Thru Exmpt
11:36:45.757 AM ET,1.380,200,276,Ask,NYSE American,
11:36:45.757 AM ET,1.380,200,276,Ask,NYSE American,Inter Mkt Swp; Trade Thru Exmpt
11:36:45.757 AM ET,1.380,200,276,Ask,Nasdaq GSM,Inter Mkt Swp; Trade Thru Exmpt
11:36:45.757 AM ET,1.380,200,276,Ask,Nasdaq PHLX,Inter Mkt Swp; Trade Thru Exmpt
11:36:45.758 AM ET,1.380,200,276,Ask,Nasdaq PHLX,
11:36:45.758 AM ET,1.380,200,276,Ask,Cboe EDGA,Inter Mkt Swp; Trade Thru Exmpt
11:36:46.514 AM ET,1.375,200,275,Mid,Off Exchange,
11:36:46.757 AM ET,1.380,200,276,Ask,NYSE,
11:36:49.160 AM ET,1.375,200,275,Mid,Off Exchange,
11:38:53.426 AM ET,1.375,200,275,Mid,NYSE,
11:40:05.564 AM ET,1.375,200,275,Mid,Off Exchange,
11:41:03.692 AM ET,1.370,200,274,Bid,NYSE,Inter Mkt Swp; Trade Thru Exmpt
11:51:44.106 AM ET,1.375,200,275,Mid,NYSE,
11:52:00.633 AM ET,1.375,200,275,Mid,Nasdaq GSM,Inter Mkt Swp; Trade Thru Exmpt
11:52:30.845 AM ET,1.374,200,275,Mid,Off Exchange,Avg Price
11:52:42.627 AM ET,1.375,200,275,Mid,NYSE,
11:53:43.206 AM ET,1.375,200,275,Mid,NYSE,
11:55:02.327 AM ET,1.375,200,275,Mid,NYSE,
11:55:32.482 AM ET,1.370,200,274,Bid,NYSE Arca,
11:57:07.247 AM ET,1.371,200,274,Mid,Off Exchange,
12:04:09.202 PM ET,1.370,200,274,Ask,NYSE,Inter Mkt Swp; Trade Thru Exmpt
12:04:09.204 PM ET,1.370,200,274,Ask,Off Exchange,
12:04:09.216 PM ET,1.370,200,274,Ask,Off Exchange,
12:04:09.245 PM ET,1.370,200,274,Ask,NYSE American,
12:04:09.245 PM ET,1.370,200,274,Ask,Nasdaq PHLX,
12:04:09.251 PM ET,1.370,200,274,Ask,NYSE American,
12:04:09.258 PM ET,1.370,200,274,Ask,NYSE American,
12:04:09.258 PM ET,1.370,200,274,Ask,Nasdaq PHLX,
12:04:15.744 PM ET,1.370,200,274,Ask,NYSE,
12:04:29.870 PM ET,1.370,200,274,Ask,NYSE,Inter Mkt Swp; Trade Thru Exmpt
12:04:29.870 PM ET,1.370,200,274,Ask,Cboe EDGX,Inter Mkt Swp; Trade Thru Exmpt
12:04:29.884 PM ET,1.370,200,274,Ask,Off Exchange,
12:04:41.514 PM ET,1.375,200,275,Mid,Off Exchange,
12:08:15.478 PM ET,1.375,200,275,Mid,IEX,
12:08:20.834 PM ET,1.375,200,275,Mid,Off Exchange,
12:09:43.467 PM ET,1.375,200,275,Mid,NYSE,
12:13:05.166 PM ET,1.375,200,275,Mid,NYSE,
12:14:53.401 PM ET,1.378,200,276,Mid,Off Exchange,
12:16:59.796 PM ET,1.375,200,275,Mid,NYSE,
12:17:10.851 PM ET,1.375,200,275,Mid,NYSE Arca,
12:17:10.851 PM ET,1.370,200,274,Bid,NYSE,
12:17:10.851 PM ET,1.370,200,274,Bid,IEX,
12:17:55.299 PM ET,1.370,200,274,Bid,Nasdaq BX,Inter Mkt Swp; Trade Thru Exmpt
12:19:24.358 PM ET,1.370,200,274,Bid,Off Exchange,
12:22:06.210 PM ET,1.375,200,275,Mid,Nasdaq GSM,
12:25:06.586 PM ET,1.375,200,275,Mid,NYSE,
12:26:19.501 PM ET,1.375,200,275,Mid,NYSE Arca,Inter Mkt Swp; Trade Thru Exmpt
12:28:59.676 PM ET,1.375,200,275,Mid,NYSE,
12:31:06.246 PM ET,1.375,200,275,Mid,NYSE,
12:33:25.602 PM ET,1.370,200,274,Bid,Nasdaq GSM,Inter Mkt Swp; Trade Thru Exmpt
12:36:43.461 PM ET,1.370,200,274,Bid,IEX,
12:47:08.856 PM ET,1.375,200,275,Mid,Cboe BZX,Inter Mkt Swp; Trade Thru Exmpt
12:50:06.512 PM ET,1.375,200,275,Mid,NYSE,Inter Mkt Swp; Trade Thru Exmpt
12:54:22.129 PM ET,1.370,200,274,Bid,Off Exchange,
01:07:14.493 PM ET,1.370,200,274,Bid,NYSE,Inter Mkt Swp; Trade Thru Exmpt
01:10:14.239 PM ET,1.375,200,275,Mid,Off Exchange,
01:10:14.248 PM ET,1.375,200,275,Mid,Off Exchange,
01:10:14.294 PM ET,1.375,200,275,Mid,Off Exchange,
01:12:14.205 PM ET,1.375,200,275,Mid,Off Exchange,
01:12:14.254 PM ET,1.375,200,275,Mid,IEX,
01:12:14.269 PM ET,1.375,200,275,Mid,Off Exchange,
01:12:14.272 PM ET,1.375,200,275,Mid,Off Exchange,
01:12:14.347 PM ET,1.375,200,275,Mid,Cboe EDGX,
01:12:14.427 PM ET,1.375,200,275,Mid,Off Exchange,
01:12:14.513 PM ET,1.375,200,275,Mid,Cboe BZX,
01:12:14.587 PM ET,1.375,200,275,Mid,Off Exchange,
01:12:14.617 PM ET,1.375,200,275,Mid,Cboe BZX,
01:12:14.685 PM ET,1.375,200,275,Mid,Cboe BZX,
01:12:33.944 PM ET,1.375,200,275,Mid,Cboe EDGX,
01:12:33.944 PM ET,1.375,200,275,Mid,NYSE Arca,
01:12:33.944 PM ET,1.375,200,275,Mid,NYSE,
01:12:33.962 PM ET,1.375,200,275,Mid,Cboe EDGX,
01:12:34.891 PM ET,1.375,200,275,Mid,NYSE,
01:13:20.933 PM ET,1.375,200,275,Mid,Off Exchange,
01:13:20.948 PM ET,1.375,200,275,Mid,Off Exchange,
01:13:21.780 PM ET,1.375,200,275,Mid,Cboe EDGX,
01:13:24.261 PM ET,1.375,200,275,Mid,Off Exchange,
01:13:24.274 PM ET,1.375,200,275,Mid,Off Exchange,
01:13:24.285 PM ET,1.375,200,275,Mid,Off Exchange,
01:13:24.299 PM ET,1.375,200,275,Mid,Off Exchange,
01:13:24.358 PM ET,1.375,200,275,Mid,MEMX,
01:13:24.426 PM ET,1.375,200,275,Mid,Off Exchange,
01:15:36.106 PM ET,1.375,200,275,Mid,Off Exchange,
01:17:50.036 PM ET,1.380,200,276,Bid,NYSE Arca,Inter Mkt Swp; Trade Thru Exmpt
01:17:50.036 PM ET,1.380,200,276,Bid,MEMX,Inter Mkt Swp
01:17:50.036 PM ET,1.380,200,276,Bid,NYSE,Inter Mkt Swp; Trade Thru Exmpt
01:17:50.037 PM ET,1.380,200,276,Bid,NYSE,Inter Mkt Swp; Trade Thru Exmpt
01:17:50.037 PM ET,1.380,200,276,Bid,Cboe EDGX,
01:17:50.038 PM ET,1.380,200,276,Bid,NYSE American,
01:17:50.038 PM ET,1.380,200,276,Bid,NYSE Arca,
01:17:50.112 PM ET,1.385,200,277,Mid,Cboe EDGX,
01:17:50.112 PM ET,1.385,200,277,Mid,Cboe BZX,
01:17:50.112 PM ET,1.385,200,277,Mid,MEMX,
01:17:50.113 PM ET,1.385,200,277,Mid,Off Exchange,
01:17:50.128 PM ET,1.385,200,277,Mid,Off Exchange,
01:17:50.150 PM ET,1.385,200,277,Mid,Nasdaq GSM,
01:17:50.193 PM ET,1.385,200,277,Mid,Off Exchange,
01:18:04.733 PM ET,1.370,200,274,Bid,Off Exchange,
01:18:04.742 PM ET,1.380,200,276,Ask,Off Exchange,
01:18:04.761 PM ET,1.375,200,275,Mid,Cboe BYX,
01:26:49.720 PM ET,1.380,200,276,Ask,NYSE,
01:30:21.067 PM ET,1.375,200,275,Mid,NYSE,
01:30:21.075 PM ET,1.375,200,275,Mid,Off Exchange,
01:30:46.120 PM ET,1.375,200,275,Mid,Off Exchange,
01:34:20.077 PM ET,1.380,200,276,Ask,Off Exchange,
01:42:41.127 PM ET,1.375,200,275,Mid,Off Exchange,
01:46:29.943 PM ET,1.380,200,276,Ask,Off Exchange,
01:49:15.081 PM ET,1.380,200,276,Ask,Off Exchange,
01:54:00.079 PM ET,1.380,200,276,Ask,Off Exchange,
01:58:00.081 PM ET,1.380,200,276,Ask,Off Exchange,
02:02:20.104 PM ET,1.380,200,276,Ask,Off Exchange,
02:06:03.299 PM ET,1.380,200,276,Ask,Off Exchange,
02:14:50.083 PM ET,1.380,200,276,Ask,Off Exchange,
02:23:49.121 PM ET,1.375,200,275,Mid,Off Exchange,
02:26:16.148 PM ET,1.380,200,276,Bid,NYSE,Inter Mkt Swp; Trade Thru Exmpt
02:26:19.278 PM ET,1.390,200,278,Ask,NYSE,
02:27:34.533 PM ET,1.390,200,278,Ask,IEX,
02:28:13.101 PM ET,1.390,200,278,Ask,Off Exchange,
02:33:32.812 PM ET,1.390,200,278,Ask,IEX,
02:36:06.233 PM ET,1.390,200,278,Bid,Cboe BZX,
02:36:06.233 PM ET,1.390,200,278,Bid,IEX,
02:37:25.806 PM ET,1.395,200,279,Mid,Cboe EDGA,
02:38:04.114 PM ET,1.395,200,279,Mid,Cboe EDGX,
02:39:04.431 PM ET,1.400,200,280,Bid,MIAX Pearl,
02:39:04.483 PM ET,1.405,200,281,Mid,Off Exchange,
02:39:15.551 PM ET,1.410,200,282,Bid,NYSE,Inter Mkt Swp; Trade Thru Exmpt
02:39:15.551 PM ET,1.410,200,282,Bid,NYSE Arca,Inter Mkt Swp; Trade Thru Exmpt
02:39:15.571 PM ET,1.415,200,283,Mid,NYSE,
02:41:30.210 PM ET,1.420,200,284,Ask,NYSE,Inter Mkt Swp; Trade Thru Exmpt
02:42:37.489 PM ET,1.425,200,285,Mid,Cboe EDGX,
02:42:38.186 PM ET,1.425,200,285,Mid,Cboe EDGX,
02:47:20.336 PM ET,1.425,200,285,Mid,IEX,
02:52:55.326 PM ET,1.425,200,285,Mid,NYSE,
02:55:49.245 PM ET,1.430,200,286,Bid,IEX,
02:55:52.906 PM ET,1.435,200,287,Mid,NYSE,
02:56:40.398 PM ET,1.435,200,287,Mid,Nasdaq GSM,
02:59:40.892 PM ET,1.430,200,286,Bid,Off Exchange,
03:00:25.085 PM ET,1.440,200,288,Ask,Off Exchange,
03:00:40.140 PM ET,1.435,200,287,Mid,Off Exchange,
03:01:00.677 PM ET,1.440,200,288,Ask,NYSE National,Inter Mkt Swp; Trade Thru Exmpt
03:02:13.187 PM ET,1.435,200,287,Mid,NYSE,
03:02:51.913 PM ET,1.435,200,287,Mid,NYSE,
03:02:51.915 PM ET,1.435,200,287,Mid,Off Exchange,
03:02:51.915 PM ET,1.430,200,286,Bid,NYSE American,Inter Mkt Swp; Trade Thru Exmpt
03:02:51.915 PM ET,1.430,200,286,Bid,Nasdaq BX,Inter Mkt Swp; Trade Thru Exmpt
03:02:51.915 PM ET,1.430,200,286,Bid,NYSE,Inter Mkt Swp; Trade Thru Exmpt
03:02:51.916 PM ET,1.430,200,286,Bid,NYSE American,
03:02:51.916 PM ET,1.430,200,286,Bid,NYSE,Inter Mkt Swp; Trade Thru Exmpt
03:02:51.916 PM ET,1.430,200,286,Bid,Nasdaq BX,Inter Mkt Swp; Trade Thru Exmpt
03:02:51.916 PM ET,1.430,200,286,Bid,NYSE American,Inter Mkt Swp; Trade Thru Exmpt
03:02:51.916 PM ET,1.430,200,286,Bid,NYSE,
03:02:51.916 PM ET,1.430,200,286,Bid,Nasdaq BX,
03:02:51.916 PM ET,1.430,200,286,Bid,Cboe EDGX,
03:02:51.916 PM ET,1.430,200,286,Bid,Cboe EDGX,Inter Mkt Swp; Trade Thru Exmpt
03:02:51.916 PM ET,1.430,200,286,Bid,Nasdaq PHLX,Inter Mkt Swp; Trade Thru Exmpt
03:02:51.917 PM ET,1.420,200,284,Bid,Cboe EDGX,
03:02:51.917 PM ET,1.420,200,284,Bid,Cboe BZX,
03:02:51.917 PM ET,1.425,200,285,Bid,NYSE,
03:02:51.917 PM ET,1.420,200,284,Bid,NYSE,
03:02:51.917 PM ET,1.420,200,284,Bid,NYSE Arca,
03:02:51.917 PM ET,1.420,200,284,Bid,Nasdaq GSM,
03:03:19.941 PM ET,1.430,200,286,Ask,NYSE National,Inter Mkt Swp; Trade Thru Exmpt
03:04:19.608 PM ET,1.430,200,286,Ask,NYSE,
03:18:22.926 PM ET,1.425,200,285,Mid,NYSE,
03:19:48.108 PM ET,1.420,200,284,Bid,IEX,
03:20:00.030 PM ET,1.425,200,285,Mid,Off Exchange,
03:20:40.258 PM ET,1.420,200,284,Ask,NYSE,Inter Mkt Swp; Trade Thru Exmpt
03:20:40.259 PM ET,1.420,200,284,Ask,NYSE Arca,Inter Mkt Swp; Trade Thru Exmpt
03:20:40.259 PM ET,1.420,200,284,Ask,Nasdaq GSM,Inter Mkt Swp; Trade Thru Exmpt
03:20:40.259 PM ET,1.420,200,284,Ask,NYSE,Inter Mkt Swp; Trade Thru Exmpt
03:20:40.259 PM ET,1.420,200,284,Ask,IEX,
03:20:40.259 PM ET,1.420,200,284,Ask,Nasdaq PHLX,Inter Mkt Swp; Trade Thru Exmpt
03:20:40.260 PM ET,1.420,200,284,Ask,Off Exchange,
03:20:40.360 PM ET,1.415,200,283,Mid,IEX,
03:20:40.361 PM ET,1.415,200,283,Mid,IEX,
03:20:41.152 PM ET,1.415,200,283,Mid,Nasdaq GSM,
03:22:43.175 PM ET,1.415,200,283,Mid,Off Exchange,
03:23:40.679 PM ET,1.415,200,283,Mid,Off Exchange,
03:23:53.386 PM ET,1.415,200,283,Mid,NYSE,
03:23:58.215 PM ET,1.410,200,282,Bid,Off Exchange,
03:24:41.986 PM ET,1.415,200,283,Mid,NYSE,
03:25:57.447 PM ET,1.415,200,283,Mid,NYSE,
03:26:45.396 PM ET,1.410,200,282,Bid,Off Exchange,
03:28:11.901 PM ET,1.415,200,283,Mid,NYSE,
03:28:20.621 PM ET,1.415,200,283,Mid,Nasdaq GSM,
03:31:41.723 PM ET,1.420,200,284,Bid,NYSE,Inter Mkt Swp; Trade Thru Exmpt
03:31:41.724 PM ET,1.420,200,284,Bid,NYSE,
03:32:52.803 PM ET,1.425,200,285,Mid,Cboe EDGX,
03:33:12.332 PM ET,1.425,200,285,Mid,Off Exchange,
03:35:52.936 PM ET,1.425,200,285,Mid,Nasdaq GSM,
03:38:05.738 PM ET,1.420,200,284,Bid,NYSE Arca,Inter Mkt Swp; Trade Thru Exmpt
03:38:05.738 PM ET,1.420,200,284,Bid,NYSE,Inter Mkt Swp; Trade Thru Exmpt
03:38:05.738 PM ET,1.420,200,284,Bid,Cboe BZX,Inter Mkt Swp; Trade Thru Exmpt
03:39:29.021 PM ET,1.415,200,283,Mid,Off Exchange,
03:41:00.994 PM ET,1.410,200,282,Ask,NYSE Arca,Inter Mkt Swp; Trade Thru Exmpt
03:41:00.994 PM ET,1.410,200,282,Ask,NYSE,Inter Mkt Swp; Trade Thru Exmpt
03:41:00.994 PM ET,1.410,200,282,Ask,Cboe BZX,Inter Mkt Swp; Trade Thru Exmpt
03:41:00.994 PM ET,1.410,200,282,Ask,Nasdaq GSM,Inter Mkt Swp; Trade Thru Exmpt
03:41:00.994 PM ET,1.410,200,282,Ask,Nasdaq PHLX,Inter Mkt Swp; Trade Thru Exmpt
03:41:00.995 PM ET,1.410,200,282,Ask,IEX,
03:41:10.133 PM ET,1.410,200,282,Bid,NYSE,
03:41:10.133 PM ET,1.410,200,282,Bid,NYSE Arca,Inter Mkt Swp; Trade Thru Exmpt
03:44:35.132 PM ET,1.415,200,283,Mid,Off Exchange,
03:46:52.987 PM ET,1.420,200,284,Ask,NYSE Arca,Inter Mkt Swp; Trade Thru Exmpt
03:46:52.987 PM ET,1.420,200,284,Ask,NYSE,Inter Mkt Swp; Trade Thru Exmpt
03:48:35.064 PM ET,1.415,200,283,Mid,Off Exchange,Avg Price
03:48:55.374 PM ET,1.410,200,282,Bid,Off Exchange,
03:50:21.720 PM ET,1.415,200,283,Mid,Off Exchange,Avg Price
03:51:22.806 PM ET,1.415,200,283,Mid,NYSE,
03:51:30.899 PM ET,1.411,200,282,Mid,Off Exchange,Avg Price
03:52:02.340 PM ET,1.415,200,283,Mid,NYSE,
03:52:02.461 PM ET,1.415,200,283,Mid,Cboe BZX,
03:53:34.426 PM ET,1.415,200,283,Mid,Cboe BZX,
03:54:33.523 PM ET,1.415,200,283,Mid,IEX,
03:55:11.093 PM ET,1.420,200,284,Ask,Off Exchange,
03:55:43.003 PM ET,1.410,200,282,Bid,Off Exchange,
03:55:43.041 PM ET,1.410,200,282,Bid,Off Exchange,
03:55:57.076 PM ET,1.415,200,283,Mid,NYSE,
03:55:57.076 PM ET,1.415,200,283,Mid,NYSE Arca,
03:56:00.608 PM ET,1.415,200,283,Mid,Off Exchange,
03:56:00.620 PM ET,1.415,200,283,Mid,Cboe BZX,
03:56:00.620 PM ET,1.415,200,283,Mid,Cboe BYX,
03:56:00.623 PM ET,1.415,200,283,Mid,Nasdaq GSM,
03:56:00.655 PM ET,1.415,200,283,Mid,Off Exchange,
03:56:00.663 PM ET,1.415,200,283,Mid,Off Exchange,
03:56:00.679 PM ET,1.415,200,283,Mid,Cboe BZX,
03:56:00.695 PM ET,1.415,200,283,Mid,Cboe EDGX,
03:56:00.725 PM ET,1.415,200,283,Mid,NYSE Arca,
03:56:00.733 PM ET,1.415,200,283,Mid,NYSE,
03:56:11.565 PM ET,1.415,200,283,Mid,Off Exchange,
03:56:23.525 PM ET,1.415,200,283,Mid,MEMX,
03:56:23.525 PM ET,1.415,200,283,Mid,Cboe BZX,
03:56:23.526 PM ET,1.415,200,283,Mid,Off Exchange,
03:56:54.032 PM ET,1.415,200,283,Mid,Nasdaq GSM,
03:56:55.104 PM ET,1.415,200,283,Mid,Off Exchange,
03:57:02.717 PM ET,1.415,200,283,Mid,Cboe BZX,
03:57:04.598 PM ET,1.415,200,283,Mid,NYSE,
03:57:04.598 PM ET,1.415,200,283,Mid,NYSE Arca,
03:57:04.598 PM ET,1.415,200,283,Mid,Off Exchange,
03:57:04.599 PM ET,1.415,200,283,Mid,Off Exchange,
03:57:04.671 PM ET,1.420,200,284,Ask,Off Exchange,
03:57:36.051 PM ET,1.415,200,283,Mid,MEMX,
03:57:36.051 PM ET,1.415,200,283,Mid,Cboe BZX,
03:57:36.051 PM ET,1.415,200,283,Mid,Off Exchange,
03:57:36.052 PM ET,1.415,200,283,Mid,Off Exchange,
03:57:36.056 PM ET,1.420,200,284,Ask,Off Exchange,
03:58:13.158 PM ET,1.420,200,284,Ask,NYSE Arca,Inter Mkt Swp; Trade Thru Exmpt
03:58:13.158 PM ET,1.420,200,284,Ask,NYSE,Inter Mkt Swp; Trade Thru Exmpt
03:58:13.158 PM ET,1.420,200,284,Ask,Nasdaq GSM,
03:58:13.159 PM ET,1.420,200,284,Ask,IEX,
03:58:17.030 PM ET,1.425,200,285,Mid,Off Exchange,
03:58:18.133 PM ET,1.425,200,285,Mid,Nasdaq GSM,
03:58:22.371 PM ET,1.425,200,285,Mid,Off Exchange,
03:58:28.487 PM ET,1.425,200,285,Mid,NYSE Arca,
03:58:28.497 PM ET,1.425,200,285,Mid,Off Exchange,
03:58:29.593 PM ET,1.425,200,285,Mid,Off Exchange,
03:58:29.641 PM ET,1.425,200,285,Mid,Cboe EDGX,
03:58:30.229 PM ET,1.425,200,285,Mid,Off Exchange,
03:58:34.558 PM ET,1.426,200,285,Mid,Off Exchange,
03:58:46.676 PM ET,1.430,200,286,Ask,NYSE,
03:58:46.694 PM ET,1.430,200,286,Ask,Nasdaq GSM,
03:58:47.893 PM ET,1.430,200,286,Ask,NYSE Arca,
03:58:47.894 PM ET,1.425,200,285,Mid,Off Exchange,
03:58:47.918 PM ET,1.425,200,285,Mid,Off Exchange,
03:59:11.144 PM ET,1.429,200,286,None,Off Exchange,
03:59:11.600 PM ET,1.430,200,286,None,IEX,
03:59:11.601 PM ET,1.430,200,286,None,Nasdaq GSM,
03:59:11.645 PM ET,1.430,200,286,None,NYSE Arca,
03:59:11.703 PM ET,1.420,200,284,None,Nasdaq GSM,
03:59:11.703 PM ET,1.420,200,284,None,IEX,
03:59:11.704 PM ET,1.420,200,284,None,Cboe BZX,Inter Mkt Swp; Trade Thru Exmpt
03:59:11.705 PM ET,1.420,200,284,None,Off Exchange,
03:59:11.705 PM ET,1.420,200,284,None,NYSE,
03:59:16.597 PM ET,1.415,200,283,None,Off Exchange,
03:59:25.338 PM ET,1.420,200,284,None,Cboe EDGA,
03:59:45.630 PM ET,1.415,200,283,None,Cboe EDGX,
03:59:49.599 PM ET,1.420,200,284,None,Cboe EDGX,
03:59:49.599 PM ET,1.420,200,284,None,Cboe BZX,
03:59:49.599 PM ET,1.420,200,284,None,NYSE Arca,
03:59:49.599 PM ET,1.420,200,284,None,Nasdaq GSM,
03:59:52.528 PM ET,1.410,200,282,None,Nasdaq GSM,
04:00:41.790 PM ET,1.390,200,278,Mid,Cboe EDGX,Frm T Ext Hrs; Trade Thru Exmpt
12:16:00.067 PM ET,1.375,199,274,Mid,Off Exchange,
01:17:50.037 PM ET,1.380,199,275,Bid,Cboe EDGX,
03:02:51.917 PM ET,1.420,199,283,Bid,NYSE,
03:33:05.977 PM ET,1.425,199,284,Mid,Off Exchange,
10:17:40.826 AM ET,1.315,198,260,Mid,Off Exchange,
10:47:22.839 AM ET,1.355,198,268,Mid,Off Exchange,
11:12:24.071 AM ET,1.385,198,274,Mid,IEX,
11:29:50.252 AM ET,1.380,198,273,Bid,Nasdaq BX,Inter Mkt Swp; Trade Thru Exmpt
11:36:45.757 AM ET,1.380,198,273,Ask,Cboe EDGA,Inter Mkt Swp; Trade Thru Exmpt
11:55:01.150 AM ET,1.373,198,272,Mid,Off Exchange,Avg Price
01:17:50.037 PM ET,1.380,198,273,Bid,Cboe EDGX,
01:17:50.044 PM ET,1.380,198,273,Bid,MEMX,
02:30:02.002 PM ET,1.386,198,274,Mid,Off Exchange,Avg Price
02:46:05.868 PM ET,1.425,197,281,Mid,Off Exchange,
03:41:00.994 PM ET,1.410,197,278,Ask,Nasdaq GSM,Inter Mkt Swp; Trade Thru Exmpt
03:59:11.704 PM ET,1.420,197,280,None,Nasdaq GSM,Inter Mkt Swp; Trade Thru Exmpt
10:47:27.234 AM ET,1.353,196,265,Mid,Off Exchange,
10:47:27.234 AM ET,1.350,196,265,Bid,Nasdaq GSM,
11:46:23.830 AM ET,1.370,196,269,Bid,Off Exchange,
03:59:30.002 PM ET,1.415,196,277,None,Off Exchange,
10:36:20.111 AM ET,1.335,195,260,Mid,Off Exchange,
10:38:46.959 AM ET,1.350,195,263,Bid,NYSE Arca,Inter Mkt Swp; Trade Thru Exmpt
10:47:54.631 AM ET,1.360,195,265,Bid,Cboe BZX,Inter Mkt Swp; Trade Thru Exmpt
10:12:19.205 AM ET,1.320,194,256,Bid,Off Exchange,
10:42:10.945 AM ET,1.355,194,263,Mid,Cboe BZX,
11:36:45.757 AM ET,1.380,194,268,Ask,Nasdaq GSM,Inter Mkt Swp; Trade Thru Exmpt
02:26:16.149 PM ET,1.380,194,268,Bid,Nasdaq GSM,Inter Mkt Swp; Trade Thru Exmpt
03:38:05.738 PM ET,1.420,193,274,Bid,Nasdaq PHLX,
03:39:29.009 PM ET,1.415,193,273,Mid,Off Exchange,
10:08:23.013 AM ET,1.320,192,253,Ask,Off Exchange,
03:16:45.977 PM ET,1.420,192,273,Bid,Off Exchange,
03:46:52.989 PM ET,1.420,192,273,Ask,Nasdaq GSM,
03:59:52.528 PM ET,1.410,192,271,None,Nasdaq GSM,
11:11:57.332 AM ET,1.390,191,265,Bid,Cboe EDGA,Inter Mkt Swp; Trade Thru Exmpt
12:17:55.299 PM ET,1.370,191,262,Bid,Nasdaq BX,Inter Mkt Swp; Trade Thru Exmpt
01:18:04.732 PM ET,1.380,191,264,Ask,Cboe EDGX,
03:20:40.259 PM ET,1.420,191,271,Ask,Cboe EDGX,Inter Mkt Swp; Trade Thru Exmpt
03:57:47.727 PM ET,1.415,191,270,Mid,Off Exchange,
11:52:50.425 AM ET,1.371,190,261,Mid,Off Exchange,
12:41:55.072 PM ET,1.375,190,261,Mid,Off Exchange,
03:31:41.724 PM ET,1.420,190,270,Bid,Nasdaq GSM,Inter Mkt Swp; Trade Thru Exmpt
03:55:22.828 PM ET,1.415,190,269,Mid,IEX,
12:17:10.852 PM ET,1.370,189,259,Bid,Nasdaq BX,Inter Mkt Swp; Trade Thru Exmpt
12:04:09.202 PM ET,1.370,188,258,Ask,Nasdaq GSM,Inter Mkt Swp; Trade Thru Exmpt
10:17:40.825 AM ET,1.315,186,245,Mid,IEX,
03:17:22.202 PM ET,1.425,186,265,Mid,Off Exchange,
02:39:04.431 PM ET,1.400,185,259,Bid,NYSE Arca,Inter Mkt Swp; Trade Thru Exmpt
10:42:10.945 AM ET,1.360,184,250,Ask,Nasdaq GSM,
11:09:19.590 AM ET,1.390,184,256,Ask,Nasdaq GSM,Inter Mkt Swp; Trade Thru Exmpt
01:56:22.495 PM ET,1.375,184,253,None,Off Exchange,
11:33:08.860 AM ET,1.380,183,253,Bid,Off Exchange,
12:17:10.851 PM ET,1.375,183,252,Mid,Nasdaq GSM,
03:36:17.595 PM ET,1.420,183,260,Bid,Off Exchange,
09:35:10.194 AM ET,1.280,182,233,Bid,Nasdaq GSM,Inter Mkt Swp; Trade Thru Exmpt
03:15:17.306 PM ET,1.425,182,259,Mid,NYSE,
03:59:52.528 PM ET,1.410,182,257,None,Nasdaq GSM,
03:02:51.917 PM ET,1.420,181,257,Bid,Nasdaq GSM,
10:42:13.747 AM ET,1.355,180,244,Mid,Off Exchange,
11:11:57.331 AM ET,1.390,180,250,Bid,Nasdaq GSM,
01:45:01.815 PM ET,1.375,180,248,Mid,Off Exchange,
04:08:34.720 PM ET,1.400,180,252,Ask,Off Exchange,Frm T Ext Hrs
10:42:10.946 AM ET,1.360,179,243,Ask,IEX,
03:02:51.916 PM ET,1.430,179,256,Bid,Nasdaq GSM,
03:02:51.916 PM ET,1.430,179,256,Bid,Nasdaq PHLX,Inter Mkt Swp; Trade Thru Exmpt
03:59:11.602 PM ET,1.430,179,256,None,NYSE Arca,Inter Mkt Swp; Trade Thru Exmpt
11:56:46.761 AM ET,1.370,178,244,Bid,Nasdaq GSM,Inter Mkt Swp; Trade Thru Exmpt
02:26:55.361 PM ET,1.390,178,247,Ask,IEX,
02:36:06.232 PM ET,1.390,178,247,Bid,NYSE,Inter Mkt Swp; Trade Thru Exmpt
03:17:13.345 PM ET,1.430,177,253,Ask,Off Exchange,
03:38:05.739 PM ET,1.420,177,251,Bid,Cboe BZX,
02:39:15.551 PM ET,1.410,176,248,Bid,Nasdaq GSM,Inter Mkt Swp; Trade Thru Exmpt
02:52:11.121 PM ET,1.425,176,251,Mid,Off Exchange,
03:59:49.599 PM ET,1.425,176,251,None,Nasdaq GSM,
10:17:32.785 AM ET,1.315,175,230,Mid,IEX,
03:20:40.266 PM ET,1.415,175,248,Mid,Off Exchange,
03:57:04.598 PM ET,1.415,175,248,Mid,Nasdaq GSM,
03:57:56.868 PM ET,1.415,175,248,Mid,Off Exchange,
03:58:38.674 PM ET,1.425,175,249,Mid,Off Exchange,
04:22:11.070 PM ET,1.390,174,242,Bid,Off Exchange,Frm T Ext Hrs
02:13:05.121 PM ET,1.375,173,238,Mid,Off Exchange,
11:58:55.117 AM ET,1.375,172,237,Mid,Off Exchange,
10:47:27.246 AM ET,1.355,171,232,Mid,Off Exchange,
03:59:48.297 PM ET,1.420,171,243,None,IEX,
02:36:06.233 PM ET,1.390,170,236,Bid,NYSE Arca,Inter Mkt Swp; Trade Thru Exmpt
03:45:28.831 PM ET,1.420,170,241,Mid,Off Exchange,
03:58:46.693 PM ET,1.430,170,243,Ask,Nasdaq GSM,Inter Mkt Swp; Trade Thru Exmpt
09:46:00.727 AM ET,1.300,169,220,Bid,Nasdaq BX,
11:04:49.225 AM ET,1.370,169,232,Ask,Off Exchange,
12:36:15.121 PM ET,1.370,169,232,Bid,Off Exchange,
03:38:05.738 PM ET,1.420,168,239,Bid,Nasdaq GSM,Inter Mkt Swp; Trade Thru Exmpt
09:30:00.878 AM ET,1.260,167,210,Mid,NYSE,Inter Mkt Swp; Trade Thru Exmpt
03:59:11.601 PM ET,1.430,167,239,None,Cboe EDGX,
03:59:51.647 PM ET,1.415,167,236,None,Nasdaq GSM,Inter Mkt Swp; Trade Thru Exmpt
11:09:00.305 AM ET,1.380,166,229,Ask,Nasdaq GSM,Inter Mkt Swp; Trade Thru Exmpt
10:15:04.424 AM ET,1.315,164,216,Mid,Off Exchange,
11:33:08.860 AM ET,1.380,164,226,Bid,Nasdaq GSM,Inter Mkt Swp; Trade Thru Exmpt
12:04:11.855 PM ET,1.365,164,224,Mid,Off Exchange,
01:17:50.052 PM ET,1.380,164,226,Bid,NYSE Arca,
03:59:54.631 PM ET,1.415,162,229,None,NYSE,Inter Mkt Swp; Trade Thru Exmpt
11:10:58.324 AM ET,1.400,161,225,Bid,Nasdaq GSM,Inter Mkt Swp; Trade Thru Exmpt
03:02:51.916 PM ET,1.430,161,230,Bid,Nasdaq PHLX,
03:21:01.583 PM ET,1.415,161,228,Mid,Off Exchange,
10:12:19.223 AM ET,1.325,160,212,Mid,Off Exchange,
10:17:42.459 AM ET,1.320,160,211,Bid,Nasdaq GSM,Inter Mkt Swp; Trade Thru Exmpt
11:05:04.607 AM ET,1.375,160,220,Mid,Off Exchange,
03:59:39.224 PM ET,1.415,160,226,None,IEX,
12:04:29.870 PM ET,1.370,159,218,Ask,Cboe BZX,Inter Mkt Swp; Trade Thru Exmpt
03:02:51.917 PM ET,1.430,159,227,Bid,Nasdaq PHLX,
03:31:41.724 PM ET,1.420,159,226,Bid,Cboe BZX,
02:55:49.246 PM ET,1.430,158,226,Bid,Nasdaq GSM,
03:58:13.158 PM ET,1.420,158,224,Ask,Cboe EDGX,Inter Mkt Swp; Trade Thru Exmpt
03:58:13.159 PM ET,1.420,158,224,Ask,IEX,
09:54:02.855 AM ET,1.310,157,206,Ask,Nasdaq GSM,Inter Mkt Swp; Trade Thru Exmpt
09:54:02.856 AM ET,1.310,157,206,Ask,Nasdaq GSM,Inter Mkt Swp; Trade Thru Exmpt
11:11:57.331 AM ET,1.390,157,218,Bid,Nasdaq PHLX,
11:11:57.332 AM ET,1.390,157,218,Bid,Nasdaq PHLX,Inter Mkt Swp; Trade Thru Exmpt
03:56:36.514 PM ET,1.415,157,222,Mid,Off Exchange,
10:44:41.565 AM ET,1.359,156,212,Mid,Off Exchange,
10:49:33.246 AM ET,1.361,156,212,Mid,Off Exchange,
12:04:09.203 PM ET,1.370,156,214,Ask,Nasdaq GSM,Inter Mkt Swp; Trade Thru Exmpt
02:41:30.210 PM ET,1.420,156,222,Ask,Nasdaq GSM,Inter Mkt Swp; Trade Thru Exmpt
09:54:02.855 AM ET,1.310,155,203,Ask,Nasdaq GSM,Inter Mkt Swp; Trade Thru Exmpt
09:35:08.234 AM ET,1.285,154,198,Mid,IEX,
10:42:10.945 AM ET,1.360,153,208,Ask,Nasdaq BX,
10:47:27.236 AM ET,1.350,153,207,Bid,Nasdaq GSM,
10:49:15.160 AM ET,1.370,153,210,Ask,Nasdaq GSM,
05:25:26.279 PM ET,1.420,151,214,Bid,NYSE Arca,Frm T Ext Hrs
09:51:01.241 AM ET,1.315,150,197,Mid,Off Exchange,
10:41:34.440 AM ET,1.355,150,203,Mid,Off Exchange,
10:57:12.777 AM ET,1.370,150,205,Mid,Off Exchange,
11:09:03.740 AM ET,1.390,150,209,Ask,Off Exchange,
11:26:37.560 AM ET,1.380,150,207,Bid,Off Exchange,
11:54:24.621 AM ET,1.376,150,206,Mid,Off Exchange,
01:18:04.731 PM ET,1.380,150,207,Ask,Cboe BZX,Inter Mkt Swp; Trade Thru Exmpt
01:51:50.114 PM ET,1.375,150,206,Mid,Off Exchange,
03:39:16.974 PM ET,1.415,150,212,Mid,Off Exchange,
03:58:46.676 PM ET,1.430,149,213,Ask,Cboe BYX,Inter Mkt Swp; Trade Thru Exmpt
05:25:26.280 PM ET,1.420,148,210,Bid,NYSE Arca,Frm T Ext Hrs
12:03:34.313 PM ET,1.370,147,201,Bid,IEX,
10:49:11.031 AM ET,1.370,146,200,Bid,Nasdaq GSM,Inter Mkt Swp; Trade Thru Exmpt
11:16:43.061 AM ET,1.380,145,200,Bid,Off Exchange,
11:04:49.217 AM ET,1.370,144,197,Ask,Off Exchange,
12:36:50.075 PM ET,1.375,144,198,Mid,Off Exchange,
10:47:27.271 AM ET,1.355,143,194,Mid,Off Exchange,
11:11:57.332 AM ET,1.390,143,199,Bid,Nasdaq PHLX,Inter Mkt Swp; Trade Thru Exmpt
03:38:05.738 PM ET,1.420,143,203,Bid,Nasdaq PHLX,Inter Mkt Swp; Trade Thru Exmpt
03:59:00.545 PM ET,1.425,143,204,None,NYSE,
09:43:46.353 AM ET,1.300,142,185,Mid,Off Exchange,
02:46:36.644 PM ET,1.425,142,202,Mid,Off Exchange,
11:37:00.079 AM ET,1.380,141,195,Ask,Off Exchange,
09:53:08.226 AM ET,1.320,140,185,Mid,Off Exchange,
10:38:46.959 AM ET,1.350,140,189,Bid,NYSE,
10:47:54.631 AM ET,1.360,140,190,Bid,NYSE Arca,Inter Mkt Swp; Trade Thru Exmpt
11:04:49.217 AM ET,1.370,140,192,Ask,Cboe EDGA,Inter Mkt Swp; Trade Thru Exmpt
03:48:07.462 PM ET,1.415,140,198,Mid,Off Exchange,
02:24:59.764 PM ET,1.380,139,192,Ask,IEX,
09:35:08.228 AM ET,1.285,138,177,Mid,IEX,
10:12:44.942 AM ET,1.320,138,182,Bid,Nasdaq GSM,Inter Mkt Swp; Trade Thru Exmpt
10:14:16.652 AM ET,1.320,138,182,Ask,Nasdaq GSM,Inter Mkt Swp; Trade Thru Exmpt
01:37:49.996 PM ET,1.379,138,190,Mid,Off Exchange,
01:43:35.230 PM ET,1.371,138,189,Mid,Off Exchange,
03:32:08.098 PM ET,1.425,138,197,Mid,Off Exchange,
03:46:52.988 PM ET,1.420,137,195,Ask,Nasdaq GSM,Inter Mkt Swp; Trade Thru Exmpt
02:37:35.081 PM ET,1.395,135,188,Mid,Off Exchange,
10:14:16.883 AM ET,1.315,134,176,Mid,Off Exchange,
03:26:12.742 PM ET,1.410,134,189,Bid,Off Exchange,
10:49:15.160 AM ET,1.370,132,181,Ask,Nasdaq GSM,
01:39:10.073 PM ET,1.375,132,182,Mid,IEX,
09:46:00.727 AM ET,1.300,131,170,Bid,Nasdaq BX,Inter Mkt Swp; Trade Thru Exmpt
11:04:49.243 AM ET,1.370,131,179,Ask,Off Exchange,
02:39:15.551 PM ET,1.410,131,185,Bid,NYSE,
03:16:25.815 PM ET,1.425,131,187,Mid,Off Exchange,
11:35:29.216 AM ET,1.385,130,180,Mid,Off Exchange,
03:02:51.916 PM ET,1.430,130,186,Bid,Nasdaq BX,
03:07:32.199 PM ET,1.429,130,186,Mid,Off Exchange,
03:58:46.683 PM ET,1.430,130,186,Ask,Nasdaq GSM,
03:58:46.693 PM ET,1.430,129,184,Ask,NYSE Arca,Inter Mkt Swp; Trade Thru Exmpt
03:59:28.697 PM ET,1.415,129,183,None,IEX,
01:03:19.588 PM ET,1.375,127,175,Mid,NYSE Arca,
12:57:22.642 PM ET,1.370,126,173,Bid,NYSE,Inter Mkt Swp; Trade Thru Exmpt
09:51:26.842 AM ET,1.315,125,164,Mid,Off Exchange,
10:14:16.654 AM ET,1.320,125,165,Ask,Off Exchange,
10:51:53.356 AM ET,1.370,125,171,Bid,Off Exchange,
02:41:30.210 PM ET,1.420,125,178,Ask,NYSE,Inter Mkt Swp; Trade Thru Exmpt
02:55:49.290 PM ET,1.435,125,179,Mid,Off Exchange,
03:54:33.523 PM ET,1.415,125,177,Mid,Off Exchange,
03:55:22.833 PM ET,1.415,125,177,Mid,Off Exchange,
03:57:04.669 PM ET,1.415,125,177,Mid,NYSE,
10:14:16.652 AM ET,1.320,124,164,Ask,Nasdaq GSM,Inter Mkt Swp; Trade Thru Exmpt
03:59:05.691 PM ET,1.430,124,177,None,MEMX,
10:42:10.945 AM ET,1.360,122,166,Ask,Nasdaq GSM,
11:09:19.590 AM ET,1.390,122,170,Ask,Nasdaq GSM,Inter Mkt Swp; Trade Thru Exmpt
02:36:06.233 PM ET,1.390,122,170,Bid,NYSE,Inter Mkt Swp; Trade Thru Exmpt
02:39:15.551 PM ET,1.410,122,172,Bid,Nasdaq GSM,Inter Mkt Swp; Trade Thru Exmpt
02:55:49.286 PM ET,1.435,121,174,Mid,Off Exchange,
03:59:11.602 PM ET,1.430,121,173,None,NYSE Arca,Inter Mkt Swp; Trade Thru Exmpt
03:59:52.528 PM ET,1.410,121,171,None,Nasdaq GSM,
11:11:57.332 AM ET,1.390,120,167,Bid,Nasdaq GSM,Inter Mkt Swp; Trade Thru Exmpt
11:55:32.482 AM ET,1.370,120,164,Bid,NYSE Arca,
12:17:10.851 PM ET,1.370,120,164,Bid,Nasdaq BX,
01:18:04.731 PM ET,1.380,120,166,Ask,Nasdaq GSM,Inter Mkt Swp; Trade Thru Exmpt
02:55:49.246 PM ET,1.430,120,172,Bid,Nasdaq GSM,
02:55:49.246 PM ET,1.430,120,172,Bid,Cboe EDGX,
03:20:40.259 PM ET,1.420,120,170,Ask,Cboe BZX,Inter Mkt Swp; Trade Thru Exmpt
03:59:54.632 PM ET,1.410,120,169,None,Off Exchange,
12:17:10.851 PM ET,1.370,119,163,Bid,Nasdaq GSM,
03:02:51.917 PM ET,1.420,119,169,Bid,Nasdaq BX,
03:15:17.306 PM ET,1.425,118,168,Mid,NYSE,
03:59:11.601 PM ET,1.430,118,169,None,NYSE,Inter Mkt Swp; Trade Thru Exmpt
03:59:53.571 PM ET,1.410,118,166,None,Nasdaq GSM,
11:09:00.306 AM ET,1.380,116,160,Ask,IEX,
01:45:19.723 PM ET,1.375,116,160,Mid,Off Exchange,
04:31:07.308 PM ET,1.400,116,162,Bid,NYSE Arca,Frm T Ext Hrs
03:59:11.601 PM ET,1.425,115,164,None,NYSE,
09:42:22.942 AM ET,1.285,114,146,Mid,Off Exchange,
11:10:58.324 AM ET,1.400,114,160,Bid,Nasdaq GSM,Inter Mkt Swp; Trade Thru Exmpt
03:58:46.693 PM ET,1.430,114,163,Ask,NYSE,Inter Mkt Swp; Trade Thru Exmpt
03:38:05.738 PM ET,1.420,113,160,Bid,Cboe BZX,Inter Mkt Swp; Trade Thru Exmpt
03:57:57.377 PM ET,1.415,113,160,Mid,NYSE,
10:18:41.459 AM ET,1.335,112,150,Mid,IEX,
11:36:45.757 AM ET,1.380,112,155,Ask,Cboe EDGA,
12:31:58.281 PM ET,1.375,112,154,Mid,Off Exchange,
01:17:50.036 PM ET,1.380,112,155,Bid,NYSE Arca,Inter Mkt Swp; Trade Thru Exmpt
03:06:35.071 PM ET,1.425,112,160,Mid,Off Exchange,
03:57:36.054 PM ET,1.415,112,158,Mid,NYSE,
09:46:16.573 AM ET,1.300,111,144,Mid,Off Exchange,
10:48:22.375 AM ET,1.365,111,152,Mid,Off Exchange,
10:12:18.890 AM ET,1.320,110,145,Bid,Nasdaq GSM,Inter Mkt Swp; Trade Thru Exmpt
11:09:00.305 AM ET,1.380,110,152,Ask,Nasdaq GSM,Inter Mkt Swp; Trade Thru Exmpt
10:53:48.296 AM ET,1.365,109,149,Mid,Off Exchange,
12:17:55.299 PM ET,1.370,109,149,Bid,Nasdaq BX,Inter Mkt Swp; Trade Thru Exmpt
01:06:24.527 PM ET,1.370,109,149,Bid,Off Exchange,
09:54:02.855 AM ET,1.310,108,141,Ask,Nasdaq GSM,Inter Mkt Swp; Trade Thru Exmpt
11:04:49.217 AM ET,1.370,108,148,Ask,NYSE,Inter Mkt Swp; Trade Thru Exmpt
02:41:30.210 PM ET,1.420,108,153,Ask,Nasdaq GSM,Inter Mkt Swp; Trade Thru Exmpt
03:45:22.789 PM ET,1.410,107,151,Bid,Off Exchange,
03:59:11.704 PM ET,1.425,107,152,None,Off Exchange,
10:42:10.945 AM ET,1.355,106,144,Mid,Cboe BZX,
03:20:40.259 PM ET,1.420,106,151,Ask,Nasdaq PHLX,Inter Mkt Swp; Trade Thru Exmpt
09:50:33.725 AM ET,1.315,105,138,Mid,IEX,
03:38:25.601 PM ET,1.415,105,149,Mid,Off Exchange,
03:58:13.158 PM ET,1.420,105,149,Ask,NYSE Arca,Inter Mkt Swp; Trade Thru Exmpt
02:55:49.246 PM ET,1.430,104,149,Bid,Nasdaq GSM,
03:55:45.009 PM ET,1.415,104,147,Mid,NYSE,
03:59:11.705 PM ET,1.420,104,148,None,NYSE,
03:59:28.684 PM ET,1.415,104,147,None,Off Exchange,
03:59:59.451 PM ET,1.420,104,148,None,NYSE,Inter Mkt Swp; Trade Thru Exmpt
03:01:00.679 PM ET,1.439,103,148,Mid,Off Exchange,
03:17:31.300 PM ET,1.425,103,147,Mid,Off Exchange,
03:45:00.134 PM ET,1.415,103,146,Mid,Off Exchange,
09:32:33.035 AM ET,1.260,102,129,Mid,Off Exchange,
10:53:11.031 AM ET,1.370,102,140,Ask,Nasdaq GSM,
02:49:35.573 PM ET,1.425,102,145,Mid,NYSE,
03:02:51.917 PM ET,1.420,102,145,Bid,Cboe BYX,Inter Mkt Swp; Trade Thru Exmpt
03:20:40.259 PM ET,1.420,102,145,Ask,MEMX,Inter Mkt Swp
03:46:21.304 PM ET,1.415,102,144,Mid,Off Exchange,
03:46:52.989 PM ET,1.420,102,145,Ask,NYSE,
10:47:27.233 AM ET,1.355,101,137,Mid,Cboe BYX,Inter Mkt Swp; Trade Thru Exmpt
02:26:12.333 PM ET,1.380,101,139,Ask,Off Exchange,
03:02:51.915 PM ET,1.435,101,145,Mid,Cboe BZX,
03:02:51.916 PM ET,1.435,101,145,Mid,Nasdaq GSM,
03:41:00.994 PM ET,1.410,101,142,Ask,Cboe BZX,Inter Mkt Swp; Trade Thru Exmpt
03:54:34.525 PM ET,1.415,101,143,Mid,Nasdaq GSM,
09:30:00.878 AM ET,1.260,100,126,Mid,NYSE,Inter Mkt Swp; Trade Thru Exmpt
09:30:04.746 AM ET,1.240,100,124,Mid,Cboe EDGA,
09:30:06.331 AM ET,1.235,100,124,Mid,Off Exchange,
09:30:10.206 AM ET,1.235,100,124,Mid,Off Exchange,
09:30:14.806 AM ET,1.235,100,124,Mid,Off Exchange,
09:30:19.065 AM ET,1.250,100,125,Ask,NYSE,
09:30:19.066 AM ET,1.250,100,125,Ask,NYSE,Inter Mkt Swp; Trade Thru Exmpt
09:30:19.066 AM ET,1.250,100,125,Ask,IEX,
09:32:01.457 AM ET,1.260,100,126,Ask,NYSE,Inter Mkt Swp; Trade Thru Exmpt
09:32:01.457 AM ET,1.260,100,126,Ask,Cboe EDGX,
09:32:01.461 AM ET,1.265,100,127,Ask,Off Exchange,
09:32:10.647 AM ET,1.261,100,126,Mid,Off Exchange,
09:32:29.112 AM ET,1.265,100,127,Mid,Off Exchange,
09:32:29.113 AM ET,1.265,100,127,Mid,Off Exchange,
09:33:39.044 AM ET,1.270,100,127,Bid,NYSE,Inter Mkt Swp; Trade Thru Exmpt
09:33:39.044 AM ET,1.270,100,127,Bid,Nasdaq GSM,Inter Mkt Swp; Trade Thru Exmpt
09:33:40.022 AM ET,1.280,100,128,Bid,NYSE,
09:33:40.663 AM ET,1.280,100,128,Bid,IEX,
09:33:41.337 AM ET,1.285,100,129,Mid,Cboe BZX,Inter Mkt Swp; Trade Thru Exmpt
09:34:01.016 AM ET,1.285,100,129,Mid,IEX,
09:34:01.017 AM ET,1.285,100,129,Mid,Off Exchange,
09:34:01.018 AM ET,1.285,100,129,Mid,IEX,
09:35:08.239 AM ET,1.285,100,129,Mid,Off Exchange,
09:35:08.521 AM ET,1.280,100,128,Bid,Nasdaq BX,Inter Mkt Swp; Trade Thru Exmpt
09:35:10.194 AM ET,1.280,100,128,Bid,Nasdaq BX,Inter Mkt Swp; Trade Thru Exmpt
09:35:10.196 AM ET,1.280,100,128,Bid,Cboe EDGA,
09:38:46.001 AM ET,1.280,100,128,Bid,Nasdaq BX,Inter Mkt Swp; Trade Thru Exmpt
09:38:46.041 AM ET,1.285,100,129,Mid,IEX,
09:38:47.123 AM ET,1.285,100,129,Mid,Off Exchange,
09:40:41.342 AM ET,1.285,100,129,Mid,Off Exchange,
09:41:04.771 AM ET,1.280,100,128,Mid,Off Exchange,
09:42:13.045 AM ET,1.290,100,129,Bid,Cboe BZX,Inter Mkt Swp; Trade Thru Exmpt
09:42:13.045 AM ET,1.290,100,129,Bid,Cboe EDGX,Inter Mkt Swp; Trade Thru Exmpt
09:42:13.045 AM ET,1.290,100,129,Bid,Nasdaq GSM,Inter Mkt Swp; Trade Thru Exmpt
09:42:22.846 AM ET,1.290,100,129,Ask,Cboe BZX,Inter Mkt Swp; Trade Thru Exmpt
09:42:22.846 AM ET,1.290,100,129,Ask,NYSE,Inter Mkt Swp; Trade Thru Exmpt
09:43:03.110 AM ET,1.290,100,129,Bid,NYSE Arca,Inter Mkt Swp; Trade Thru Exmpt
09:43:03.110 AM ET,1.290,100,129,Bid,Cboe BZX,Inter Mkt Swp; Trade Thru Exmpt
09:43:03.110 AM ET,1.290,100,129,Bid,NYSE,
09:45:29.887 AM ET,1.300,100,130,Bid,NYSE,Inter Mkt Swp; Trade Thru Exmpt
09:46:00.727 AM ET,1.300,100,130,Bid,Nasdaq GSM,
09:48:59.459 AM ET,1.305,100,131,Mid,Off Exchange,
09:48:59.475 AM ET,1.305,100,131,Mid,IEX,
09:48:59.476 AM ET,1.305,100,131,Mid,Off Exchange,
09:48:59.476 AM ET,1.305,100,131,Mid,IEX,
09:50:19.572 AM ET,1.305,100,131,Mid,NYSE,
09:50:33.341 AM ET,1.310,100,131,Bid,NYSE,Inter Mkt Swp; Trade Thru Exmpt
09:50:33.341 AM ET,1.310,100,131,Bid,MIAX Pearl,
09:50:33.341 AM ET,1.310,100,131,Bid,Nasdaq GSM,Inter Mkt Swp; Trade Thru Exmpt
09:54:02.855 AM ET,1.310,100,131,Ask,Nasdaq BX,Inter Mkt Swp; Trade Thru Exmpt
09:54:02.856 AM ET,1.310,100,131,Ask,MIAX Pearl,Inter Mkt Swp; Trade Thru Exmpt
09:54:02.856 AM ET,1.310,100,131,Ask,Cboe BZX,Inter Mkt Swp; Trade Thru Exmpt
09:54:05.947 AM ET,1.305,100,131,Mid,Cboe BZX,
09:54:05.947 AM ET,1.305,100,131,Mid,NYSE,
09:55:18.641 AM ET,1.310,100,131,Bid,NYSE,
09:55:18.641 AM ET,1.310,100,131,Bid,Nasdaq GSM,
10:00:22.335 AM ET,1.310,100,131,Bid,NYSE National,
10:00:22.335 AM ET,1.310,100,131,Bid,Nasdaq BX,Inter Mkt Swp; Trade Thru Exmpt
10:00:22.336 AM ET,1.310,100,131,Bid,Nasdaq BX,Inter Mkt Swp; Trade Thru Exmpt
10:02:01.095 AM ET,1.310,100,131,Bid,Nasdaq BX,Inter Mkt Swp; Trade Thru Exmpt
10:04:12.073 AM ET,1.310,100,131,Bid,Off Exchange,
10:05:00.673 AM ET,1.310,100,131,Bid,Off Exchange,
10:05:21.713 AM ET,1.310,100,131,Bid,Off Exchange,
10:06:26.053 AM ET,1.310,100,131,Bid,Off Exchange,
10:06:32.633 AM ET,1.310,100,131,Bid,Off Exchange,
10:07:14.255 AM ET,1.310,100,131,Bid,Off Exchange,
10:08:20.573 AM ET,1.315,100,132,Mid,Off Exchange,
10:09:00.206 AM ET,1.315,100,132,Mid,Off Exchange,
10:09:25.454 AM ET,1.315,100,132,Mid,Off Exchange,
10:10:07.080 AM ET,1.315,100,132,Mid,IEX,
10:10:24.753 AM ET,1.310,100,131,Bid,Off Exchange,
10:11:11.937 AM ET,1.315,100,132,Mid,Off Exchange,
10:11:15.534 AM ET,1.310,100,131,Bid,Off Exchange,
10:11:26.342 AM ET,1.310,100,131,Bid,Off Exchange,
10:12:12.206 AM ET,1.315,100,132,Mid,NYSE,
10:12:17.007 AM ET,1.315,100,132,Mid,Off Exchange,
10:12:17.071 AM ET,1.315,100,132,Mid,Off Exchange,
10:12:18.890 AM ET,1.320,100,132,Bid,NYSE American,Inter Mkt Swp; Trade Thru Exmpt
10:12:18.890 AM ET,1.320,100,132,Bid,NYSE Arca,Inter Mkt Swp; Trade Thru Exmpt
10:12:18.890 AM ET,1.320,100,132,Bid,Cboe EDGX,
10:12:18.890 AM ET,1.320,100,132,Bid,Cboe BZX,
10:12:18.890 AM ET,1.320,100,132,Bid,NYSE,
10:12:18.890 AM ET,1.320,100,132,Bid,MIAX Pearl,
10:12:18.890 AM ET,1.320,100,132,Bid,Nasdaq GSM,Inter Mkt Swp; Trade Thru Exmpt
10:12:18.893 AM ET,1.320,100,132,Bid,Off Exchange,
10:12:18.894 AM ET,1.320,100,132,Bid,Off Exchange,
10:12:18.895 AM ET,1.320,100,132,Bid,Off Exchange,
10:12:18.896 AM ET,1.320,100,132,Bid,Off Exchange,
10:12:24.720 AM ET,1.325,100,133,Mid,NYSE,
10:12:24.720 AM ET,1.325,100,133,Mid,NYSE Arca,
10:12:24.720 AM ET,1.325,100,133,Mid,Nasdaq GSM,
10:12:24.791 AM ET,1.325,100,133,Mid,Off Exchange,
10:12:25.434 AM ET,1.325,100,133,Mid,Off Exchange,
10:12:44.941 AM ET,1.320,100,132,Bid,NYSE,Inter Mkt Swp; Trade Thru Exmpt
10:12:44.942 AM ET,1.320,100,132,Bid,Nasdaq GSM,Inter Mkt Swp; Trade Thru Exmpt
10:14:16.652 AM ET,1.320,100,132,Ask,NYSE,Inter Mkt Swp; Trade Thru Exmpt
10:14:16.652 AM ET,1.320,100,132,Ask,Nasdaq PHLX,Inter Mkt Swp; Trade Thru Exmpt
10:14:16.653 AM ET,1.315,100,132,Mid,IEX,
10:14:16.656 AM ET,1.320,100,132,Ask,Off Exchange,
10:14:16.804 AM ET,1.315,100,132,Mid,IEX,
10:14:44.040 AM ET,1.315,100,132,Mid,IEX,
10:16:11.800 AM ET,1.315,100,132,Mid,Off Exchange,
10:16:28.513 AM ET,1.315,100,132,Mid,Off Exchange,
10:17:42.459 AM ET,1.320,100,132,Bid,NYSE,Inter Mkt Swp; Trade Thru Exmpt
10:17:42.459 AM ET,1.320,100,132,Bid,Nasdaq GSM,Inter Mkt Swp; Trade Thru Exmpt
10:17:42.460 AM ET,1.320,100,132,Bid,Off Exchange,
10:17:42.461 AM ET,1.320,100,132,Bid,Off Exchange,
10:17:42.467 AM ET,1.320,100,132,Bid,Off Exchange,
10:18:41.454 AM ET,1.330,100,133,Bid,NYSE,Inter Mkt Swp; Trade Thru Exmpt
10:18:41.454 AM ET,1.330,100,133,Bid,Off Exchange,
10:18:41.461 AM ET,1.330,100,133,Bid,Off Exchange,
10:22:27.251 AM ET,1.335,100,134,Mid,Off Exchange,
10:22:47.643 AM ET,1.335,100,134,Mid,NYSE Arca,
10:25:18.290 AM ET,1.335,100,134,Mid,NYSE,
10:26:27.206 AM ET,1.335,100,134,Mid,Off Exchange,
10:26:58.817 AM ET,1.335,100,134,Mid,Off Exchange,
10:29:04.826 AM ET,1.335,100,134,Mid,NYSE,
10:29:38.774 AM ET,1.330,100,133,Bid,Off Exchange,
10:30:08.791 AM ET,1.335,100,134,Mid,Nasdaq GSM,
10:30:57.673 AM ET,1.330,100,133,Bid,Off Exchange,
10:31:26.024 AM ET,1.335,100,134,Mid,Nasdaq GSM,
10:31:55.113 AM ET,1.330,100,133,Bid,Off Exchange,
10:31:59.573 AM ET,1.330,100,133,Bid,Off Exchange,
10:33:07.333 AM ET,1.330,100,133,Bid,Off Exchange,
10:33:36.870 AM ET,1.335,100,134,Mid,Off Exchange,
10:34:17.113 AM ET,1.330,100,133,Bid,Off Exchange,
10:35:23.453 AM ET,1.330,100,133,Bid,Off Exchange,
10:36:23.793 AM ET,1.330,100,133,Bid,Off Exchange,
10:37:04.174 AM ET,1.330,100,133,Bid,Off Exchange,
10:37:24.733 AM ET,1.330,100,133,Bid,Off Exchange,
10:37:33.203 AM ET,1.338,100,134,Mid,Off Exchange,
10:38:08.613 AM ET,1.340,100,134,Bid,Off Exchange,
10:38:08.614 AM ET,1.340,100,134,Bid,MEMX,Inter Mkt Swp
10:38:08.614 AM ET,1.340,100,134,Bid,Cboe EDGX,Inter Mkt Swp; Trade Thru Exmpt
10:38:08.614 AM ET,1.340,100,134,Bid,NYSE,Inter Mkt Swp; Trade Thru Exmpt
10:38:08.614 AM ET,1.340,100,134,Bid,NYSE Arca,Inter Mkt Swp; Trade Thru Exmpt
10:38:08.614 AM ET,1.340,100,134,Bid,IEX,
10:38:08.614 AM ET,1.340,100,134,Bid,MIAX Pearl,Inter Mkt Swp; Trade Thru Exmpt
10:38:08.614 AM ET,1.340,100,134,Bid,Nasdaq GSM,Inter Mkt Swp; Trade Thru Exmpt
10:38:46.959 AM ET,1.350,100,135,Bid,NYSE American,Inter Mkt Swp; Trade Thru Exmpt
10:38:46.959 AM ET,1.350,100,135,Bid,Nasdaq GSM,Inter Mkt Swp; Trade Thru Exmpt
10:38:46.959 AM ET,1.350,100,135,Bid,MIAX Pearl,
10:39:16.979 AM ET,1.355,100,136,Mid,Nasdaq GSM,
10:39:27.041 AM ET,1.355,100,136,Mid,Off Exchange,
10:39:39.854 AM ET,1.355,100,136,Mid,Off Exchange,
10:40:02.726 AM ET,1.355,100,136,Mid,Off Exchange,
10:40:03.108 AM ET,1.355,100,136,Mid,Off Exchange,
10:40:03.109 AM ET,1.355,100,136,Mid,Off Exchange,
10:40:03.111 AM ET,1.355,100,136,Mid,Off Exchange,
10:41:05.231 AM ET,1.355,100,136,Mid,Nasdaq GSM,
10:42:10.945 AM ET,1.360,100,136,Ask,Nasdaq GSM,
10:42:10.945 AM ET,1.355,100,136,Mid,NYSE,
10:42:10.945 AM ET,1.355,100,136,Mid,MEMX,
10:42:10.946 AM ET,1.360,100,136,Ask,IEX,
10:42:10.946 AM ET,1.355,100,136,Mid,MIAX Pearl,
10:42:10.964 AM ET,1.360,100,136,Ask,Cboe EDGA,
10:42:36.790 AM ET,1.355,100,136,Mid,NYSE Arca,
10:42:36.790 AM ET,1.355,100,136,Mid,NYSE,
10:42:36.791 AM ET,1.355,100,136,Mid,Nasdaq GSM,
10:42:36.793 AM ET,1.360,100,136,Ask,Off Exchange,
10:45:49.437 AM ET,1.355,100,136,Mid,Cboe EDGX,
10:47:19.934 AM ET,1.350,100,135,Bid,Off Exchange,
10:47:22.606 AM ET,1.355,100,136,Mid,Off Exchange,
10:47:22.619 AM ET,1.355,100,136,Mid,Off Exchange,
10:47:22.633 AM ET,1.355,100,136,Mid,Off Exchange,
10:47:22.644 AM ET,1.355,100,136,Mid,Off Exchange,
10:47:22.656 AM ET,1.355,100,136,Mid,Off Exchange,
10:47:22.671 AM ET,1.355,100,136,Mid,Off Exchange,
10:47:22.673 AM ET,1.355,100,136,Mid,IEX,
10:47:22.692 AM ET,1.355,100,136,Mid,Off Exchange,
10:47:22.717 AM ET,1.355,100,136,Mid,Off Exchange,
10:47:22.730 AM ET,1.355,100,136,Mid,Off Exchange,
10:47:22.748 AM ET,1.355,100,136,Mid,Cboe EDGX,
10:47:22.821 AM ET,1.355,100,136,Mid,Off Exchange,
10:47:22.837 AM ET,1.355,100,136,Mid,Off Exchange,
10:47:22.839 AM ET,1.355,100,136,Mid,Off Exchange,
10:47:27.233 AM ET,1.355,100,136,Mid,NYSE Arca,
10:47:27.233 AM ET,1.355,100,136,Mid,NYSE,
10:47:27.233 AM ET,1.355,100,136,Mid,IEX,
10:47:27.233 AM ET,1.355,100,136,Mid,Cboe BZX,
10:47:27.233 AM ET,1.350,100,135,Bid,Cboe BYX,Inter Mkt Swp; Trade Thru Exmpt
10:47:27.234 AM ET,1.350,100,135,Bid,MEMX,Inter Mkt Swp
10:47:27.234 AM ET,1.350,100,135,Bid,Cboe EDGA,Inter Mkt Swp; Trade Thru Exmpt
10:47:27.234 AM ET,1.350,100,135,Bid,NYSE,Inter Mkt Swp; Trade Thru Exmpt
10:47:27.234 AM ET,1.350,100,135,Bid,MIAX Pearl,Inter Mkt Swp; Trade Thru Exmpt
10:47:27.234 AM ET,1.350,100,135,Bid,Nasdaq GSM,Inter Mkt Swp; Trade Thru Exmpt
10:47:27.236 AM ET,1.350,100,135,Bid,Nasdaq GSM,
10:47:27.237 AM ET,1.350,100,135,Bid,NYSE Arca,Inter Mkt Swp; Trade Thru Exmpt
10:47:27.461 AM ET,1.355,100,136,Mid,Off Exchange,
10:47:54.534 AM ET,1.355,100,136,Mid,Off Exchange,
10:47:54.631 AM ET,1.360,100,136,Bid,NYSE American,Inter Mkt Swp; Trade Thru Exmpt
10:47:54.631 AM ET,1.360,100,136,Bid,NYSE Arca,Inter Mkt Swp; Trade Thru Exmpt
10:47:54.631 AM ET,1.360,100,136,Bid,NYSE,Inter Mkt Swp; Trade Thru Exmpt
10:47:54.631 AM ET,1.360,100,136,Bid,Cboe BZX,Inter Mkt Swp; Trade Thru Exmpt
10:47:54.631 AM ET,1.360,100,136,Bid,Nasdaq GSM,Inter Mkt Swp; Trade Thru Exmpt
10:47:54.632 AM ET,1.360,100,136,Bid,Off Exchange,
10:47:54.638 AM ET,1.360,100,136,Bid,Off Exchange,
10:47:54.846 AM ET,1.365,100,137,Mid,Off Exchange,
10:48:22.328 AM ET,1.365,100,137,Mid,IEX,
10:49:11.031 AM ET,1.370,100,137,Bid,NYSE Arca,Inter Mkt Swp; Trade Thru Exmpt
10:49:11.031 AM ET,1.370,100,137,Bid,MEMX,Inter Mkt Swp
10:49:11.032 AM ET,1.370,100,137,Bid,IEX,
10:49:15.153 AM ET,1.375,100,138,Ask,Cboe BZX,
10:49:15.159 AM ET,1.375,100,138,Ask,NYSE,
10:49:15.159 AM ET,1.370,100,137,Ask,Cboe BYX,Inter Mkt Swp; Trade Thru Exmpt
10:49:15.160 AM ET,1.370,100,137,Ask,Nasdaq GSM,
10:49:15.160 AM ET,1.370,100,137,Ask,Cboe EDGX,
10:49:15.160 AM ET,1.370,100,137,Ask,Off Exchange,
10:49:15.169 AM ET,1.365,100,137,Mid,IEX,
10:49:15.217 AM ET,1.365,100,137,Mid,IEX,
10:50:24.664 AM ET,1.365,100,137,Mid,IEX,
10:50:38.225 AM ET,1.365,100,137,Mid,Off Exchange,
10:51:39.245 AM ET,1.370,100,137,Ask,Off Exchange,
10:51:53.347 AM ET,1.370,100,137,Bid,NYSE,
10:51:53.347 AM ET,1.370,100,137,Bid,Cboe BZX,
10:51:53.347 AM ET,1.370,100,137,Bid,MEMX,
10:51:53.347 AM ET,1.370,100,137,Bid,NYSE Arca,
10:51:53.348 AM ET,1.370,100,137,Bid,Off Exchange,
10:51:53.350 AM ET,1.370,100,137,Bid,Off Exchange,
10:51:53.451 AM ET,1.375,100,138,Mid,Off Exchange,
10:52:32.656 AM ET,1.375,100,138,Mid,Off Exchange,
10:52:42.641 AM ET,1.375,100,138,Mid,Off Exchange,
10:52:53.357 AM ET,1.375,100,138,Mid,NYSE Arca,
10:52:53.359 AM ET,1.375,100,138,Mid,NYSE,
10:52:53.359 AM ET,1.375,100,138,Mid,Cboe EDGX,
10:52:54.268 AM ET,1.375,100,138,Mid,NYSE Arca,
10:53:11.030 AM ET,1.370,100,137,Ask,Cboe BYX,Inter Mkt Swp; Trade Thru Exmpt
10:53:11.030 AM ET,1.375,100,138,Ask,Nasdaq GSM,
10:53:11.031 AM ET,1.370,100,137,Ask,Nasdaq GSM,
10:53:11.031 AM ET,1.370,100,137,Ask,NYSE,
10:53:11.031 AM ET,1.370,100,137,Ask,NYSE,Inter Mkt Swp; Trade Thru Exmpt
10:53:11.031 AM ET,1.370,100,137,Ask,NYSE Arca,Inter Mkt Swp; Trade Thru Exmpt
10:53:11.031 AM ET,1.370,100,137,Ask,IEX,
10:53:11.031 AM ET,1.375,100,138,Ask,Nasdaq GSM,
10:53:11.031 AM ET,1.370,100,137,Ask,Cboe BZX,Inter Mkt Swp; Trade Thru Exmpt
10:53:11.031 AM ET,1.375,100,138,Ask,NYSE Arca,
10:53:11.031 AM ET,1.370,100,137,Ask,Nasdaq PHLX,Inter Mkt Swp; Trade Thru Exmpt
10:53:11.032 AM ET,1.370,100,137,Ask,Nasdaq GSM,
10:53:11.032 AM ET,1.370,100,137,Ask,Cboe BZX,
10:53:16.650 AM ET,1.365,100,137,Mid,Nasdaq GSM,
10:57:14.021 AM ET,1.365,100,137,Mid,NYSE Arca,
10:57:14.021 AM ET,1.365,100,137,Mid,NYSE,
10:57:14.021 AM ET,1.365,100,137,Mid,Nasdaq GSM,
10:58:14.061 AM ET,1.370,100,137,Bid,Cboe EDGX,
10:58:14.061 AM ET,1.370,100,137,Bid,NYSE American,Inter Mkt Swp; Trade Thru Exmpt
10:58:14.061 AM ET,1.370,100,137,Bid,NYSE Arca,Inter Mkt Swp; Trade Thru Exmpt
10:58:14.061 AM ET,1.370,100,137,Bid,MEMX,Inter Mkt Swp
10:58:14.061 AM ET,1.370,100,137,Bid,NYSE,Inter Mkt Swp; Trade Thru Exmpt
10:58:14.061 AM ET,1.370,100,137,Bid,Cboe BZX,Inter Mkt Swp; Trade Thru Exmpt
10:58:14.061 AM ET,1.370,100,137,Bid,MIAX Pearl,
10:58:14.062 AM ET,1.370,100,137,Bid,Nasdaq GSM,Inter Mkt Swp; Trade Thru Exmpt
10:58:14.062 AM ET,1.370,100,137,Bid,Off Exchange,
11:00:21.649 AM ET,1.372,100,137,Mid,Off Exchange,
11:04:49.129 AM ET,1.370,100,137,Bid,Off Exchange,
11:04:49.216 AM ET,1.370,100,137,Ask,NYSE Arca,Inter Mkt Swp; Trade Thru Exmpt
11:04:49.216 AM ET,1.370,100,137,Ask,NYSE,Inter Mkt Swp; Trade Thru Exmpt
11:04:49.217 AM ET,1.370,100,137,Ask,NYSE,Inter Mkt Swp; Trade Thru Exmpt
11:04:49.217 AM ET,1.370,100,137,Ask,MEMX,Inter Mkt Swp
11:04:49.217 AM ET,1.370,100,137,Ask,Nasdaq GSM,Inter Mkt Swp; Trade Thru Exmpt
11:04:49.217 AM ET,1.370,100,137,Ask,Nasdaq PHLX,Inter Mkt Swp; Trade Thru Exmpt
11:04:49.217 AM ET,1.370,100,137,Ask,Cboe EDGX,Inter Mkt Swp; Trade Thru Exmpt
11:04:49.217 AM ET,1.370,100,137,Ask,Cboe BZX,Inter Mkt Swp; Trade Thru Exmpt
11:04:49.217 AM ET,1.365,100,137,Mid,NYSE,
11:04:49.217 AM ET,1.370,100,137,Ask,NYSE,
11:04:49.218 AM ET,1.370,100,137,Ask,MIAX Pearl,
11:04:49.218 AM ET,1.370,100,137,Ask,Off Exchange,
11:04:49.222 AM ET,1.365,100,137,Mid,Off Exchange,
11:04:50.124 AM ET,1.365,100,137,Mid,Off Exchange,
11:04:51.852 AM ET,1.370,100,137,Ask,Nasdaq GSM,Inter Mkt Swp; Trade Thru Exmpt
11:06:53.593 AM ET,1.370,100,137,Bid,Nasdaq BX,Inter Mkt Swp; Trade Thru Exmpt
11:08:33.833 AM ET,1.370,100,137,Bid,IEX,
11:09:00.160 AM ET,1.370,100,137,Mid,Off Exchange,Avg Price
11:09:00.305 AM ET,1.375,100,138,Mid,Cboe BYX,
11:09:00.305 AM ET,1.375,100,138,Mid,NYSE,
11:09:00.305 AM ET,1.380,100,138,Ask,Cboe BZX,Inter Mkt Swp; Trade Thru Exmpt
11:09:00.305 AM ET,1.380,100,138,Ask,MEMX,Inter Mkt Swp
11:09:00.305 AM ET,1.380,100,138,Ask,Cboe EDGX,Inter Mkt Swp; Trade Thru Exmpt
11:09:00.305 AM ET,1.380,100,138,Ask,NYSE American,Inter Mkt Swp; Trade Thru Exmpt
11:09:00.305 AM ET,1.375,100,138,Mid,NYSE Arca,
11:09:00.305 AM ET,1.380,100,138,Ask,NYSE,Inter Mkt Swp; Trade Thru Exmpt
11:09:00.305 AM ET,1.380,100,138,Ask,MIAX Pearl,Inter Mkt Swp; Trade Thru Exmpt
11:09:00.305 AM ET,1.375,100,138,Mid,Nasdaq GSM,Inter Mkt Swp; Trade Thru Exmpt
11:09:00.305 AM ET,1.380,100,138,Ask,Nasdaq GSM,Inter Mkt Swp; Trade Thru Exmpt
11:09:00.306 AM ET,1.380,100,138,Ask,Nasdaq GSM,Inter Mkt Swp; Trade Thru Exmpt
11:09:00.306 AM ET,1.380,100,138,Ask,IEX,
11:09:00.306 AM ET,1.380,100,138,Ask,Off Exchange,
11:09:00.314 AM ET,1.380,100,138,Ask,NYSE,Inter Mkt Swp; Trade Thru Exmpt
11:09:00.314 AM ET,1.380,100,138,Ask,Cboe EDGX,Inter Mkt Swp; Trade Thru Exmpt
11:09:00.314 AM ET,1.380,100,138,Ask,Nasdaq GSM,Inter Mkt Swp; Trade Thru Exmpt
11:09:19.590 AM ET,1.390,100,139,Ask,NYSE,Inter Mkt Swp; Trade Thru Exmpt
11:09:19.590 AM ET,1.390,100,139,Ask,NYSE American,Inter Mkt Swp; Trade Thru Exmpt
11:09:19.590 AM ET,1.390,100,139,Ask,MEMX,Inter Mkt Swp
11:09:19.590 AM ET,1.390,100,139,Ask,MIAX Pearl,Inter Mkt Swp; Trade Thru Exmpt
11:10:53.818 AM ET,1.395,100,140,Mid,Off Exchange,
11:10:58.222 AM ET,1.400,100,140,Ask,NYSE,Inter Mkt Swp; Trade Thru Exmpt
11:10:58.222 AM ET,1.400,100,140,Ask,NYSE Arca,Inter Mkt Swp; Trade Thru Exmpt
11:10:58.222 AM ET,1.400,100,140,Ask,Cboe BZX,Inter Mkt Swp; Trade Thru Exmpt
11:10:58.222 AM ET,1.400,100,140,Ask,MEMX,Inter Mkt Swp
11:10:58.223 AM ET,1.400,100,140,Ask,NYSE,Inter Mkt Swp; Trade Thru Exmpt
11:10:58.223 AM ET,1.400,100,140,Ask,NYSE,
11:10:58.324 AM ET,1.400,100,140,Bid,NYSE Arca,Inter Mkt Swp; Trade Thru Exmpt
11:10:58.324 AM ET,1.405,100,141,Mid,Cboe BZX,Inter Mkt Swp; Trade Thru Exmpt
11:11:21.321 AM ET,1.395,100,140,Mid,Off Exchange,
11:11:22.018 AM ET,1.395,100,140,Mid,Off Exchange,
11:11:56.792 AM ET,1.395,100,140,Mid,NYSE,
11:11:57.331 AM ET,1.395,100,140,Mid,NYSE Arca,
11:11:57.331 AM ET,1.395,100,140,Mid,NYSE,
11:11:57.331 AM ET,1.390,100,139,Bid,NYSE American,Inter Mkt Swp; Trade Thru Exmpt
11:11:57.331 AM ET,1.390,100,139,Bid,NYSE,Inter Mkt Swp; Trade Thru Exmpt
11:11:57.331 AM ET,1.395,100,140,Mid,Nasdaq GSM,
11:11:57.332 AM ET,1.390,100,139,Bid,NYSE American,Inter Mkt Swp; Trade Thru Exmpt
11:13:00.486 AM ET,1.385,100,139,Mid,Cboe BZX,
11:13:54.167 AM ET,1.385,100,139,Mid,Cboe BZX,
11:14:36.046 AM ET,1.385,100,139,Mid,NYSE,
11:15:44.017 AM ET,1.385,100,139,Mid,NYSE Arca,
11:16:00.170 AM ET,1.393,100,139,Ask,Off Exchange,Avg Price; Deriv Priced; Trade Thru Exmpt
11:16:02.818 AM ET,1.393,100,139,Ask,Off Exchange,Avg Price; Deriv Priced; Trade Thru Exmpt
11:16:13.366 AM ET,1.393,100,139,Ask,Off Exchange,Avg Price; Deriv Priced; Trade Thru Exmpt
11:17:30.774 AM ET,1.385,100,139,Mid,NYSE,
11:18:23.207 AM ET,1.385,100,139,Mid,NYSE,
11:19:18.066 AM ET,1.385,100,139,Mid,NYSE,
11:19:18.067 AM ET,1.385,100,139,Mid,NYSE,
11:20:36.614 AM ET,1.380,100,138,Bid,Off Exchange,
11:20:39.548 AM ET,1.385,100,139,Mid,Off Exchange,Avg Price
11:20:56.048 AM ET,1.385,100,139,Mid,NYSE,
11:21:05.720 AM ET,1.385,100,138,Mid,Off Exchange,Avg Price
11:21:29.780 AM ET,1.384,100,138,Mid,Off Exchange,Avg Price
11:21:43.234 AM ET,1.380,100,138,Bid,Off Exchange,
11:22:37.201 AM ET,1.385,100,139,Mid,Nasdaq GSM,
11:22:43.193 AM ET,1.380,100,138,Bid,Off Exchange,
11:22:46.446 AM ET,1.385,100,139,Mid,NYSE,
11:22:48.193 AM ET,1.380,100,138,Bid,Off Exchange,
11:23:42.333 AM ET,1.380,100,138,Bid,Off Exchange,
11:24:05.394 AM ET,1.380,100,138,Bid,Off Exchange,
11:24:34.130 AM ET,1.385,100,139,Mid,Nasdaq GSM,
11:24:48.328 AM ET,1.380,100,138,Bid,IEX,
11:24:48.339 AM ET,1.380,100,138,Bid,Off Exchange,
11:25:23.127 AM ET,1.385,100,139,Mid,Nasdaq GSM,
11:25:25.554 AM ET,1.380,100,138,Bid,Off Exchange,
11:25:37.992 AM ET,1.385,100,139,Mid,Off Exchange,
11:26:00.131 AM ET,1.380,100,138,Bid,Off Exchange,
11:26:33.171 AM ET,1.383,100,138,Mid,Off Exchange,Avg Price
11:26:36.326 AM ET,1.385,100,139,Mid,NYSE,
11:26:37.354 AM ET,1.380,100,138,Bid,Off Exchange,
11:28:02.893 AM ET,1.380,100,138,Bid,Off Exchange,
11:28:32.446 AM ET,1.385,100,139,Mid,NYSE,
11:28:50.233 AM ET,1.380,100,138,Bid,Off Exchange,
11:29:06.094 AM ET,1.380,100,138,Bid,Off Exchange,
11:29:16.293 AM ET,1.380,100,138,Bid,Off Exchange,
11:29:50.257 AM ET,1.380,100,138,Bid,Off Exchange,
11:30:17.946 AM ET,1.385,100,139,Mid,NYSE,
11:30:37.053 AM ET,1.380,100,138,Bid,Off Exchange,
11:30:45.071 AM ET,1.385,100,139,Mid,IEX,
11:31:39.234 AM ET,1.380,100,138,Bid,Off Exchange,
11:32:21.078 AM ET,1.385,100,139,Mid,Nasdaq GSM,
11:32:55.137 AM ET,1.385,100,139,Mid,Off Exchange,
11:33:05.394 AM ET,1.380,100,138,Bid,Off Exchange,
11:34:21.194 AM ET,1.380,100,138,Bid,Off Exchange,
11:34:50.514 AM ET,1.380,100,138,Bid,Off Exchange,
11:34:53.014 AM ET,1.380,100,138,Bid,Off Exchange,
11:35:10.067 AM ET,1.385,100,139,Mid,Off Exchange,
11:35:39.325 AM ET,1.380,100,138,Bid,NYSE,Inter Mkt Swp; Trade Thru Exmpt
11:35:42.093 AM ET,1.380,100,138,Bid,Off Exchange,
11:35:48.126 AM ET,1.380,100,138,Bid,Off Exchange,
11:36:21.630 AM ET,1.380,100,138,Bid,Cboe BYX,Inter Mkt Swp; Trade Thru Exmpt
11:36:45.748 AM ET,1.380,100,138,Ask,Off Exchange,
11:36:45.757 AM ET,1.380,100,138,Ask,NYSE,Inter Mkt Swp; Trade Thru Exmpt
11:36:45.757 AM ET,1.380,100,138,Ask,NYSE American,Inter Mkt Swp; Trade Thru Exmpt
11:36:45.757 AM ET,1.380,100,138,Ask,NYSE American,
11:36:45.757 AM ET,1.380,100,138,Ask,MEMX,Inter Mkt Swp
11:36:45.757 AM ET,1.380,100,138,Ask,Cboe BZX,Inter Mkt Swp; Trade Thru Exmpt
11:36:45.757 AM ET,1.380,100,138,Ask,Cboe EDGA,Inter Mkt Swp; Trade Thru Exmpt
11:36:45.757 AM ET,1.380,100,138,Ask,Cboe EDGA,
11:36:45.757 AM ET,1.380,100,138,Ask,Nasdaq PHLX,Inter Mkt Swp; Trade Thru Exmpt
11:36:45.757 AM ET,1.380,100,138,Ask,Nasdaq GSM,Inter Mkt Swp; Trade Thru Exmpt
11:36:45.757 AM ET,1.380,100,138,Ask,Nasdaq PHLX,
11:36:45.758 AM ET,1.380,100,138,Ask,Cboe EDGA,Inter Mkt Swp; Trade Thru Exmpt
11:36:45.780 AM ET,1.380,100,138,Ask,Off Exchange,
11:36:46.757 AM ET,1.375,100,138,Mid,NYSE,
11:36:46.757 AM ET,1.380,100,138,Ask,MIAX Pearl,
11:36:46.757 AM ET,1.380,100,138,Ask,Nasdaq GSM,
11:36:46.758 AM ET,1.380,100,138,Ask,Off Exchange,
11:36:47.120 AM ET,1.380,100,138,Ask,NYSE,
11:36:49.033 AM ET,1.380,100,138,Ask,NYSE,
11:36:49.155 AM ET,1.375,100,138,Mid,Off Exchange,
11:36:54.175 AM ET,1.370,100,137,Bid,Off Exchange,
11:38:14.539 AM ET,1.375,100,138,Mid,Off Exchange,
11:39:33.273 AM ET,1.370,100,137,Bid,Off Exchange,
11:40:05.563 AM ET,1.375,100,138,Mid,NYSE,
11:40:54.573 AM ET,1.370,100,137,Bid,Off Exchange,
11:41:03.373 AM ET,1.370,100,137,Bid,Off Exchange,
11:41:03.692 AM ET,1.370,100,137,Bid,NYSE,Inter Mkt Swp; Trade Thru Exmpt
11:41:46.654 AM ET,1.370,100,137,Bid,Off Exchange,
11:42:00.578 AM ET,1.372,100,137,Mid,Off Exchange,Avg Price
11:42:01.620 AM ET,1.372,100,137,Mid,Off Exchange,Avg Price
11:42:09.074 AM ET,1.370,100,137,Bid,Off Exchange,
11:42:13.726 AM ET,1.375,100,138,Mid,NYSE,
11:43:22.810 AM ET,1.372,100,137,Mid,Off Exchange,Avg Price
11:43:29.754 AM ET,1.370,100,137,Bid,Off Exchange,
11:44:46.113 AM ET,1.370,100,137,Bid,Off Exchange,
11:45:59.274 AM ET,1.370,100,137,Bid,Off Exchange,
11:46:17.875 AM ET,1.370,100,137,Bid,Off Exchange,
11:47:13.242 AM ET,1.375,100,138,Mid,NYSE Arca,
11:47:13.242 AM ET,1.375,100,138,Mid,NYSE,
11:47:28.314 AM ET,1.375,100,138,Mid,Off Exchange,
11:47:28.513 AM ET,1.375,100,138,Mid,Off Exchange,
11:47:32.027 AM ET,1.370,100,137,Bid,IEX,
11:48:10.874 AM ET,1.375,100,138,Mid,Off Exchange,
11:48:36.487 AM ET,1.375,100,138,Mid,NYSE,
11:48:43.273 AM ET,1.370,100,137,Bid,Off Exchange,
11:48:53.692 AM ET,1.375,100,138,Mid,NYSE Arca,
11:49:28.846 AM ET,1.375,100,138,Mid,NYSE,
11:50:02.953 AM ET,1.370,100,137,Bid,Off Exchange,
11:50:10.547 AM ET,1.375,100,138,Mid,NYSE,
11:50:37.366 AM ET,1.375,100,138,Mid,NYSE,
11:50:37.367 AM ET,1.375,100,138,Mid,NYSE,
11:51:20.494 AM ET,1.370,100,137,Bid,Off Exchange,
11:52:00.655 AM ET,1.370,100,137,Bid,Off Exchange,
11:52:04.604 AM ET,1.375,100,138,Mid,Nasdaq GSM,
11:52:04.605 AM ET,1.375,100,138,Mid,Cboe EDGX,
11:52:04.606 AM ET,1.375,100,138,Mid,Nasdaq GSM,
11:52:07.693 AM ET,1.370,100,137,Bid,Off Exchange,
11:52:48.774 AM ET,1.370,100,137,Bid,Off Exchange,
11:53:42.646 AM ET,1.375,100,138,Mid,NYSE,
11:53:55.435 AM ET,1.370,100,137,Bid,Off Exchange,
11:54:04.113 AM ET,1.370,100,137,Bid,Off Exchange,
11:55:03.062 AM ET,1.375,100,138,Mid,Off Exchange,
11:55:22.893 AM ET,1.370,100,137,Bid,Off Exchange,
11:55:32.482 AM ET,1.375,100,138,Mid,NYSE Arca,
11:55:53.795 AM ET,1.375,100,138,Mid,Off Exchange,
11:55:53.808 AM ET,1.375,100,138,Mid,Off Exchange,
11:56:10.447 AM ET,1.375,100,138,Mid,NYSE,
11:56:46.769 AM ET,1.370,100,137,Bid,Off Exchange,
11:56:55.755 AM ET,1.370,100,137,Bid,Off Exchange,
11:57:19.553 AM ET,1.370,100,137,Bid,Off Exchange,
11:57:44.948 AM ET,1.375,100,138,Mid,NYSE Arca,
11:58:00.793 AM ET,1.370,100,137,Bid,Off Exchange,
11:58:15.214 AM ET,1.370,100,137,Bid,Off Exchange,
11:59:32.515 AM ET,1.370,100,137,Bid,Off Exchange,
11:59:44.981 AM ET,1.375,100,138,Mid,NYSE,Inter Mkt Swp; Trade Thru Exmpt
11:59:44.981 AM ET,1.370,100,137,Bid,NYSE,Inter Mkt Swp; Trade Thru Exmpt
11:59:44.992 AM ET,1.370,100,137,Bid,Off Exchange,
12:00:23.414 PM ET,1.370,100,137,Bid,Off Exchange,
12:01:02.213 PM ET,1.370,100,137,Bid,Off Exchange,
12:01:20.163 PM ET,1.375,100,138,Mid,Off Exchange,
12:02:15.934 PM ET,1.370,100,137,Bid,Off Exchange,
12:03:02.133 PM ET,1.370,100,137,Bid,Off Exchange,
12:03:34.317 PM ET,1.370,100,137,Bid,Off Exchange,
12:03:43.674 PM ET,1.370,100,137,Bid,Off Exchange,
12:03:48.130 PM ET,1.370,100,137,Bid,Off Exchange,
12:04:09.202 PM ET,1.370,100,137,Ask,NYSE American,Inter Mkt Swp; Trade Thru Exmpt
12:04:09.202 PM ET,1.375,100,138,Ask,NYSE Arca,Inter Mkt Swp; Trade Thru Exmpt
12:04:09.202 PM ET,1.375,100,138,Ask,NYSE,Inter Mkt Swp; Trade Thru Exmpt
12:04:09.202 PM ET,1.370,100,137,Ask,NYSE,Inter Mkt Swp; Trade Thru Exmpt
12:04:09.202 PM ET,1.370,100,137,Ask,MEMX,Inter Mkt Swp
12:04:09.202 PM ET,1.370,100,137,Ask,Cboe BZX,Inter Mkt Swp; Trade Thru Exmpt
12:04:09.202 PM ET,1.370,100,137,Ask,Cboe EDGX,Inter Mkt Swp; Trade Thru Exmpt
12:04:09.202 PM ET,1.370,100,137,Ask,Nasdaq PHLX,Inter Mkt Swp; Trade Thru Exmpt
12:04:09.202 PM ET,1.370,100,137,Ask,MIAX Pearl,Inter Mkt Swp; Trade Thru Exmpt
12:04:09.202 PM ET,1.370,100,137,Ask,Nasdaq PHLX,
12:04:09.202 PM ET,1.370,100,137,Ask,Nasdaq GSM,
12:04:09.203 PM ET,1.370,100,137,Ask,Cboe EDGA,Inter Mkt Swp; Trade Thru Exmpt
12:04:09.203 PM ET,1.370,100,137,Ask,Nasdaq GSM,Inter Mkt Swp; Trade Thru Exmpt
12:04:09.204 PM ET,1.370,100,137,Ask,Off Exchange,
12:04:09.205 PM ET,1.370,100,137,Ask,Nasdaq GSM,
12:04:09.211 PM ET,1.370,100,137,Ask,Off Exchange,
12:04:09.217 PM ET,1.370,100,137,Ask,Off Exchange,
12:04:09.218 PM ET,1.370,100,137,Ask,Off Exchange,
12:04:09.219 PM ET,1.370,100,137,Ask,Off Exchange,
12:04:09.245 PM ET,1.370,100,137,Ask,NYSE American,
12:04:09.245 PM ET,1.370,100,137,Ask,NYSE,
12:04:09.245 PM ET,1.370,100,137,Ask,Nasdaq GSM,
12:04:09.251 PM ET,1.370,100,137,Ask,Cboe EDGA,Inter Mkt Swp; Trade Thru Exmpt
12:04:09.258 PM ET,1.370,100,137,Ask,Cboe EDGA,Inter Mkt Swp; Trade Thru Exmpt
12:04:09.275 PM ET,1.365,100,137,Mid,Off Exchange,
12:04:10.651 PM ET,1.370,100,137,Ask,NYSE National,Inter Mkt Swp; Trade Thru Exmpt
12:04:11.855 PM ET,1.365,100,137,Mid,Off Exchange,
12:04:14.173 PM ET,1.365,100,137,Mid,Off Exchange,
12:04:14.178 PM ET,1.365,100,137,Mid,NYSE,
12:04:29.869 PM ET,1.370,100,137,Ask,Cboe BYX,Inter Mkt Swp; Trade Thru Exmpt
12:04:29.870 PM ET,1.370,100,137,Ask,NYSE,Inter Mkt Swp; Trade Thru Exmpt
12:04:29.870 PM ET,1.370,100,137,Ask,Cboe BZX,Inter Mkt Swp; Trade Thru Exmpt
12:04:29.870 PM ET,1.370,100,137,Ask,NYSE Arca,Inter Mkt Swp; Trade Thru Exmpt
12:04:29.870 PM ET,1.370,100,137,Ask,Nasdaq GSM,Inter Mkt Swp; Trade Thru Exmpt
12:05:50.666 PM ET,1.375,100,138,Mid,NYSE,
12:06:50.648 PM ET,1.375,100,138,Mid,NYSE,
12:07:25.384 PM ET,1.374,100,137,Mid,Off Exchange,
12:09:43.467 PM ET,1.375,100,138,Mid,NYSE,
12:09:56.204 PM ET,1.375,100,138,Mid,Nasdaq GSM,
12:10:28.046 PM ET,1.375,100,138,Mid,NYSE,
12:11:01.227 PM ET,1.375,100,138,Mid,Nasdaq GSM,
12:11:01.237 PM ET,1.375,100,138,Mid,Nasdaq GSM,
12:11:01.257 PM ET,1.375,100,138,Mid,Nasdaq GSM,
12:11:35.386 PM ET,1.375,100,138,Mid,NYSE,
12:11:35.387 PM ET,1.375,100,138,Mid,NYSE,
12:12:29.184 PM ET,1.375,100,138,Mid,Nasdaq GSM,
12:13:05.166 PM ET,1.375,100,138,Mid,NYSE,
12:13:16.259 PM ET,1.370,100,137,Mid,Off Exchange,
12:13:18.571 PM ET,1.375,100,138,Mid,Off Exchange,
12:13:20.059 PM ET,1.371,100,137,Mid,Off Exchange,
12:13:21.625 PM ET,1.370,100,137,Mid,Off Exchange,
12:14:51.237 PM ET,1.375,100,138,Mid,Nasdaq GSM,
12:14:53.401 PM ET,1.375,100,138,Mid,Off Exchange,
12:16:14.897 PM ET,1.370,100,137,Bid,Off Exchange,
12:16:40.607 PM ET,1.375,100,138,Mid,NYSE,
12:17:10.851 PM ET,1.375,100,138,Mid,NYSE Arca,
12:17:10.851 PM ET,1.375,100,138,Mid,NYSE,
12:17:10.851 PM ET,1.370,100,137,Bid,NYSE,
12:17:10.851 PM ET,1.375,100,138,Mid,Cboe BZX,
12:17:10.851 PM ET,1.370,100,137,Bid,Cboe BZX,
12:17:10.851 PM ET,1.370,100,137,Bid,MEMX,
12:17:10.851 PM ET,1.375,100,138,Mid,Nasdaq GSM,
12:17:10.851 PM ET,1.370,100,137,Bid,Nasdaq GSM,
12:17:10.851 PM ET,1.370,100,137,Bid,IEX,
12:17:10.851 PM ET,1.370,100,137,Bid,Nasdaq BX,
12:17:44.494 PM ET,1.370,100,137,Bid,Off Exchange,
12:19:20.054 PM ET,1.370,100,137,Bid,Off Exchange,
12:19:24.347 PM ET,1.370,100,137,Bid,Cboe BZX,Inter Mkt Swp; Trade Thru Exmpt
12:20:28.033 PM ET,1.375,100,138,Mid,Nasdaq GSM,
12:20:28.310 PM ET,1.375,100,138,Mid,Cboe EDGX,
12:20:32.813 PM ET,1.370,100,137,Bid,Off Exchange,
12:20:34.908 PM ET,1.375,100,138,Mid,NYSE,
12:20:38.153 PM ET,1.370,100,137,Bid,Off Exchange,
12:21:29.843 PM ET,1.375,100,138,Mid,Off Exchange,
12:21:45.547 PM ET,1.375,100,138,Mid,NYSE,
12:22:10.533 PM ET,1.370,100,137,Bid,Off Exchange,
12:23:32.553 PM ET,1.370,100,137,Bid,Off Exchange,
12:23:34.127 PM ET,1.375,100,138,Mid,NYSE,
12:23:34.182 PM ET,1.375,100,138,Mid,Cboe BZX,
12:24:12.495 PM ET,1.375,100,138,Mid,NYSE,
12:24:53.714 PM ET,1.370,100,137,Bid,Off Exchange,
12:26:19.507 PM ET,1.370,100,137,Bid,Off Exchange,
12:26:30.593 PM ET,1.370,100,137,Bid,Off Exchange,
12:27:12.847 PM ET,1.375,100,138,Mid,NYSE,
12:27:12.848 PM ET,1.375,100,138,Mid,NYSE,
12:27:30.454 PM ET,1.370,100,137,Bid,Off Exchange,
12:28:03.994 PM ET,1.370,100,137,Bid,Off Exchange,
12:28:35.173 PM ET,1.370,100,137,Bid,Off Exchange,
12:29:13.413 PM ET,1.370,100,137,Bid,Off Exchange,
12:29:23.793 PM ET,1.375,100,138,Mid,NYSE,Inter Mkt Swp; Trade Thru Exmpt
12:29:23.793 PM ET,1.370,100,137,Bid,NYSE,Inter Mkt Swp; Trade Thru Exmpt
12:29:37.768 PM ET,1.375,100,138,Mid,Nasdaq GSM,
12:29:37.770 PM ET,1.375,100,138,Mid,Nasdaq GSM,
12:29:40.169 PM ET,1.375,100,138,Mid,NYSE,
12:29:40.170 PM ET,1.375,100,138,Mid,Nasdaq GSM,
12:30:48.375 PM ET,1.370,100,137,Bid,Off Exchange,
12:31:56.768 PM ET,1.375,100,138,Mid,IEX,
12:31:58.281 PM ET,1.375,100,138,Mid,IEX,
12:32:13.193 PM ET,1.370,100,137,Bid,Off Exchange,
12:33:06.207 PM ET,1.375,100,138,Mid,NYSE,
12:33:25.612 PM ET,1.370,100,137,Bid,Off Exchange,
12:33:51.694 PM ET,1.370,100,137,Bid,Off Exchange,
12:34:15.593 PM ET,1.370,100,137,Bid,Off Exchange,
12:34:56.475 PM ET,1.370,100,137,Bid,Off Exchange,
12:35:01.413 PM ET,1.370,100,137,Bid,Off Exchange,
12:35:05.100 PM ET,1.370,100,137,Bid,Off Exchange,
12:35:45.827 PM ET,1.375,100,138,Mid,NYSE,
12:36:35.914 PM ET,1.370,100,137,Bid,Off Exchange,
12:36:43.470 PM ET,1.370,100,137,Bid,Off Exchange,
12:38:06.655 PM ET,1.370,100,137,Bid,Off Exchange,
12:39:36.134 PM ET,1.370,100,137,Bid,Off Exchange,
12:39:52.603 PM ET,1.370,100,137,Bid,IEX,
12:39:52.621 PM ET,1.370,100,137,Bid,Off Exchange,
12:41:13.373 PM ET,1.370,100,137,Bid,Off Exchange,
12:41:18.265 PM ET,1.375,100,138,Mid,Nasdaq GSM,
12:41:21.773 PM ET,1.370,100,137,Bid,Off Exchange,
12:41:31.954 PM ET,1.370,100,137,Bid,Off Exchange,
12:42:26.867 PM ET,1.375,100,138,Mid,NYSE,
12:42:37.208 PM ET,1.370,100,137,Bid,Off Exchange,
12:44:00.873 PM ET,1.370,100,137,Bid,Off Exchange,
12:45:38.274 PM ET,1.370,100,137,Bid,Off Exchange,
12:46:11.774 PM ET,1.370,100,137,Bid,Off Exchange,
12:47:07.337 PM ET,1.370,100,137,Bid,Off Exchange,
12:47:08.868 PM ET,1.370,100,137,Bid,Off Exchange,
12:47:45.194 PM ET,1.370,100,137,Bid,Off Exchange,
12:47:56.127 PM ET,1.375,100,138,Mid,NYSE,
12:48:17.114 PM ET,1.370,100,137,Bid,Off Exchange,
12:48:36.514 PM ET,1.370,100,137,Bid,Off Exchange,
12:48:43.593 PM ET,1.370,100,137,Bid,Off Exchange,
12:48:53.967 PM ET,1.375,100,138,Mid,NYSE,
12:50:06.518 PM ET,1.370,100,137,Bid,Off Exchange,
12:50:13.855 PM ET,1.375,100,138,Mid,NYSE,
12:50:21.494 PM ET,1.370,100,137,Bid,Off Exchange,
12:51:08.287 PM ET,1.375,100,138,Mid,NYSE,
12:51:40.814 PM ET,1.370,100,137,Bid,Off Exchange,
12:52:19.746 PM ET,1.375,100,138,Mid,NYSE,
12:53:13.815 PM ET,1.370,100,137,Bid,Off Exchange,
12:53:38.826 PM ET,1.375,100,138,Mid,NYSE,
12:53:44.239 PM ET,1.375,100,138,Mid,NYSE Arca,Inter Mkt Swp; Trade Thru Exmpt
12:53:44.239 PM ET,1.370,100,137,Bid,NYSE Arca,Inter Mkt Swp; Trade Thru Exmpt
12:53:44.251 PM ET,1.370,100,137,Bid,Off Exchange,
12:54:25.114 PM ET,1.370,100,137,Bid,Off Exchange,
12:54:50.115 PM ET,1.370,100,137,Bid,Off Exchange,
12:55:50.126 PM ET,1.370,100,137,Bid,Off Exchange,
12:55:54.221 PM ET,1.375,100,138,Mid,Off Exchange,
12:56:04.014 PM ET,1.370,100,137,Bid,Off Exchange,
12:56:24.973 PM ET,1.370,100,137,Bid,Off Exchange,
12:56:35.715 PM ET,1.375,100,138,Mid,Nasdaq GSM,
12:56:38.733 PM ET,1.380,100,138,Ask,Off Exchange,
12:56:41.609 PM ET,1.375,100,138,Mid,Off Exchange,
12:56:42.386 PM ET,1.375,100,138,Mid,NYSE,
12:57:22.642 PM ET,1.370,100,137,Bid,NYSE,Inter Mkt Swp; Trade Thru Exmpt
12:57:55.835 PM ET,1.370,100,137,Bid,Off Exchange,
12:58:19.342 PM ET,1.375,100,138,Mid,NYSE,
12:59:13.327 PM ET,1.375,100,138,Mid,NYSE Arca,
12:59:40.594 PM ET,1.370,100,137,Bid,Off Exchange,
01:01:11.313 PM ET,1.370,100,137,None,Off Exchange,
01:01:16.253 PM ET,1.370,100,137,None,Off Exchange,
01:01:20.075 PM ET,1.375,100,138,None,Off Exchange,
01:01:20.076 PM ET,1.375,100,138,None,Off Exchange,
01:02:36.587 PM ET,1.370,100,137,Bid,IEX,
01:02:47.576 PM ET,1.370,100,137,Bid,Off Exchange,
01:03:19.269 PM ET,1.375,100,138,Mid,Off Exchange,
01:03:23.071 PM ET,1.375,100,138,Mid,NYSE,
01:03:35.234 PM ET,1.370,100,137,Bid,Off Exchange,
01:03:52.864 PM ET,1.370,100,137,Bid,NYSE,Inter Mkt Swp; Trade Thru Exmpt
01:03:59.875 PM ET,1.370,100,137,Bid,Off Exchange,
01:04:20.183 PM ET,1.375,100,138,Mid,NYSE,
01:04:25.333 PM ET,1.370,100,137,Bid,Off Exchange,
01:05:44.873 PM ET,1.375,100,138,Mid,Nasdaq GSM,
01:06:02.313 PM ET,1.370,100,137,Bid,Off Exchange,
01:06:26.053 PM ET,1.370,100,137,Bid,Off Exchange,
01:06:43.533 PM ET,1.370,100,137,Bid,Off Exchange,
01:07:14.493 PM ET,1.370,100,137,Bid,NYSE,Inter Mkt Swp; Trade Thru Exmpt
01:07:39.753 PM ET,1.370,100,137,Bid,Off Exchange,
01:08:02.813 PM ET,1.370,100,137,Bid,Off Exchange,
01:08:35.712 PM ET,1.375,100,138,Mid,NYSE,
01:09:02.355 PM ET,1.370,100,137,Bid,Off Exchange,
01:10:14.284 PM ET,1.375,100,138,Mid,Off Exchange,
01:10:14.293 PM ET,1.375,100,138,Mid,NYSE Arca,
01:10:14.293 PM ET,1.375,100,138,Mid,Cboe BZX,
01:10:14.293 PM ET,1.375,100,138,Mid,NYSE,
01:10:15.727 PM ET,1.375,100,138,Mid,IEX,
01:10:15.727 PM ET,1.375,100,138,Mid,Off Exchange,
01:10:15.774 PM ET,1.375,100,138,Mid,Off Exchange,
01:10:33.907 PM ET,1.375,100,138,Mid,NYSE,
01:10:46.276 PM ET,1.370,100,137,Bid,Off Exchange,
01:10:58.507 PM ET,1.375,100,138,Mid,Off Exchange,
01:10:58.521 PM ET,1.375,100,138,Mid,Off Exchange,
01:11:03.953 PM ET,1.370,100,137,Bid,Off Exchange,
01:11:14.333 PM ET,1.375,100,138,Mid,NYSE,
01:11:44.930 PM ET,1.375,100,138,Mid,Off Exchange,
01:12:14.204 PM ET,1.375,100,138,Mid,Off Exchange,
01:12:14.206 PM ET,1.375,100,138,Mid,Off Exchange,
01:12:14.211 PM ET,1.375,100,138,Mid,Off Exchange,
01:12:14.268 PM ET,1.375,100,138,Mid,Off Exchange,
01:12:14.269 PM ET,1.375,100,138,Mid,Nasdaq GSM,
01:12:14.276 PM ET,1.375,100,138,Mid,Off Exchange,
01:12:14.300 PM ET,1.375,100,138,Mid,Off Exchange,
01:12:14.336 PM ET,1.375,100,138,Mid,Off Exchange,
01:12:14.347 PM ET,1.375,100,138,Mid,NYSE,
01:12:14.362 PM ET,1.375,100,138,Mid,Nasdaq GSM,
01:12:14.377 PM ET,1.375,100,138,Mid,Off Exchange,
01:12:14.394 PM ET,1.375,100,138,Mid,Off Exchange,
01:12:14.454 PM ET,1.375,100,138,Mid,Off Exchange,
01:12:14.470 PM ET,1.375,100,138,Mid,Cboe EDGX,
01:12:14.471 PM ET,1.375,100,138,Mid,Off Exchange,
01:12:14.473 PM ET,1.375,100,138,Mid,Nasdaq GSM,
01:12:14.475 PM ET,1.375,100,138,Mid,Off Exchange,
01:12:14.506 PM ET,1.375,100,138,Mid,Off Exchange,
01:12:14.513 PM ET,1.375,100,138,Mid,MEMX,
01:12:14.514 PM ET,1.375,100,138,Mid,Off Exchange,
01:12:14.540 PM ET,1.375,100,138,Mid,Off Exchange,
01:12:14.559 PM ET,1.375,100,138,Mid,Cboe BZX,
01:12:14.560 PM ET,1.375,100,138,Mid,Off Exchange,
01:12:14.563 PM ET,1.375,100,138,Mid,Off Exchange,
01:12:14.604 PM ET,1.375,100,138,Mid,Nasdaq GSM,
01:12:14.609 PM ET,1.375,100,138,Mid,Off Exchange,
01:12:14.617 PM ET,1.375,100,138,Mid,MEMX,
01:12:17.414 PM ET,1.370,100,137,Bid,Off Exchange,
01:12:18.347 PM ET,1.375,100,138,Mid,NYSE,
01:12:33.934 PM ET,1.375,100,138,Mid,Off Exchange,
01:12:33.944 PM ET,1.375,100,138,Mid,Cboe BZX,
01:12:33.944 PM ET,1.375,100,138,Mid,MEMX,
01:12:33.958 PM ET,1.375,100,138,Mid,Cboe BZX,
01:12:33.968 PM ET,1.375,100,138,Mid,Off Exchange,
01:12:34.814 PM ET,1.375,100,138,Mid,Cboe BZX,
01:12:34.814 PM ET,1.375,100,138,Mid,MEMX,
01:12:34.815 PM ET,1.375,100,138,Mid,Cboe EDGX,
01:12:34.816 PM ET,1.375,100,138,Mid,NYSE Arca,
01:12:34.816 PM ET,1.375,100,138,Mid,NYSE,
01:12:34.826 PM ET,1.375,100,138,Mid,Cboe BZX,
01:12:34.833 PM ET,1.375,100,138,Mid,MEMX,
01:12:34.840 PM ET,1.375,100,138,Mid,Cboe EDGX,
01:12:34.847 PM ET,1.375,100,138,Mid,NYSE Arca,
01:12:34.855 PM ET,1.375,100,138,Mid,NYSE,
01:12:49.960 PM ET,1.375,100,138,Mid,Off Exchange,
01:13:19.836 PM ET,1.375,100,138,Mid,NYSE,
01:13:19.847 PM ET,1.375,100,138,Mid,NYSE Arca,
01:13:19.847 PM ET,1.375,100,138,Mid,Cboe EDGX,
01:13:19.847 PM ET,1.375,100,138,Mid,Cboe EDGA,
01:13:19.847 PM ET,1.375,100,138,Mid,Cboe BZX,
01:13:21.003 PM ET,1.375,100,138,Mid,Nasdaq GSM,
01:13:21.826 PM ET,1.375,100,138,Mid,Cboe BZX,
01:13:21.826 PM ET,1.375,100,138,Mid,Cboe EDGX,
01:13:21.826 PM ET,1.375,100,138,Mid,NYSE Arca,
01:13:21.827 PM ET,1.375,100,138,Mid,Off Exchange,
01:13:21.875 PM ET,1.375,100,138,Mid,Cboe EDGA,
01:13:24.299 PM ET,1.375,100,138,Mid,MEMX,
01:13:24.299 PM ET,1.375,100,138,Mid,NYSE,
01:13:24.299 PM ET,1.375,100,138,Mid,Off Exchange,
01:13:24.347 PM ET,1.375,100,138,Mid,NYSE,
01:13:24.359 PM ET,1.375,100,138,Mid,Cboe EDGX,
01:13:24.395 PM ET,1.375,100,138,Mid,NYSE,
01:13:24.437 PM ET,1.375,100,138,Mid,Cboe EDGX,
01:13:42.773 PM ET,1.375,100,138,Mid,NYSE,
01:13:56.293 PM ET,1.370,100,137,Bid,Off Exchange,
01:13:56.824 PM ET,1.375,100,138,Mid,NYSE,Inter Mkt Swp; Trade Thru Exmpt
01:13:56.824 PM ET,1.370,100,137,Bid,NYSE,Inter Mkt Swp; Trade Thru Exmpt
01:13:56.836 PM ET,1.375,100,138,Mid,Off Exchange,
01:13:56.871 PM ET,1.375,100,138,Mid,IEX,
01:13:56.872 PM ET,1.375,100,138,Mid,Off Exchange,
01:13:56.872 PM ET,1.375,100,138,Mid,IEX,
01:13:56.877 PM ET,1.375,100,138,Mid,Off Exchange,
01:14:11.536 PM ET,1.375,100,138,Mid,Off Exchange,
01:14:57.214 PM ET,1.375,100,138,Mid,Off Exchange,
01:15:02.093 PM ET,1.375,100,138,Mid,Off Exchange,
01:15:05.321 PM ET,1.375,100,138,Mid,Cboe BZX,
01:15:36.125 PM ET,1.375,100,138,Mid,NYSE,
01:15:42.233 PM ET,1.375,100,138,Mid,Off Exchange,
01:15:44.093 PM ET,1.375,100,138,Mid,Off Exchange,
01:16:32.373 PM ET,1.375,100,138,Mid,Off Exchange,
01:17:05.714 PM ET,1.375,100,138,Mid,Off Exchange,
01:17:13.374 PM ET,1.375,100,138,Mid,Off Exchange,
01:17:50.036 PM ET,1.380,100,138,Bid,Cboe EDGX,
01:17:50.036 PM ET,1.380,100,138,Bid,NYSE American,Inter Mkt Swp; Trade Thru Exmpt
01:17:50.036 PM ET,1.380,100,138,Bid,NYSE Arca,Inter Mkt Swp; Trade Thru Exmpt
01:17:50.036 PM ET,1.380,100,138,Bid,MEMX,Inter Mkt Swp
01:17:50.036 PM ET,1.380,100,138,Bid,NYSE,Inter Mkt Swp; Trade Thru Exmpt
01:17:50.036 PM ET,1.380,100,138,Bid,Cboe BZX,Inter Mkt Swp; Trade Thru Exmpt
01:17:50.037 PM ET,1.380,100,138,Bid,NYSE,Inter Mkt Swp; Trade Thru Exmpt
01:17:50.037 PM ET,1.380,100,138,Bid,Cboe BZX,Inter Mkt Swp; Trade Thru Exmpt
01:17:50.037 PM ET,1.380,100,138,Bid,MIAX Pearl,
01:17:50.037 PM ET,1.380,100,138,Bid,Nasdaq GSM,Inter Mkt Swp; Trade Thru Exmpt
01:17:50.037 PM ET,1.380,100,138,Bid,Cboe EDGX,
01:17:50.038 PM ET,1.380,100,138,Bid,Cboe EDGX,
01:17:50.038 PM ET,1.380,100,138,Bid,NYSE,
01:17:50.038 PM ET,1.380,100,138,Bid,NYSE Arca,
01:17:50.038 PM ET,1.380,100,138,Bid,Cboe BYX,Inter Mkt Swp; Trade Thru Exmpt
01:17:50.038 PM ET,1.380,100,138,Bid,Off Exchange,
01:17:50.052 PM ET,1.380,100,138,Bid,NYSE Arca,
01:17:50.112 PM ET,1.385,100,139,Mid,NYSE Arca,
01:17:50.112 PM ET,1.385,100,139,Mid,Cboe BZX,
01:17:50.112 PM ET,1.385,100,139,Mid,NYSE,
01:17:50.113 PM ET,1.385,100,139,Mid,Off Exchange,
01:17:50.114 PM ET,1.385,100,139,Mid,IEX,
01:17:50.119 PM ET,1.385,100,139,Mid,Off Exchange,
01:17:50.202 PM ET,1.385,100,139,Mid,Off Exchange,
01:18:03.857 PM ET,1.385,100,139,Mid,NYSE Arca,
01:18:04.730 PM ET,1.380,100,138,Ask,NYSE American,Inter Mkt Swp; Trade Thru Exmpt
01:18:04.731 PM ET,1.380,100,138,Ask,Cboe EDGA,Inter Mkt Swp; Trade Thru Exmpt
01:18:04.731 PM ET,1.380,100,138,Ask,Nasdaq PHLX,Inter Mkt Swp; Trade Thru Exmpt
01:18:04.731 PM ET,1.380,100,138,Ask,Nasdaq GSM,Inter Mkt Swp; Trade Thru Exmpt
01:18:04.731 PM ET,1.380,100,138,Ask,NYSE,
01:18:04.732 PM ET,1.380,100,138,Ask,MIAX Pearl,
01:18:04.732 PM ET,1.380,100,138,Ask,Nasdaq GSM,
01:18:04.737 PM ET,1.380,100,138,Ask,Cboe EDGA,
01:18:04.739 PM ET,1.380,100,138,Ask,Off Exchange,
01:18:04.761 PM ET,1.375,100,138,Mid,Cboe BYX,
01:20:12.093 PM ET,1.375,100,138,Mid,Off Exchange,
01:20:49.314 PM ET,1.375,100,138,Mid,Off Exchange,
01:21:35.314 PM ET,1.375,100,138,Mid,Off Exchange,
01:23:08.123 PM ET,1.375,100,138,Mid,Off Exchange,
01:23:08.126 PM ET,1.375,100,138,Mid,Off Exchange,
01:24:19.073 PM ET,1.375,100,138,Mid,Off Exchange,
01:24:55.413 PM ET,1.375,100,138,Mid,Off Exchange,
01:25:31.719 PM ET,1.375,100,138,Mid,Off Exchange,
01:26:13.214 PM ET,1.375,100,138,Mid,Off Exchange,
01:26:37.573 PM ET,1.375,100,138,Mid,Off Exchange,
01:26:46.043 PM ET,1.375,100,138,Mid,NYSE,
01:26:49.720 PM ET,1.375,100,138,Mid,NYSE,
01:26:49.720 PM ET,1.380,100,138,Ask,NYSE,
01:27:29.913 PM ET,1.375,100,138,Mid,Off Exchange,
01:28:07.473 PM ET,1.375,100,138,Mid,Off Exchange,
01:28:44.930 PM ET,1.377,100,138,Mid,Off Exchange,Avg Price
01:28:49.654 PM ET,1.375,100,138,Mid,Off Exchange,
01:29:08.618 PM ET,1.375,100,138,Mid,Off Exchange,
01:29:18.653 PM ET,1.375,100,138,Mid,Off Exchange,
01:29:40.734 PM ET,1.375,100,138,Mid,Off Exchange,
01:30:21.067 PM ET,1.375,100,138,Mid,NYSE,
01:30:55.814 PM ET,1.375,100,138,Mid,Off Exchange,
01:32:12.153 PM ET,1.375,100,138,Mid,Off Exchange,
01:32:32.120 PM ET,1.375,100,138,Mid,Off Exchange,
01:32:33.119 PM ET,1.375,100,138,Mid,Off Exchange,
01:32:40.874 PM ET,1.375,100,138,Mid,Off Exchange,
01:32:54.433 PM ET,1.375,100,138,Mid,Off Exchange,
01:33:34.095 PM ET,1.375,100,138,Mid,Off Exchange,
01:33:52.016 PM ET,1.375,100,138,Mid,Off Exchange,
01:34:10.813 PM ET,1.375,100,138,Mid,Off Exchange,
01:34:11.053 PM ET,1.375,100,138,Mid,Off Exchange,
01:35:06.514 PM ET,1.375,100,138,Mid,Off Exchange,
01:35:10.120 PM ET,1.375,100,138,Mid,Off Exchange,
01:35:46.236 PM ET,1.375,100,138,Mid,Off Exchange,
01:35:47.215 PM ET,1.375,100,138,Mid,Off Exchange,
01:36:02.453 PM ET,1.375,100,138,Mid,Off Exchange,
01:36:39.034 PM ET,1.375,100,138,Mid,Off Exchange,
01:37:21.334 PM ET,1.375,100,138,Mid,Off Exchange,
01:37:22.194 PM ET,1.375,100,138,Mid,Off Exchange,
01:38:11.015 PM ET,1.375,100,138,Mid,Off Exchange,
01:38:40.353 PM ET,1.375,100,138,Mid,Off Exchange,
01:38:59.133 PM ET,1.375,100,138,Mid,Off Exchange,
01:39:10.696 PM ET,1.375,100,138,Mid,Off Exchange,
01:39:55.734 PM ET,1.375,100,138,Mid,Off Exchange,
01:40:34.373 PM ET,1.375,100,138,Mid,Off Exchange,
01:40:47.351 PM ET,1.375,100,138,Mid,Off Exchange,
01:40:48.460 PM ET,1.377,100,138,Mid,Off Exchange,Avg Price
01:41:15.895 PM ET,1.375,100,138,Mid,Off Exchange,
01:41:42.233 PM ET,1.375,100,138,Mid,Off Exchange,
01:42:12.173 PM ET,1.375,100,138,Mid,Off Exchange,
01:42:23.574 PM ET,1.375,100,138,Mid,Off Exchange,
01:42:30.773 PM ET,1.375,100,138,Mid,Off Exchange,
01:42:33.127 PM ET,1.375,100,138,Mid,Off Exchange,
01:43:27.754 PM ET,1.375,100,138,Mid,Off Exchange,
01:43:38.647 PM ET,1.375,100,138,Mid,NYSE,
01:43:48.174 PM ET,1.375,100,138,Mid,Off Exchange,
01:44:03.130 PM ET,1.375,100,138,Mid,Off Exchange,
01:44:19.954 PM ET,1.375,100,138,Mid,Off Exchange,
01:45:19.719 PM ET,1.375,100,138,Mid,Off Exchange,
01:45:22.793 PM ET,1.375,100,138,Mid,Off Exchange,
01:45:31.135 PM ET,1.375,100,138,Mid,Off Exchange,
01:46:09.589 PM ET,1.375,100,138,Mid,Off Exchange,
01:46:57.094 PM ET,1.375,100,138,Mid,Off Exchange,
01:47:17.134 PM ET,1.375,100,138,Mid,Off Exchange,
01:48:11.413 PM ET,1.375,100,138,Mid,Off Exchange,
01:48:38.553 PM ET,1.375,100,138,Mid,Off Exchange,
01:48:39.335 PM ET,1.375,100,138,Mid,Off Exchange,
01:48:57.073 PM ET,1.375,100,138,Mid,Off Exchange,
01:49:01.215 PM ET,1.375,100,138,Mid,Off Exchange,
01:49:41.120 PM ET,1.375,100,138,Mid,Off Exchange,
01:49:41.122 PM ET,1.375,100,138,Mid,Off Exchange,
01:50:01.645 PM ET,1.375,100,138,Mid,Off Exchange,
01:50:33.233 PM ET,1.370,100,137,Bid,Off Exchange,
01:50:50.572 PM ET,1.375,100,138,Mid,NYSE,
01:51:02.390 PM ET,1.377,100,138,Mid,Off Exchange,Avg Price
01:51:57.172 PM ET,1.375,100,138,Mid,Off Exchange,
01:52:04.266 PM ET,1.375,100,138,Mid,NYSE,
01:52:06.393 PM ET,1.370,100,137,Bid,Off Exchange,
01:52:48.259 PM ET,1.375,100,138,Mid,Cboe BZX,
01:53:09.075 PM ET,1.375,100,138,Mid,Off Exchange,
01:53:16.569 PM ET,1.372,100,137,Mid,Off Exchange,
01:53:31.917 PM ET,1.375,100,138,Mid,Off Exchange,
01:54:12.482 PM ET,1.375,100,138,Mid,Off Exchange,
01:55:10.134 PM ET,1.375,100,138,Mid,Off Exchange,
01:55:10.554 PM ET,1.375,100,138,Mid,Off Exchange,
01:55:14.225 PM ET,1.375,100,138,Mid,Off Exchange,
01:55:37.528 PM ET,1.375,100,138,Mid,Off Exchange,
01:55:43.254 PM ET,1.375,100,138,Mid,Off Exchange,
01:56:03.173 PM ET,1.375,100,138,Mid,Off Exchange,
01:56:42.273 PM ET,1.375,100,138,Mid,Off Exchange,
01:56:42.873 PM ET,1.375,100,138,Mid,Off Exchange,
01:57:43.907 PM ET,1.375,100,138,Mid,NYSE,
01:57:52.206 PM ET,1.375,100,138,Mid,NYSE,
01:58:09.314 PM ET,1.370,100,137,Bid,Off Exchange,
01:58:36.567 PM ET,1.375,100,138,Mid,NYSE,
01:59:08.359 PM ET,1.376,100,138,Mid,Off Exchange,Avg Price
01:59:08.798 PM ET,1.375,100,138,Mid,Off Exchange,
01:59:11.622 PM ET,1.370,100,137,Mid,Off Exchange,
01:59:33.666 PM ET,1.375,100,138,Mid,NYSE,
01:59:35.754 PM ET,1.376,100,138,Mid,Off Exchange,
01:59:41.233 PM ET,1.376,100,138,Mid,Off Exchange,
01:59:42.234 PM ET,1.370,100,137,Bid,Off Exchange,
01:59:54.487 PM ET,1.375,100,138,Mid,Off Exchange,
02:00:25.186 PM ET,1.375,100,138,Mid,NYSE,
02:00:52.043 PM ET,1.375,100,138,Mid,Off Exchange,
02:00:57.520 PM ET,1.370,100,137,Bid,Off Exchange,
02:01:15.626 PM ET,1.375,100,138,Mid,NYSE,
02:01:24.913 PM ET,1.370,100,137,Bid,Off Exchange,
02:01:31.573 PM ET,1.370,100,137,Bid,Off Exchange,
02:01:49.043 PM ET,1.375,100,138,Mid,Off Exchange,
02:01:50.042 PM ET,1.375,100,138,Mid,Off Exchange,
02:02:03.927 PM ET,1.375,100,138,Mid,NYSE,
02:02:36.373 PM ET,1.370,100,137,Bid,Off Exchange,
02:02:43.813 PM ET,1.370,100,137,Bid,Off Exchange,
02:03:05.214 PM ET,1.375,100,138,Mid,Off Exchange,
02:03:09.011 PM ET,1.375,100,138,Mid,Off Exchange,
02:04:07.014 PM ET,1.375,100,138,Mid,Off Exchange,
02:04:13.713 PM ET,1.375,100,138,Mid,Off Exchange,
02:05:04.813 PM ET,1.375,100,138,Mid,Off Exchange,
02:05:51.673 PM ET,1.375,100,138,Mid,Off Exchange,
02:06:03.294 PM ET,1.375,100,138,Mid,Off Exchange,
02:07:09.915 PM ET,1.375,100,138,Mid,Off Exchange,
02:07:13.174 PM ET,1.375,100,138,Mid,Off Exchange,
02:07:47.229 PM ET,1.377,100,138,Mid,Off Exchange,Avg Price
02:07:55.034 PM ET,1.375,100,138,Mid,Off Exchange,
02:08:00.414 PM ET,1.375,100,138,Mid,Off Exchange,
02:08:19.614 PM ET,1.375,100,138,Mid,Off Exchange,
02:08:21.209 PM ET,1.380,100,138,Ask,Off Exchange,
02:08:45.161 PM ET,1.375,100,138,Mid,Off Exchange,
02:09:37.513 PM ET,1.375,100,138,Mid,Off Exchange,
02:09:42.633 PM ET,1.375,100,138,Mid,Off Exchange,
02:09:59.660 PM ET,1.375,100,138,Mid,Off Exchange,
02:09:59.690 PM ET,1.380,100,138,Ask,IEX,
02:10:07.554 PM ET,1.375,100,138,Mid,Off Exchange,
02:10:54.613 PM ET,1.375,100,138,Mid,Off Exchange,
02:11:33.415 PM ET,1.375,100,138,Mid,Off Exchange,
02:12:02.894 PM ET,1.375,100,138,Mid,Off Exchange,
02:12:32.121 PM ET,1.375,100,138,Mid,Off Exchange,
02:12:32.122 PM ET,1.375,100,138,Mid,Off Exchange,
02:13:00.994 PM ET,1.375,100,138,Mid,Off Exchange,
02:13:24.453 PM ET,1.375,100,138,Mid,Off Exchange,
02:13:57.093 PM ET,1.375,100,138,Mid,Off Exchange,
02:14:27.314 PM ET,1.375,100,138,Mid,Off Exchange,
02:14:45.214 PM ET,1.377,100,138,Mid,Off Exchange,Avg Price
02:15:04.013 PM ET,1.375,100,138,Mid,Off Exchange,
02:15:47.834 PM ET,1.375,100,138,Mid,Off Exchange,
02:15:53.122 PM ET,1.375,100,138,Mid,Off Exchange,
02:16:19.874 PM ET,1.375,100,138,Mid,Off Exchange,
02:16:28.834 PM ET,1.375,100,138,Mid,Off Exchange,
02:17:06.517 PM ET,1.375,100,138,Mid,IEX,
02:17:16.801 PM ET,1.375,100,138,Mid,Off Exchange,
02:17:29.295 PM ET,1.375,100,138,Mid,Off Exchange,
02:17:59.975 PM ET,1.375,100,138,Mid,Off Exchange,
02:18:14.719 PM ET,1.380,100,138,Ask,Off Exchange,
02:18:41.853 PM ET,1.375,100,138,Mid,Off Exchange,
02:18:46.576 PM ET,1.370,100,137,Bid,Off Exchange,
02:18:47.571 PM ET,1.377,100,138,Mid,Off Exchange,
02:19:38.754 PM ET,1.375,100,138,Mid,Off Exchange,
02:19:47.373 PM ET,1.375,100,138,Mid,Off Exchange,
02:20:22.895 PM ET,1.375,100,138,Mid,Off Exchange,
02:20:23.633 PM ET,1.380,100,138,Ask,Cboe BYX,Inter Mkt Swp; Trade Thru Exmpt
02:21:16.709 PM ET,1.375,100,138,Mid,Off Exchange,
02:21:33.001 PM ET,1.375,100,138,Mid,Off Exchange,
02:21:45.980 PM ET,1.377,100,138,Mid,Off Exchange,Avg Price
02:21:59.194 PM ET,1.370,100,137,Bid,Off Exchange,
02:21:59.212 PM ET,1.375,100,138,Mid,Off Exchange,
02:22:45.001 PM ET,1.375,100,138,Mid,Off Exchange,
02:22:51.118 PM ET,1.375,100,138,Mid,Off Exchange,
02:23:03.513 PM ET,1.375,100,138,Mid,Off Exchange,
02:23:17.573 PM ET,1.375,100,138,Mid,Off Exchange,
02:23:21.186 PM ET,1.380,100,138,Ask,Off Exchange,
02:24:31.468 PM ET,1.375,100,138,Mid,Off Exchange,
02:24:34.474 PM ET,1.375,100,138,Mid,Off Exchange,
02:25:52.173 PM ET,1.375,100,138,Mid,Off Exchange,
02:25:53.435 PM ET,1.375,100,138,Mid,Off Exchange,
02:26:00.254 PM ET,1.375,100,138,Mid,Off Exchange,
02:26:12.333 PM ET,1.380,100,138,Ask,Off Exchange,
02:26:16.148 PM ET,1.380,100,138,Bid,NYSE American,Inter Mkt Swp; Trade Thru Exmpt
02:26:16.148 PM ET,1.380,100,138,Bid,NYSE,Inter Mkt Swp; Trade Thru Exmpt
02:26:16.148 PM ET,1.380,100,138,Bid,NYSE Arca,Inter Mkt Swp; Trade Thru Exmpt
02:26:16.149 PM ET,1.380,100,138,Bid,Cboe BZX,Inter Mkt Swp; Trade Thru Exmpt
02:26:16.149 PM ET,1.380,100,138,Bid,Nasdaq GSM,Inter Mkt Swp; Trade Thru Exmpt
02:26:16.149 PM ET,1.380,100,138,Bid,MIAX Pearl,Inter Mkt Swp; Trade Thru Exmpt
02:26:16.149 PM ET,1.385,100,139,Mid,NYSE Arca,
02:26:16.149 PM ET,1.385,100,139,Mid,NYSE,
02:26:16.156 PM ET,1.380,100,138,Bid,Off Exchange,
02:26:16.185 PM ET,1.385,100,139,Mid,NYSE,
02:26:55.361 PM ET,1.390,100,139,Ask,IEX,
02:28:59.472 PM ET,1.390,100,139,Ask,IEX,
02:28:59.479 PM ET,1.390,100,139,Ask,Off Exchange,
02:29:08.834 PM ET,1.385,100,139,Mid,Off Exchange,
02:29:40.351 PM ET,1.385,100,139,Mid,Off Exchange,
02:29:45.350 PM ET,1.385,100,139,Mid,Off Exchange,
02:29:50.351 PM ET,1.385,100,139,Mid,Off Exchange,
02:30:00.351 PM ET,1.385,100,139,Mid,Off Exchange,
02:30:07.091 PM ET,1.390,100,139,Ask,Cboe BYX,Inter Mkt Swp; Trade Thru Exmpt
02:30:37.956 PM ET,1.385,100,139,Mid,Off Exchange,
02:31:07.873 PM ET,1.385,100,139,Mid,Off Exchange,
02:31:21.227 PM ET,1.390,100,139,Ask,IEX,
02:31:54.237 PM ET,1.385,100,139,Mid,Off Exchange,
02:32:19.596 PM ET,1.390,100,139,Ask,IEX,
02:33:08.510 PM ET,1.385,100,139,Mid,Off Exchange,
02:33:35.875 PM ET,1.385,100,139,Mid,Off Exchange,
02:34:30.449 PM ET,1.390,100,139,Ask,Cboe EDGA,
02:36:06.233 PM ET,1.390,100,139,Bid,MEMX,
02:36:06.233 PM ET,1.390,100,139,Bid,Cboe EDGX,
02:36:06.233 PM ET,1.390,100,139,Bid,NYSE,Inter Mkt Swp; Trade Thru Exmpt
02:36:06.233 PM ET,1.390,100,139,Bid,IEX,
02:36:06.233 PM ET,1.390,100,139,Bid,Cboe BZX,
02:36:06.233 PM ET,1.390,100,139,Bid,Nasdaq GSM,Inter Mkt Swp; Trade Thru Exmpt
02:37:04.753 PM ET,1.395,100,140,Mid,IEX,
02:37:35.005 PM ET,1.391,100,139,Mid,Off Exchange,
02:38:04.114 PM ET,1.395,100,140,Mid,Nasdaq GSM,
02:38:04.114 PM ET,1.395,100,140,Mid,Cboe BYX,
02:38:04.120 PM ET,1.395,100,140,Mid,Off Exchange,
02:38:04.274 PM ET,1.395,100,140,Mid,NYSE Arca,
02:38:04.274 PM ET,1.395,100,140,Mid,NYSE,
02:39:04.431 PM ET,1.400,100,140,Bid,NYSE American,Inter Mkt Swp; Trade Thru Exmpt
02:39:04.431 PM ET,1.400,100,140,Bid,NYSE Arca,Inter Mkt Swp; Trade Thru Exmpt
02:39:04.431 PM ET,1.400,100,140,Bid,NYSE,Inter Mkt Swp; Trade Thru Exmpt
02:39:04.431 PM ET,1.400,100,140,Bid,MEMX,
02:39:04.431 PM ET,1.400,100,140,Bid,Cboe BZX,Inter Mkt Swp; Trade Thru Exmpt
02:39:04.431 PM ET,1.400,100,140,Bid,Nasdaq GSM,Inter Mkt Swp; Trade Thru Exmpt
02:39:04.432 PM ET,1.400,100,140,Bid,NYSE,Inter Mkt Swp; Trade Thru Exmpt
02:39:04.487 PM ET,1.405,100,141,Mid,Off Exchange,
02:39:15.551 PM ET,1.410,100,141,Bid,NYSE,
02:39:15.551 PM ET,1.410,100,141,Bid,MEMX,Inter Mkt Swp
02:39:15.551 PM ET,1.410,100,141,Bid,Cboe BYX,Inter Mkt Swp; Trade Thru Exmpt
02:39:15.551 PM ET,1.410,100,141,Bid,MIAX Pearl,
02:39:45.578 PM ET,1.415,100,142,Mid,IEX,
02:40:33.800 PM ET,1.415,100,142,Mid,Off Exchange,
02:41:30.210 PM ET,1.420,100,142,Ask,Off Exchange,
02:41:30.210 PM ET,1.420,100,142,Ask,NYSE,Inter Mkt Swp; Trade Thru Exmpt
02:41:30.210 PM ET,1.420,100,142,Ask,NYSE Arca,Inter Mkt Swp; Trade Thru Exmpt
02:41:40.479 PM ET,1.425,100,143,Mid,Off Exchange,
02:41:40.542 PM ET,1.425,100,143,Mid,NYSE,
02:42:00.400 PM ET,1.425,100,143,Mid,Cboe EDGX,
02:42:00.404 PM ET,1.425,100,143,Mid,Off Exchange,
02:42:04.236 PM ET,1.425,100,143,Mid,Cboe EDGX,
02:44:03.887 PM ET,1.425,100,143,Mid,MEMX,
02:44:03.888 PM ET,1.425,100,143,Mid,Off Exchange,
02:46:03.135 PM ET,1.425,100,143,Mid,Off Exchange,
02:46:39.386 PM ET,1.425,100,143,Mid,NYSE,
02:47:20.336 PM ET,1.425,100,143,Mid,IEX,
02:47:20.368 PM ET,1.425,100,143,Mid,Nasdaq GSM,
02:48:11.226 PM ET,1.425,100,142,Mid,Off Exchange,Avg Price; Deriv Priced; Trade Thru Exmpt
02:49:39.435 PM ET,1.420,100,142,Bid,Off Exchange,
02:50:51.374 PM ET,1.420,100,142,Bid,Off Exchange,
02:50:56.688 PM ET,1.425,100,143,Mid,Cboe BZX,
02:51:15.546 PM ET,1.425,100,143,Mid,NYSE,
02:51:29.006 PM ET,1.425,100,143,Mid,NYSE,
02:52:06.373 PM ET,1.420,100,142,Bid,Off Exchange,
02:52:55.326 PM ET,1.425,100,143,Mid,NYSE,
02:53:49.186 PM ET,1.425,100,143,Mid,NYSE,
02:53:51.741 PM ET,1.420,100,142,Bid,Off Exchange,
02:54:14.855 PM ET,1.420,100,142,Bid,Off Exchange,
02:54:51.354 PM ET,1.425,100,143,Mid,Off Exchange,
02:54:58.121 PM ET,1.425,100,143,Mid,Off Exchange,
02:54:59.453 PM ET,1.425,100,143,Mid,Off Exchange,
02:55:49.245 PM ET,1.430,100,143,Bid,Cboe EDGX,
02:55:49.246 PM ET,1.430,100,143,Bid,NYSE,Inter Mkt Swp; Trade Thru Exmpt
02:55:49.246 PM ET,1.430,100,143,Bid,NYSE Arca,Inter Mkt Swp; Trade Thru Exmpt
02:55:49.246 PM ET,1.430,100,143,Bid,Cboe BZX,
02:55:49.246 PM ET,1.430,100,143,Bid,IEX,
02:55:49.260 PM ET,1.435,100,144,Mid,IEX,
02:57:07.826 PM ET,1.435,100,144,Mid,NYSE,
02:57:10.980 PM ET,1.429,100,143,Bid,Off Exchange,Avg Price; Deriv Priced; Trade Thru Exmpt
02:57:22.706 PM ET,1.435,100,144,Mid,NYSE,
02:58:22.086 PM ET,1.435,100,144,Mid,NYSE,
02:59:26.766 PM ET,1.435,100,144,Mid,NYSE,
02:59:40.892 PM ET,1.430,100,143,Bid,Nasdaq BX,Inter Mkt Swp; Trade Thru Exmpt
02:59:40.892 PM ET,1.430,100,143,Bid,IEX,
02:59:40.892 PM ET,1.430,100,143,Bid,Off Exchange,
02:59:40.902 PM ET,1.435,100,144,Mid,Nasdaq GSM,
02:59:48.468 PM ET,1.435,100,144,Mid,NYSE,
03:00:28.806 PM ET,1.435,100,144,Mid,NYSE,
03:00:32.704 PM ET,1.435,100,144,Mid,IEX,
03:00:32.705 PM ET,1.435,100,144,Mid,IEX,
03:00:32.705 PM ET,1.435,100,144,Mid,Off Exchange,
03:01:42.466 PM ET,1.435,100,144,Mid,NYSE,
03:02:13.187 PM ET,1.435,100,144,Mid,NYSE,
03:02:48.770 PM ET,1.435,100,144,Mid,NYSE,
03:02:51.913 PM ET,1.435,100,144,Mid,NYSE Arca,
03:02:51.913 PM ET,1.435,100,144,Mid,NYSE,
03:02:51.914 PM ET,1.435,100,144,Mid,Cboe BZX,
03:02:51.915 PM ET,1.435,100,144,Mid,Nasdaq GSM,
03:02:51.915 PM ET,1.435,100,144,Mid,NYSE Arca,
03:02:51.915 PM ET,1.435,100,144,Mid,NYSE,
03:02:51.915 PM ET,1.430,100,143,Bid,NYSE American,Inter Mkt Swp; Trade Thru Exmpt
03:02:51.915 PM ET,1.430,100,143,Bid,NYSE Arca,Inter Mkt Swp; Trade Thru Exmpt
03:02:51.915 PM ET,1.430,100,143,Bid,Nasdaq BX,Inter Mkt Swp; Trade Thru Exmpt
03:02:51.915 PM ET,1.430,100,143,Bid,NYSE American,
03:02:51.916 PM ET,1.430,100,143,Bid,NYSE,Inter Mkt Swp; Trade Thru Exmpt
03:02:51.916 PM ET,1.430,100,143,Bid,Nasdaq BX,Inter Mkt Swp; Trade Thru Exmpt
03:02:51.916 PM ET,1.430,100,143,Bid,NYSE American,Inter Mkt Swp; Trade Thru Exmpt
03:02:51.916 PM ET,1.430,100,143,Bid,Nasdaq BX,
03:02:51.916 PM ET,1.430,100,143,Bid,Cboe EDGX,
03:02:51.916 PM ET,1.430,100,143,Bid,MEMX,Inter Mkt Swp
03:02:51.916 PM ET,1.430,100,143,Bid,Cboe EDGX,Inter Mkt Swp; Trade Thru Exmpt
03:02:51.916 PM ET,1.430,100,143,Bid,Nasdaq PHLX,Inter Mkt Swp; Trade Thru Exmpt
03:02:51.916 PM ET,1.430,100,143,Bid,NYSE American,
03:02:51.916 PM ET,1.430,100,143,Bid,Cboe BYX,Inter Mkt Swp; Trade Thru Exmpt
03:02:51.917 PM ET,1.425,100,143,Bid,NYSE Arca,Inter Mkt Swp; Trade Thru Exmpt
03:02:51.917 PM ET,1.425,100,143,Bid,NYSE,Inter Mkt Swp; Trade Thru Exmpt
03:02:51.917 PM ET,1.420,100,142,Bid,NYSE American,Inter Mkt Swp; Trade Thru Exmpt
03:02:51.917 PM ET,1.430,100,143,Bid,MEMX,Inter Mkt Swp
03:02:51.917 PM ET,1.420,100,142,Bid,TXSE,Inter Mkt Swp; Trade Thru Exmpt
03:02:51.917 PM ET,1.420,100,142,Bid,Cboe EDGX,Inter Mkt Swp; Trade Thru Exmpt
03:02:51.917 PM ET,1.420,100,142,Bid,24X National,Inter Mkt Swp
03:02:51.917 PM ET,1.420,100,142,Bid,NYSE American,
03:02:51.917 PM ET,1.420,100,142,Bid,Cboe EDGX,
03:02:51.917 PM ET,1.425,100,143,Bid,NYSE,
03:02:51.917 PM ET,1.420,100,142,Bid,NYSE,
03:02:51.917 PM ET,1.420,100,142,Bid,MEMX,
03:02:51.917 PM ET,1.425,100,143,Bid,Cboe BZX,
03:02:51.917 PM ET,1.425,100,143,Bid,Nasdaq GSM,Inter Mkt Swp; Trade Thru Exmpt
03:02:51.917 PM ET,1.420,100,142,Bid,MIAX Pearl,Inter Mkt Swp; Trade Thru Exmpt
03:02:51.917 PM ET,1.420,100,142,Bid,Nasdaq BX,Inter Mkt Swp; Trade Thru Exmpt
03:02:51.917 PM ET,1.430,100,143,Bid,Nasdaq PHLX,Inter Mkt Swp; Trade Thru Exmpt
03:02:51.917 PM ET,1.430,100,143,Bid,Nasdaq PHLX,
03:02:51.917 PM ET,1.420,100,142,Bid,Cboe BZX,
03:02:51.917 PM ET,1.420,100,142,Bid,Cboe BZX,Inter Mkt Swp; Trade Thru Exmpt
03:02:51.917 PM ET,1.420,100,142,Bid,Cboe EDGA,Inter Mkt Swp; Trade Thru Exmpt
03:02:51.917 PM ET,1.420,100,142,Bid,MEMX,Inter Mkt Swp
03:02:51.918 PM ET,1.420,100,142,Bid,NYSE Arca,Inter Mkt Swp; Trade Thru Exmpt
03:02:51.918 PM ET,1.420,100,142,Bid,NYSE,Inter Mkt Swp; Trade Thru Exmpt
03:02:51.918 PM ET,1.420,100,142,Bid,Nasdaq PHLX,Inter Mkt Swp; Trade Thru Exmpt
03:02:52.024 PM ET,1.425,100,143,Mid,Off Exchange,
03:03:17.712 PM ET,1.425,100,143,Mid,NYSE,
03:03:17.720 PM ET,1.425,100,143,Mid,Off Exchange,
03:03:41.140 PM ET,1.425,100,143,Mid,Off Exchange,
03:03:41.142 PM ET,1.425,100,143,Mid,Off Exchange,
03:03:41.142 PM ET,1.425,100,143,Mid,Nasdaq GSM,
03:03:41.145 PM ET,1.425,100,143,Mid,Nasdaq GSM,
03:03:41.147 PM ET,1.425,100,143,Mid,Off Exchange,
03:03:44.257 PM ET,1.425,100,143,Mid,Off Exchange,
03:04:19.608 PM ET,1.430,100,143,Ask,NYSE,
03:04:19.608 PM ET,1.425,100,143,Mid,Cboe BZX,
03:04:26.615 PM ET,1.425,100,143,Mid,Off Exchange,
03:04:26.646 PM ET,1.425,100,143,Mid,Off Exchange,
03:05:32.497 PM ET,1.425,100,143,Mid,Off Exchange,
03:05:34.875 PM ET,1.425,100,143,Mid,Off Exchange,
03:05:39.665 PM ET,1.425,100,143,Mid,Off Exchange,
03:05:44.514 PM ET,1.425,100,142,Mid,Off Exchange,Avg Price; Deriv Priced; Trade Thru Exmpt
03:05:50.711 PM ET,1.430,100,143,Ask,Cboe BYX,Inter Mkt Swp; Trade Thru Exmpt
03:05:50.712 PM ET,1.430,100,143,Ask,Cboe BYX,Inter Mkt Swp; Trade Thru Exmpt
03:05:50.713 PM ET,1.430,100,143,Ask,Cboe BYX,Inter Mkt Swp; Trade Thru Exmpt
03:05:52.814 PM ET,1.425,100,143,Mid,Off Exchange,
03:06:08.333 PM ET,1.425,100,143,Mid,Off Exchange,
03:06:16.068 PM ET,1.425,100,143,Mid,Off Exchange,
03:06:35.071 PM ET,1.425,100,143,Mid,Off Exchange,
03:07:07.234 PM ET,1.425,100,143,Mid,Off Exchange,
03:07:50.805 PM ET,1.425,100,143,Mid,Off Exchange,
03:08:15.254 PM ET,1.425,100,143,Mid,Off Exchange,
03:08:30.195 PM ET,1.425,100,143,Mid,Off Exchange,
03:09:23.795 PM ET,1.425,100,143,Mid,Off Exchange,
03:09:30.993 PM ET,1.425,100,143,Mid,Off Exchange,
03:10:14.454 PM ET,1.425,100,143,Mid,Off Exchange,
03:10:29.014 PM ET,1.425,100,143,Mid,Off Exchange,
03:10:36.625 PM ET,1.430,100,143,Ask,Off Exchange,
03:10:38.720 PM ET,1.430,100,143,Ask,Cboe BYX,Inter Mkt Swp; Trade Thru Exmpt
03:11:33.113 PM ET,1.425,100,143,Mid,Off Exchange,
03:11:48.720 PM ET,1.430,100,143,Ask,Cboe BYX,Inter Mkt Swp; Trade Thru Exmpt
03:11:48.721 PM ET,1.430,100,143,Ask,Cboe BYX,Inter Mkt Swp; Trade Thru Exmpt
03:11:51.793 PM ET,1.425,100,143,Mid,Off Exchange,
03:11:58.720 PM ET,1.430,100,143,Ask,Cboe BYX,Inter Mkt Swp; Trade Thru Exmpt
03:12:45.402 PM ET,1.425,100,143,Mid,Off Exchange,
03:12:47.595 PM ET,1.425,100,143,Mid,Off Exchange,
03:12:51.954 PM ET,1.425,100,143,Mid,Off Exchange,
03:13:40.690 PM ET,1.423,100,142,Mid,Off Exchange,Avg Price; Deriv Priced; Trade Thru Exmpt
03:14:00.133 PM ET,1.425,100,143,Mid,Off Exchange,
03:14:11.253 PM ET,1.425,100,143,Mid,Off Exchange,
03:14:54.434 PM ET,1.420,100,142,Bid,Off Exchange,
03:14:55.092 PM ET,1.425,100,143,Mid,Off Exchange,
03:15:04.775 PM ET,1.420,100,142,Bid,Off Exchange,
03:15:17.444 PM ET,1.430,100,143,Ask,NYSE National,Inter Mkt Swp; Trade Thru Exmpt
03:15:24.163 PM ET,1.430,100,143,Ask,NYSE National,Inter Mkt Swp; Trade Thru Exmpt
03:15:32.122 PM ET,1.430,100,143,Ask,NYSE National,Inter Mkt Swp; Trade Thru Exmpt
03:15:39.376 PM ET,1.430,100,143,Ask,NYSE National,Inter Mkt Swp; Trade Thru Exmpt
03:15:40.898 PM ET,1.428,100,143,Mid,Off Exchange,
03:16:24.093 PM ET,1.420,100,142,Bid,Off Exchange,
03:16:25.817 PM ET,1.425,100,143,Mid,Off Exchange,
03:16:25.819 PM ET,1.425,100,143,Mid,Nasdaq GSM,
03:16:32.334 PM ET,1.420,100,142,Bid,Off Exchange,
03:16:34.354 PM ET,1.420,100,142,Bid,Off Exchange,
03:17:11.714 PM ET,1.425,100,143,Mid,NYSE,
03:17:20.073 PM ET,1.420,100,142,Bid,Off Exchange,
03:18:10.994 PM ET,1.420,100,142,Bid,Off Exchange,
03:19:00.020 PM ET,1.427,100,143,Mid,Off Exchange,Avg Price
03:19:20.734 PM ET,1.420,100,142,Bid,Off Exchange,
03:19:24.573 PM ET,1.420,100,142,Bid,Off Exchange,
03:19:26.326 PM ET,1.425,100,143,Mid,NYSE,
03:19:39.634 PM ET,1.420,100,142,Bid,Off Exchange,
03:19:48.103 PM ET,1.425,100,143,Mid,NYSE Arca,
03:20:20.733 PM ET,1.420,100,142,Bid,Off Exchange,
03:20:21.905 PM ET,1.423,100,142,Mid,Off Exchange,
03:20:40.258 PM ET,1.420,100,142,Ask,NYSE,Inter Mkt Swp; Trade Thru Exmpt
03:20:40.259 PM ET,1.425,100,143,Ask,NYSE Arca,Inter Mkt Swp; Trade Thru Exmpt
03:20:40.259 PM ET,1.420,100,142,Ask,NYSE Arca,Inter Mkt Swp; Trade Thru Exmpt
03:20:40.259 PM ET,1.420,100,142,Ask,Nasdaq GSM,Inter Mkt Swp; Trade Thru Exmpt
03:20:40.259 PM ET,1.420,100,142,Ask,NYSE,Inter Mkt Swp; Trade Thru Exmpt
03:20:40.259 PM ET,1.420,100,142,Ask,Cboe BZX,Inter Mkt Swp; Trade Thru Exmpt
03:20:40.259 PM ET,1.420,100,142,Ask,Cboe EDGX,Inter Mkt Swp; Trade Thru Exmpt
03:20:40.259 PM ET,1.420,100,142,Ask,MEMX,Inter Mkt Swp
03:20:40.259 PM ET,1.420,100,142,Ask,IEX,
03:20:40.259 PM ET,1.420,100,142,Ask,Cboe EDGX,
03:20:40.259 PM ET,1.420,100,142,Ask,MEMX,
03:20:40.259 PM ET,1.420,100,142,Ask,Nasdaq PHLX,Inter Mkt Swp; Trade Thru Exmpt
03:20:40.260 PM ET,1.420,100,142,Ask,Nasdaq PHLX,Inter Mkt Swp; Trade Thru Exmpt
03:20:40.295 PM ET,1.415,100,142,Mid,Off Exchange,
03:20:40.384 PM ET,1.415,100,142,Mid,Off Exchange,
03:20:40.385 PM ET,1.415,100,142,Mid,Off Exchange,
03:20:40.386 PM ET,1.415,100,142,Mid,IEX,
03:20:40.387 PM ET,1.415,100,142,Mid,IEX,
03:21:01.620 PM ET,1.415,100,142,Mid,Off Exchange,
03:21:05.849 PM ET,1.415,100,142,Mid,Off Exchange,
03:21:14.829 PM ET,1.421,100,142,Ask,Off Exchange,Avg Price; Deriv Priced; Trade Thru Exmpt
03:21:15.274 PM ET,1.410,100,141,Bid,Off Exchange,
03:21:23.467 PM ET,1.415,100,142,Mid,NYSE,
03:21:28.595 PM ET,1.410,100,141,Bid,Off Exchange,
03:21:35.976 PM ET,1.415,100,142,Mid,NYSE,
03:21:35.977 PM ET,1.415,100,142,Mid,Off Exchange,
03:22:08.069 PM ET,1.415,100,142,Mid,Off Exchange,
03:22:08.071 PM ET,1.415,100,142,Mid,Off Exchange,
03:22:30.854 PM ET,1.415,100,142,Mid,Off Exchange,
03:23:09.400 PM ET,1.410,100,141,Bid,Off Exchange,
03:23:46.453 PM ET,1.410,100,141,Bid,Off Exchange,
03:23:55.453 PM ET,1.415,100,142,Mid,Nasdaq GSM,
03:23:59.703 PM ET,1.415,100,142,Mid,Off Exchange,
03:24:31.087 PM ET,1.415,100,142,Mid,Nasdaq GSM,
03:24:31.975 PM ET,1.410,100,141,Bid,Off Exchange,
03:25:25.080 PM ET,1.415,100,142,Mid,Nasdaq GSM,
03:25:36.673 PM ET,1.410,100,141,Bid,Off Exchange,
03:25:43.566 PM ET,1.415,100,142,Mid,IEX,
03:25:43.576 PM ET,1.415,100,142,Mid,IEX,
03:25:43.581 PM ET,1.415,100,142,Mid,Off Exchange,
03:25:43.581 PM ET,1.415,100,142,Mid,IEX,
03:25:43.582 PM ET,1.415,100,142,Mid,IEX,
03:26:08.514 PM ET,1.410,100,141,Bid,Off Exchange,
03:26:22.354 PM ET,1.410,100,141,Bid,Off Exchange,
03:26:31.415 PM ET,1.410,100,141,Bid,Off Exchange,
03:27:16.486 PM ET,1.415,100,142,Mid,NYSE,
03:27:19.695 PM ET,1.410,100,141,Bid,Off Exchange,
03:27:36.160 PM ET,1.410,100,141,Bid,Off Exchange,
03:27:37.673 PM ET,1.410,100,141,Bid,Off Exchange,
03:27:42.829 PM ET,1.410,100,141,Bid,Off Exchange,
03:28:19.057 PM ET,1.413,100,141,Mid,Off Exchange,Avg Price; Deriv Priced; Trade Thru Exmpt
03:28:21.133 PM ET,1.410,100,141,Bid,Off Exchange,
03:28:23.618 PM ET,1.410,100,141,Bid,Off Exchange,
03:29:21.274 PM ET,1.410,100,141,Bid,Off Exchange,
03:29:22.014 PM ET,1.410,100,141,Bid,Off Exchange,
03:29:55.727 PM ET,1.410,100,141,Bid,Off Exchange,
03:30:10.599 PM ET,1.415,100,142,Mid,Off Exchange,
03:30:11.893 PM ET,1.410,100,141,Bid,Off Exchange,
03:30:15.214 PM ET,1.410,100,141,Bid,Off Exchange,
03:30:39.314 PM ET,1.410,100,141,Bid,Off Exchange,
03:30:44.556 PM ET,1.415,100,142,Mid,Cboe BZX,
03:30:55.665 PM ET,1.415,100,142,Mid,Off Exchange,
03:30:55.666 PM ET,1.415,100,142,Mid,Off Exchange,
03:31:02.675 PM ET,1.410,100,141,Bid,Off Exchange,
03:31:12.432 PM ET,1.415,100,142,Mid,Nasdaq GSM,
03:31:12.433 PM ET,1.415,100,142,Mid,IEX,
03:31:12.433 PM ET,1.415,100,142,Mid,Off Exchange,
03:31:35.153 PM ET,1.410,100,141,Bid,Off Exchange,
03:31:41.723 PM ET,1.420,100,142,Bid,NYSE Arca,Inter Mkt Swp; Trade Thru Exmpt
03:31:41.723 PM ET,1.420,100,142,Bid,NYSE American,Inter Mkt Swp; Trade Thru Exmpt
03:31:41.723 PM ET,1.415,100,142,Bid,NYSE,Inter Mkt Swp; Trade Thru Exmpt
03:31:41.723 PM ET,1.420,100,142,Bid,NYSE,Inter Mkt Swp; Trade Thru Exmpt
03:31:41.724 PM ET,1.420,100,142,Bid,MEMX,
03:31:41.724 PM ET,1.420,100,142,Bid,Cboe EDGA,
03:31:41.724 PM ET,1.420,100,142,Bid,Cboe BZX,
03:31:41.724 PM ET,1.420,100,142,Bid,Cboe EDGX,
03:31:41.724 PM ET,1.420,100,142,Bid,MIAX Pearl,
03:31:41.724 PM ET,1.420,100,142,Bid,NYSE,Inter Mkt Swp; Trade Thru Exmpt
03:31:41.724 PM ET,1.420,100,142,Bid,IEX,
03:31:49.876 PM ET,1.425,100,143,Mid,Off Exchange,
03:32:18.796 PM ET,1.425,100,143,Mid,Cboe BZX,
03:33:32.978 PM ET,1.425,100,143,Mid,Cboe EDGX,Inter Mkt Swp; Trade Thru Exmpt
03:33:34.547 PM ET,1.425,100,143,Mid,NYSE,
03:33:52.802 PM ET,1.419,100,142,Bid,Off Exchange,Avg Price; Deriv Priced; Trade Thru Exmpt
03:34:43.074 PM ET,1.425,100,143,Mid,Off Exchange,
03:35:02.873 PM ET,1.420,100,142,Bid,Off Exchange,Avg Price; Deriv Priced; Trade Thru Exmpt
03:35:21.274 PM ET,1.425,100,143,Mid,NYSE,
03:35:21.275 PM ET,1.425,100,143,Mid,NYSE,
03:35:52.934 PM ET,1.425,100,143,Mid,Nasdaq GSM,
03:36:30.965 PM ET,1.425,100,143,Mid,NYSE Arca,
03:36:30.965 PM ET,1.425,100,143,Mid,NYSE,
03:38:05.738 PM ET,1.420,100,142,Bid,Cboe EDGX,Inter Mkt Swp; Trade Thru Exmpt
03:38:05.738 PM ET,1.420,100,142,Bid,NYSE,Inter Mkt Swp; Trade Thru Exmpt
03:38:05.738 PM ET,1.425,100,143,Mid,Nasdaq GSM,Inter Mkt Swp; Trade Thru Exmpt
03:38:05.738 PM ET,1.420,100,142,Bid,Cboe BYX,Inter Mkt Swp; Trade Thru Exmpt
03:38:05.738 PM ET,1.420,100,142,Bid,Nasdaq GSM,Inter Mkt Swp; Trade Thru Exmpt
03:38:05.738 PM ET,1.420,100,142,Bid,Cboe BZX,Inter Mkt Swp; Trade Thru Exmpt
03:38:05.738 PM ET,1.420,100,142,Bid,Nasdaq PHLX,Inter Mkt Swp; Trade Thru Exmpt
03:38:05.738 PM ET,1.420,100,142,Bid,IEX,
03:38:05.739 PM ET,1.415,100,142,Bid,Cboe BYX,
03:38:05.750 PM ET,1.420,100,142,Bid,Off Exchange,
03:38:05.766 PM ET,1.420,100,142,Bid,Off Exchange,
03:38:05.798 PM ET,1.415,100,142,Mid,Off Exchange,
03:38:06.864 PM ET,1.415,100,142,Mid,Off Exchange,
03:38:06.929 PM ET,1.415,100,142,Mid,Off Exchange,
03:38:06.930 PM ET,1.415,100,142,Mid,Off Exchange,
03:38:13.249 PM ET,1.415,100,142,Mid,Nasdaq GSM,
03:38:13.250 PM ET,1.415,100,142,Mid,IEX,
03:38:13.250 PM ET,1.415,100,142,Mid,Off Exchange,
03:38:13.251 PM ET,1.415,100,142,Mid,IEX,
03:40:26.207 PM ET,1.415,100,142,Mid,Nasdaq GSM,
03:40:27.042 PM ET,1.420,100,142,Mid,Off Exchange,Avg Price
03:40:37.193 PM ET,1.410,100,141,Bid,Off Exchange,
03:41:00.994 PM ET,1.415,100,142,Ask,NYSE Arca,Inter Mkt Swp; Trade Thru Exmpt
03:41:00.994 PM ET,1.410,100,141,Ask,NYSE Arca,Inter Mkt Swp; Trade Thru Exmpt
03:41:00.994 PM ET,1.410,100,141,Ask,NYSE American,Inter Mkt Swp; Trade Thru Exmpt
03:41:00.994 PM ET,1.410,100,141,Ask,NYSE,Inter Mkt Swp; Trade Thru Exmpt
03:41:00.994 PM ET,1.410,100,141,Ask,Cboe BZX,Inter Mkt Swp; Trade Thru Exmpt
03:41:00.994 PM ET,1.410,100,141,Ask,Cboe EDGA,Inter Mkt Swp; Trade Thru Exmpt
03:41:00.994 PM ET,1.410,100,141,Ask,MEMX,Inter Mkt Swp
03:41:00.994 PM ET,1.410,100,141,Ask,Nasdaq GSM,Inter Mkt Swp; Trade Thru Exmpt
03:41:00.994 PM ET,1.410,100,141,Ask,Nasdaq GSM,
03:41:00.994 PM ET,1.410,100,141,Ask,IEX,
03:41:00.995 PM ET,1.410,100,141,Ask,IEX,
03:41:01.004 PM ET,1.410,100,141,Ask,Off Exchange,
03:41:01.005 PM ET,1.405,100,141,Mid,Off Exchange,
03:41:01.007 PM ET,1.405,100,141,Mid,Off Exchange,
03:41:01.095 PM ET,1.405,100,141,Mid,IEX,
03:41:01.819 PM ET,1.405,100,141,Mid,IEX,
03:41:01.820 PM ET,1.405,100,141,Mid,IEX,
03:41:01.821 PM ET,1.405,100,141,Mid,IEX,
03:41:25.760 PM ET,1.415,100,142,Mid,Off Exchange,Avg Price; Deriv Priced; Trade Thru Exmpt
03:43:12.660 PM ET,1.415,100,142,Mid,NYSE,
03:43:47.834 PM ET,1.410,100,141,Bid,Off Exchange,
03:43:50.114 PM ET,1.415,100,142,Mid,Off Exchange,
03:44:08.475 PM ET,1.415,100,142,Mid,Off Exchange,
03:44:35.135 PM ET,1.415,100,142,Mid,Off Exchange,
03:46:03.970 PM ET,1.412,100,141,Mid,Off Exchange,Avg Price
03:46:20.074 PM ET,1.415,100,142,Mid,Off Exchange,
03:46:52.987 PM ET,1.420,100,142,Ask,NYSE American,Inter Mkt Swp; Trade Thru Exmpt
03:46:52.987 PM ET,1.420,100,142,Ask,NYSE,Inter Mkt Swp; Trade Thru Exmpt
03:46:52.987 PM ET,1.420,100,142,Ask,Cboe BYX,Inter Mkt Swp; Trade Thru Exmpt
03:46:52.988 PM ET,1.420,100,142,Ask,Cboe EDGX,
03:46:52.988 PM ET,1.420,100,142,Ask,NYSE Arca,
03:46:52.988 PM ET,1.420,100,142,Ask,MEMX,
03:46:52.988 PM ET,1.420,100,142,Ask,Nasdaq GSM,
03:46:52.988 PM ET,1.420,100,142,Ask,IEX,
03:46:52.989 PM ET,1.420,100,142,Ask,Nasdaq GSM,
03:46:57.997 PM ET,1.418,100,142,Mid,Off Exchange,Avg Price; Deriv Priced; Trade Thru Exmpt
03:47:35.517 PM ET,1.420,100,142,Mid,Off Exchange,Avg Price
03:47:52.997 PM ET,1.420,100,142,Mid,Off Exchange,Avg Price; Deriv Priced; Trade Thru Exmpt
03:48:03.285 PM ET,1.420,100,142,Mid,Off Exchange,Avg Price
03:49:28.297 PM ET,1.412,100,141,Mid,Off Exchange,Avg Price
03:49:36.174 PM ET,1.415,100,142,Mid,NYSE,
03:49:44.814 PM ET,1.412,100,141,Mid,Off Exchange,Avg Price
03:50:13.339 PM ET,1.415,100,142,Mid,NYSE,
03:50:39.470 PM ET,1.415,100,142,Mid,NYSE,
03:50:46.116 PM ET,1.420,100,142,Ask,NYSE National,Inter Mkt Swp; Trade Thru Exmpt
03:50:53.966 PM ET,1.415,100,142,Mid,NYSE,
03:51:07.926 PM ET,1.411,100,141,Mid,Off Exchange,Avg Price
03:51:08.654 PM ET,1.416,100,142,Mid,Off Exchange,Avg Price
03:52:37.961 PM ET,1.415,100,142,Mid,Off Exchange,Avg Price
03:52:42.287 PM ET,1.415,100,142,Mid,Cboe BZX,
03:52:42.414 PM ET,1.415,100,142,Mid,Nasdaq GSM,
03:52:55.405 PM ET,1.415,100,142,Mid,IEX,
03:53:16.517 PM ET,1.415,100,142,Mid,Off Exchange,
03:53:16.520 PM ET,1.415,100,142,Mid,Off Exchange,
03:53:16.523 PM ET,1.415,100,142,Mid,Off Exchange,
03:53:41.223 PM ET,1.415,100,142,Mid,NYSE,Inter Mkt Swp; Trade Thru Exmpt
03:53:42.462 PM ET,1.415,100,142,Mid,Nasdaq GSM,
03:53:45.126 PM ET,1.415,100,142,Mid,Cboe BZX,
03:53:56.668 PM ET,1.413,100,141,Mid,Off Exchange,Avg Price; Deriv Priced; Trade Thru Exmpt
03:54:24.518 PM ET,1.415,100,142,Mid,Cboe BZX,
03:54:30.894 PM ET,1.415,100,142,Mid,Off Exchange,Avg Price
03:54:40.112 PM ET,1.415,100,142,Mid,Cboe BZX,
03:54:40.112 PM ET,1.415,100,142,Mid,NYSE,
03:54:41.202 PM ET,1.415,100,142,Mid,Cboe BZX,
03:54:48.799 PM ET,1.414,100,141,Mid,Off Exchange,Avg Price
03:55:08.134 PM ET,1.415,100,142,Mid,Off Exchange,Avg Price; Deriv Priced; Trade Thru Exmpt
03:55:11.090 PM ET,1.415,100,142,Mid,NYSE,
03:55:11.091 PM ET,1.415,100,142,Mid,Nasdaq GSM,
03:55:16.357 PM ET,1.415,100,142,Mid,NYSE,
03:55:34.186 PM ET,1.415,100,142,Mid,NYSE,
03:55:42.998 PM ET,1.415,100,142,Mid,Nasdaq GSM,
03:55:43.000 PM ET,1.410,100,141,Bid,Off Exchange,
03:55:57.076 PM ET,1.415,100,142,Mid,NYSE,
03:55:57.076 PM ET,1.415,100,142,Mid,NYSE Arca,
03:55:57.507 PM ET,1.415,100,142,Mid,Off Exchange,
03:56:00.620 PM ET,1.415,100,142,Mid,MEMX,
03:56:00.621 PM ET,1.415,100,142,Mid,Off Exchange,
03:56:00.622 PM ET,1.415,100,142,Mid,Off Exchange,
03:56:00.655 PM ET,1.415,100,142,Mid,Off Exchange,
03:56:00.733 PM ET,1.415,100,142,Mid,NYSE,
03:56:02.968 PM ET,1.420,100,142,Ask,Cboe EDGX,Inter Mkt Swp; Trade Thru Exmpt
03:56:27.413 PM ET,1.410,100,141,Bid,Off Exchange,
03:56:43.234 PM ET,1.410,100,141,Bid,Off Exchange,
03:56:51.393 PM ET,1.410,100,141,Bid,Off Exchange,
03:56:54.032 PM ET,1.415,100,142,Mid,NYSE,
03:56:54.032 PM ET,1.415,100,142,Mid,NYSE Arca,
03:56:54.032 PM ET,1.415,100,142,Mid,Nasdaq GSM,
03:56:55.093 PM ET,1.410,100,141,Bid,Off Exchange,
03:57:04.513 PM ET,1.410,100,141,Bid,Off Exchange,
03:57:04.666 PM ET,1.415,100,142,Mid,NYSE,
03:57:04.667 PM ET,1.415,100,142,Mid,Off Exchange,
03:57:12.327 PM ET,1.415,100,142,Mid,Off Exchange,
03:57:19.693 PM ET,1.410,100,141,Bid,Off Exchange,
03:57:26.686 PM ET,1.415,100,142,Mid,NYSE,
03:57:36.051 PM ET,1.415,100,142,Mid,Cboe BZX,
03:57:36.053 PM ET,1.415,100,142,Mid,Off Exchange,
03:57:36.054 PM ET,1.415,100,142,Mid,NYSE,
03:57:37.913 PM ET,1.410,100,141,Bid,Off Exchange,
03:57:54.639 PM ET,1.410,100,141,Bid,Off Exchange,
03:57:56.846 PM ET,1.410,100,141,Bid,NYSE National,Inter Mkt Swp; Trade Thru Exmpt
03:58:02.146 PM ET,1.410,100,141,Bid,NYSE National,Inter Mkt Swp; Trade Thru Exmpt
03:58:08.752 PM ET,1.415,100,142,Mid,Off Exchange,
03:58:13.146 PM ET,1.415,100,142,Mid,Cboe BZX,
03:58:13.156 PM ET,1.420,100,142,Ask,Off Exchange,
03:58:13.158 PM ET,1.420,100,142,Ask,NYSE American,Inter Mkt Swp; Trade Thru Exmpt
03:58:13.158 PM ET,1.420,100,142,Ask,NYSE Arca,Inter Mkt Swp; Trade Thru Exmpt
03:58:13.158 PM ET,1.420,100,142,Ask,MEMX,Inter Mkt Swp
03:58:13.158 PM ET,1.420,100,142,Ask,NYSE,Inter Mkt Swp; Trade Thru Exmpt
03:58:13.158 PM ET,1.420,100,142,Ask,Nasdaq GSM,Inter Mkt Swp; Trade Thru Exmpt
03:58:13.158 PM ET,1.420,100,142,Ask,MIAX Pearl,Inter Mkt Swp; Trade Thru Exmpt
03:58:13.159 PM ET,1.420,100,142,Ask,IEX,
03:58:13.159 PM ET,1.420,100,142,Ask,Off Exchange,
03:58:13.187 PM ET,1.425,100,143,Mid,Off Exchange,
03:58:13.207 PM ET,1.425,100,143,Mid,Off Exchange,
03:58:13.226 PM ET,1.425,100,143,Mid,Off Exchange,
03:58:13.228 PM ET,1.425,100,143,Mid,Off Exchange,
03:58:17.034 PM ET,1.425,100,143,Mid,Off Exchange,
03:58:18.032 PM ET,1.425,100,143,Mid,Off Exchange,
03:58:18.043 PM ET,1.425,100,143,Mid,Nasdaq GSM,
03:58:18.133 PM ET,1.425,100,143,Mid,NYSE,
03:58:18.137 PM ET,1.425,100,143,Mid,Off Exchange,
03:58:18.792 PM ET,1.429,100,143,Mid,Off Exchange,
03:58:19.039 PM ET,1.425,100,143,Mid,Off Exchange,
03:58:22.362 PM ET,1.425,100,143,Mid,Cboe BZX,
03:58:22.362 PM ET,1.425,100,143,Mid,Off Exchange,
03:58:22.362 PM ET,1.425,100,143,Mid,Nasdaq GSM,
03:58:22.364 PM ET,1.430,100,143,Ask,Off Exchange,
03:58:22.364 PM ET,1.427,100,143,Mid,Off Exchange,
03:58:28.487 PM ET,1.425,100,143,Mid,NYSE,
03:58:28.487 PM ET,1.425,100,143,Mid,Cboe BZX,
03:58:28.487 PM ET,1.425,100,143,Mid,Nasdaq GSM,
03:58:28.488 PM ET,1.425,100,143,Mid,Off Exchange,
03:58:28.492 PM ET,1.425,100,143,Mid,Off Exchange,
03:58:29.593 PM ET,1.425,100,143,Mid,Off Exchange,
03:58:29.651 PM ET,1.425,100,143,Mid,NYSE,
03:58:46.676 PM ET,1.430,100,143,Ask,Cboe EDGX,
03:58:46.676 PM ET,1.430,100,143,Ask,Off Exchange,
03:58:46.677 PM ET,1.430,100,143,Ask,Cboe BZX,
03:58:46.677 PM ET,1.430,100,143,Ask,Nasdaq GSM,
03:58:46.678 PM ET,1.430,100,143,Ask,Cboe EDGX,
03:58:46.679 PM ET,1.430,100,143,Ask,Off Exchange,
03:58:46.680 PM ET,1.430,100,143,Ask,Off Exchange,
03:58:46.683 PM ET,1.430,100,143,Ask,NYSE,
03:58:46.683 PM ET,1.430,100,143,Ask,IEX,
03:58:46.690 PM ET,1.430,100,143,Ask,IEX,
03:58:46.693 PM ET,1.430,100,143,Ask,Off Exchange,
03:58:46.693 PM ET,1.430,100,143,Ask,NYSE,Inter Mkt Swp; Trade Thru Exmpt
03:58:46.694 PM ET,1.430,100,143,Ask,Nasdaq GSM,
03:58:47.607 PM ET,1.430,100,143,Ask,Cboe BZX,
03:58:47.893 PM ET,1.430,100,143,Ask,IEX,
03:58:47.894 PM ET,1.425,100,143,Mid,IEX,
03:58:47.894 PM ET,1.425,100,143,Mid,Off Exchange,
03:58:47.895 PM ET,1.425,100,143,Mid,Off Exchange,
03:58:47.972 PM ET,1.430,100,143,Ask,NYSE,
03:58:48.678 PM ET,1.425,100,143,Mid,Off Exchange,
03:58:49.827 PM ET,1.425,100,143,Mid,Off Exchange,
03:58:52.606 PM ET,1.430,100,143,Ask,Cboe BZX,
03:59:01.814 PM ET,1.430,100,143,None,IEX,
03:59:05.689 PM ET,1.430,100,143,None,Off Exchange,
03:59:05.691 PM ET,1.430,100,143,None,Cboe EDGA,
03:59:05.742 PM ET,1.430,100,143,None,Off Exchange,
03:59:11.600 PM ET,1.430,100,143,None,IEX,
03:59:11.601 PM ET,1.430,100,143,None,IEX,
03:59:11.601 PM ET,1.430,100,143,None,Cboe EDGX,
03:59:11.601 PM ET,1.420,100,142,None,NYSE National,
03:59:11.601 PM ET,1.430,100,143,None,Nasdaq GSM,
03:59:11.601 PM ET,1.430,100,143,None,NYSE Arca,
03:59:11.602 PM ET,1.430,100,143,None,NYSE Arca,Inter Mkt Swp; Trade Thru Exmpt
03:59:11.602 PM ET,1.425,100,143,None,Cboe BZX,
03:59:11.602 PM ET,1.430,100,143,None,Nasdaq GSM,Inter Mkt Swp; Trade Thru Exmpt
03:59:11.619 PM ET,1.430,100,143,None,Cboe BZX,
03:59:11.623 PM ET,1.425,100,143,None,NYSE,
03:59:11.645 PM ET,1.430,100,143,None,NYSE Arca,
03:59:11.703 PM ET,1.425,100,143,None,NYSE Arca,
03:59:11.703 PM ET,1.425,100,143,None,NYSE,
03:59:11.703 PM ET,1.420,100,142,None,NYSE,
03:59:11.703 PM ET,1.425,100,143,None,Cboe BZX,
03:59:11.703 PM ET,1.420,100,142,None,Cboe EDGX,
03:59:11.703 PM ET,1.425,100,143,None,Nasdaq GSM,
03:59:11.703 PM ET,1.420,100,142,None,Cboe BZX,
03:59:11.703 PM ET,1.425,100,143,None,Cboe BYX,
03:59:11.703 PM ET,1.425,100,143,None,Off Exchange,
03:59:11.703 PM ET,1.420,100,142,None,IEX,
03:59:11.704 PM ET,1.425,100,143,None,Off Exchange,
03:59:11.704 PM ET,1.425,100,143,None,NYSE,Inter Mkt Swp; Trade Thru Exmpt
03:59:11.704 PM ET,1.425,100,143,None,MEMX,Inter Mkt Swp; Trade Thru Exmpt
03:59:11.704 PM ET,1.420,100,142,None,Cboe BZX,Inter Mkt Swp; Trade Thru Exmpt
03:59:11.704 PM ET,1.420,100,142,None,NYSE,Inter Mkt Swp; Trade Thru Exmpt
03:59:11.704 PM ET,1.420,100,142,None,Nasdaq GSM,Inter Mkt Swp; Trade Thru Exmpt
03:59:11.704 PM ET,1.420,100,142,None,MEMX,Inter Mkt Swp
03:59:11.704 PM ET,1.420,100,142,None,MEMX,
03:59:11.705 PM ET,1.420,100,142,None,Off Exchange,
03:59:11.705 PM ET,1.420,100,142,None,Nasdaq GSM,
03:59:11.713 PM ET,1.425,100,143,None,Off Exchange,
03:59:11.714 PM ET,1.420,100,142,None,Off Exchange,
03:59:11.740 PM ET,1.425,100,143,None,Off Exchange,
03:59:25.338 PM ET,1.415,100,142,None,NYSE,
03:59:25.338 PM ET,1.415,100,142,None,NYSE Arca,
03:59:25.338 PM ET,1.415,100,142,None,MEMX,
03:59:25.338 PM ET,1.415,100,142,None,Cboe BZX,
03:59:25.338 PM ET,1.415,100,142,None,Cboe EDGA,
03:59:25.338 PM ET,1.415,100,142,None,Nasdaq GSM,
03:59:26.460 PM ET,1.420,100,142,None,NYSE National,Inter Mkt Swp; Trade Thru Exmpt
03:59:28.745 PM ET,1.415,100,142,None,Off Exchange,
03:59:30.434 PM ET,1.420,100,142,None,NYSE National,Inter Mkt Swp; Trade Thru Exmpt
03:59:39.290 PM ET,1.415,100,142,None,Cboe BZX,
03:59:44.689 PM ET,1.415,100,142,None,Nasdaq GSM,
03:59:45.624 PM ET,1.415,100,142,None,Nasdaq GSM,
03:59:45.631 PM ET,1.415,100,142,None,Nasdaq GSM,
03:59:46.378 PM ET,1.420,100,142,None,IEX,
03:59:47.223 PM ET,1.415,100,142,None,Nasdaq GSM,
03:59:48.297 PM ET,1.420,100,142,None,IEX,
03:59:48.571 PM ET,1.420,100,142,None,Cboe BZX,
03:59:48.826 PM ET,1.415,100,142,None,Nasdaq GSM,
03:59:48.829 PM ET,1.420,100,142,None,Off Exchange,
03:59:48.839 PM ET,1.420,100,142,None,Off Exchange,
03:59:48.841 PM ET,1.420,100,142,None,Off Exchange,
03:59:48.843 PM ET,1.415,100,142,None,NYSE,Inter Mkt Swp; Trade Thru Exmpt
03:59:49.595 PM ET,1.420,100,142,None,NYSE,
03:59:49.597 PM ET,1.420,100,142,None,Off Exchange,
03:59:49.598 PM ET,1.420,100,142,None,Off Exchange,
03:59:49.598 PM ET,1.420,100,142,None,IEX,
03:59:49.599 PM ET,1.420,100,142,None,Cboe BZX,
03:59:49.599 PM ET,1.420,100,142,None,NYSE Arca,
03:59:49.599 PM ET,1.420,100,142,None,IEX,
03:59:49.599 PM ET,1.420,100,142,None,NYSE,
03:59:49.599 PM ET,1.420,100,142,None,Nasdaq GSM,
03:59:49.600 PM ET,1.420,100,142,None,Nasdaq GSM,Inter Mkt Swp; Trade Thru Exmpt
03:59:49.601 PM ET,1.420,100,142,None,IEX,
03:59:49.604 PM ET,1.415,100,142,None,NYSE,Inter Mkt Swp; Trade Thru Exmpt
03:59:49.604 PM ET,1.420,100,142,None,NYSE,Inter Mkt Swp; Trade Thru Exmpt
03:59:49.700 PM ET,1.415,100,142,None,NYSE,
03:59:49.700 PM ET,1.415,100,142,None,Nasdaq GSM,
03:59:50.129 PM ET,1.420,100,142,None,NYSE National,Inter Mkt Swp; Trade Thru Exmpt
03:59:50.136 PM ET,1.420,100,142,None,NYSE National,Inter Mkt Swp; Trade Thru Exmpt
03:59:52.528 PM ET,1.415,100,142,None,Nasdaq GSM,
03:59:52.640 PM ET,1.415,100,142,None,Off Exchange,
03:59:53.712 PM ET,1.415,100,142,None,Cboe BZX,
03:59:53.713 PM ET,1.420,100,142,None,Cboe BZX,
03:59:53.713 PM ET,1.415,100,142,None,Cboe BYX,Inter Mkt Swp; Trade Thru Exmpt
03:59:54.631 PM ET,1.410,100,141,None,NYSE National,Inter Mkt Swp; Trade Thru Exmpt
03:59:59.451 PM ET,1.420,100,142,None,Nasdaq GSM,Inter Mkt Swp; Trade Thru Exmpt
04:06:35.993 PM ET,1.380,100,138,Mid,Off Exchange,Frm T Ext Hrs
04:21:14.122 PM ET,1.390,100,139,Mid,NYSE Arca,Frm T Ext Hrs; Inter Mkt Swp; Trade Thru Exmpt
04:44:39.649 PM ET,1.402,100,140,Mid,Off Exchange,Frm T Ext Hrs
05:08:53.122 PM ET,1.420,100,142,Ask,Off Exchange,Frm T Ext Hrs
09:35:10.193 AM ET,1.280,99,127,Bid,NYSE,Odd Lot
10:14:07.727 AM ET,1.325,99,131,Mid,Off Exchange,Odd Lot
11:09:00.321 AM ET,1.385,99,137,Ask,Off Exchange,Odd Lot
11:11:57.331 AM ET,1.390,99,138,Bid,Nasdaq GSM,Odd Lot
11:16:38.727 AM ET,1.385,99,137,Mid,NYSE,Odd Lot
11:42:00.488 AM ET,1.370,99,136,Bid,Off Exchange,Odd Lot
11:42:05.429 AM ET,1.380,99,137,Ask,Off Exchange,Odd Lot
11:42:10.340 AM ET,1.370,99,136,Bid,Off Exchange,Odd Lot
11:42:55.174 AM ET,1.371,99,136,Mid,Off Exchange,Odd Lot
12:40:02.732 PM ET,1.375,99,136,Mid,NYSE,Odd Lot
01:17:50.038 PM ET,1.380,99,137,Bid,Off Exchange,Odd Lot
01:17:50.045 PM ET,1.380,99,137,Bid,MIAX Pearl,Odd Lot
01:18:04.731 PM ET,1.380,99,137,Ask,Nasdaq GSM,Inter Mkt Swp; Odd Lot; Trade Thru Exmpt
01:51:12.486 PM ET,1.375,99,136,Mid,NYSE,Odd Lot
01:57:03.232 PM ET,1.370,99,136,Bid,Off Exchange,Odd Lot
01:57:15.714 PM ET,1.380,99,137,Ask,Off Exchange,Odd Lot
01:58:35.028 PM ET,1.375,99,136,Mid,Off Exchange,Odd Lot
01:58:40.162 PM ET,1.380,99,137,Ask,Off Exchange,Odd Lot
02:26:19.278 PM ET,1.390,99,138,Ask,NYSE,Odd Lot
03:54:40.112 PM ET,1.415,99,140,Mid,NYSE,Odd Lot
10:05:12.993 AM ET,1.315,98,129,Mid,Off Exchange,Odd Lot
10:14:16.652 AM ET,1.320,98,129,Ask,Nasdaq GSM,Inter Mkt Swp; Odd Lot; Trade Thru Exmpt
10:34:08.867 AM ET,1.335,98,131,Mid,NYSE Arca,Odd Lot
10:48:04.636 AM ET,1.370,98,134,Ask,Off Exchange,Odd Lot
10:53:11.031 AM ET,1.370,98,134,Ask,Nasdaq GSM,Odd Lot
12:40:45.561 PM ET,1.375,98,135,Mid,Nasdaq GSM,Odd Lot
02:48:49.343 PM ET,1.425,98,140,Mid,NYSE,Odd Lot
03:16:17.921 PM ET,1.420,98,139,Bid,Off Exchange,Odd Lot
03:16:40.151 PM ET,1.430,98,140,Ask,Off Exchange,Odd Lot
03:46:52.988 PM ET,1.420,98,139,Ask,Off Exchange,Odd Lot
03:56:21.040 PM ET,1.415,98,139,Mid,NYSE,Odd Lot
03:59:05.690 PM ET,1.430,98,140,None,Off Exchange,Odd Lot
11:14:44.233 AM ET,1.385,97,134,Mid,Off Exchange,Odd Lot
12:04:09.203 PM ET,1.370,97,133,Ask,Nasdaq GSM,Inter Mkt Swp; Odd Lot; Trade Thru Exmpt
12:46:07.203 PM ET,1.375,97,133,Mid,NYSE,Odd Lot
03:02:51.917 PM ET,1.420,97,138,Bid,Cboe BZX,Inter Mkt Swp; Odd Lot; Trade Thru Exmpt
03:02:51.917 PM ET,1.420,97,138,Bid,Cboe BZX,Odd Lot
03:59:47.347 PM ET,1.410,97,137,None,Cboe BYX,Inter Mkt Swp; Odd Lot; Trade Thru Exmpt
10:38:46.959 AM ET,1.350,96,130,Bid,Nasdaq GSM,Inter Mkt Swp; Odd Lot; Trade Thru Exmpt
02:26:16.148 PM ET,1.380,96,132,Bid,NYSE Arca,Inter Mkt Swp; Odd Lot; Trade Thru Exmpt
03:41:00.994 PM ET,1.410,96,135,Ask,Nasdaq GSM,Inter Mkt Swp; Odd Lot; Trade Thru Exmpt
03:59:11.601 PM ET,1.430,96,137,None,Nasdaq GSM,Odd Lot
03:59:25.338 PM ET,1.415,96,136,None,Nasdaq GSM,Odd Lot
01:17:50.045 PM ET,1.380,95,131,Bid,MIAX Pearl,Odd Lot
02:26:16.148 PM ET,1.380,95,131,Bid,NYSE Arca,Inter Mkt Swp; Odd Lot; Trade Thru Exmpt
03:20:40.259 PM ET,1.420,95,135,Ask,MEMX,Inter Mkt Swp; Odd Lot; Trade Thru Exmpt
11:36:45.757 AM ET,1.380,94,130,Ask,Nasdaq GSM,Inter Mkt Swp; Odd Lot; Trade Thru Exmpt
02:17:06.518 PM ET,1.375,94,129,Mid,IEX,Odd Lot
03:20:40.259 PM ET,1.420,94,133,Ask,Nasdaq PHLX,Inter Mkt Swp; Odd Lot; Trade Thru Exmpt
10:42:10.945 AM ET,1.355,93,126,Mid,Cboe EDGX,Odd Lot
10:47:27.236 AM ET,1.350,93,126,Bid,Nasdaq GSM,Odd Lot
11:11:57.332 AM ET,1.390,93,129,Bid,MEMX,Inter Mkt Swp; Odd Lot; Trade Thru Exmpt
03:29:59.178 PM ET,1.412,93,131,Mid,Off Exchange,Odd Lot
10:47:57.738 AM ET,1.365,92,126,Mid,Off Exchange,Odd Lot
11:36:45.748 AM ET,1.380,91,126,Ask,Off Exchange,Odd Lot
12:17:10.852 PM ET,1.370,91,125,Bid,Nasdaq BX,Inter Mkt Swp; Odd Lot; Trade Thru Exmpt
12:17:55.299 PM ET,1.370,91,125,Bid,Nasdaq BX,Inter Mkt Swp; Odd Lot; Trade Thru Exmpt
03:02:51.916 PM ET,1.430,91,130,Bid,Nasdaq PHLX,Inter Mkt Swp; Odd Lot; Trade Thru Exmpt
03:57:04.672 PM ET,1.420,91,129,Ask,Off Exchange,Odd Lot
03:57:36.058 PM ET,1.415,91,129,Mid,Off Exchange,Odd Lot
09:30:06.325 AM ET,1.235,90,111,Mid,IEX,Odd Lot
10:04:26.751 AM ET,1.315,90,118,Mid,Off Exchange,Odd Lot
10:38:46.959 AM ET,1.350,90,122,Bid,Cboe EDGX,Inter Mkt Swp; Odd Lot; Trade Thru Exmpt
11:04:49.217 AM ET,1.370,90,123,Ask,NYSE,Odd Lot
01:45:19.719 PM ET,1.375,90,124,Mid,IEX,Odd Lot
02:45:58.683 PM ET,1.425,90,128,Mid,Off Exchange,Odd Lot
03:17:22.459 PM ET,1.420,90,128,Bid,Off Exchange,Odd Lot
03:17:29.794 PM ET,1.430,90,129,Ask,Off Exchange,Odd Lot
03:17:36.204 PM ET,1.420,90,128,Bid,Off Exchange,Odd Lot
03:17:43.695 PM ET,1.430,90,129,Ask,Off Exchange,Odd Lot
03:17:51.561 PM ET,1.420,90,128,Bid,Off Exchange,Odd Lot
03:19:04.730 PM ET,1.425,90,128,Mid,Off Exchange,Odd Lot
03:20:40.259 PM ET,1.420,90,128,Ask,Nasdaq GSM,Inter Mkt Swp; Odd Lot; Trade Thru Exmpt
03:37:35.982 PM ET,1.420,90,128,Bid,Off Exchange,Odd Lot
03:44:04.351 PM ET,1.420,90,128,Ask,Off Exchange,Odd Lot
03:58:13.158 PM ET,1.420,90,128,Ask,NYSE,Inter Mkt Swp; Odd Lot; Trade Thru Exmpt
03:59:11.601 PM ET,1.430,90,129,None,Nasdaq GSM,Odd Lot
09:49:36.093 AM ET,1.305,89,116,Mid,Off Exchange,Odd Lot
11:04:49.217 AM ET,1.370,89,122,Ask,Cboe EDGX,Odd Lot
03:02:51.918 PM ET,1.420,89,126,Bid,Nasdaq GSM,Inter Mkt Swp; Odd Lot; Trade Thru Exmpt
03:38:03.061 PM ET,1.424,89,127,Mid,Off Exchange,Odd Lot
03:44:35.111 PM ET,1.415,89,126,Mid,Off Exchange,Odd Lot
10:14:16.652 AM ET,1.320,88,116,Ask,Nasdaq GSM,Inter Mkt Swp; Odd Lot; Trade Thru Exmpt
11:03:53.182 AM ET,1.375,88,121,Mid,Off Exchange,Odd Lot
02:01:48.042 PM ET,1.375,88,121,Mid,Off Exchange,Odd Lot
02:26:16.149 PM ET,1.380,88,121,Bid,Nasdaq GSM,Inter Mkt Swp; Odd Lot; Trade Thru Exmpt
02:43:51.451 PM ET,1.429,88,126,Mid,Off Exchange,Odd Lot
02:44:15.853 PM ET,1.425,88,125,Mid,Cboe BYX,Odd Lot
03:39:28.523 PM ET,1.420,88,125,Mid,Off Exchange,Odd Lot
12:43:27.511 PM ET,1.375,87,120,Mid,Nasdaq GSM,Odd Lot
12:44:59.529 PM ET,1.370,87,119,Bid,Off Exchange,Odd Lot
02:36:06.233 PM ET,1.390,87,121,Bid,Cboe BZX,Odd Lot
03:31:39.119 PM ET,1.415,87,123,Mid,Off Exchange,Odd Lot
03:46:52.987 PM ET,1.420,87,124,Ask,Cboe EDGA,Odd Lot
03:46:52.988 PM ET,1.420,87,124,Ask,NYSE,Odd Lot
09:54:03.325 AM ET,1.310,86,113,Ask,Cboe BZX,Inter Mkt Swp; Odd Lot; Trade Thru Exmpt
11:09:00.305 AM ET,1.380,86,119,Ask,Cboe BYX,Inter Mkt Swp; Odd Lot; Trade Thru Exmpt
03:53:16.542 PM ET,1.420,86,122,Ask,Off Exchange,Odd Lot
03:59:45.433 PM ET,1.420,86,122,None,NYSE,Odd Lot
03:59:45.624 PM ET,1.415,86,122,None,Cboe EDGX,Odd Lot
03:59:45.687 PM ET,1.420,86,122,None,Cboe EDGX,Odd Lot
02:01:48.044 PM ET,1.375,85,117,Mid,Off Exchange,Odd Lot
12:04:29.870 PM ET,1.370,84,115,Ask,MEMX,Odd Lot
02:36:06.233 PM ET,1.390,84,117,Bid,Nasdaq GSM,Inter Mkt Swp; Odd Lot; Trade Thru Exmpt
01:27:20.285 PM ET,1.375,83,114,Mid,Off Exchange,Odd Lot
03:58:13.158 PM ET,1.415,83,117,Mid,MIAX Pearl,Odd Lot
03:58:13.158 PM ET,1.420,83,118,Ask,MIAX Pearl,Inter Mkt Swp; Odd Lot; Trade Thru Exmpt
03:59:50.766 PM ET,1.410,83,117,None,NYSE National,Inter Mkt Swp; Odd Lot; Trade Thru Exmpt
01:17:50.038 PM ET,1.380,82,113,Bid,NYSE Arca,Odd Lot
03:05:34.868 PM ET,1.425,82,117,Mid,NYSE,Odd Lot
03:59:11.601 PM ET,1.430,82,117,None,NYSE,Inter Mkt Swp; Odd Lot; Trade Thru Exmpt
12:04:29.870 PM ET,1.370,81,111,Ask,Nasdaq GSM,Inter Mkt Swp; Odd Lot; Trade Thru Exmpt
03:31:41.724 PM ET,1.420,81,115,Bid,Nasdaq GSM,Inter Mkt Swp; Odd Lot; Trade Thru Exmpt
03:58:46.693 PM ET,1.430,81,116,Ask,NYSE,Inter Mkt Swp; Odd Lot; Trade Thru Exmpt
10:12:24.898 AM ET,1.325,80,106,Mid,Off Exchange,Odd Lot
11:04:49.216 AM ET,1.370,80,110,Ask,NYSE Arca,Inter Mkt Swp; Odd Lot; Trade Thru Exmpt
11:09:00.305 AM ET,1.380,80,110,Ask,NYSE,Inter Mkt Swp; Odd Lot; Trade Thru Exmpt
11:47:55.933 AM ET,1.370,80,110,Bid,Off Exchange,Odd Lot
02:36:06.233 PM ET,1.390,80,111,Bid,Nasdaq GSM,Inter Mkt Swp; Odd Lot; Trade Thru Exmpt
03:23:31.066 PM ET,1.418,80,113,Mid,Off Exchange,Odd Lot
10:53:11.030 AM ET,1.370,79,108,Ask,Cboe EDGX,Odd Lot
11:36:46.757 AM ET,1.380,79,109,Ask,Nasdaq GSM,Odd Lot
12:17:10.851 PM ET,1.370,79,108,Bid,Nasdaq GSM,Odd Lot
03:02:51.916 PM ET,1.430,79,113,Bid,Nasdaq PHLX,Inter Mkt Swp; Odd Lot; Trade Thru Exmpt
03:59:11.704 PM ET,1.420,79,112,None,Off Exchange,Odd Lot
09:54:02.855 AM ET,1.315,78,103,Ask,NYSE,Odd Lot
09:54:45.106 AM ET,1.305,78,102,Mid,NYSE,Odd Lot
09:56:30.586 AM ET,1.315,78,103,Mid,NYSE,Odd Lot
10:36:11.634 AM ET,1.335,78,104,Mid,NYSE,Odd Lot
10:38:19.159 AM ET,1.345,78,105,Mid,NYSE,Odd Lot
10:38:46.959 AM ET,1.350,78,105,Bid,Nasdaq GSM,Inter Mkt Swp; Odd Lot; Trade Thru Exmpt
11:36:45.758 AM ET,1.380,78,108,Ask,Nasdaq PHLX,Inter Mkt Swp; Odd Lot; Trade Thru Exmpt
01:26:37.574 PM ET,1.375,78,107,Mid,IEX,Odd Lot
02:30:46.592 PM ET,1.390,78,108,Ask,IEX,Odd Lot
03:35:23.978 PM ET,1.430,78,112,Ask,NYSE National,Inter Mkt Swp; Odd Lot; Trade Thru Exmpt
03:38:05.738 PM ET,1.420,78,111,Bid,Nasdaq GSM,Inter Mkt Swp; Odd Lot; Trade Thru Exmpt
03:58:22.363 PM ET,1.425,78,111,Mid,NYSE,Odd Lot
11:11:57.331 AM ET,1.390,77,107,Bid,NYSE,Inter Mkt Swp; Odd Lot; Trade Thru Exmpt
11:36:45.758 AM ET,1.380,77,106,Ask,Cboe EDGA,Inter Mkt Swp; Odd Lot; Trade Thru Exmpt
01:17:50.037 PM ET,1.380,77,106,Bid,MIAX Pearl,Odd Lot
03:33:11.640 PM ET,1.420,77,109,Mid,Off Exchange,Odd Lot
03:34:41.422 PM ET,1.425,77,110,Mid,NYSE,Odd Lot
03:52:15.108 PM ET,1.415,77,109,Mid,NYSE,Odd Lot
09:50:01.697 AM ET,1.305,76,99,Mid,Off Exchange,Odd Lot
10:14:16.652 AM ET,1.320,76,100,Ask,Nasdaq GSM,Inter Mkt Swp; Odd Lot; Trade Thru Exmpt
11:58:55.068 AM ET,1.375,76,105,Mid,Off Exchange,Odd Lot
02:42:05.081 PM ET,1.425,76,108,Mid,NYSE,Odd Lot
03:46:52.988 PM ET,1.420,76,108,Ask,NYSE,Odd Lot
03:58:13.158 PM ET,1.420,76,108,Ask,NYSE Arca,Inter Mkt Swp; Odd Lot; Trade Thru Exmpt
03:59:45.405 PM ET,1.415,76,108,None,NYSE,Odd Lot
03:59:48.776 PM ET,1.410,76,107,None,NYSE National,Odd Lot
09:51:26.842 AM ET,1.315,75,99,Mid,Off Exchange,Odd Lot
10:10:56.638 AM ET,1.315,75,99,Mid,Off Exchange,Odd Lot
12:26:20.431 PM ET,1.375,75,103,Mid,Nasdaq GSM,Odd Lot
01:51:57.139 PM ET,1.375,75,103,Mid,Off Exchange,Odd Lot
02:26:16.148 PM ET,1.375,75,103,Bid,Off Exchange,Odd Lot
02:55:49.265 PM ET,1.428,75,107,Bid,Off Exchange,Deriv Priced; Odd Lot; Trade Thru Exmpt
03:11:59.275 PM ET,1.420,75,107,Bid,Off Exchange,Odd Lot
03:46:52.988 PM ET,1.420,75,107,Ask,Cboe BZX,Odd Lot
03:59:11.704 PM ET,1.420,75,107,None,MEMX,Odd Lot
09:35:10.194 AM ET,1.280,74,95,Bid,NYSE,Inter Mkt Swp; Odd Lot; Trade Thru Exmpt
09:45:29.887 AM ET,1.300,74,96,Bid,NYSE Arca,Inter Mkt Swp; Odd Lot; Trade Thru Exmpt
10:45:05.472 AM ET,1.350,74,100,Bid,Off Exchange,Odd Lot
10:47:27.234 AM ET,1.350,74,100,Bid,NYSE,Inter Mkt Swp; Odd Lot; Trade Thru Exmpt
10:47:54.631 AM ET,1.360,74,101,Bid,NYSE,Inter Mkt Swp; Odd Lot; Trade Thru Exmpt
12:57:22.642 PM ET,1.370,74,101,Bid,NYSE,Inter Mkt Swp; Odd Lot; Trade Thru Exmpt
01:03:52.864 PM ET,1.370,74,101,Bid,NYSE,Inter Mkt Swp; Odd Lot; Trade Thru Exmpt
02:07:35.387 PM ET,1.375,74,102,Mid,Off Exchange,Odd Lot
03:28:23.662 PM ET,1.411,74,104,Mid,Off Exchange,Odd Lot
03:59:57.290 PM ET,1.410,74,104,None,Off Exchange,Odd Lot
09:35:08.217 AM ET,1.285,73,94,Mid,Off Exchange,Odd Lot
11:06:45.308 AM ET,1.370,73,100,Bid,Off Exchange,Odd Lot
11:36:46.757 AM ET,1.380,73,101,Ask,Nasdaq GSM,Odd Lot
11:56:27.548 AM ET,1.370,73,100,Bid,Off Exchange,Odd Lot
12:39:04.500 PM ET,1.370,73,100,Bid,Off Exchange,Odd Lot
02:06:29.164 PM ET,1.375,73,100,Mid,Off Exchange,Odd Lot
02:26:16.149 PM ET,1.380,73,101,Bid,Cboe BZX,Inter Mkt Swp; Odd Lot; Trade Thru Exmpt
02:39:04.431 PM ET,1.400,73,102,Bid,NYSE,Inter Mkt Swp; Odd Lot; Trade Thru Exmpt
03:02:51.916 PM ET,1.430,73,104,Bid,Nasdaq PHLX,Inter Mkt Swp; Odd Lot; Trade Thru Exmpt
03:23:42.434 PM ET,1.413,73,103,Mid,Off Exchange,Odd Lot
03:57:04.533 PM ET,1.415,73,103,Mid,Off Exchange,Odd Lot
03:58:46.693 PM ET,1.430,73,104,Ask,NYSE,Inter Mkt Swp; Odd Lot; Trade Thru Exmpt
10:09:00.580 AM ET,1.315,72,95,Mid,Off Exchange,Odd Lot
10:47:27.236 AM ET,1.350,72,97,Bid,NYSE,Odd Lot
10:49:15.160 AM ET,1.370,72,99,Ask,NYSE Arca,Inter Mkt Swp; Odd Lot; Trade Thru Exmpt
10:49:15.160 AM ET,1.370,72,99,Ask,NYSE Arca,Odd Lot
10:58:14.061 AM ET,1.370,72,99,Bid,Cboe BZX,Inter Mkt Swp; Odd Lot; Trade Thru Exmpt
11:13:07.167 AM ET,1.382,72,99,Mid,Off Exchange,Odd Lot
01:17:50.038 PM ET,1.380,72,99,Bid,NYSE Arca,Odd Lot
01:17:54.641 PM ET,1.380,72,99,Bid,Off Exchange,Odd Lot
02:26:16.148 PM ET,1.380,72,99,Bid,NYSE Arca,Inter Mkt Swp; Odd Lot; Trade Thru Exmpt
02:55:49.246 PM ET,1.430,72,103,Bid,Nasdaq GSM,Odd Lot
11:11:00.035 AM ET,1.390,71,99,Bid,Off Exchange,Odd Lot
11:11:57.331 AM ET,1.390,71,99,Bid,Cboe EDGA,Odd Lot
11:11:59.927 AM ET,1.390,71,99,Ask,Off Exchange,Odd Lot
03:57:14.847 PM ET,1.415,71,100,Mid,Off Exchange,Odd Lot
09:32:58.256 AM ET,1.265,70,89,Mid,Off Exchange,Odd Lot
11:35:29.215 AM ET,1.385,70,97,Mid,Off Exchange,Odd Lot
11:35:29.215 AM ET,1.380,70,97,Bid,Off Exchange,Odd Lot
02:17:06.518 PM ET,1.375,70,96,Mid,IEX,Odd Lot
02:42:03.640 PM ET,1.420,70,99,Bid,Off Exchange,Odd Lot
02:55:49.246 PM ET,1.430,70,100,Bid,NYSE,Inter Mkt Swp; Odd Lot; Trade Thru Exmpt
03:40:19.318 PM ET,1.415,70,99,Mid,Nasdaq GSM,Odd Lot
03:58:13.158 PM ET,1.420,70,99,Ask,Cboe BZX,Inter Mkt Swp; Odd Lot; Trade Thru Exmpt
03:58:52.606 PM ET,1.430,70,100,Ask,Cboe EDGA,Odd Lot
03:59:11.601 PM ET,1.430,70,100,None,Cboe BZX,Odd Lot
05:26:40.856 PM ET,1.430,70,100,Ask,Off Exchange,Frm T Ext Hrs; Odd Lot
09:46:00.727 AM ET,1.300,69,90,Bid,Nasdaq BX,Odd Lot
11:09:00.305 AM ET,1.380,69,95,Ask,Cboe EDGA,Odd Lot
01:38:33.906 PM ET,1.380,69,95,Ask,Off Exchange,Odd Lot
02:39:15.551 PM ET,1.410,69,97,Bid,NYSE,Odd Lot
02:47:40.079 PM ET,1.425,69,98,Mid,NYSE,Odd Lot
03:02:51.918 PM ET,1.430,69,99,Bid,Nasdaq PHLX,Inter Mkt Swp; Odd Lot; Trade Thru Exmpt
03:11:42.125 PM ET,1.428,69,99,Mid,Off Exchange,Odd Lot
03:34:34.938 PM ET,1.426,69,98,Mid,Off Exchange,Odd Lot
10:38:46.959 AM ET,1.350,68,92,Bid,MEMX,Inter Mkt Swp; Odd Lot; Trade Thru Exmpt
01:39:10.073 PM ET,1.375,68,94,Mid,NYSE National,Inter Mkt Swp; Odd Lot; Trade Thru Exmpt
03:02:51.915 PM ET,1.430,68,97,Bid,NYSE,Inter Mkt Swp; Odd Lot; Trade Thru Exmpt
03:02:51.916 PM ET,1.430,68,97,Bid,Cboe EDGX,Inter Mkt Swp; Odd Lot; Trade Thru Exmpt
09:45:29.887 AM ET,1.300,67,87,Bid,NYSE Arca,Inter Mkt Swp; Odd Lot; Trade Thru Exmpt
11:09:00.306 AM ET,1.380,67,92,Ask,NYSE,Odd Lot
01:16:38.447 PM ET,1.375,67,92,Mid,Off Exchange,Odd Lot
02:38:32.732 PM ET,1.399,67,94,Mid,Off Exchange,Odd Lot
03:41:10.147 PM ET,1.410,67,94,Mid,Off Exchange,Odd Lot
03:42:40.663 PM ET,1.414,67,95,Mid,Off Exchange,Odd Lot
10:33:36.843 AM ET,1.335,66,88,Mid,Off Exchange,Odd Lot
11:36:47.121 AM ET,1.380,66,91,Ask,Nasdaq GSM,Odd Lot
01:17:50.038 PM ET,1.380,66,91,Bid,NYSE Arca,Odd Lot
03:10:35.069 PM ET,1.421,66,94,Mid,Off Exchange,Odd Lot
10:53:11.031 AM ET,1.370,65,89,Ask,NYSE Arca,Inter Mkt Swp; Odd Lot; Trade Thru Exmpt
11:10:58.222 AM ET,1.400,65,91,Ask,Cboe EDGX,Inter Mkt Swp; Odd Lot; Trade Thru Exmpt
03:29:52.915 PM ET,1.415,65,92,Mid,Off Exchange,Odd Lot
09:43:03.110 AM ET,1.290,64,83,Bid,NYSE Arca,Inter Mkt Swp; Odd Lot; Trade Thru Exmpt
09:54:02.855 AM ET,1.310,64,84,Ask,Nasdaq GSM,Inter Mkt Swp; Odd Lot; Trade Thru Exmpt
11:04:24.806 AM ET,1.375,64,88,Mid,Off Exchange,Odd Lot
11:26:34.667 AM ET,1.385,64,89,Mid,Off Exchange,Odd Lot
01:18:04.732 PM ET,1.380,64,88,Ask,Cboe EDGX,Odd Lot
03:46:52.988 PM ET,1.420,64,91,Ask,Nasdaq GSM,Odd Lot
11:10:58.229 AM ET,1.397,63,88,Mid,Off Exchange,Deriv Priced; Odd Lot; Trade Thru Exmpt
02:26:12.333 PM ET,1.380,63,87,Ask,Off Exchange,Odd Lot
03:55:11.093 PM ET,1.420,63,89,Ask,Off Exchange,Odd Lot
03:59:11.645 PM ET,1.430,63,90,None,NYSE Arca,Odd Lot
10:14:16.652 AM ET,1.320,62,82,Ask,Nasdaq GSM,Inter Mkt Swp; Odd Lot; Trade Thru Exmpt
11:22:53.561 AM ET,1.381,62,86,Mid,Off Exchange,Odd Lot
03:58:13.156 PM ET,1.420,62,88,Ask,Off Exchange,Odd Lot
03:59:49.598 PM ET,1.420,62,88,None,Nasdaq GSM,Inter Mkt Swp; Odd Lot; Trade Thru Exmpt
10:42:10.945 AM ET,1.360,61,83,Ask,NYSE,Odd Lot
10:58:14.061 AM ET,1.370,61,84,Bid,NYSE Arca,Odd Lot
01:39:53.446 PM ET,1.375,61,84,Mid,NYSE,Odd Lot
02:24:59.764 PM ET,1.380,61,84,Ask,IEX,Odd Lot
03:38:05.738 PM ET,1.420,61,87,Bid,Nasdaq PHLX,Inter Mkt Swp; Odd Lot; Trade Thru Exmpt
03:57:36.057 PM ET,1.420,61,87,Ask,Off Exchange,Odd Lot
03:59:44.687 PM ET,1.415,61,86,None,Off Exchange,Odd Lot
03:59:59.289 PM ET,1.420,61,87,None,NYSE,Odd Lot
10:18:41.454 AM ET,1.330,60,80,Bid,NYSE Arca,Inter Mkt Swp; Odd Lot; Trade Thru Exmpt
10:33:36.864 AM ET,1.335,60,80,Mid,Off Exchange,Odd Lot
10:38:08.614 AM ET,1.340,60,80,Bid,NYSE Arca,Inter Mkt Swp; Odd Lot; Trade Thru Exmpt
10:38:46.959 AM ET,1.350,60,81,Bid,MEMX,Inter Mkt Swp; Odd Lot; Trade Thru Exmpt
10:47:27.236 AM ET,1.350,60,81,Bid,NYSE,Odd Lot
10:49:11.031 AM ET,1.370,60,82,Bid,Nasdaq GSM,Inter Mkt Swp; Odd Lot; Trade Thru Exmpt
11:04:49.217 AM ET,1.370,60,82,Ask,Cboe EDGA,Inter Mkt Swp; Odd Lot; Trade Thru Exmpt
01:17:50.036 PM ET,1.380,60,83,Bid,NYSE Arca,Inter Mkt Swp; Odd Lot; Trade Thru Exmpt
02:36:06.233 PM ET,1.390,60,83,Bid,NYSE Arca,Inter Mkt Swp; Odd Lot; Trade Thru Exmpt
02:39:04.431 PM ET,1.400,60,84,Bid,NYSE Arca,Inter Mkt Swp; Odd Lot; Trade Thru Exmpt
02:39:15.551 PM ET,1.410,60,85,Bid,NYSE Arca,Inter Mkt Swp; Odd Lot; Trade Thru Exmpt
02:41:30.210 PM ET,1.420,60,85,Ask,NYSE Arca,Inter Mkt Swp; Odd Lot; Trade Thru Exmpt
02:41:30.210 PM ET,1.420,60,85,Ask,Nasdaq GSM,Inter Mkt Swp; Odd Lot; Trade Thru Exmpt
02:55:49.246 PM ET,1.430,60,86,Bid,NYSE Arca,Inter Mkt Swp; Odd Lot; Trade Thru Exmpt
03:02:51.917 PM ET,1.420,60,85,Bid,Cboe BZX,Odd Lot
03:07:40.014 PM ET,1.427,60,86,Mid,Off Exchange,Odd Lot
03:31:41.724 PM ET,1.420,60,85,Bid,Nasdaq GSM,Inter Mkt Swp; Odd Lot; Trade Thru Exmpt
03:46:52.988 PM ET,1.420,60,85,Ask,MEMX,Odd Lot
03:58:46.694 PM ET,1.430,60,86,Ask,Nasdaq GSM,Inter Mkt Swp; Odd Lot; Trade Thru Exmpt
03:59:11.601 PM ET,1.430,60,86,None,Nasdaq GSM,Odd Lot
03:59:11.703 PM ET,1.420,60,85,None,Cboe BZX,Odd Lot
10:12:18.890 AM ET,1.320,59,78,Bid,NYSE,Odd Lot
10:12:18.894 AM ET,1.320,59,78,Bid,Off Exchange,Odd Lot
10:47:27.234 AM ET,1.350,59,80,Bid,Nasdaq GSM,Inter Mkt Swp; Odd Lot; Trade Thru Exmpt
11:30:00.605 AM ET,1.385,59,82,Mid,NYSE Arca,Odd Lot
12:59:33.436 PM ET,1.370,59,81,Bid,Off Exchange,Odd Lot
02:26:16.160 PM ET,1.380,59,81,Bid,Off Exchange,Deriv Priced; Odd Lot; Trade Thru Exmpt
03:58:46.693 PM ET,1.430,59,84,Ask,NYSE,Inter Mkt Swp; Odd Lot; Trade Thru Exmpt
03:59:48.571 PM ET,1.420,59,84,None,Cboe BZX,Odd Lot
03:59:49.599 PM ET,1.420,59,84,None,NYSE,Odd Lot
12:56:25.963 PM ET,1.370,58,79,Bid,Off Exchange,Odd Lot
01:13:24.417 PM ET,1.375,58,80,Mid,Off Exchange,Odd Lot
03:58:28.752 PM ET,1.425,58,83,Mid,Off Exchange,Odd Lot
03:59:44.691 PM ET,1.410,58,82,None,Off Exchange,Odd Lot
09:30:05.092 AM ET,1.240,57,71,Mid,Off Exchange,Deriv Priced; Odd Lot; Trade Thru Exmpt
10:38:46.959 AM ET,1.350,57,77,Bid,NYSE,Odd Lot
10:45:18.125 AM ET,1.355,57,77,Mid,Nasdaq GSM,Odd Lot
01:17:50.037 PM ET,1.380,57,79,Bid,Nasdaq GSM,Inter Mkt Swp; Odd Lot; Trade Thru Exmpt
03:41:00.994 PM ET,1.410,57,80,Ask,Nasdaq GSM,Inter Mkt Swp; Odd Lot; Trade Thru Exmpt
03:54:34.524 PM ET,1.415,57,81,Mid,Nasdaq GSM,Odd Lot
03:54:59.015 PM ET,1.415,57,81,Mid,Off Exchange,Odd Lot
03:56:36.520 PM ET,1.415,57,81,Mid,Cboe EDGA,Odd Lot
11:04:49.250 AM ET,1.370,56,77,Ask,Off Exchange,Odd Lot
11:36:49.160 AM ET,1.375,56,77,Mid,IEX,Odd Lot
01:17:50.036 PM ET,1.380,56,77,Bid,Cboe EDGA,Odd Lot
03:58:46.938 PM ET,1.430,56,80,Ask,Off Exchange,Odd Lot
03:59:12.608 PM ET,1.420,56,80,None,Cboe BZX,Odd Lot
03:59:12.610 PM ET,1.420,56,80,None,Nasdaq GSM,Odd Lot
03:07:14.745 PM ET,1.425,55,78,Mid,Off Exchange,Odd Lot
03:31:33.124 PM ET,1.415,55,78,Mid,Off Exchange,Odd Lot
03:59:11.704 PM ET,1.420,55,78,None,Cboe BYX,Inter Mkt Swp; Odd Lot; Trade Thru Exmpt
09:30:07.553 AM ET,1.235,54,67,Mid,IEX,Odd Lot
10:47:27.236 AM ET,1.350,54,73,Bid,Nasdaq GSM,Odd Lot
01:46:43.065 PM ET,1.375,54,74,Mid,Off Exchange,Odd Lot
03:02:51.917 PM ET,1.420,54,77,Bid,Cboe BZX,Odd Lot
03:02:51.934 PM ET,1.420,54,77,Bid,NYSE,Odd Lot
03:08:41.553 PM ET,1.423,54,77,Mid,Off Exchange,Odd Lot
03:20:40.258 PM ET,1.420,54,77,Ask,NYSE,Inter Mkt Swp; Odd Lot; Trade Thru Exmpt
03:59:20.501 PM ET,1.420,54,77,None,Cboe BZX,Odd Lot
03:59:24.608 PM ET,1.420,54,77,None,Cboe BZX,Odd Lot
10:47:54.631 AM ET,1.360,53,72,Bid,Cboe BZX,Inter Mkt Swp; Odd Lot; Trade Thru Exmpt
10:49:11.031 AM ET,1.370,53,73,Bid,NYSE,Inter Mkt Swp; Odd Lot; Trade Thru Exmpt
10:58:14.061 AM ET,1.370,53,73,Bid,NYSE,Inter Mkt Swp; Odd Lot; Trade Thru Exmpt
11:09:00.305 AM ET,1.380,53,73,Ask,NYSE,Inter Mkt Swp; Odd Lot; Trade Thru Exmpt
11:14:15.748 AM ET,1.389,53,74,Mid,Off Exchange,Odd Lot
11:32:18.067 AM ET,1.380,53,73,Bid,IEX,Odd Lot
11:39:56.607 AM ET,1.370,53,73,Bid,IEX,Odd Lot
11:46:49.827 AM ET,1.370,53,73,Bid,IEX,Odd Lot
11:53:26.607 AM ET,1.370,53,73,Bid,IEX,Odd Lot
12:00:13.428 PM ET,1.370,53,73,Bid,IEX,Odd Lot
12:03:34.313 PM ET,1.370,53,73,Bid,IEX,Odd Lot
12:27:20.227 PM ET,1.370,53,73,Bid,Nasdaq BX,Inter Mkt Swp; Odd Lot; Trade Thru Exmpt
12:31:56.799 PM ET,1.375,53,73,Mid,Off Exchange,Odd Lot
12:34:06.526 PM ET,1.370,53,73,Bid,Nasdaq BX,Inter Mkt Swp; Odd Lot; Trade Thru Exmpt
12:40:46.167 PM ET,1.370,53,73,Bid,IEX,Odd Lot
12:47:33.110 PM ET,1.370,53,73,Bid,IEX,Odd Lot
12:53:42.610 PM ET,1.370,53,73,Bid,IEX,Odd Lot
12:56:21.793 PM ET,1.370,53,73,Bid,IEX,Odd Lot
01:42:51.666 PM ET,1.375,53,73,Mid,NYSE National,Inter Mkt Swp; Odd Lot; Trade Thru Exmpt
01:50:19.626 PM ET,1.370,53,73,Bid,NYSE National,Inter Mkt Swp; Odd Lot; Trade Thru Exmpt
02:05:46.967 PM ET,1.375,53,73,Mid,IEX,Odd Lot
02:13:16.567 PM ET,1.375,53,73,Mid,IEX,Odd Lot
02:20:59.707 PM ET,1.375,53,73,Mid,IEX,Odd Lot
02:26:16.148 PM ET,1.380,53,73,Bid,NYSE,Inter Mkt Swp; Odd Lot; Trade Thru Exmpt
02:26:16.149 PM ET,1.380,53,73,Bid,Cboe BZX,Inter Mkt Swp; Odd Lot; Trade Thru Exmpt
02:26:16.149 PM ET,1.380,53,73,Bid,Nasdaq GSM,Inter Mkt Swp; Odd Lot; Trade Thru Exmpt
02:36:06.233 PM ET,1.390,53,74,Bid,Cboe EDGX,Odd Lot
02:41:30.210 PM ET,1.420,53,75,Ask,NYSE Arca,Inter Mkt Swp; Odd Lot; Trade Thru Exmpt
03:06:40.894 PM ET,1.425,53,76,Mid,Off Exchange,Odd Lot
03:14:26.846 PM ET,1.420,53,75,Bid,Cboe BYX,Inter Mkt Swp; Odd Lot; Trade Thru Exmpt
03:22:10.055 PM ET,1.415,53,75,Mid,Off Exchange,Odd Lot
03:29:46.727 PM ET,1.410,53,75,Bid,IEX,Odd Lot
03:46:52.988 PM ET,1.420,53,75,Ask,Nasdaq GSM,Odd Lot
03:55:45.009 PM ET,1.410,53,75,Bid,Nasdaq BX,Inter Mkt Swp; Odd Lot; Trade Thru Exmpt
01:36:34.219 PM ET,1.375,52,72,Mid,Off Exchange,Odd Lot
03:02:51.916 PM ET,1.430,52,74,Bid,Nasdaq PHLX,Odd Lot
03:02:51.916 PM ET,1.430,52,74,Bid,Nasdaq PHLX,Inter Mkt Swp; Odd Lot; Trade Thru Exmpt
10:47:54.631 AM ET,1.360,51,69,Bid,Nasdaq GSM,Inter Mkt Swp; Odd Lot; Trade Thru Exmpt
11:10:58.222 AM ET,1.400,51,71,Ask,NYSE,Inter Mkt Swp; Odd Lot; Trade Thru Exmpt
11:36:45.758 AM ET,1.380,51,70,Ask,Cboe EDGA,Inter Mkt Swp; Odd Lot; Trade Thru Exmpt
01:12:14.292 PM ET,1.375,51,70,Mid,Off Exchange,Odd Lot
03:09:34.204 PM ET,1.425,51,73,Mid,Off Exchange,Odd Lot
03:38:05.738 PM ET,1.420,51,72,Bid,Cboe BZX,Inter Mkt Swp; Odd Lot; Trade Thru Exmpt
03:59:59.129 PM ET,1.420,51,72,None,Nasdaq GSM,Odd Lot
09:30:21.791 AM ET,1.245,50,62,Mid,Off Exchange,Odd Lot
09:50:33.341 AM ET,1.310,50,66,Bid,MIAX Pearl,Inter Mkt Swp; Odd Lot; Trade Thru Exmpt
10:14:16.654 AM ET,1.320,50,66,Ask,Off Exchange,Odd Lot
10:22:52.135 AM ET,1.330,50,67,Bid,Off Exchange,Odd Lot
10:39:57.147 AM ET,1.360,50,68,Ask,Off Exchange,Odd Lot
10:42:10.945 AM ET,1.355,50,68,Mid,NYSE Arca,Odd Lot
10:47:27.233 AM ET,1.355,50,68,Mid,NYSE,Odd Lot
10:47:27.234 AM ET,1.350,50,68,Bid,Nasdaq GSM,Odd Lot
10:47:27.234 AM ET,1.350,50,68,Bid,Off Exchange,Odd Lot
10:52:45.640 AM ET,1.380,50,69,Ask,Off Exchange,Odd Lot
10:53:11.031 AM ET,1.370,50,69,Ask,Nasdaq PHLX,Inter Mkt Swp; Odd Lot; Trade Thru Exmpt
11:09:00.305 AM ET,1.380,50,69,Ask,Cboe EDGA,Odd Lot
11:09:00.314 AM ET,1.380,50,69,Ask,Cboe BZX,Inter Mkt Swp; Odd Lot; Trade Thru Exmpt
11:09:19.590 AM ET,1.390,50,70,Ask,NYSE,Inter Mkt Swp; Odd Lot; Trade Thru Exmpt
11:13:43.185 AM ET,1.383,50,69,Mid,Off Exchange,Odd Lot
11:36:45.757 AM ET,1.380,50,69,Ask,NYSE Arca,Inter Mkt Swp; Odd Lot; Trade Thru Exmpt
12:04:09.252 PM ET,1.370,50,69,Ask,Cboe EDGA,Inter Mkt Swp; Odd Lot; Trade Thru Exmpt
12:04:09.265 PM ET,1.370,50,69,Ask,Nasdaq PHLX,Odd Lot
12:04:09.270 PM ET,1.370,50,69,Ask,Cboe EDGA,Odd Lot
12:04:09.275 PM ET,1.370,50,69,Ask,Cboe EDGA,Odd Lot
12:04:29.870 PM ET,1.370,50,69,Ask,NYSE Arca,Inter Mkt Swp; Odd Lot; Trade Thru Exmpt
02:38:04.134 PM ET,1.395,50,70,Mid,Cboe EDGX,Odd Lot
02:39:04.431 PM ET,1.400,50,70,Bid,NYSE Arca,Inter Mkt Swp; Odd Lot; Trade Thru Exmpt
03:44:06.227 PM ET,1.415,50,71,Mid,NYSE,Odd Lot
03:44:56.786 PM ET,1.415,50,71,Mid,NYSE,Odd Lot
03:46:52.987 PM ET,1.420,50,71,Ask,NYSE,Inter Mkt Swp; Odd Lot; Trade Thru Exmpt
03:57:50.133 PM ET,1.415,50,71,Mid,IEX,Odd Lot
03:59:25.339 PM ET,1.415,50,71,None,IEX,Odd Lot
03:59:28.698 PM ET,1.415,50,71,None,IEX,Odd Lot
03:59:31.112 PM ET,1.415,50,71,None,IEX,Odd Lot
03:59:37.097 PM ET,1.415,50,71,None,Off Exchange,Odd Lot
05:47:32.033 PM ET,1.420,50,71,Mid,Off Exchange,Frm T Ext Hrs; Odd Lot
06:39:40.654 PM ET,1.410,50,71,Mid,NYSE Arca,Frm T Ext Hrs; Odd Lot
06:49:22.551 PM ET,1.420,50,71,Ask,Off Exchange,Frm T Ext Hrs; Odd Lot
09:54:02.855 AM ET,1.310,49,64,Ask,Nasdaq PHLX,Inter Mkt Swp; Odd Lot; Trade Thru Exmpt
10:47:27.236 AM ET,1.350,49,66,Bid,Cboe BZX,Odd Lot
10:53:11.031 AM ET,1.370,49,67,Ask,NYSE Arca,Inter Mkt Swp; Odd Lot; Trade Thru Exmpt
10:58:40.789 AM ET,1.371,49,67,Mid,Off Exchange,Odd Lot
11:36:45.758 AM ET,1.380,49,68,Ask,Cboe EDGA,Inter Mkt Swp; Odd Lot; Trade Thru Exmpt
03:02:51.917 PM ET,1.430,49,70,Bid,Nasdaq BX,Inter Mkt Swp; Odd Lot; Trade Thru Exmpt
03:02:51.917 PM ET,1.430,49,70,Bid,Nasdaq PHLX,Odd Lot
03:20:40.259 PM ET,1.420,49,70,Ask,MEMX,Inter Mkt Swp; Odd Lot; Trade Thru Exmpt
03:20:40.259 PM ET,1.420,49,70,Ask,Nasdaq GSM,Inter Mkt Swp; Odd Lot; Trade Thru Exmpt
03:38:05.738 PM ET,1.420,49,70,Bid,Cboe BZX,Inter Mkt Swp; Odd Lot; Trade Thru Exmpt
10:56:35.036 AM ET,1.365,48,66,Mid,Nasdaq GSM,Odd Lot
11:10:08.029 AM ET,1.390,48,67,Mid,Off Exchange,Odd Lot
11:36:46.757 AM ET,1.380,48,66,Ask,Nasdaq GSM,Odd Lot
03:02:51.916 PM ET,1.430,48,69,Bid,Nasdaq PHLX,Inter Mkt Swp; Odd Lot; Trade Thru Exmpt
03:59:40.075 PM ET,1.420,48,68,None,Off Exchange,Odd Lot
09:54:02.855 AM ET,1.310,47,62,Ask,Nasdaq BX,Inter Mkt Swp; Odd Lot; Trade Thru Exmpt
01:43:32.218 PM ET,1.375,47,65,Mid,Off Exchange,Odd Lot
03:58:13.158 PM ET,1.420,47,67,Ask,NYSE,Inter Mkt Swp; Odd Lot; Trade Thru Exmpt
03:59:49.595 PM ET,1.415,47,67,None,NYSE,Odd Lot
09:35:08.216 AM ET,1.285,46,59,Mid,IEX,Odd Lot
09:35:08.216 AM ET,1.285,46,59,Mid,Off Exchange,Odd Lot
09:35:08.219 AM ET,1.285,46,59,Mid,Off Exchange,Odd Lot
09:35:08.233 AM ET,1.285,46,59,Mid,Off Exchange,Odd Lot
09:35:08.233 AM ET,1.285,46,59,Mid,IEX,Odd Lot
10:32:12.981 AM ET,1.340,46,62,Mid,Off Exchange,Odd Lot
11:40:03.207 AM ET,1.371,46,63,Mid,Off Exchange,Odd Lot
01:22:02.932 PM ET,1.376,46,63,Mid,Off Exchange,Odd Lot
02:39:04.431 PM ET,1.400,46,64,Bid,Nasdaq GSM,Inter Mkt Swp; Odd Lot; Trade Thru Exmpt
02:51:42.125 PM ET,1.425,46,66,Mid,Off Exchange,Odd Lot
03:32:24.398 PM ET,1.425,46,66,Mid,Off Exchange,Odd Lot
03:33:45.195 PM ET,1.425,46,66,Mid,NYSE,Odd Lot
03:59:20.501 PM ET,1.420,46,65,None,Cboe BZX,Odd Lot
03:59:24.608 PM ET,1.420,46,65,None,Cboe BZX,Odd Lot
10:10:12.092 AM ET,1.315,45,59,Mid,Nasdaq GSM,Odd Lot
10:47:27.234 AM ET,1.350,45,61,Bid,MEMX,Inter Mkt Swp; Odd Lot; Trade Thru Exmpt
12:59:11.888 PM ET,1.370,45,62,Bid,IEX,Odd Lot
01:18:04.732 PM ET,1.380,45,62,Ask,Cboe EDGX,Odd Lot
01:20:10.564 PM ET,1.375,45,62,Mid,Off Exchange,Odd Lot
03:01:21.653 PM ET,1.434,45,65,Mid,Off Exchange,Odd Lot
03:11:59.239 PM ET,1.420,45,64,Bid,Off Exchange,Odd Lot
03:58:13.158 PM ET,1.420,45,64,Ask,IEX,Odd Lot
03:58:46.683 PM ET,1.430,45,64,Ask,NYSE Arca,Odd Lot
09:28:01.092 AM ET,1.270,44,56,Bid,Cboe EDGX,Frm T Ext Hrs; Inter Mkt Swp; Odd Lot; Trade Thru Exmpt
09:35:10.193 AM ET,1.280,44,56,Bid,NYSE,Odd Lot
11:13:27.332 AM ET,1.389,44,61,Mid,Off Exchange,Odd Lot
11:28:55.912 AM ET,1.385,44,61,Mid,Off Exchange,Odd Lot
11:34:24.413 AM ET,1.382,44,61,Mid,Off Exchange,Odd Lot
11:40:00.099 AM ET,1.375,44,61,Mid,Off Exchange,Odd Lot
11:41:05.280 AM ET,1.373,44,60,Mid,Off Exchange,Odd Lot
11:42:00.582 AM ET,1.370,44,60,Mid,Off Exchange,Odd Lot
11:52:16.630 AM ET,1.375,44,61,Mid,Off Exchange,Odd Lot
12:03:11.013 PM ET,1.375,44,61,Mid,Off Exchange,Odd Lot
12:16:01.228 PM ET,1.375,44,61,Mid,Off Exchange,Odd Lot
12:28:56.503 PM ET,1.375,44,61,Mid,Off Exchange,Odd Lot
12:28:56.504 PM ET,1.380,44,61,Ask,Off Exchange,Odd Lot
12:42:48.764 PM ET,1.375,44,61,Mid,Off Exchange,Odd Lot
12:42:48.764 PM ET,1.380,44,61,Ask,Off Exchange,Odd Lot
12:56:36.101 PM ET,1.375,44,61,Mid,Off Exchange,Odd Lot
01:12:14.254 PM ET,1.375,44,61,Mid,IEX,Odd Lot
01:25:07.006 PM ET,1.375,44,61,Mid,Off Exchange,Odd Lot
01:40:03.564 PM ET,1.375,44,61,Mid,Off Exchange,Odd Lot
01:58:16.478 PM ET,1.375,44,61,Mid,Off Exchange,Odd Lot
02:05:24.941 PM ET,1.375,44,61,Mid,Off Exchange,Odd Lot
02:21:07.037 PM ET,1.375,44,61,Mid,Off Exchange,Odd Lot
02:34:40.228 PM ET,1.385,44,61,Mid,Off Exchange,Odd Lot
02:42:19.973 PM ET,1.425,44,63,Mid,Off Exchange,Odd Lot
02:42:19.974 PM ET,1.430,44,63,Ask,Off Exchange,Odd Lot
02:54:32.488 PM ET,1.425,44,63,Mid,Off Exchange,Odd Lot
02:54:32.489 PM ET,1.430,44,63,Ask,Off Exchange,Odd Lot
02:55:49.246 PM ET,1.430,44,63,Bid,Nasdaq GSM,Odd Lot
03:02:51.916 PM ET,1.430,44,63,Bid,Nasdaq GSM,Odd Lot
03:16:25.815 PM ET,1.425,44,63,Mid,Off Exchange,Odd Lot
03:23:17.864 PM ET,1.415,44,62,Mid,Off Exchange,Odd Lot
03:31:44.097 PM ET,1.425,44,63,Mid,Off Exchange,Odd Lot
03:31:44.764 PM ET,1.425,44,63,Mid,Off Exchange,Odd Lot
03:39:52.811 PM ET,1.415,44,62,Mid,IEX,Odd Lot
03:39:52.812 PM ET,1.415,44,62,Mid,Off Exchange,Odd Lot
03:51:17.562 PM ET,1.415,44,62,Mid,Off Exchange,Odd Lot
03:54:55.131 PM ET,1.415,44,62,Mid,Off Exchange,Odd Lot
03:57:49.062 PM ET,1.415,44,62,Mid,Off Exchange,Odd Lot
03:59:12.608 PM ET,1.420,44,62,None,Cboe BZX,Odd Lot
03:59:49.595 PM ET,1.420,44,62,None,NYSE,Odd Lot
10:38:46.959 AM ET,1.350,43,58,Bid,NYSE,Odd Lot
11:06:53.597 AM ET,1.370,43,59,Bid,Nasdaq BX,Inter Mkt Swp; Odd Lot; Trade Thru Exmpt
11:09:48.406 AM ET,1.395,43,60,Mid,NYSE,Odd Lot
11:10:58.222 AM ET,1.400,43,60,Ask,NYSE,Inter Mkt Swp; Odd Lot; Trade Thru Exmpt
11:12:28.881 AM ET,1.394,43,60,Ask,Off Exchange,Deriv Priced; Odd Lot; Trade Thru Exmpt
11:40:02.224 AM ET,1.374,43,59,Mid,Off Exchange,Odd Lot
02:38:37.799 PM ET,1.395,43,60,Mid,Off Exchange,Odd Lot
02:42:00.972 PM ET,1.423,43,61,Mid,Off Exchange,Odd Lot
03:00:38.158 PM ET,1.433,43,62,Mid,Off Exchange,Odd Lot
03:02:51.916 PM ET,1.430,43,61,Bid,Nasdaq PHLX,Inter Mkt Swp; Odd Lot; Trade Thru Exmpt
03:31:41.724 PM ET,1.420,43,61,Bid,NYSE,Odd Lot
03:41:00.994 PM ET,1.410,43,61,Ask,Nasdaq GSM,Odd Lot
03:54:34.524 PM ET,1.415,43,61,Mid,Nasdaq GSM,Odd Lot
10:14:16.652 AM ET,1.320,42,55,Ask,Cboe EDGA,Odd Lot
10:42:10.947 AM ET,1.359,42,57,Mid,Off Exchange,Deriv Priced; Odd Lot; Trade Thru Exmpt
11:39:21.578 AM ET,1.372,42,58,Mid,Off Exchange,Odd Lot
12:04:29.870 PM ET,1.370,42,58,Ask,Cboe EDGA,Odd Lot
01:17:50.036 PM ET,1.380,42,58,Bid,Cboe BZX,Inter Mkt Swp; Odd Lot; Trade Thru Exmpt
01:31:20.536 PM ET,1.375,42,58,Mid,NYSE,Odd Lot
01:33:33.163 PM ET,1.375,42,58,Mid,NYSE,Odd Lot
01:38:44.450 PM ET,1.380,42,58,Ask,IEX,Odd Lot
02:42:58.020 PM ET,1.425,42,60,Mid,Off Exchange,Odd Lot
02:44:46.133 PM ET,1.425,42,60,Mid,Off Exchange,Odd Lot
02:47:39.560 PM ET,1.425,42,60,Mid,Off Exchange,Odd Lot
02:57:44.200 PM ET,1.435,42,60,Mid,Off Exchange,Odd Lot
03:16:25.820 PM ET,1.425,42,60,Mid,Cboe EDGX,Odd Lot
03:59:11.703 PM ET,1.420,42,60,None,Nasdaq GSM,Odd Lot
03:59:44.690 PM ET,1.415,42,59,None,Off Exchange,Odd Lot
09:59:14.646 AM ET,1.315,41,54,Mid,Off Exchange,Odd Lot
10:18:41.454 AM ET,1.330,41,55,Bid,Cboe BZX,Inter Mkt Swp; Odd Lot; Trade Thru Exmpt
10:47:27.237 AM ET,1.350,41,55,Bid,NYSE Arca,Inter Mkt Swp; Odd Lot; Trade Thru Exmpt
11:13:23.799 AM ET,1.385,41,57,Mid,Off Exchange,Odd Lot
12:04:29.870 PM ET,1.370,41,56,Ask,Cboe EDGA,Odd Lot
01:17:50.036 PM ET,1.380,41,57,Bid,Cboe BZX,Inter Mkt Swp; Odd Lot; Trade Thru Exmpt
01:19:15.903 PM ET,1.376,41,56,Mid,Off Exchange,Odd Lot
03:02:51.916 PM ET,1.430,41,59,Bid,Nasdaq GSM,Inter Mkt Swp; Odd Lot; Trade Thru Exmpt
03:30:03.429 PM ET,1.415,41,58,Mid,NYSE,Odd Lot
03:58:46.683 PM ET,1.430,41,59,Ask,NYSE,Odd Lot
10:49:11.031 AM ET,1.370,40,55,Bid,Cboe EDGX,Inter Mkt Swp; Odd Lot; Trade Thru Exmpt
11:08:56.693 AM ET,1.375,40,55,Mid,Off Exchange,Odd Lot
11:09:00.305 AM ET,1.380,40,55,Ask,NYSE Arca,Inter Mkt Swp; Odd Lot; Trade Thru Exmpt
11:09:00.305 AM ET,1.380,40,55,Ask,NYSE,Inter Mkt Swp; Odd Lot; Trade Thru Exmpt
11:09:19.590 AM ET,1.390,40,56,Ask,Nasdaq GSM,Inter Mkt Swp; Odd Lot; Trade Thru Exmpt
11:13:23.094 AM ET,1.385,40,55,Mid,Off Exchange,Odd Lot
11:19:24.910 AM ET,1.385,40,55,Mid,Off Exchange,Odd Lot
11:47:50.243 AM ET,1.380,40,55,Ask,Off Exchange,Odd Lot
01:52:41.549 PM ET,1.371,40,55,Mid,Off Exchange,Odd Lot
02:56:14.696 PM ET,1.435,40,57,Mid,NYSE,Odd Lot
02:58:45.402 PM ET,1.435,40,57,Mid,Off Exchange,Odd Lot
03:02:51.917 PM ET,1.420,40,57,Bid,Cboe BZX,Odd Lot
03:31:41.724 PM ET,1.420,40,57,Bid,NYSE,Inter Mkt Swp; Odd Lot; Trade Thru Exmpt
03:32:31.013 PM ET,1.425,40,57,Mid,NYSE,Odd Lot
03:58:57.918 PM ET,1.425,40,57,Mid,Off Exchange,Odd Lot
03:59:53.712 PM ET,1.420,40,57,None,Cboe BZX,Odd Lot
09:50:52.795 AM ET,1.315,39,51,Mid,NYSE,Odd Lot
09:54:02.856 AM ET,1.310,39,51,Ask,NYSE American,Odd Lot
09:55:44.553 AM ET,1.315,39,51,Mid,NYSE,Odd Lot
09:57:21.146 AM ET,1.315,39,51,Mid,NYSE,Odd Lot
10:12:18.890 AM ET,1.320,39,51,Bid,NYSE,Odd Lot
10:12:18.894 AM ET,1.320,39,51,Bid,Off Exchange,Odd Lot
10:36:18.775 AM ET,1.335,39,52,Mid,Nasdaq GSM,Odd Lot
10:41:05.218 AM ET,1.355,39,53,Mid,NYSE Arca,Odd Lot
10:42:10.945 AM ET,1.360,39,53,Ask,NYSE,Odd Lot
10:47:27.236 AM ET,1.350,39,53,Bid,Nasdaq GSM,Odd Lot
10:47:54.631 AM ET,1.360,39,53,Bid,NYSE,Inter Mkt Swp; Odd Lot; Trade Thru Exmpt
11:08:48.870 AM ET,1.370,39,53,Bid,IEX,Odd Lot
11:09:00.305 AM ET,1.380,39,54,Ask,NYSE,Inter Mkt Swp; Odd Lot; Trade Thru Exmpt
11:30:41.183 AM ET,1.385,39,54,Mid,Nasdaq GSM,Odd Lot
11:55:42.352 AM ET,1.380,39,54,Ask,NYSE National,Inter Mkt Swp; Odd Lot; Trade Thru Exmpt
12:04:29.870 PM ET,1.370,39,53,Ask,NYSE,Inter Mkt Swp; Odd Lot; Trade Thru Exmpt
01:17:50.037 PM ET,1.380,39,54,Bid,Cboe BZX,Inter Mkt Swp; Odd Lot; Trade Thru Exmpt
01:39:53.446 PM ET,1.375,39,54,Mid,NYSE,Odd Lot
01:47:12.591 PM ET,1.380,39,54,Ask,IEX,Odd Lot
01:48:17.982 PM ET,1.380,39,54,Ask,IEX,Odd Lot
01:49:29.832 PM ET,1.380,39,54,Ask,IEX,Odd Lot
01:51:35.147 PM ET,1.375,39,54,Mid,NYSE,Odd Lot
01:52:19.467 PM ET,1.375,39,54,Mid,NYSE,Odd Lot
02:16:00.492 PM ET,1.380,39,54,Ask,IEX,Odd Lot
02:26:16.148 PM ET,1.380,39,54,Bid,NYSE,Inter Mkt Swp; Odd Lot; Trade Thru Exmpt
02:26:16.149 PM ET,1.380,39,54,Bid,Cboe BZX,Inter Mkt Swp; Odd Lot; Trade Thru Exmpt
02:39:38.291 PM ET,1.401,39,55,Bid,Off Exchange,Deriv Priced; Odd Lot; Trade Thru Exmpt
02:40:48.567 PM ET,1.415,39,55,Mid,Off Exchange,Odd Lot
02:48:37.172 PM ET,1.425,39,56,Mid,Off Exchange,Odd Lot
03:01:35.143 PM ET,1.437,39,56,Mid,Off Exchange,Odd Lot
03:02:51.917 PM ET,1.420,39,55,Bid,Cboe BZX,Odd Lot
03:30:59.366 PM ET,1.415,39,55,Mid,Cboe BZX,Odd Lot
03:31:41.723 PM ET,1.420,39,55,Bid,NYSE,Inter Mkt Swp; Odd Lot; Trade Thru Exmpt
03:31:41.724 PM ET,1.420,39,55,Bid,NYSE,Odd Lot
03:35:32.546 PM ET,1.425,39,56,Mid,NYSE,Odd Lot
03:36:30.965 PM ET,1.425,39,56,Mid,NYSE,Odd Lot
03:37:05.992 PM ET,1.425,39,56,Mid,NYSE,Odd Lot
03:37:35.153 PM ET,1.425,39,56,Mid,NYSE,Odd Lot
03:37:57.726 PM ET,1.425,39,56,Mid,NYSE,Odd Lot
03:39:51.826 PM ET,1.415,39,55,Mid,NYSE,Odd Lot
03:46:52.987 PM ET,1.420,39,55,Ask,IEX,Odd Lot
03:58:13.158 PM ET,1.420,39,55,Ask,NYSE,Inter Mkt Swp; Odd Lot; Trade Thru Exmpt
03:59:11.703 PM ET,1.420,39,55,None,NYSE,Odd Lot
03:59:44.689 PM ET,1.415,39,55,None,Nasdaq GSM,Odd Lot
09:42:13.045 AM ET,1.290,38,49,Bid,NYSE Arca,Inter Mkt Swp; Odd Lot; Trade Thru Exmpt
10:36:31.312 AM ET,1.335,38,51,Mid,Nasdaq GSM,Odd Lot
10:51:23.108 AM ET,1.360,38,52,Mid,Off Exchange,Odd Lot
11:39:10.610 AM ET,1.371,38,52,Mid,Off Exchange,Odd Lot
12:04:29.870 PM ET,1.370,38,52,Ask,NYSE Arca,Inter Mkt Swp; Odd Lot; Trade Thru Exmpt
01:58:00.347 PM ET,1.375,38,52,Mid,IEX,Odd Lot
02:37:44.383 PM ET,1.395,38,53,Mid,Off Exchange,Odd Lot
02:50:44.794 PM ET,1.425,38,54,Mid,Off Exchange,Odd Lot
03:46:52.988 PM ET,1.420,38,54,Ask,Cboe BZX,Odd Lot
03:47:04.265 PM ET,1.420,38,54,Ask,Off Exchange,Odd Lot
03:57:20.304 PM ET,1.415,38,54,Mid,Off Exchange,Odd Lot
03:58:13.158 PM ET,1.420,38,54,Ask,NYSE,Odd Lot
09:43:45.653 AM ET,1.291,37,48,Mid,Off Exchange,Odd Lot
10:17:42.459 AM ET,1.320,37,49,Bid,NYSE Arca,Inter Mkt Swp; Odd Lot; Trade Thru Exmpt
11:10:58.324 AM ET,1.400,37,52,Bid,NYSE Arca,Inter Mkt Swp; Odd Lot; Trade Thru Exmpt
11:11:19.857 AM ET,1.398,37,52,Mid,Off Exchange,Odd Lot
03:02:43.046 PM ET,1.440,37,53,Mid,Off Exchange,Odd Lot
03:31:57.889 PM ET,1.430,37,53,Mid,Off Exchange,Odd Lot
03:33:26.075 PM ET,1.427,37,53,Mid,Off Exchange,Odd Lot
10:21:00.018 AM ET,1.335,36,48,Mid,Off Exchange,Odd Lot
10:45:47.963 AM ET,1.359,36,49,Mid,Off Exchange,Odd Lot
11:00:23.033 AM ET,1.375,36,50,Mid,Off Exchange,Odd Lot
11:00:50.444 AM ET,1.371,36,49,Mid,Off Exchange,Odd Lot
11:12:01.114 AM ET,1.385,36,50,Mid,Off Exchange,Odd Lot
12:30:50.207 PM ET,1.371,36,49,Mid,Off Exchange,Odd Lot
02:18:14.719 PM ET,1.380,36,50,Ask,Off Exchange,Odd Lot
02:26:16.148 PM ET,1.380,36,50,Bid,NYSE Arca,Inter Mkt Swp; Odd Lot; Trade Thru Exmpt
02:45:03.007 PM ET,1.425,36,51,Mid,NYSE,Odd Lot
02:59:34.753 PM ET,1.435,36,52,Mid,Off Exchange,Odd Lot
03:34:40.259 PM ET,1.425,36,51,Mid,Off Exchange,Odd Lot
03:45:57.406 PM ET,1.417,36,51,Mid,Off Exchange,Odd Lot
03:58:46.694 PM ET,1.430,36,51,Ask,NYSE,Inter Mkt Swp; Odd Lot; Trade Thru Exmpt
03:59:11.602 PM ET,1.430,36,51,None,Cboe BZX,Odd Lot
05:25:26.279 PM ET,1.420,36,51,Bid,NYSE Arca,Frm T Ext Hrs; Odd Lot
05:25:26.280 PM ET,1.420,36,51,Bid,NYSE Arca,Frm T Ext Hrs; Odd Lot
09:54:02.857 AM ET,1.310,35,46,Ask,Off Exchange,Deriv Priced; Odd Lot; Trade Thru Exmpt
09:55:18.641 AM ET,1.310,35,46,Bid,Nasdaq GSM,Odd Lot
10:42:10.945 AM ET,1.360,35,48,Ask,NYSE,Odd Lot
11:10:58.222 AM ET,1.400,35,49,Ask,Off Exchange,Odd Lot
12:04:29.870 PM ET,1.370,35,48,Ask,Nasdaq GSM,Inter Mkt Swp; Odd Lot; Trade Thru Exmpt
12:56:36.101 PM ET,1.380,35,48,Ask,Off Exchange,Odd Lot
01:17:50.037 PM ET,1.380,35,48,Bid,Cboe BZX,Inter Mkt Swp; Odd Lot; Trade Thru Exmpt
01:21:06.383 PM ET,1.375,35,48,Mid,Off Exchange,Odd Lot
02:45:25.220 PM ET,1.430,35,50,Ask,Off Exchange,Odd Lot
02:49:09.457 PM ET,1.425,35,50,Mid,Off Exchange,Odd Lot
02:49:49.692 PM ET,1.424,35,50,Mid,Off Exchange,Odd Lot
12:06:45.379 PM ET,1.370,34,47,Bid,Off Exchange,Odd Lot
01:17:50.036 PM ET,1.380,34,47,Bid,Cboe EDGA,Odd Lot
02:43:49.859 PM ET,1.429,34,49,Mid,Off Exchange,Odd Lot
02:44:05.367 PM ET,1.425,34,48,Mid,Off Exchange,Odd Lot
03:02:51.916 PM ET,1.430,34,49,Bid,Cboe EDGX,Odd Lot
03:53:53.101 PM ET,1.413,34,48,Mid,Off Exchange,Odd Lot
03:59:34.489 PM ET,1.415,34,48,None,NYSE,Odd Lot
04:00:10.679 PM ET,1.330,34,45,Mid,Off Exchange,Frm T Ext Hrs; Odd Lot
09:30:00.878 AM ET,1.260,33,42,Mid,NYSE,Inter Mkt Swp; Odd Lot; Trade Thru Exmpt
10:41:18.420 AM ET,1.355,33,45,Mid,Off Exchange,Odd Lot
11:09:00.306 AM ET,1.380,33,46,Ask,NYSE,Odd Lot
11:10:58.324 AM ET,1.400,33,46,Bid,NYSE Arca,Inter Mkt Swp; Odd Lot; Trade Thru Exmpt
11:36:45.758 AM ET,1.380,33,46,Ask,Cboe EDGA,Inter Mkt Swp; Odd Lot; Trade Thru Exmpt
01:23:07.657 PM ET,1.375,33,45,Mid,Off Exchange,Odd Lot
03:02:51.917 PM ET,1.425,33,47,Bid,Cboe BYX,Inter Mkt Swp; Odd Lot; Trade Thru Exmpt
09:35:01.298 AM ET,1.257,32,40,Bid,Off Exchange,Deriv Priced; Odd Lot; Trade Thru Exmpt
10:52:54.301 AM ET,1.375,32,44,Mid,Off Exchange,Odd Lot
11:19:10.316 AM ET,1.385,32,44,Mid,Off Exchange,Odd Lot
11:57:44.514 AM ET,1.372,32,44,Mid,Off Exchange,Odd Lot
03:02:51.916 PM ET,1.430,32,46,Bid,Cboe EDGX,Inter Mkt Swp; Odd Lot; Trade Thru Exmpt
03:02:51.917 PM ET,1.425,32,46,Bid,Cboe BYX,Inter Mkt Swp; Odd Lot; Trade Thru Exmpt
10:15:04.424 AM ET,1.315,31,41,Mid,Off Exchange,Odd Lot
11:09:00.305 AM ET,1.380,31,43,Ask,Cboe EDGA,Odd Lot
11:09:00.314 AM ET,1.380,31,43,Ask,Cboe BZX,Inter Mkt Swp; Odd Lot; Trade Thru Exmpt
11:38:02.718 AM ET,1.375,31,43,Mid,Off Exchange,Odd Lot
11:53:44.429 AM ET,1.375,31,43,Mid,Off Exchange,Odd Lot
01:38:33.906 PM ET,1.380,31,43,Ask,Off Exchange,Odd Lot
10:42:10.947 AM ET,1.359,30,41,Mid,Off Exchange,Deriv Priced; Odd Lot; Trade Thru Exmpt
10:55:08.938 AM ET,1.365,30,41,Mid,Off Exchange,Odd Lot
02:49:09.479 PM ET,1.425,30,43,Mid,Off Exchange,Odd Lot
03:06:44.307 PM ET,1.430,30,43,Mid,Off Exchange,Odd Lot
03:20:40.259 PM ET,1.420,30,43,Ask,Nasdaq GSM,Inter Mkt Swp; Odd Lot; Trade Thru Exmpt
03:39:34.454 PM ET,1.415,30,42,Mid,Off Exchange,Odd Lot
03:56:59.171 PM ET,1.415,30,42,Mid,IEX,Odd Lot
03:57:04.598 PM ET,1.415,30,42,Mid,Cboe EDGA,Odd Lot
03:57:04.615 PM ET,1.415,30,42,Mid,Cboe EDGA,Odd Lot
03:58:28.488 PM ET,1.425,30,43,Mid,IEX,Odd Lot
06:52:46.981 PM ET,1.418,30,43,Mid,Off Exchange,Frm T Ext Hrs; Odd Lot
07:44:37.548 PM ET,1.410,30,42,Mid,Off Exchange,Frm T Ext Hrs; Odd Lot
09:35:10.194 AM ET,1.285,29,37,Mid,Cboe BZX,Odd Lot
09:42:13.045 AM ET,1.290,29,37,Bid,NYSE Arca,Inter Mkt Swp; Odd Lot; Trade Thru Exmpt
09:54:02.855 AM ET,1.310,29,38,Ask,Nasdaq PHLX,Inter Mkt Swp; Odd Lot; Trade Thru Exmpt
09:54:02.857 AM ET,1.310,29,38,Ask,Off Exchange,Deriv Priced; Odd Lot; Trade Thru Exmpt
10:12:18.890 AM ET,1.320,29,38,Bid,Nasdaq PHLX,Inter Mkt Swp; Odd Lot; Trade Thru Exmpt
12:02:27.405 PM ET,1.375,29,40,Mid,Off Exchange,Odd Lot
12:21:59.432 PM ET,1.375,29,40,Mid,Off Exchange,Odd Lot
01:34:10.336 PM ET,1.375,29,40,Mid,Off Exchange,Odd Lot
02:45:04.991 PM ET,1.425,29,41,Mid,Off Exchange,Odd Lot
03:27:10.746 PM ET,1.420,29,41,Ask,Off Exchange,Odd Lot
03:32:18.223 PM ET,1.429,29,41,Mid,Off Exchange,Odd Lot
03:50:49.240 PM ET,1.416,29,41,Mid,Off Exchange,Odd Lot
03:54:40.513 PM ET,1.415,29,41,Mid,Off Exchange,Odd Lot
09:54:02.857 AM ET,1.310,28,37,Ask,Off Exchange,Deriv Priced; Odd Lot; Trade Thru Exmpt
10:39:45.794 AM ET,1.355,28,38,Mid,IEX,Odd Lot
10:39:45.795 AM ET,1.355,28,38,Mid,Off Exchange,Odd Lot
11:10:58.233 AM ET,1.397,28,39,Mid,Off Exchange,Deriv Priced; Odd Lot; Trade Thru Exmpt
02:47:20.347 PM ET,1.425,28,40,Mid,Off Exchange,Odd Lot
03:09:45.338 PM ET,1.425,28,40,Mid,Off Exchange,Odd Lot
03:55:22.830 PM ET,1.415,28,40,Mid,NYSE,Odd Lot
09:35:10.195 AM ET,1.280,27,35,Bid,NYSE Arca,Odd Lot
09:35:10.196 AM ET,1.280,27,35,Bid,NYSE Arca,Inter Mkt Swp; Odd Lot; Trade Thru Exmpt
10:50:24.440 AM ET,1.365,27,37,Mid,Off Exchange,Odd Lot
10:53:11.031 AM ET,1.370,27,37,Ask,Nasdaq GSM,Inter Mkt Swp; Odd Lot; Trade Thru Exmpt
11:03:55.215 AM ET,1.375,27,37,Mid,Off Exchange,Odd Lot
11:11:57.332 AM ET,1.390,27,38,Bid,MIAX Pearl,Inter Mkt Swp; Odd Lot; Trade Thru Exmpt
11:23:27.687 AM ET,1.385,27,37,Mid,Off Exchange,Odd Lot
11:34:40.841 AM ET,1.385,27,37,Mid,IEX,Odd Lot
11:34:40.842 AM ET,1.385,27,37,Mid,Off Exchange,Odd Lot
11:34:40.843 AM ET,1.390,27,38,Ask,Off Exchange,Odd Lot
11:54:48.128 AM ET,1.375,27,37,Mid,Off Exchange,Odd Lot
12:05:57.694 PM ET,1.375,27,37,Mid,Off Exchange,Odd Lot
12:18:21.496 PM ET,1.375,27,37,Mid,IEX,Odd Lot
12:18:21.496 PM ET,1.375,27,37,Mid,Off Exchange,Odd Lot
12:42:16.584 PM ET,1.375,27,37,Mid,Off Exchange,Odd Lot
12:53:10.331 PM ET,1.375,27,37,Mid,Off Exchange,Odd Lot
12:56:33.911 PM ET,1.375,27,37,Mid,Off Exchange,Odd Lot
12:56:33.912 PM ET,1.380,27,37,Ask,Off Exchange,Odd Lot
01:08:01.959 PM ET,1.375,27,37,Mid,Off Exchange,Odd Lot
01:23:42.998 PM ET,1.375,27,37,Mid,Off Exchange,Odd Lot
01:39:46.672 PM ET,1.375,27,37,Mid,Off Exchange,Odd Lot
01:50:46.965 PM ET,1.375,27,37,Mid,Off Exchange,Odd Lot
02:01:21.773 PM ET,1.375,27,37,Mid,Off Exchange,Odd Lot
02:13:05.121 PM ET,1.375,27,37,Mid,Off Exchange,Odd Lot
02:13:41.151 PM ET,1.375,27,37,Mid,Off Exchange,Odd Lot
02:33:16.616 PM ET,1.390,27,38,Ask,Off Exchange,Odd Lot
02:36:36.966 PM ET,1.395,27,38,Mid,Off Exchange,Odd Lot
02:36:57.259 PM ET,1.395,27,38,Mid,Off Exchange,Odd Lot
02:36:57.260 PM ET,1.400,27,38,Ask,Off Exchange,Odd Lot
02:47:04.449 PM ET,1.425,27,38,Mid,Off Exchange,Odd Lot
02:47:04.450 PM ET,1.430,27,39,Ask,Off Exchange,Odd Lot
02:57:10.816 PM ET,1.435,27,39,Mid,Off Exchange,Odd Lot
02:57:10.816 PM ET,1.440,27,39,Ask,Off Exchange,Odd Lot
03:02:51.916 PM ET,1.430,27,39,Bid,Nasdaq PHLX,Inter Mkt Swp; Odd Lot; Trade Thru Exmpt
03:14:16.588 PM ET,1.430,27,39,Ask,Off Exchange,Odd Lot
03:16:26.398 PM ET,1.425,27,38,Mid,Off Exchange,Odd Lot
03:24:31.974 PM ET,1.415,27,38,Mid,Off Exchange,Odd Lot
03:32:16.777 PM ET,1.425,27,38,Mid,Off Exchange,Odd Lot
03:49:00.989 PM ET,1.415,27,38,Mid,Off Exchange,Odd Lot
03:49:00.990 PM ET,1.420,27,38,Ask,Off Exchange,Odd Lot
03:51:20.052 PM ET,1.415,27,38,Mid,Off Exchange,Odd Lot
03:55:43.044 PM ET,1.415,27,38,Mid,Nasdaq GSM,Odd Lot
03:57:51.898 PM ET,1.415,27,38,Mid,Off Exchange,Odd Lot
03:58:46.693 PM ET,1.430,27,39,Ask,NYSE,Inter Mkt Swp; Odd Lot; Trade Thru Exmpt
03:59:11.601 PM ET,1.430,27,39,None,NYSE,Odd Lot
03:59:41.876 PM ET,1.415,27,38,None,Off Exchange,Odd Lot
09:30:05.093 AM ET,1.240,26,32,Mid,Off Exchange,Deriv Priced; Odd Lot; Trade Thru Exmpt
11:35:20.326 AM ET,1.385,26,36,Mid,Off Exchange,Odd Lot
01:03:52.864 PM ET,1.370,26,36,Bid,NYSE,Inter Mkt Swp; Odd Lot; Trade Thru Exmpt
01:17:50.038 PM ET,1.380,26,36,Bid,Cboe EDGX,Odd Lot
01:44:27.634 PM ET,1.375,26,36,Mid,Off Exchange,Odd Lot
02:10:25.335 PM ET,1.375,26,36,Mid,Off Exchange,Odd Lot
02:27:59.435 PM ET,1.385,26,36,Mid,Off Exchange,Odd Lot
02:58:15.081 PM ET,1.435,26,37,Mid,Nasdaq GSM,Odd Lot
03:17:14.726 PM ET,1.425,26,37,Mid,Off Exchange,Odd Lot
03:33:30.355 PM ET,1.425,26,37,Mid,Off Exchange,Odd Lot
03:58:46.683 PM ET,1.430,26,37,Ask,IEX,Odd Lot
03:59:55.193 PM ET,1.420,26,37,None,IEX,Odd Lot
09:43:22.674 AM ET,1.300,25,33,Ask,Off Exchange,Odd Lot
09:54:02.857 AM ET,1.310,25,33,Ask,Off Exchange,Deriv Priced; Odd Lot; Trade Thru Exmpt
10:24:29.127 AM ET,1.330,25,33,Bid,Off Exchange,Odd Lot
10:26:21.660 AM ET,1.335,25,33,Mid,Nasdaq GSM,Odd Lot
10:53:11.073 AM ET,1.365,25,34,Mid,Off Exchange,Odd Lot
11:09:00.331 AM ET,1.375,25,34,Bid,Off Exchange,Odd Lot
01:51:57.139 PM ET,1.375,25,34,Mid,Off Exchange,Odd Lot
03:02:51.915 PM ET,1.430,25,36,Bid,NYSE Arca,Inter Mkt Swp; Odd Lot; Trade Thru Exmpt
03:12:44.441 PM ET,1.425,25,36,Mid,Off Exchange,Odd Lot
03:20:40.259 PM ET,1.420,25,36,Ask,NYSE Arca,Inter Mkt Swp; Odd Lot; Trade Thru Exmpt
03:31:57.478 PM ET,1.417,25,35,Bid,Off Exchange,Deriv Priced; Odd Lot; Trade Thru Exmpt
03:38:05.738 PM ET,1.420,25,36,Bid,Cboe EDGX,Inter Mkt Swp; Odd Lot; Trade Thru Exmpt
03:57:04.598 PM ET,1.415,25,35,Mid,Nasdaq GSM,Odd Lot
03:59:59.139 PM ET,1.420,25,36,None,NYSE,Odd Lot
04:07:34.210 PM ET,1.400,25,35,Ask,Off Exchange,Frm T Ext Hrs; Odd Lot
09:42:13.045 AM ET,1.290,24,31,Bid,NYSE Arca,Inter Mkt Swp; Odd Lot; Trade Thru Exmpt
09:43:03.112 AM ET,1.290,24,31,Bid,Cboe BZX,Odd Lot
09:43:03.112 AM ET,1.295,24,31,Mid,Cboe BZX,Odd Lot
09:54:02.857 AM ET,1.310,24,31,Ask,Off Exchange,Deriv Priced; Odd Lot; Trade Thru Exmpt
10:27:26.506 AM ET,1.335,24,32,Mid,Off Exchange,Odd Lot
10:34:07.309 AM ET,1.335,24,32,Mid,Off Exchange,Odd Lot
10:42:10.947 AM ET,1.357,24,33,Mid,Off Exchange,Deriv Priced; Odd Lot; Trade Thru Exmpt
10:54:54.893 AM ET,1.365,24,33,Mid,Off Exchange,Odd Lot
11:53:44.433 AM ET,1.375,24,33,Mid,Off Exchange,Odd Lot
02:52:11.158 PM ET,1.425,24,34,Mid,Off Exchange,Odd Lot
03:46:52.988 PM ET,1.420,24,34,Ask,NYSE,Odd Lot
03:52:53.093 PM ET,1.413,24,34,Mid,Off Exchange,Odd Lot
03:57:13.345 PM ET,1.415,24,34,Mid,Off Exchange,Odd Lot
03:58:13.158 PM ET,1.420,24,34,Ask,Nasdaq GSM,Inter Mkt Swp; Odd Lot; Trade Thru Exmpt
03:58:55.848 PM ET,1.425,24,34,Mid,Off Exchange,Odd Lot
03:59:11.602 PM ET,1.430,24,34,None,Cboe BZX,Odd Lot
05:16:05.289 PM ET,1.417,24,34,Mid,Off Exchange,Frm T Ext Hrs; Odd Lot
09:54:02.857 AM ET,1.310,23,30,Ask,Off Exchange,Deriv Priced; Odd Lot; Trade Thru Exmpt
11:10:58.324 AM ET,1.400,23,32,Bid,NYSE Arca,Inter Mkt Swp; Odd Lot; Trade Thru Exmpt
11:11:57.331 AM ET,1.390,23,32,Bid,NYSE,Inter Mkt Swp; Odd Lot; Trade Thru Exmpt
11:11:57.331 AM ET,1.390,23,32,Bid,Cboe BZX,Odd Lot
11:11:57.331 AM ET,1.390,23,32,Bid,Cboe EDGX,Odd Lot
11:16:40.500 AM ET,1.385,23,32,Mid,Off Exchange,Odd Lot
11:36:45.757 AM ET,1.380,23,32,Ask,Cboe EDGA,Odd Lot
01:17:50.037 PM ET,1.380,23,32,Bid,MIAX Pearl,Inter Mkt Swp; Odd Lot; Trade Thru Exmpt
02:56:20.837 PM ET,1.435,23,33,Mid,Off Exchange,Odd Lot
03:04:29.799 PM ET,1.425,23,33,Mid,Off Exchange,Odd Lot
03:49:50.098 PM ET,1.415,23,33,Mid,Off Exchange,Odd Lot
03:59:11.703 PM ET,1.420,23,33,None,NYSE,Odd Lot
03:59:11.703 PM ET,1.420,23,33,None,Nasdaq GSM,Odd Lot
05:25:26.279 PM ET,1.420,23,33,Bid,NYSE Arca,Frm T Ext Hrs; Odd Lot
05:25:26.280 PM ET,1.420,23,33,Bid,NYSE Arca,Frm T Ext Hrs; Odd Lot
09:54:02.855 AM ET,1.310,22,29,Ask,Nasdaq GSM,Inter Mkt Swp; Odd Lot; Trade Thru Exmpt
09:54:02.857 AM ET,1.310,22,29,Ask,Off Exchange,Deriv Priced; Odd Lot; Trade Thru Exmpt
09:54:05.948 AM ET,1.309,22,29,Mid,Off Exchange,Deriv Priced; Odd Lot; Trade Thru Exmpt
10:37:26.132 AM ET,1.334,22,29,Mid,Off Exchange,Odd Lot
10:38:19.159 AM ET,1.345,22,30,Mid,NYSE,Odd Lot
10:40:03.127 AM ET,1.355,22,30,Mid,Off Exchange,Deriv Priced; Odd Lot; Trade Thru Exmpt
10:47:27.236 AM ET,1.350,22,30,Bid,Cboe EDGX,Odd Lot
10:49:15.159 AM ET,1.370,22,30,Ask,Cboe BZX,Odd Lot
11:36:45.758 AM ET,1.380,22,30,Ask,Nasdaq PHLX,Odd Lot
11:36:45.758 AM ET,1.380,22,30,Ask,Nasdaq PHLX,Inter Mkt Swp; Odd Lot; Trade Thru Exmpt
11:56:46.761 AM ET,1.370,22,30,Bid,Nasdaq GSM,Inter Mkt Swp; Odd Lot; Trade Thru Exmpt
02:30:46.592 PM ET,1.390,22,31,Ask,IEX,Odd Lot
03:20:40.259 PM ET,1.420,22,31,Ask,MEMX,Inter Mkt Swp; Odd Lot; Trade Thru Exmpt
03:27:42.970 PM ET,1.415,22,31,Mid,Off Exchange,Odd Lot
03:35:23.978 PM ET,1.430,22,31,Ask,NYSE National,Inter Mkt Swp; Odd Lot; Trade Thru Exmpt
03:49:56.813 PM ET,1.416,22,31,Mid,Off Exchange,Odd Lot
03:59:24.814 PM ET,1.421,22,31,None,Off Exchange,Deriv Priced; Odd Lot; Trade Thru Exmpt
04:31:07.308 PM ET,1.400,22,31,Bid,NYSE Arca,Frm T Ext Hrs; Odd Lot
09:54:02.857 AM ET,1.310,21,28,Ask,Off Exchange,Deriv Priced; Odd Lot; Trade Thru Exmpt
09:55:18.642 AM ET,1.310,21,28,Bid,Off Exchange,Deriv Priced; Odd Lot; Trade Thru Exmpt
10:40:03.112 AM ET,1.355,21,28,Mid,Off Exchange,Deriv Priced; Odd Lot; Trade Thru Exmpt
10:47:27.234 AM ET,1.355,21,28,Mid,Nasdaq BX,Odd Lot
11:01:23.069 AM ET,1.375,21,29,Mid,Off Exchange,Odd Lot
11:11:06.501 AM ET,1.392,21,29,Mid,Off Exchange,Odd Lot
11:12:24.071 AM ET,1.385,21,29,Mid,Nasdaq GSM,Odd Lot
11:14:03.876 AM ET,1.385,21,29,Mid,Off Exchange,Odd Lot
01:17:50.037 PM ET,1.380,21,29,Bid,Cboe BZX,Inter Mkt Swp; Odd Lot; Trade Thru Exmpt
03:02:51.916 PM ET,1.430,21,30,Bid,Nasdaq PHLX,Inter Mkt Swp; Odd Lot; Trade Thru Exmpt
03:05:28.864 PM ET,1.425,21,30,Mid,Off Exchange,Odd Lot
03:39:56.467 PM ET,1.415,21,30,Mid,NYSE National,Inter Mkt Swp; Odd Lot; Trade Thru Exmpt
03:57:02.691 PM ET,1.415,21,30,Mid,Off Exchange,Odd Lot
03:58:30.749 PM ET,1.418,21,30,Bid,Off Exchange,Deriv Priced; Odd Lot; Trade Thru Exmpt
03:59:11.601 PM ET,1.430,21,30,None,NYSE Arca,Odd Lot
03:59:59.606 PM ET,1.420,21,30,None,NYSE,Odd Lot
09:54:02.857 AM ET,1.310,20,26,Ask,Off Exchange,Deriv Priced; Odd Lot; Trade Thru Exmpt
10:12:18.890 AM ET,1.320,20,26,Bid,Cboe EDGX,Odd Lot
10:12:18.893 AM ET,1.320,20,26,Bid,Off Exchange,Odd Lot
10:12:38.796 AM ET,1.325,20,27,Mid,Off Exchange,Odd Lot
10:40:03.109 AM ET,1.355,20,27,Mid,Off Exchange,Deriv Priced; Odd Lot; Trade Thru Exmpt
10:51:29.987 AM ET,1.370,20,27,Mid,Off Exchange,Odd Lot
10:57:31.786 AM ET,1.369,20,27,Mid,Off Exchange,Odd Lot
11:10:58.222 AM ET,1.400,20,28,Ask,NYSE Arca,Inter Mkt Swp; Odd Lot; Trade Thru Exmpt
11:11:57.331 AM ET,1.390,20,28,Bid,NYSE,Inter Mkt Swp; Odd Lot; Trade Thru Exmpt
11:13:17.335 AM ET,1.389,20,28,Mid,Off Exchange,Odd Lot
11:36:45.757 AM ET,1.380,20,28,Ask,MEMX,Inter Mkt Swp; Odd Lot; Trade Thru Exmpt
11:38:08.171 AM ET,1.380,20,28,Ask,Cboe BYX,Inter Mkt Swp; Odd Lot; Trade Thru Exmpt
12:04:09.202 PM ET,1.370,20,27,Ask,NYSE,Inter Mkt Swp; Odd Lot; Trade Thru Exmpt
12:04:11.592 PM ET,1.370,20,27,Ask,Cboe BYX,Inter Mkt Swp; Odd Lot; Trade Thru Exmpt
12:17:10.851 PM ET,1.370,20,27,Bid,Nasdaq BX,Odd Lot
12:24:10.118 PM ET,1.375,20,28,Mid,Off Exchange,Odd Lot
12:28:17.826 PM ET,1.370,20,27,Bid,Off Exchange,Odd Lot
12:28:22.189 PM ET,1.370,20,27,Bid,Off Exchange,Odd Lot
12:28:37.090 PM ET,1.380,20,28,Ask,Off Exchange,Odd Lot
01:50:27.690 PM ET,1.370,20,27,Bid,Off Exchange,Odd Lot
01:50:37.016 PM ET,1.370,20,27,Bid,Off Exchange,Odd Lot
01:50:43.812 PM ET,1.380,20,28,Ask,Off Exchange,Odd Lot
01:50:54.027 PM ET,1.370,20,27,Bid,Off Exchange,Odd Lot
01:50:57.978 PM ET,1.380,20,28,Ask,Off Exchange,Odd Lot
01:51:07.418 PM ET,1.370,20,27,Bid,Off Exchange,Odd Lot
01:51:08.251 PM ET,1.370,20,27,Bid,Off Exchange,Odd Lot
01:51:11.538 PM ET,1.380,20,28,Ask,Off Exchange,Odd Lot
01:51:24.769 PM ET,1.380,20,28,Ask,Off Exchange,Odd Lot
01:51:53.779 PM ET,1.370,20,27,Bid,Off Exchange,Odd Lot
01:52:03.890 PM ET,1.370,20,27,Bid,Off Exchange,Odd Lot
01:52:46.812 PM ET,1.370,20,27,Bid,Off Exchange,Odd Lot
01:52:54.349 PM ET,1.380,20,28,Ask,Off Exchange,Odd Lot
01:52:56.710 PM ET,1.370,20,27,Bid,Off Exchange,Odd Lot
01:52:58.751 PM ET,1.380,20,28,Ask,Off Exchange,Odd Lot
01:53:13.323 PM ET,1.370,20,27,Bid,Off Exchange,Odd Lot
01:53:15.983 PM ET,1.380,20,28,Ask,Off Exchange,Odd Lot
01:53:25.513 PM ET,1.370,20,27,Bid,Off Exchange,Odd Lot
01:53:33.475 PM ET,1.380,20,28,Ask,Off Exchange,Odd Lot
01:53:39.901 PM ET,1.370,20,27,Bid,Off Exchange,Odd Lot
01:53:49.713 PM ET,1.370,20,27,Bid,Off Exchange,Odd Lot
01:54:18.163 PM ET,1.380,20,28,Ask,Off Exchange,Odd Lot
01:58:47.393 PM ET,1.378,20,28,Mid,Off Exchange,Odd Lot
02:40:02.311 PM ET,1.398,20,28,Bid,Off Exchange,Deriv Priced; Odd Lot; Trade Thru Exmpt
02:44:43.600 PM ET,1.423,20,28,Mid,Off Exchange,Odd Lot
02:55:04.492 PM ET,1.425,20,29,Mid,Off Exchange,Odd Lot
03:50:36.143 PM ET,1.410,20,28,Mid,Off Exchange,Odd Lot
03:55:13.601 PM ET,1.414,20,28,Mid,Off Exchange,Odd Lot
03:58:46.693 PM ET,1.430,20,29,Ask,Nasdaq GSM,Inter Mkt Swp; Odd Lot; Trade Thru Exmpt
03:59:11.601 PM ET,1.430,20,29,None,Nasdaq GSM,Odd Lot
03:59:11.703 PM ET,1.420,20,28,None,Nasdaq GSM,Odd Lot
03:59:49.599 PM ET,1.420,20,28,None,Cboe BZX,Odd Lot
03:59:49.599 PM ET,1.420,20,28,None,Cboe EDGA,Odd Lot
10:03:29.506 AM ET,1.310,19,25,Mid,Off Exchange,Odd Lot
10:12:44.941 AM ET,1.320,19,25,Bid,NYSE,Inter Mkt Swp; Odd Lot; Trade Thru Exmpt
11:11:14.256 AM ET,1.398,19,27,Mid,Off Exchange,Odd Lot
12:17:10.851 PM ET,1.370,19,26,Bid,NYSE,Odd Lot
12:17:10.851 PM ET,1.370,19,26,Bid,Nasdaq GSM,Odd Lot
01:30:27.794 PM ET,1.373,19,26,Mid,Off Exchange,Odd Lot
01:30:55.175 PM ET,1.380,19,26,Ask,Off Exchange,Odd Lot
02:13:17.151 PM ET,1.370,19,26,Bid,Off Exchange,Odd Lot
02:26:16.148 PM ET,1.380,19,26,Bid,NYSE Arca,Odd Lot
02:26:16.149 PM ET,1.380,19,26,Bid,NYSE Arca,Inter Mkt Swp; Odd Lot; Trade Thru Exmpt
02:42:09.803 PM ET,1.427,19,27,Mid,Off Exchange,Odd Lot
03:02:51.917 PM ET,1.420,19,27,Bid,Nasdaq BX,Odd Lot
03:02:51.917 PM ET,1.430,19,27,Bid,Nasdaq PHLX,Odd Lot
03:20:40.259 PM ET,1.420,19,27,Ask,Nasdaq GSM,Inter Mkt Swp; Odd Lot; Trade Thru Exmpt
09:46:07.934 AM ET,1.305,18,23,Mid,Off Exchange,Odd Lot
10:03:02.375 AM ET,1.315,18,24,Mid,NYSE,Odd Lot
10:27:14.026 AM ET,1.335,18,24,Mid,Off Exchange,Odd Lot
10:32:47.422 AM ET,1.332,18,24,Mid,Off Exchange,Odd Lot
10:34:03.771 AM ET,1.335,18,24,Mid,Off Exchange,Odd Lot
10:38:46.959 AM ET,1.350,18,24,Bid,Cboe BZX,Inter Mkt Swp; Odd Lot; Trade Thru Exmpt
10:39:57.148 AM ET,1.355,18,24,Mid,Off Exchange,Odd Lot
01:10:14.303 PM ET,1.375,18,25,Mid,Off Exchange,Odd Lot
03:29:15.008 PM ET,1.415,18,25,Mid,Off Exchange,Odd Lot
03:38:05.738 PM ET,1.420,18,26,Bid,Nasdaq GSM,Inter Mkt Swp; Odd Lot; Trade Thru Exmpt
03:53:53.109 PM ET,1.415,18,25,Mid,Off Exchange,Odd Lot
03:59:47.957 PM ET,1.415,18,25,None,Off Exchange,Odd Lot
10:12:18.902 AM ET,1.330,17,23,Ask,NYSE National,Inter Mkt Swp; Odd Lot; Trade Thru Exmpt
10:47:22.673 AM ET,1.355,17,23,Mid,IEX,Odd Lot
12:04:29.870 PM ET,1.370,17,23,Ask,Cboe EDGA,Odd Lot
12:16:42.967 PM ET,1.375,17,23,Mid,Nasdaq GSM,Odd Lot
01:50:50.572 PM ET,1.375,17,23,Mid,NYSE,Odd Lot
03:20:40.259 PM ET,1.420,17,24,Ask,Nasdaq GSM,Inter Mkt Swp; Odd Lot; Trade Thru Exmpt
03:58:13.158 PM ET,1.420,17,24,Ask,NYSE Arca,Inter Mkt Swp; Odd Lot; Trade Thru Exmpt
03:58:13.158 PM ET,1.420,17,24,Ask,MIAX Pearl,Odd Lot
09:30:01.620 AM ET,1.250,16,20,Mid,Off Exchange,Deriv Priced; Odd Lot; Trade Thru Exmpt
09:35:08.112 AM ET,1.290,16,21,Ask,Off Exchange,Odd Lot
10:20:30.323 AM ET,1.335,16,21,Mid,NYSE Arca,Odd Lot
10:53:11.031 AM ET,1.370,16,22,Ask,NYSE Arca,Inter Mkt Swp; Odd Lot; Trade Thru Exmpt
10:53:11.031 AM ET,1.370,16,22,Ask,NYSE Arca,Odd Lot
12:04:29.870 PM ET,1.370,16,22,Ask,MEMX,Odd Lot
02:27:59.474 PM ET,1.385,16,22,Mid,Off Exchange,Odd Lot
03:55:43.003 PM ET,1.410,16,23,Bid,Off Exchange,Odd Lot
03:56:21.037 PM ET,1.415,16,23,Mid,NYSE,Odd Lot
09:32:01.457 AM ET,1.260,15,19,Ask,NYSE,Inter Mkt Swp; Odd Lot; Trade Thru Exmpt
10:14:27.492 AM ET,1.320,15,20,Ask,Off Exchange,Odd Lot
10:17:40.825 AM ET,1.315,15,20,Mid,Off Exchange,Odd Lot
10:21:50.343 AM ET,1.335,15,20,Mid,Off Exchange,Odd Lot
12:29:55.527 PM ET,1.379,15,21,Mid,Off Exchange,Odd Lot
01:58:00.346 PM ET,1.370,15,21,Bid,NYSE National,Inter Mkt Swp; Odd Lot; Trade Thru Exmpt
02:01:48.044 PM ET,1.375,15,21,Mid,Off Exchange,Odd Lot
02:26:19.281 PM ET,1.389,15,21,Mid,Off Exchange,Odd Lot
02:39:15.561 PM ET,1.415,15,21,Mid,Cboe BYX,Odd Lot
03:20:40.259 PM ET,1.420,15,21,Ask,Cboe EDGX,Inter Mkt Swp; Odd Lot; Trade Thru Exmpt
03:20:40.278 PM ET,1.415,15,21,Mid,Off Exchange,Odd Lot
03:32:08.755 PM ET,1.430,15,21,Ask,Off Exchange,Odd Lot
03:37:08.248 PM ET,1.425,15,21,Mid,Off Exchange,Odd Lot
03:42:06.256 PM ET,1.420,15,21,Ask,Off Exchange,Odd Lot
03:59:11.601 PM ET,1.430,15,21,None,NYSE,Inter Mkt Swp; Odd Lot; Trade Thru Exmpt
03:59:49.598 PM ET,1.420,15,21,None,NYSE Arca,Inter Mkt Swp; Odd Lot; Trade Thru Exmpt
03:59:56.888 PM ET,1.415,15,21,None,IEX,Odd Lot
09:30:04.386 AM ET,1.250,14,18,Mid,Off Exchange,Deriv Priced; Odd Lot; Trade Thru Exmpt
09:38:40.169 AM ET,1.288,14,18,Mid,Off Exchange,Odd Lot
10:14:16.652 AM ET,1.320,14,18,Ask,Nasdaq GSM,Inter Mkt Swp; Odd Lot; Trade Thru Exmpt
10:49:26.839 AM ET,1.365,14,19,Mid,Off Exchange,Odd Lot
10:50:37.195 AM ET,1.369,14,19,Mid,Off Exchange,Odd Lot
10:58:14.061 AM ET,1.370,14,19,Bid,Cboe EDGX,Odd Lot
10:58:54.081 AM ET,1.370,14,19,Bid,Off Exchange,Odd Lot
11:09:00.305 AM ET,1.380,14,19,Ask,Cboe BYX,Inter Mkt Swp; Odd Lot; Trade Thru Exmpt
12:13:05.650 PM ET,1.375,14,19,Mid,Cboe BZX,Odd Lot
01:01:40.494 PM ET,1.371,14,19,Mid,Off Exchange,Odd Lot
03:34:56.170 PM ET,1.419,14,20,Bid,Off Exchange,Deriv Priced; Odd Lot; Trade Thru Exmpt
03:36:12.461 PM ET,1.421,14,20,Mid,Off Exchange,Odd Lot
03:57:51.932 PM ET,1.420,14,20,Ask,Off Exchange,Odd Lot
03:59:37.235 PM ET,1.415,14,20,None,NYSE,Odd Lot
03:59:45.632 PM ET,1.415,14,20,None,Cboe EDGX,Odd Lot
09:54:02.855 AM ET,1.310,13,17,Ask,Nasdaq GSM,Inter Mkt Swp; Odd Lot; Trade Thru Exmpt
09:54:02.856 AM ET,1.310,13,17,Ask,Nasdaq GSM,Inter Mkt Swp; Odd Lot; Trade Thru Exmpt
10:12:15.118 AM ET,1.315,13,17,Mid,Off Exchange,Odd Lot
10:14:28.651 AM ET,1.315,13,17,Mid,Off Exchange,Odd Lot
10:39:46.982 AM ET,1.355,13,18,Mid,Off Exchange,Deriv Priced; Odd Lot; Trade Thru Exmpt
11:10:58.324 AM ET,1.400,13,18,Bid,NYSE Arca,Inter Mkt Swp; Odd Lot; Trade Thru Exmpt
11:33:08.860 AM ET,1.380,13,18,Bid,Nasdaq BX,Odd Lot
11:39:13.944 AM ET,1.372,13,18,Mid,Off Exchange,Odd Lot
02:57:20.511 PM ET,1.439,13,19,Mid,Off Exchange,Odd Lot
03:35:44.578 PM ET,1.421,13,18,Mid,Off Exchange,Odd Lot
03:38:05.738 PM ET,1.420,13,18,Bid,NYSE,Inter Mkt Swp; Odd Lot; Trade Thru Exmpt
03:38:06.865 PM ET,1.415,13,18,Mid,Off Exchange,Odd Lot
03:46:52.987 PM ET,1.420,13,18,Ask,Cboe EDGA,Odd Lot
03:46:52.988 PM ET,1.420,13,18,Ask,Cboe BZX,Odd Lot
03:59:49.598 PM ET,1.420,13,18,None,NYSE Arca,Inter Mkt Swp; Odd Lot; Trade Thru Exmpt
03:59:52.527 PM ET,1.410,13,18,None,NYSE National,Inter Mkt Swp; Odd Lot; Trade Thru Exmpt
09:30:02.554 AM ET,1.250,12,15,Mid,Off Exchange,Deriv Priced; Odd Lot; Trade Thru Exmpt
09:45:29.888 AM ET,1.300,12,16,Bid,Cboe BZX,Inter Mkt Swp; Odd Lot; Trade Thru Exmpt
11:33:45.967 AM ET,1.390,12,17,Ask,Off Exchange,Odd Lot
11:36:45.757 AM ET,1.380,12,17,Ask,Cboe EDGA,Inter Mkt Swp; Odd Lot; Trade Thru Exmpt
01:17:50.037 PM ET,1.380,12,17,Bid,MIAX Pearl,Inter Mkt Swp; Odd Lot; Trade Thru Exmpt
02:26:16.148 PM ET,1.380,12,17,Bid,NYSE Arca,Inter Mkt Swp; Odd Lot; Trade Thru Exmpt
03:16:26.398 PM ET,1.425,12,17,Mid,Off Exchange,Odd Lot
03:51:17.563 PM ET,1.420,12,17,Ask,Off Exchange,Odd Lot
03:52:52.192 PM ET,1.415,12,17,Mid,Off Exchange,Odd Lot
03:58:31.102 PM ET,1.425,12,17,Mid,NYSE,Odd Lot
09:42:13.045 AM ET,1.290,11,14,Bid,Cboe BZX,Inter Mkt Swp; Odd Lot; Trade Thru Exmpt
09:53:16.057 AM ET,1.316,11,14,Mid,Off Exchange,Deriv Priced; Odd Lot; Trade Thru Exmpt
09:54:35.949 AM ET,1.309,11,14,Mid,Off Exchange,Deriv Priced; Odd Lot; Trade Thru Exmpt
11:04:49.217 AM ET,1.370,11,15,Ask,Cboe EDGX,Odd Lot
11:09:02.860 AM ET,1.385,11,15,Mid,NYSE National,Odd Lot
11:13:56.194 AM ET,1.385,11,15,Mid,NYSE Arca,Odd Lot
12:17:10.852 PM ET,1.370,11,15,Bid,Nasdaq BX,Inter Mkt Swp; Odd Lot; Trade Thru Exmpt
01:17:50.037 PM ET,1.380,11,15,Bid,MIAX Pearl,Inter Mkt Swp; Odd Lot; Trade Thru Exmpt
02:01:48.042 PM ET,1.375,11,15,Mid,Off Exchange,Odd Lot
02:26:16.148 PM ET,1.380,11,15,Bid,NYSE Arca,Inter Mkt Swp; Odd Lot; Trade Thru Exmpt
02:26:16.148 PM ET,1.380,11,15,Bid,NYSE Arca,Odd Lot
02:26:16.149 PM ET,1.380,11,15,Bid,NYSE Arca,Inter Mkt Swp; Odd Lot; Trade Thru Exmpt
03:02:51.917 PM ET,1.420,11,16,Bid,MEMX,Odd Lot
03:02:51.918 PM ET,1.420,11,16,Bid,Nasdaq GSM,Inter Mkt Swp; Odd Lot; Trade Thru Exmpt
03:34:06.312 PM ET,1.425,11,16,Mid,Off Exchange,Odd Lot
03:38:05.738 PM ET,1.420,11,16,Bid,NYSE Arca,Inter Mkt Swp; Odd Lot; Trade Thru Exmpt
03:38:05.738 PM ET,1.420,11,16,Bid,NYSE,Inter Mkt Swp; Odd Lot; Trade Thru Exmpt
03:59:32.431 PM ET,1.415,11,16,None,IEX,Odd Lot
03:59:38.079 PM ET,1.415,11,16,None,Off Exchange,Odd Lot
03:59:39.290 PM ET,1.415,11,16,None,Cboe BZX,Odd Lot
09:33:39.044 AM ET,1.270,10,13,Bid,NYSE Arca,Inter Mkt Swp; Odd Lot; Trade Thru Exmpt
09:33:40.458 AM ET,1.280,10,13,Bid,Off Exchange,Odd Lot
09:42:13.045 AM ET,1.290,10,13,Bid,NYSE Arca,Inter Mkt Swp; Odd Lot; Trade Thru Exmpt
09:42:13.045 AM ET,1.290,10,13,Bid,Cboe EDGX,Inter Mkt Swp; Odd Lot; Trade Thru Exmpt
09:42:13.045 AM ET,1.290,10,13,Bid,Nasdaq GSM,Inter Mkt Swp; Odd Lot; Trade Thru Exmpt
09:45:29.887 AM ET,1.300,10,13,Bid,NYSE Arca,Inter Mkt Swp; Odd Lot; Trade Thru Exmpt
09:45:29.888 AM ET,1.300,10,13,Bid,Cboe BZX,Inter Mkt Swp; Odd Lot; Trade Thru Exmpt
09:50:33.341 AM ET,1.310,10,13,Bid,NYSE Arca,Inter Mkt Swp; Odd Lot; Trade Thru Exmpt
09:50:33.341 AM ET,1.310,10,13,Bid,Nasdaq GSM,Inter Mkt Swp; Odd Lot; Trade Thru Exmpt
10:09:19.712 AM ET,1.313,10,13,Mid,Off Exchange,Odd Lot
10:12:18.890 AM ET,1.320,10,13,Bid,NYSE Arca,Inter Mkt Swp; Odd Lot; Trade Thru Exmpt
10:12:18.890 AM ET,1.320,10,13,Bid,MEMX,Inter Mkt Swp; Odd Lot; Trade Thru Exmpt
10:18:41.454 AM ET,1.330,10,13,Bid,NYSE Arca,Inter Mkt Swp; Odd Lot; Trade Thru Exmpt
10:19:23.592 AM ET,1.319,10,13,Bid,Off Exchange,Odd Lot
10:23:10.637 AM ET,1.340,10,13,Ask,Off Exchange,Odd Lot
10:26:11.389 AM ET,1.335,10,13,Mid,Off Exchange,Odd Lot
10:29:25.852 AM ET,1.331,10,13,Mid,Off Exchange,Odd Lot
10:38:08.614 AM ET,1.340,10,13,Bid,NYSE Arca,Inter Mkt Swp; Odd Lot; Trade Thru Exmpt
10:38:08.614 AM ET,1.340,10,13,Bid,MEMX,Inter Mkt Swp; Odd Lot; Trade Thru Exmpt
10:38:46.959 AM ET,1.350,10,14,Bid,Cboe EDGX,Inter Mkt Swp; Odd Lot; Trade Thru Exmpt
10:38:46.959 AM ET,1.350,10,14,Bid,NYSE Arca,Inter Mkt Swp; Odd Lot; Trade Thru Exmpt
10:39:22.566 AM ET,1.359,10,14,Mid,Off Exchange,Odd Lot
10:39:32.332 AM ET,1.343,10,13,Bid,Off Exchange,Odd Lot
10:47:27.234 AM ET,1.350,10,14,Bid,NYSE Arca,Inter Mkt Swp; Odd Lot; Trade Thru Exmpt
10:47:54.631 AM ET,1.360,10,14,Bid,NYSE Arca,Inter Mkt Swp; Odd Lot; Trade Thru Exmpt
10:49:11.031 AM ET,1.370,10,14,Bid,NYSE Arca,Inter Mkt Swp; Odd Lot; Trade Thru Exmpt
10:53:11.031 AM ET,1.370,10,14,Ask,Cboe EDGA,Inter Mkt Swp; Odd Lot; Trade Thru Exmpt
11:04:49.217 AM ET,1.370,10,14,Ask,NYSE,Odd Lot
11:04:49.221 AM ET,1.370,10,14,Ask,NYSE,Odd Lot
11:09:00.305 AM ET,1.380,10,14,Ask,NYSE Arca,Inter Mkt Swp; Odd Lot; Trade Thru Exmpt
11:09:19.590 AM ET,1.390,10,14,Ask,NYSE Arca,Inter Mkt Swp; Odd Lot; Trade Thru Exmpt
11:10:58.222 AM ET,1.400,10,14,Ask,NYSE Arca,Inter Mkt Swp; Odd Lot; Trade Thru Exmpt
11:11:57.331 AM ET,1.390,10,14,Bid,NYSE Arca,Inter Mkt Swp; Odd Lot; Trade Thru Exmpt
11:11:57.332 AM ET,1.390,10,14,Bid,MIAX Pearl,Odd Lot
11:36:45.757 AM ET,1.380,10,14,Ask,NYSE Arca,Inter Mkt Swp; Odd Lot; Trade Thru Exmpt
11:55:32.482 AM ET,1.370,10,14,Bid,NYSE Arca,Odd Lot
11:58:25.783 AM ET,1.370,10,14,Bid,Off Exchange,Odd Lot
12:00:10.885 PM ET,1.370,10,14,Bid,Off Exchange,Odd Lot
12:01:05.541 PM ET,1.370,10,14,Bid,Off Exchange,Odd Lot
12:01:58.842 PM ET,1.370,10,14,Bid,Off Exchange,Odd Lot
12:06:52.525 PM ET,1.370,10,14,Bid,Off Exchange,Odd Lot
12:09:37.422 PM ET,1.379,10,14,Mid,Off Exchange,Odd Lot
12:29:24.160 PM ET,1.380,10,14,Ask,Off Exchange,Odd Lot
12:29:42.387 PM ET,1.380,10,14,Ask,Off Exchange,Odd Lot
12:31:48.136 PM ET,1.370,10,14,Bid,Off Exchange,Odd Lot
12:31:49.609 PM ET,1.370,10,14,Bid,Off Exchange,Odd Lot
12:32:04.243 PM ET,1.370,10,14,Bid,Off Exchange,Odd Lot
12:32:05.185 PM ET,1.370,10,14,Bid,Off Exchange,Odd Lot
12:32:15.090 PM ET,1.380,10,14,Ask,Off Exchange,Odd Lot
12:32:27.975 PM ET,1.380,10,14,Ask,Off Exchange,Odd Lot
12:32:31.419 PM ET,1.380,10,14,Ask,Off Exchange,Odd Lot
12:32:35.900 PM ET,1.370,10,14,Bid,Off Exchange,Odd Lot
12:32:36.678 PM ET,1.370,10,14,Bid,Off Exchange,Odd Lot
12:32:43.526 PM ET,1.380,10,14,Ask,Off Exchange,Odd Lot
12:32:45.556 PM ET,1.370,10,14,Bid,Off Exchange,Odd Lot
12:32:50.234 PM ET,1.370,10,14,Bid,Off Exchange,Odd Lot
12:32:58.544 PM ET,1.380,10,14,Ask,Off Exchange,Odd Lot
12:33:03.332 PM ET,1.380,10,14,Ask,Off Exchange,Odd Lot
12:33:12.415 PM ET,1.380,10,14,Ask,Off Exchange,Odd Lot
12:33:21.324 PM ET,1.370,10,14,Bid,Off Exchange,Odd Lot
12:33:22.252 PM ET,1.370,10,14,Bid,Off Exchange,Odd Lot
12:33:23.798 PM ET,1.380,10,14,Ask,Off Exchange,Odd Lot
12:33:32.381 PM ET,1.380,10,14,Ask,Off Exchange,Odd Lot
12:33:41.823 PM ET,1.370,10,14,Bid,Off Exchange,Odd Lot
12:33:42.956 PM ET,1.370,10,14,Bid,Off Exchange,Odd Lot
12:33:48.906 PM ET,1.380,10,14,Ask,Off Exchange,Odd Lot
12:33:52.761 PM ET,1.370,10,14,Bid,Off Exchange,Odd Lot
12:33:55.597 PM ET,1.380,10,14,Ask,Off Exchange,Odd Lot
12:34:01.792 PM ET,1.370,10,14,Bid,Off Exchange,Odd Lot
12:34:10.682 PM ET,1.380,10,14,Ask,Off Exchange,Odd Lot
12:34:12.103 PM ET,1.370,10,14,Bid,Off Exchange,Odd Lot
12:34:19.823 PM ET,1.380,10,14,Ask,Off Exchange,Odd Lot
12:34:22.388 PM ET,1.370,10,14,Bid,Off Exchange,Odd Lot
12:34:30.305 PM ET,1.380,10,14,Ask,Off Exchange,Odd Lot
12:34:32.732 PM ET,1.370,10,14,Bid,Off Exchange,Odd Lot
12:34:34.357 PM ET,1.370,10,14,Bid,Off Exchange,Odd Lot
12:34:36.733 PM ET,1.380,10,14,Ask,Off Exchange,Odd Lot
12:34:43.005 PM ET,1.380,10,14,Ask,Off Exchange,Odd Lot
12:34:43.560 PM ET,1.370,10,14,Bid,Off Exchange,Odd Lot
12:34:44.703 PM ET,1.370,10,14,Bid,Off Exchange,Odd Lot
12:35:02.673 PM ET,1.380,10,14,Ask,Off Exchange,Odd Lot
12:35:09.228 PM ET,1.380,10,14,Ask,Off Exchange,Odd Lot
12:35:09.839 PM ET,1.380,10,14,Ask,Off Exchange,Odd Lot
12:35:13.255 PM ET,1.370,10,14,Bid,Off Exchange,Odd Lot
12:35:16.384 PM ET,1.380,10,14,Ask,Off Exchange,Odd Lot
12:35:25.793 PM ET,1.370,10,14,Bid,Off Exchange,Odd Lot
12:35:26.580 PM ET,1.370,10,14,Bid,Off Exchange,Odd Lot
12:35:34.618 PM ET,1.380,10,14,Ask,Off Exchange,Odd Lot
12:35:37.548 PM ET,1.370,10,14,Bid,Off Exchange,Odd Lot
12:35:38.563 PM ET,1.370,10,14,Bid,Off Exchange,Odd Lot
12:35:40.918 PM ET,1.380,10,14,Ask,Off Exchange,Odd Lot
12:35:44.459 PM ET,1.370,10,14,Bid,Off Exchange,Odd Lot
12:35:54.652 PM ET,1.380,10,14,Ask,Off Exchange,Odd Lot
12:36:18.398 PM ET,1.380,10,14,Ask,Off Exchange,Odd Lot
12:36:20.972 PM ET,1.370,10,14,Bid,Off Exchange,Odd Lot
12:36:23.428 PM ET,1.380,10,14,Ask,Off Exchange,Odd Lot
12:36:26.941 PM ET,1.370,10,14,Bid,Off Exchange,Odd Lot
12:36:34.597 PM ET,1.380,10,14,Ask,Off Exchange,Odd Lot
12:36:37.456 PM ET,1.370,10,14,Bid,Off Exchange,Odd Lot
12:36:48.611 PM ET,1.370,10,14,Bid,Off Exchange,Odd Lot
12:37:05.945 PM ET,1.380,10,14,Ask,Off Exchange,Odd Lot
12:37:07.467 PM ET,1.380,10,14,Ask,Off Exchange,Odd Lot
12:37:09.928 PM ET,1.370,10,14,Bid,Off Exchange,Odd Lot
12:37:18.651 PM ET,1.380,10,14,Ask,Off Exchange,Odd Lot
12:37:26.740 PM ET,1.380,10,14,Ask,Off Exchange,Odd Lot
12:37:31.425 PM ET,1.370,10,14,Bid,Off Exchange,Odd Lot
12:37:47.860 PM ET,1.380,10,14,Ask,Off Exchange,Odd Lot
12:37:49.156 PM ET,1.370,10,14,Bid,Off Exchange,Odd Lot
12:37:50.695 PM ET,1.370,10,14,Bid,Off Exchange,Odd Lot
12:38:22.501 PM ET,1.380,10,14,Ask,Off Exchange,Odd Lot
12:38:26.820 PM ET,1.370,10,14,Bid,Off Exchange,Odd Lot
12:38:28.187 PM ET,1.370,10,14,Bid,Off Exchange,Odd Lot
12:38:31.129 PM ET,1.380,10,14,Ask,Off Exchange,Odd Lot
12:38:44.610 PM ET,1.370,10,14,Bid,Off Exchange,Odd Lot
12:38:52.355 PM ET,1.380,10,14,Ask,Off Exchange,Odd Lot
12:39:05.563 PM ET,1.370,10,14,Bid,Off Exchange,Odd Lot
12:39:15.227 PM ET,1.380,10,14,Ask,Off Exchange,Odd Lot
12:39:23.352 PM ET,1.380,10,14,Ask,Off Exchange,Odd Lot
12:39:26.967 PM ET,1.370,10,14,Bid,Off Exchange,Odd Lot
12:39:36.414 PM ET,1.380,10,14,Ask,Off Exchange,Odd Lot
12:39:38.085 PM ET,1.370,10,14,Bid,Off Exchange,Odd Lot
12:39:57.746 PM ET,1.370,10,14,Bid,Off Exchange,Odd Lot
12:40:12.554 PM ET,1.380,10,14,Ask,Off Exchange,Odd Lot
12:40:15.500 PM ET,1.370,10,14,Bid,Off Exchange,Odd Lot
12:40:23.178 PM ET,1.380,10,14,Ask,Off Exchange,Odd Lot
12:40:26.730 PM ET,1.370,10,14,Bid,Off Exchange,Odd Lot
12:40:31.695 PM ET,1.380,10,14,Ask,Off Exchange,Odd Lot
12:40:35.048 PM ET,1.370,10,14,Bid,Off Exchange,Odd Lot
12:40:45.541 PM ET,1.375,10,14,Mid,Nasdaq GSM,Odd Lot
12:40:51.158 PM ET,1.380,10,14,Ask,Off Exchange,Odd Lot
12:40:52.654 PM ET,1.380,10,14,Ask,Off Exchange,Odd Lot
12:40:54.872 PM ET,1.370,10,14,Bid,Off Exchange,Odd Lot
12:40:57.707 PM ET,1.380,10,14,Ask,Off Exchange,Odd Lot
12:41:01.196 PM ET,1.370,10,14,Bid,Off Exchange,Odd Lot
12:41:12.931 PM ET,1.370,10,14,Bid,Off Exchange,Odd Lot
12:41:21.008 PM ET,1.380,10,14,Ask,Off Exchange,Odd Lot
12:41:24.230 PM ET,1.370,10,14,Bid,Off Exchange,Odd Lot
12:41:27.337 PM ET,1.380,10,14,Ask,Off Exchange,Odd Lot
12:45:52.309 PM ET,1.370,10,14,Bid,Off Exchange,Odd Lot
12:45:53.508 PM ET,1.380,10,14,Ask,Off Exchange,Odd Lot
12:45:57.168 PM ET,1.370,10,14,Bid,Off Exchange,Odd Lot
12:46:04.747 PM ET,1.380,10,14,Ask,Off Exchange,Odd Lot
12:46:07.761 PM ET,1.370,10,14,Bid,Off Exchange,Odd Lot
12:46:17.314 PM ET,1.380,10,14,Ask,Off Exchange,Odd Lot
12:46:34.476 PM ET,1.380,10,14,Ask,Off Exchange,Odd Lot
12:46:43.456 PM ET,1.380,10,14,Ask,Off Exchange,Odd Lot
12:46:45.608 PM ET,1.370,10,14,Bid,Off Exchange,Odd Lot
12:46:52.864 PM ET,1.380,10,14,Ask,Off Exchange,Odd Lot
12:46:55.823 PM ET,1.370,10,14,Bid,Off Exchange,Odd Lot
12:47:02.501 PM ET,1.380,10,14,Ask,Off Exchange,Odd Lot
12:47:10.495 PM ET,1.380,10,14,Ask,Off Exchange,Odd Lot
12:47:11.662 PM ET,1.370,10,14,Bid,Off Exchange,Odd Lot
12:47:21.466 PM ET,1.370,10,14,Bid,Off Exchange,Odd Lot
12:47:23.590 PM ET,1.370,10,14,Bid,Off Exchange,Odd Lot
12:47:30.080 PM ET,1.380,10,14,Ask,Off Exchange,Odd Lot
12:47:30.747 PM ET,1.380,10,14,Ask,Off Exchange,Odd Lot
12:47:40.246 PM ET,1.370,10,14,Bid,Off Exchange,Odd Lot
12:47:42.708 PM ET,1.370,10,14,Bid,Off Exchange,Odd Lot
12:47:51.860 PM ET,1.380,10,14,Ask,Off Exchange,Odd Lot
12:47:53.019 PM ET,1.370,10,14,Bid,Off Exchange,Odd Lot
12:47:56.777 PM ET,1.370,10,14,Bid,Off Exchange,Odd Lot
12:48:11.152 PM ET,1.380,10,14,Ask,Off Exchange,Odd Lot
12:48:21.347 PM ET,1.380,10,14,Ask,Off Exchange,Odd Lot
12:48:37.046 PM ET,1.370,10,14,Bid,Off Exchange,Odd Lot
12:48:39.491 PM ET,1.380,10,14,Ask,Off Exchange,Odd Lot
12:48:49.817 PM ET,1.370,10,14,Bid,Off Exchange,Odd Lot
12:48:51.301 PM ET,1.370,10,14,Bid,Off Exchange,Odd Lot
12:48:53.215 PM ET,1.380,10,14,Ask,Off Exchange,Odd Lot
12:48:56.014 PM ET,1.370,10,14,Bid,Off Exchange,Odd Lot
12:48:58.228 PM ET,1.380,10,14,Ask,Off Exchange,Odd Lot
12:49:00.975 PM ET,1.370,10,14,Bid,Off Exchange,Odd Lot
12:49:09.662 PM ET,1.380,10,14,Ask,Off Exchange,Odd Lot
12:49:13.605 PM ET,1.370,10,14,Bid,Off Exchange,Odd Lot
12:49:21.826 PM ET,1.380,10,14,Ask,Off Exchange,Odd Lot
12:49:25.026 PM ET,1.370,10,14,Bid,Off Exchange,Odd Lot
12:49:33.406 PM ET,1.380,10,14,Ask,Off Exchange,Odd Lot
12:49:37.465 PM ET,1.370,10,14,Bid,Off Exchange,Odd Lot
12:49:40.517 PM ET,1.380,10,14,Ask,Off Exchange,Odd Lot
12:49:46.956 PM ET,1.380,10,14,Ask,Off Exchange,Odd Lot
12:49:48.633 PM ET,1.370,10,14,Bid,Off Exchange,Odd Lot
12:49:58.869 PM ET,1.380,10,14,Ask,Off Exchange,Odd Lot
12:50:02.510 PM ET,1.370,10,14,Bid,Off Exchange,Odd Lot
12:50:11.141 PM ET,1.380,10,14,Ask,Off Exchange,Odd Lot
12:50:16.041 PM ET,1.370,10,14,Bid,Off Exchange,Odd Lot
12:50:32.209 PM ET,1.380,10,14,Ask,Off Exchange,Odd Lot
12:50:34.788 PM ET,1.380,10,14,Ask,Off Exchange,Odd Lot
12:50:37.099 PM ET,1.370,10,14,Bid,Off Exchange,Odd Lot
12:50:40.901 PM ET,1.380,10,14,Ask,Off Exchange,Odd Lot
12:51:00.009 PM ET,1.370,10,14,Bid,Off Exchange,Odd Lot
12:51:03.565 PM ET,1.380,10,14,Ask,Off Exchange,Odd Lot
12:51:16.678 PM ET,1.370,10,14,Bid,Off Exchange,Odd Lot
12:51:24.686 PM ET,1.380,10,14,Ask,Off Exchange,Odd Lot
12:51:38.719 PM ET,1.370,10,14,Bid,Off Exchange,Odd Lot
12:51:46.062 PM ET,1.380,10,14,Ask,Off Exchange,Odd Lot
12:51:48.514 PM ET,1.370,10,14,Bid,Off Exchange,Odd Lot
12:51:50.396 PM ET,1.370,10,14,Bid,Off Exchange,Odd Lot
12:51:59.636 PM ET,1.380,10,14,Ask,Off Exchange,Odd Lot
12:52:00.681 PM ET,1.380,10,14,Ask,Off Exchange,Odd Lot
12:52:16.588 PM ET,1.380,10,14,Ask,Off Exchange,Odd Lot
12:52:19.929 PM ET,1.370,10,14,Bid,Off Exchange,Odd Lot
12:52:21.062 PM ET,1.370,10,14,Bid,Off Exchange,Odd Lot
12:52:22.652 PM ET,1.380,10,14,Ask,Off Exchange,Odd Lot
12:52:23.912 PM ET,1.380,10,14,Ask,Off Exchange,Odd Lot
12:52:44.805 PM ET,1.370,10,14,Bid,Off Exchange,Odd Lot
12:52:53.936 PM ET,1.370,10,14,Bid,Off Exchange,Odd Lot
12:52:56.736 PM ET,1.380,10,14,Ask,Off Exchange,Odd Lot
12:53:16.509 PM ET,1.370,10,14,Bid,Off Exchange,Odd Lot
12:53:18.860 PM ET,1.370,10,14,Bid,Off Exchange,Odd Lot
12:53:20.039 PM ET,1.370,10,14,Bid,Off Exchange,Odd Lot
12:53:25.742 PM ET,1.380,10,14,Ask,Off Exchange,Odd Lot
12:53:32.298 PM ET,1.380,10,14,Ask,Off Exchange,Odd Lot
12:53:46.173 PM ET,1.380,10,14,Ask,Off Exchange,Odd Lot
12:53:50.200 PM ET,1.370,10,14,Bid,Off Exchange,Odd Lot
12:53:52.898 PM ET,1.380,10,14,Ask,Off Exchange,Odd Lot
12:54:02.387 PM ET,1.370,10,14,Bid,Off Exchange,Odd Lot
12:54:09.813 PM ET,1.380,10,14,Ask,Off Exchange,Odd Lot
12:54:12.656 PM ET,1.370,10,14,Bid,Off Exchange,Odd Lot
12:54:23.403 PM ET,1.370,10,14,Bid,Off Exchange,Odd Lot
12:54:38.125 PM ET,1.380,10,14,Ask,Off Exchange,Odd Lot
12:54:39.332 PM ET,1.370,10,14,Bid,Off Exchange,Odd Lot
12:54:52.764 PM ET,1.380,10,14,Ask,Off Exchange,Odd Lot
12:54:55.950 PM ET,1.370,10,14,Bid,Off Exchange,Odd Lot
12:55:04.551 PM ET,1.380,10,14,Ask,Off Exchange,Odd Lot
12:55:06.093 PM ET,1.380,10,14,Ask,Off Exchange,Odd Lot
12:55:07.787 PM ET,1.370,10,14,Bid,Off Exchange,Odd Lot
12:55:11.483 PM ET,1.380,10,14,Ask,Off Exchange,Odd Lot
12:55:22.570 PM ET,1.370,10,14,Bid,Off Exchange,Odd Lot
12:55:30.233 PM ET,1.380,10,14,Ask,Off Exchange,Odd Lot
12:55:32.430 PM ET,1.370,10,14,Bid,Off Exchange,Odd Lot
12:55:36.376 PM ET,1.370,10,14,Bid,Off Exchange,Odd Lot
12:55:39.300 PM ET,1.380,10,14,Ask,Off Exchange,Odd Lot
12:55:46.447 PM ET,1.380,10,14,Ask,Off Exchange,Odd Lot
12:55:54.157 PM ET,1.370,10,14,Bid,Off Exchange,Odd Lot
12:55:56.815 PM ET,1.380,10,14,Ask,Off Exchange,Odd Lot
12:56:04.322 PM ET,1.370,10,14,Bid,Off Exchange,Odd Lot
12:56:06.808 PM ET,1.380,10,14,Ask,Off Exchange,Odd Lot
12:56:10.010 PM ET,1.370,10,14,Bid,Off Exchange,Odd Lot
12:56:13.274 PM ET,1.380,10,14,Ask,Off Exchange,Odd Lot
12:56:19.077 PM ET,1.380,10,14,Ask,Off Exchange,Odd Lot
12:56:22.552 PM ET,1.370,10,14,Bid,Off Exchange,Odd Lot
12:56:25.337 PM ET,1.380,10,14,Ask,Off Exchange,Odd Lot
12:56:36.876 PM ET,1.370,10,14,Bid,Off Exchange,Odd Lot
12:56:39.341 PM ET,1.380,10,14,Ask,Off Exchange,Odd Lot
12:56:48.627 PM ET,1.370,10,14,Bid,Off Exchange,Odd Lot
12:56:50.442 PM ET,1.370,10,14,Bid,Off Exchange,Odd Lot
12:56:53.659 PM ET,1.380,10,14,Ask,Off Exchange,Odd Lot
12:56:54.859 PM ET,1.370,10,14,Bid,Off Exchange,Odd Lot
12:56:57.868 PM ET,1.380,10,14,Ask,Off Exchange,Odd Lot
12:57:06.525 PM ET,1.380,10,14,Ask,Off Exchange,Odd Lot
12:57:09.233 PM ET,1.370,10,14,Bid,Off Exchange,Odd Lot
12:57:17.976 PM ET,1.380,10,14,Ask,Off Exchange,Odd Lot
12:57:18.637 PM ET,1.370,10,14,Bid,Off Exchange,Odd Lot
12:57:19.560 PM ET,1.370,10,14,Bid,Off Exchange,Odd Lot
12:57:26.479 PM ET,1.370,10,14,Bid,Off Exchange,Odd Lot
12:57:43.296 PM ET,1.370,10,14,Bid,Off Exchange,Odd Lot
12:57:53.632 PM ET,1.380,10,14,Ask,Off Exchange,Odd Lot
12:57:56.015 PM ET,1.370,10,14,Bid,Off Exchange,Odd Lot
12:57:57.186 PM ET,1.370,10,14,Bid,Off Exchange,Odd Lot
12:58:09.025 PM ET,1.380,10,14,Ask,Off Exchange,Odd Lot
12:58:10.396 PM ET,1.380,10,14,Ask,Off Exchange,Odd Lot
12:58:30.403 PM ET,1.370,10,14,Bid,Off Exchange,Odd Lot
12:58:42.621 PM ET,1.380,10,14,Ask,Off Exchange,Odd Lot
12:58:45.772 PM ET,1.370,10,14,Bid,Off Exchange,Odd Lot
12:58:49.609 PM ET,1.380,10,14,Ask,Off Exchange,Odd Lot
12:58:53.014 PM ET,1.370,10,14,Bid,Off Exchange,Odd Lot
12:59:02.440 PM ET,1.380,10,14,Ask,Off Exchange,Odd Lot
12:59:06.211 PM ET,1.370,10,14,Bid,Off Exchange,Odd Lot
12:59:14.397 PM ET,1.380,10,14,Ask,Off Exchange,Odd Lot
12:59:25.190 PM ET,1.380,10,14,Ask,Off Exchange,Odd Lot
12:59:27.213 PM ET,1.370,10,14,Bid,Off Exchange,Odd Lot
12:59:28.484 PM ET,1.370,10,14,Bid,Off Exchange,Odd Lot
12:59:31.263 PM ET,1.380,10,14,Ask,Off Exchange,Odd Lot
12:59:33.082 PM ET,1.380,10,14,Ask,Off Exchange,Odd Lot
12:59:45.059 PM ET,1.370,10,14,Bid,Off Exchange,Odd Lot
12:59:46.816 PM ET,1.370,10,14,Bid,Off Exchange,Odd Lot
12:59:47.777 PM ET,1.370,10,14,Bid,Off Exchange,Odd Lot
12:59:52.280 PM ET,1.380,10,14,Ask,Off Exchange,Odd Lot
01:00:04.823 PM ET,1.380,10,14,Ask,Off Exchange,Odd Lot
01:00:05.665 PM ET,1.370,10,14,Bid,Off Exchange,Odd Lot
01:00:06.410 PM ET,1.370,10,14,Bid,Off Exchange,Odd Lot
01:00:11.773 PM ET,1.380,10,14,Ask,Off Exchange,Odd Lot
01:00:15.425 PM ET,1.370,10,14,Bid,Off Exchange,Odd Lot
01:00:26.373 PM ET,1.380,10,14,Ask,Off Exchange,Odd Lot
01:00:37.023 PM ET,1.380,10,14,Ask,Off Exchange,Odd Lot
01:00:40.158 PM ET,1.370,10,14,Bid,Off Exchange,Odd Lot
01:00:49.836 PM ET,1.380,10,14,Ask,Off Exchange,Odd Lot
01:00:51.871 PM ET,1.370,10,14,Bid,Off Exchange,Odd Lot
01:01:00.258 PM ET,1.380,10,14,Ask,Off Exchange,Odd Lot
01:01:04.080 PM ET,1.370,10,14,Bid,Off Exchange,Odd Lot
01:01:05.116 PM ET,1.370,10,14,Bid,Off Exchange,Odd Lot
01:01:14.251 PM ET,1.380,10,14,None,Off Exchange,Odd Lot
01:01:16.632 PM ET,1.380,10,14,None,Off Exchange,Odd Lot
01:01:20.375 PM ET,1.370,10,14,None,Off Exchange,Odd Lot
01:01:33.960 PM ET,1.380,10,14,Ask,Off Exchange,Odd Lot
01:01:34.977 PM ET,1.370,10,14,Bid,Off Exchange,Odd Lot
01:01:40.066 PM ET,1.370,10,14,Bid,Off Exchange,Odd Lot
01:01:49.870 PM ET,1.380,10,14,Ask,Off Exchange,Odd Lot
01:01:54.129 PM ET,1.370,10,14,Bid,Off Exchange,Odd Lot
01:01:55.579 PM ET,1.370,10,14,Bid,Off Exchange,Odd Lot
01:02:05.657 PM ET,1.380,10,14,Ask,Off Exchange,Odd Lot
01:02:07.088 PM ET,1.380,10,14,Ask,Off Exchange,Odd Lot
01:02:10.747 PM ET,1.370,10,14,Bid,Off Exchange,Odd Lot
01:02:21.926 PM ET,1.380,10,14,Ask,Off Exchange,Odd Lot
01:02:23.317 PM ET,1.370,10,14,Bid,Off Exchange,Odd Lot
01:02:33.120 PM ET,1.380,10,14,Ask,Off Exchange,Odd Lot
01:02:37.067 PM ET,1.380,10,14,Ask,Off Exchange,Odd Lot
01:02:38.845 PM ET,1.370,10,14,Bid,Off Exchange,Odd Lot
01:02:41.526 PM ET,1.380,10,14,Ask,Off Exchange,Odd Lot
01:02:52.896 PM ET,1.370,10,14,Bid,Off Exchange,Odd Lot
01:02:55.413 PM ET,1.380,10,14,Ask,Off Exchange,Odd Lot
01:02:59.863 PM ET,1.370,10,14,Bid,Off Exchange,Odd Lot
01:03:08.707 PM ET,1.380,10,14,Ask,Off Exchange,Odd Lot
01:03:10.213 PM ET,1.370,10,14,Bid,Off Exchange,Odd Lot
01:03:14.373 PM ET,1.370,10,14,Bid,Off Exchange,Odd Lot
01:03:17.299 PM ET,1.380,10,14,Ask,Off Exchange,Odd Lot
01:03:19.588 PM ET,1.370,10,14,Bid,Off Exchange,Odd Lot
01:03:19.591 PM ET,1.370,10,14,Mid,Off Exchange,Odd Lot
01:03:29.697 PM ET,1.380,10,14,Ask,Off Exchange,Odd Lot
01:03:33.544 PM ET,1.370,10,14,Bid,Off Exchange,Odd Lot
01:03:38.336 PM ET,1.380,10,14,Ask,Off Exchange,Odd Lot
01:03:47.773 PM ET,1.380,10,14,Ask,Off Exchange,Odd Lot
01:03:50.154 PM ET,1.370,10,14,Bid,Off Exchange,Odd Lot
01:03:51.940 PM ET,1.370,10,14,Bid,Off Exchange,Odd Lot
01:04:01.886 PM ET,1.380,10,14,Ask,Off Exchange,Odd Lot
01:04:11.630 PM ET,1.380,10,14,Ask,Off Exchange,Odd Lot
01:04:14.029 PM ET,1.370,10,14,Bid,Off Exchange,Odd Lot
01:04:15.561 PM ET,1.370,10,14,Bid,Off Exchange,Odd Lot
01:04:17.331 PM ET,1.380,10,14,Ask,Off Exchange,Odd Lot
01:04:27.944 PM ET,1.380,10,14,Ask,Off Exchange,Odd Lot
01:04:29.825 PM ET,1.370,10,14,Bid,Off Exchange,Odd Lot
01:04:39.703 PM ET,1.380,10,14,Ask,Off Exchange,Odd Lot
01:04:42.253 PM ET,1.370,10,14,Bid,Off Exchange,Odd Lot
01:04:43.109 PM ET,1.370,10,14,Bid,Off Exchange,Odd Lot
01:04:53.767 PM ET,1.380,10,14,Ask,Off Exchange,Odd Lot
01:04:57.579 PM ET,1.370,10,14,Bid,Off Exchange,Odd Lot
01:05:09.766 PM ET,1.380,10,14,Ask,Off Exchange,Odd Lot
01:05:10.682 PM ET,1.380,10,14,Ask,Off Exchange,Odd Lot
01:05:13.255 PM ET,1.370,10,14,Bid,Off Exchange,Odd Lot
01:05:26.295 PM ET,1.370,10,14,Bid,Off Exchange,Odd Lot
01:05:28.845 PM ET,1.380,10,14,Ask,Off Exchange,Odd Lot
01:05:31.585 PM ET,1.370,10,14,Bid,Off Exchange,Odd Lot
01:05:39.643 PM ET,1.380,10,14,Ask,Off Exchange,Odd Lot
01:05:43.973 PM ET,1.370,10,14,Bid,Off Exchange,Odd Lot
01:05:48.415 PM ET,1.380,10,14,Ask,Off Exchange,Odd Lot
01:05:57.025 PM ET,1.380,10,14,Ask,Off Exchange,Odd Lot
01:05:58.922 PM ET,1.370,10,14,Bid,Off Exchange,Odd Lot
01:05:59.697 PM ET,1.370,10,14,Bid,Off Exchange,Odd Lot
01:06:10.271 PM ET,1.380,10,14,Ask,Off Exchange,Odd Lot
01:06:21.419 PM ET,1.380,10,14,Ask,Off Exchange,Odd Lot
01:06:23.696 PM ET,1.370,10,14,Bid,Off Exchange,Odd Lot
01:06:25.168 PM ET,1.370,10,14,Bid,Off Exchange,Odd Lot
01:06:40.580 PM ET,1.380,10,14,Ask,Off Exchange,Odd Lot
01:06:46.805 PM ET,1.370,10,14,Bid,Off Exchange,Odd Lot
01:06:56.862 PM ET,1.380,10,14,Ask,Off Exchange,Odd Lot
01:07:01.905 PM ET,1.370,10,14,Bid,Off Exchange,Odd Lot
01:07:12.936 PM ET,1.370,10,14,Bid,Off Exchange,Odd Lot
01:07:22.186 PM ET,1.380,10,14,Ask,Off Exchange,Odd Lot
01:07:26.470 PM ET,1.380,10,14,Ask,Off Exchange,Odd Lot
01:07:29.470 PM ET,1.370,10,14,Bid,Off Exchange,Odd Lot
01:07:42.212 PM ET,1.370,10,14,Bid,Off Exchange,Odd Lot
01:07:53.212 PM ET,1.380,10,14,Ask,Off Exchange,Odd Lot
01:07:56.712 PM ET,1.370,10,14,Bid,Off Exchange,Odd Lot
01:08:06.344 PM ET,1.380,10,14,Ask,Off Exchange,Odd Lot
01:08:08.443 PM ET,1.380,10,14,Ask,Off Exchange,Odd Lot
01:08:10.685 PM ET,1.370,10,14,Bid,Off Exchange,Odd Lot
01:08:18.899 PM ET,1.380,10,14,Ask,Off Exchange,Odd Lot
01:08:21.922 PM ET,1.380,10,14,Ask,Off Exchange,Odd Lot
01:08:23.586 PM ET,1.370,10,14,Bid,Off Exchange,Odd Lot
01:08:24.682 PM ET,1.370,10,14,Bid,Off Exchange,Odd Lot
01:08:28.135 PM ET,1.380,10,14,Ask,Off Exchange,Odd Lot
01:08:42.000 PM ET,1.370,10,14,Bid,Off Exchange,Odd Lot
01:08:51.135 PM ET,1.380,10,14,Ask,Off Exchange,Odd Lot
01:08:52.665 PM ET,1.380,10,14,Ask,Off Exchange,Odd Lot
01:08:53.599 PM ET,1.370,10,14,Bid,Off Exchange,Odd Lot
01:08:55.105 PM ET,1.370,10,14,Bid,Off Exchange,Odd Lot
01:08:56.281 PM ET,1.370,10,14,Bid,Off Exchange,Odd Lot
01:09:05.984 PM ET,1.380,10,14,Ask,Off Exchange,Odd Lot
01:09:08.165 PM ET,1.380,10,14,Ask,Off Exchange,Odd Lot
01:09:12.115 PM ET,1.370,10,14,Bid,Off Exchange,Odd Lot
01:09:23.239 PM ET,1.380,10,14,Ask,Off Exchange,Odd Lot
01:09:24.557 PM ET,1.370,10,14,Bid,Off Exchange,Odd Lot
01:09:27.214 PM ET,1.380,10,14,Ask,Off Exchange,Odd Lot
01:09:39.949 PM ET,1.370,10,14,Bid,Off Exchange,Odd Lot
01:09:49.639 PM ET,1.380,10,14,Ask,Off Exchange,Odd Lot
01:09:50.411 PM ET,1.380,10,14,Ask,Off Exchange,Odd Lot
01:09:52.827 PM ET,1.370,10,14,Bid,Off Exchange,Odd Lot
01:09:53.614 PM ET,1.370,10,14,Bid,Off Exchange,Odd Lot
01:09:55.760 PM ET,1.380,10,14,Ask,Off Exchange,Odd Lot
01:09:58.607 PM ET,1.370,10,14,Bid,Off Exchange,Odd Lot
01:10:01.265 PM ET,1.380,10,14,Ask,Off Exchange,Odd Lot
01:10:11.868 PM ET,1.380,10,14,Ask,Off Exchange,Odd Lot
01:10:22.486 PM ET,1.380,10,14,Ask,Off Exchange,Odd Lot
01:10:23.254 PM ET,1.380,10,14,Ask,Off Exchange,Odd Lot
01:10:26.448 PM ET,1.370,10,14,Bid,Off Exchange,Odd Lot
01:10:35.045 PM ET,1.380,10,14,Ask,Off Exchange,Odd Lot
01:10:35.856 PM ET,1.380,10,14,Ask,Off Exchange,Odd Lot
01:10:41.123 PM ET,1.370,10,14,Bid,Off Exchange,Odd Lot
01:10:51.400 PM ET,1.380,10,14,Ask,Off Exchange,Odd Lot
01:10:53.342 PM ET,1.370,10,14,Bid,Off Exchange,Odd Lot
01:10:54.340 PM ET,1.370,10,14,Bid,Off Exchange,Odd Lot
01:11:05.495 PM ET,1.380,10,14,Ask,Off Exchange,Odd Lot
01:11:06.288 PM ET,1.380,10,14,Ask,Off Exchange,Odd Lot
01:11:08.613 PM ET,1.370,10,14,Bid,Off Exchange,Odd Lot
01:11:11.115 PM ET,1.370,10,14,Bid,Off Exchange,Odd Lot
01:11:11.980 PM ET,1.380,10,14,Ask,Off Exchange,Odd Lot
01:11:14.648 PM ET,1.380,10,14,Ask,Off Exchange,Odd Lot
01:11:34.576 PM ET,1.370,10,14,Bid,Off Exchange,Odd Lot
01:11:37.933 PM ET,1.370,10,14,Bid,Off Exchange,Odd Lot
01:11:42.766 PM ET,1.380,10,14,Ask,Off Exchange,Odd Lot
01:11:54.014 PM ET,1.370,10,14,Bid,Off Exchange,Odd Lot
01:11:57.794 PM ET,1.380,10,14,Ask,Off Exchange,Odd Lot
01:12:08.779 PM ET,1.380,10,14,Ask,Off Exchange,Odd Lot
01:12:12.296 PM ET,1.370,10,14,Bid,Off Exchange,Odd Lot
01:12:16.440 PM ET,1.380,10,14,Ask,Off Exchange,Odd Lot
01:12:29.366 PM ET,1.370,10,14,Bid,Off Exchange,Odd Lot
01:12:39.121 PM ET,1.380,10,14,Ask,Off Exchange,Odd Lot
01:12:44.344 PM ET,1.370,10,14,Bid,Off Exchange,Odd Lot
01:12:47.346 PM ET,1.380,10,14,Ask,Off Exchange,Odd Lot
01:12:56.797 PM ET,1.380,10,14,Ask,Off Exchange,Odd Lot
01:12:58.593 PM ET,1.370,10,14,Bid,Off Exchange,Odd Lot
01:13:02.205 PM ET,1.380,10,14,Ask,Off Exchange,Odd Lot
01:13:13.329 PM ET,1.370,10,14,Bid,Off Exchange,Odd Lot
01:13:15.552 PM ET,1.370,10,14,Bid,Off Exchange,Odd Lot
01:13:25.390 PM ET,1.370,10,14,Bid,Off Exchange,Odd Lot
01:13:34.800 PM ET,1.380,10,14,Ask,Off Exchange,Odd Lot
01:13:47.054 PM ET,1.370,10,14,Bid,Off Exchange,Odd Lot
01:13:47.654 PM ET,1.380,10,14,Ask,Off Exchange,Odd Lot
01:13:56.235 PM ET,1.380,10,14,Ask,Off Exchange,Odd Lot
01:13:57.779 PM ET,1.370,10,14,Bid,Off Exchange,Odd Lot
01:14:01.740 PM ET,1.380,10,14,Ask,Off Exchange,Odd Lot
01:14:09.990 PM ET,1.370,10,14,Bid,Off Exchange,Odd Lot
01:14:15.153 PM ET,1.380,10,14,Ask,Off Exchange,Odd Lot
01:14:23.490 PM ET,1.370,10,14,Bid,Off Exchange,Odd Lot
01:14:27.468 PM ET,1.380,10,14,Ask,Off Exchange,Odd Lot
01:14:35.332 PM ET,1.370,10,14,Bid,Off Exchange,Odd Lot
01:14:37.666 PM ET,1.370,10,14,Bid,Off Exchange,Odd Lot
01:14:38.828 PM ET,1.370,10,14,Bid,Off Exchange,Odd Lot
01:14:47.605 PM ET,1.380,10,14,Ask,Off Exchange,Odd Lot
01:14:48.880 PM ET,1.380,10,14,Ask,Off Exchange,Odd Lot
01:14:57.966 PM ET,1.380,10,14,Ask,Off Exchange,Odd Lot
01:15:02.169 PM ET,1.370,10,14,Bid,Off Exchange,Odd Lot
01:15:07.300 PM ET,1.380,10,14,Ask,Off Exchange,Odd Lot
01:15:27.029 PM ET,1.380,10,14,Ask,Off Exchange,Odd Lot
01:15:31.155 PM ET,1.370,10,14,Bid,Off Exchange,Odd Lot
01:15:34.150 PM ET,1.380,10,14,Ask,Off Exchange,Odd Lot
01:15:41.877 PM ET,1.370,10,14,Bid,Off Exchange,Odd Lot
01:15:44.728 PM ET,1.370,10,14,Bid,Off Exchange,Odd Lot
01:15:47.435 PM ET,1.380,10,14,Ask,Off Exchange,Odd Lot
01:15:58.664 PM ET,1.370,10,14,Bid,Off Exchange,Odd Lot
01:16:01.168 PM ET,1.380,10,14,Ask,Off Exchange,Odd Lot
01:16:21.875 PM ET,1.370,10,14,Bid,Off Exchange,Odd Lot
01:16:23.378 PM ET,1.370,10,14,Bid,Off Exchange,Odd Lot
01:16:24.208 PM ET,1.370,10,14,Bid,Off Exchange,Odd Lot
01:16:26.802 PM ET,1.380,10,14,Ask,Off Exchange,Odd Lot
01:16:27.550 PM ET,1.380,10,14,Ask,Off Exchange,Odd Lot
01:16:29.900 PM ET,1.370,10,14,Bid,Off Exchange,Odd Lot
01:16:34.557 PM ET,1.380,10,14,Ask,Off Exchange,Odd Lot
01:16:46.282 PM ET,1.380,10,14,Ask,Off Exchange,Odd Lot
01:16:48.148 PM ET,1.370,10,14,Bid,Off Exchange,Odd Lot
01:16:50.602 PM ET,1.370,10,14,Bid,Off Exchange,Odd Lot
01:16:51.801 PM ET,1.370,10,14,Bid,Off Exchange,Odd Lot
01:16:53.122 PM ET,1.380,10,14,Ask,Off Exchange,Odd Lot
01:16:54.250 PM ET,1.380,10,14,Ask,Off Exchange,Odd Lot
01:16:57.020 PM ET,1.370,10,14,Bid,Off Exchange,Odd Lot
01:17:05.760 PM ET,1.380,10,14,Ask,Off Exchange,Odd Lot
01:17:09.567 PM ET,1.370,10,14,Bid,Off Exchange,Odd Lot
01:17:18.343 PM ET,1.380,10,14,Ask,Off Exchange,Odd Lot
01:17:20.775 PM ET,1.370,10,14,Bid,Off Exchange,Odd Lot
01:17:28.319 PM ET,1.380,10,14,Ask,Off Exchange,Odd Lot
01:17:37.394 PM ET,1.380,10,14,Ask,Off Exchange,Odd Lot
01:17:38.102 PM ET,1.380,10,14,Ask,Off Exchange,Odd Lot
01:17:38.819 PM ET,1.370,10,14,Bid,Off Exchange,Odd Lot
01:17:39.623 PM ET,1.370,10,14,Bid,Off Exchange,Odd Lot
01:17:43.632 PM ET,1.380,10,14,Ask,Off Exchange,Odd Lot
01:17:50.036 PM ET,1.380,10,14,Bid,NYSE Arca,Inter Mkt Swp; Odd Lot; Trade Thru Exmpt
01:17:50.037 PM ET,1.380,10,14,Bid,NYSE,Inter Mkt Swp; Odd Lot; Trade Thru Exmpt
01:17:50.037 PM ET,1.380,10,14,Bid,Cboe EDGA,Odd Lot
01:17:50.037 PM ET,1.380,10,14,Bid,MEMX,Inter Mkt Swp; Odd Lot; Trade Thru Exmpt
01:18:01.149 PM ET,1.380,10,14,Bid,Off Exchange,Odd Lot
01:18:02.057 PM ET,1.380,10,14,Bid,Off Exchange,Odd Lot
01:18:03.100 PM ET,1.380,10,14,Bid,Off Exchange,Odd Lot
01:18:03.835 PM ET,1.380,10,14,Bid,Off Exchange,Odd Lot
01:18:04.730 PM ET,1.380,10,14,Ask,NYSE,Inter Mkt Swp; Odd Lot; Trade Thru Exmpt
01:18:04.731 PM ET,1.380,10,14,Ask,Nasdaq GSM,Inter Mkt Swp; Odd Lot; Trade Thru Exmpt
01:18:08.383 PM ET,1.380,10,14,Ask,Off Exchange,Odd Lot
01:18:18.037 PM ET,1.380,10,14,Ask,Off Exchange,Odd Lot
01:18:21.443 PM ET,1.370,10,14,Bid,Off Exchange,Odd Lot
01:18:25.951 PM ET,1.380,10,14,Ask,Off Exchange,Odd Lot
01:18:27.396 PM ET,1.380,10,14,Ask,Off Exchange,Odd Lot
01:18:30.273 PM ET,1.370,10,14,Bid,Off Exchange,Odd Lot
01:18:37.724 PM ET,1.380,10,14,Ask,Off Exchange,Odd Lot
01:18:38.591 PM ET,1.380,10,14,Ask,Off Exchange,Odd Lot
01:18:41.497 PM ET,1.370,10,14,Bid,Off Exchange,Odd Lot
01:18:42.192 PM ET,1.370,10,14,Bid,Off Exchange,Odd Lot
01:18:47.353 PM ET,1.380,10,14,Ask,Off Exchange,Odd Lot
01:18:51.075 PM ET,1.380,10,14,Ask,Off Exchange,Odd Lot
01:18:52.659 PM ET,1.370,10,14,Bid,Off Exchange,Odd Lot
01:19:01.540 PM ET,1.380,10,14,Ask,Off Exchange,Odd Lot
01:19:03.943 PM ET,1.370,10,14,Bid,Off Exchange,Odd Lot
01:19:04.740 PM ET,1.370,10,14,Bid,Off Exchange,Odd Lot
01:19:12.397 PM ET,1.380,10,14,Ask,Off Exchange,Odd Lot
01:19:15.678 PM ET,1.370,10,14,Bid,Off Exchange,Odd Lot
01:19:16.439 PM ET,1.370,10,14,Bid,Off Exchange,Odd Lot
01:19:19.051 PM ET,1.380,10,14,Ask,Off Exchange,Odd Lot
01:19:27.087 PM ET,1.380,10,14,Ask,Off Exchange,Odd Lot
01:19:28.512 PM ET,1.380,10,14,Ask,Off Exchange,Odd Lot
01:19:29.364 PM ET,1.380,10,14,Ask,Off Exchange,Odd Lot
01:19:31.068 PM ET,1.370,10,14,Bid,Off Exchange,Odd Lot
01:19:33.686 PM ET,1.370,10,14,Bid,Off Exchange,Odd Lot
01:19:34.729 PM ET,1.380,10,14,Ask,Off Exchange,Odd Lot
01:19:43.242 PM ET,1.370,10,14,Bid,Off Exchange,Odd Lot
01:19:44.719 PM ET,1.370,10,14,Bid,Off Exchange,Odd Lot
01:19:45.543 PM ET,1.370,10,14,Bid,Off Exchange,Odd Lot
01:19:46.345 PM ET,1.380,10,14,Ask,Off Exchange,Odd Lot
01:19:47.914 PM ET,1.380,10,14,Ask,Off Exchange,Odd Lot
01:19:51.218 PM ET,1.370,10,14,Bid,Off Exchange,Odd Lot
01:19:52.410 PM ET,1.370,10,14,Bid,Off Exchange,Odd Lot
01:19:53.856 PM ET,1.380,10,14,Ask,Off Exchange,Odd Lot
01:20:05.822 PM ET,1.370,10,14,Bid,Off Exchange,Odd Lot
01:20:16.805 PM ET,1.380,10,14,Ask,Off Exchange,Odd Lot
01:20:21.489 PM ET,1.370,10,14,Bid,Off Exchange,Odd Lot
01:20:36.805 PM ET,1.380,10,14,Ask,Off Exchange,Odd Lot
01:20:39.118 PM ET,1.380,10,14,Ask,Off Exchange,Odd Lot
01:20:40.672 PM ET,1.370,10,14,Bid,Off Exchange,Odd Lot
01:20:41.513 PM ET,1.370,10,14,Bid,Off Exchange,Odd Lot
01:20:42.424 PM ET,1.370,10,14,Bid,Off Exchange,Odd Lot
01:20:45.724 PM ET,1.380,10,14,Ask,Off Exchange,Odd Lot
01:20:55.048 PM ET,1.380,10,14,Ask,Off Exchange,Odd Lot
01:20:56.858 PM ET,1.380,10,14,Ask,Off Exchange,Odd Lot
01:21:00.197 PM ET,1.370,10,14,Bid,Off Exchange,Odd Lot
01:21:01.361 PM ET,1.370,10,14,Bid,Off Exchange,Odd Lot
01:21:10.717 PM ET,1.380,10,14,Ask,Off Exchange,Odd Lot
01:21:14.030 PM ET,1.370,10,14,Bid,Off Exchange,Odd Lot
01:21:18.486 PM ET,1.380,10,14,Ask,Off Exchange,Odd Lot
01:21:21.840 PM ET,1.380,10,14,Ask,Off Exchange,Odd Lot
01:21:24.160 PM ET,1.370,10,14,Bid,Off Exchange,Odd Lot
01:21:33.013 PM ET,1.380,10,14,Ask,Off Exchange,Odd Lot
01:21:35.216 PM ET,1.370,10,14,Bid,Off Exchange,Odd Lot
01:21:45.161 PM ET,1.380,10,14,Ask,Off Exchange,Odd Lot
01:21:55.024 PM ET,1.380,10,14,Ask,Off Exchange,Odd Lot
01:22:05.387 PM ET,1.370,10,14,Bid,Off Exchange,Odd Lot
01:22:09.470 PM ET,1.380,10,14,Ask,Off Exchange,Odd Lot
01:22:10.125 PM ET,1.380,10,14,Ask,Off Exchange,Odd Lot
01:22:24.687 PM ET,1.370,10,14,Bid,Off Exchange,Odd Lot
01:22:27.224 PM ET,1.380,10,14,Ask,Off Exchange,Odd Lot
01:22:45.909 PM ET,1.380,10,14,Ask,Off Exchange,Odd Lot
01:22:47.650 PM ET,1.370,10,14,Bid,Off Exchange,Odd Lot
01:22:50.863 PM ET,1.370,10,14,Bid,Off Exchange,Odd Lot
01:22:52.210 PM ET,1.380,10,14,Ask,Off Exchange,Odd Lot
01:22:53.494 PM ET,1.380,10,14,Ask,Off Exchange,Odd Lot
01:23:03.905 PM ET,1.370,10,14,Bid,Off Exchange,Odd Lot
01:23:07.148 PM ET,1.370,10,14,Bid,Off Exchange,Odd Lot
01:23:09.521 PM ET,1.380,10,14,Ask,Off Exchange,Odd Lot
01:23:16.727 PM ET,1.380,10,14,Ask,Off Exchange,Odd Lot
01:23:18.347 PM ET,1.370,10,14,Bid,Off Exchange,Odd Lot
01:23:22.809 PM ET,1.370,10,14,Bid,Off Exchange,Odd Lot
01:23:24.973 PM ET,1.380,10,14,Ask,Off Exchange,Odd Lot
01:23:27.764 PM ET,1.370,10,14,Bid,Off Exchange,Odd Lot
01:23:29.233 PM ET,1.380,10,14,Ask,Off Exchange,Odd Lot
01:23:40.815 PM ET,1.370,10,14,Bid,Off Exchange,Odd Lot
01:23:49.246 PM ET,1.380,10,14,Ask,Off Exchange,Odd Lot
01:23:50.128 PM ET,1.380,10,14,Ask,Off Exchange,Odd Lot
01:23:52.315 PM ET,1.370,10,14,Bid,Off Exchange,Odd Lot
01:23:53.040 PM ET,1.370,10,14,Bid,Off Exchange,Odd Lot
01:24:03.736 PM ET,1.380,10,14,Ask,Off Exchange,Odd Lot
01:24:17.178 PM ET,1.370,10,14,Bid,Off Exchange,Odd Lot
01:24:20.472 PM ET,1.380,10,14,Ask,Off Exchange,Odd Lot
01:24:29.982 PM ET,1.380,10,14,Ask,Off Exchange,Odd Lot
01:24:30.847 PM ET,1.370,10,14,Bid,Off Exchange,Odd Lot
01:24:41.202 PM ET,1.380,10,14,Ask,Off Exchange,Odd Lot
01:25:04.931 PM ET,1.370,10,14,Bid,Off Exchange,Odd Lot
01:25:13.215 PM ET,1.380,10,14,Ask,Off Exchange,Odd Lot
01:25:34.469 PM ET,1.370,10,14,Bid,Off Exchange,Odd Lot
01:25:36.593 PM ET,1.380,10,14,Ask,Off Exchange,Odd Lot
01:25:47.774 PM ET,1.370,10,14,Bid,Off Exchange,Odd Lot
01:25:55.198 PM ET,1.380,10,14,Ask,Off Exchange,Odd Lot
01:25:55.881 PM ET,1.370,10,14,Bid,Off Exchange,Odd Lot
01:25:57.591 PM ET,1.370,10,14,Bid,Off Exchange,Odd Lot
01:26:07.190 PM ET,1.380,10,14,Ask,Off Exchange,Odd Lot
01:26:10.392 PM ET,1.370,10,14,Bid,Off Exchange,Odd Lot
01:26:11.088 PM ET,1.370,10,14,Bid,Off Exchange,Odd Lot
01:26:13.761 PM ET,1.380,10,14,Ask,Off Exchange,Odd Lot
01:26:23.042 PM ET,1.380,10,14,Ask,Off Exchange,Odd Lot
01:26:25.252 PM ET,1.370,10,14,Bid,Off Exchange,Odd Lot
01:26:28.373 PM ET,1.380,10,14,Ask,Off Exchange,Odd Lot
01:26:36.494 PM ET,1.380,10,14,Ask,Off Exchange,Odd Lot
01:26:38.089 PM ET,1.370,10,14,Bid,Off Exchange,Odd Lot
01:26:40.078 PM ET,1.370,10,14,Bid,Off Exchange,Odd Lot
01:26:41.380 PM ET,1.380,10,14,Ask,Off Exchange,Odd Lot
01:26:45.178 PM ET,1.370,10,14,Bid,Off Exchange,Odd Lot
01:26:53.742 PM ET,1.380,10,14,Ask,Off Exchange,Odd Lot
01:26:54.510 PM ET,1.380,10,14,Ask,Off Exchange,Odd Lot
01:26:58.396 PM ET,1.370,10,14,Bid,Off Exchange,Odd Lot
01:27:06.292 PM ET,1.380,10,14,Ask,Off Exchange,Odd Lot
01:27:11.139 PM ET,1.370,10,14,Bid,Off Exchange,Odd Lot
01:27:13.259 PM ET,1.380,10,14,Ask,Off Exchange,Odd Lot
01:27:28.010 PM ET,1.370,10,14,Bid,Off Exchange,Odd Lot
01:27:37.070 PM ET,1.370,10,14,Bid,Off Exchange,Odd Lot
01:27:40.881 PM ET,1.380,10,14,Ask,Off Exchange,Odd Lot
01:27:41.688 PM ET,1.380,10,14,Ask,Off Exchange,Odd Lot
01:27:46.259 PM ET,1.370,10,14,Bid,Off Exchange,Odd Lot
01:27:49.060 PM ET,1.380,10,14,Ask,Off Exchange,Odd Lot
01:27:51.438 PM ET,1.370,10,14,Bid,Off Exchange,Odd Lot
01:28:00.986 PM ET,1.380,10,14,Ask,Off Exchange,Odd Lot
01:28:01.759 PM ET,1.370,10,14,Bid,Off Exchange,Odd Lot
01:28:06.215 PM ET,1.370,10,14,Bid,Off Exchange,Odd Lot
01:28:16.776 PM ET,1.380,10,14,Ask,Off Exchange,Odd Lot
01:28:18.437 PM ET,1.370,10,14,Bid,Off Exchange,Odd Lot
01:28:24.930 PM ET,1.380,10,14,Ask,Off Exchange,Odd Lot
01:28:35.038 PM ET,1.370,10,14,Bid,Off Exchange,Odd Lot
01:28:39.196 PM ET,1.380,10,14,Ask,Off Exchange,Odd Lot
01:28:50.124 PM ET,1.370,10,14,Bid,Off Exchange,Odd Lot
01:28:51.759 PM ET,1.370,10,14,Bid,Off Exchange,Odd Lot
01:28:54.367 PM ET,1.380,10,14,Ask,Off Exchange,Odd Lot
01:28:55.140 PM ET,1.380,10,14,Ask,Off Exchange,Odd Lot
01:29:04.030 PM ET,1.380,10,14,Ask,Off Exchange,Odd Lot
01:29:04.850 PM ET,1.370,10,14,Bid,Off Exchange,Odd Lot
01:29:05.727 PM ET,1.370,10,14,Bid,Off Exchange,Odd Lot
01:29:10.462 PM ET,1.380,10,14,Ask,Off Exchange,Odd Lot
01:29:13.794 PM ET,1.370,10,14,Bid,Off Exchange,Odd Lot
01:29:16.746 PM ET,1.380,10,14,Ask,Off Exchange,Odd Lot
01:29:26.072 PM ET,1.380,10,14,Ask,Off Exchange,Odd Lot
01:29:30.799 PM ET,1.370,10,14,Bid,Off Exchange,Odd Lot
01:29:40.035 PM ET,1.380,10,14,Ask,Off Exchange,Odd Lot
01:29:45.766 PM ET,1.370,10,14,Bid,Off Exchange,Odd Lot
01:29:54.488 PM ET,1.370,10,14,Bid,Off Exchange,Odd Lot
01:29:57.989 PM ET,1.380,10,14,Ask,Off Exchange,Odd Lot
01:30:09.302 PM ET,1.370,10,14,Bid,Off Exchange,Odd Lot
01:30:19.438 PM ET,1.380,10,14,Ask,Off Exchange,Odd Lot
01:30:20.214 PM ET,1.380,10,14,Ask,Off Exchange,Odd Lot
01:30:25.512 PM ET,1.370,10,14,Bid,Off Exchange,Odd Lot
01:30:28.206 PM ET,1.380,10,14,Ask,Off Exchange,Odd Lot
01:30:44.380 PM ET,1.370,10,14,Bid,Off Exchange,Odd Lot
01:30:46.570 PM ET,1.370,10,14,Bid,Off Exchange,Odd Lot
01:30:49.060 PM ET,1.370,10,14,Bid,Off Exchange,Odd Lot
01:30:49.801 PM ET,1.380,10,14,Ask,Off Exchange,Odd Lot
01:30:51.635 PM ET,1.380,10,14,Ask,Off Exchange,Odd Lot
01:30:54.567 PM ET,1.370,10,14,Bid,Off Exchange,Odd Lot
01:30:55.175 PM ET,1.380,10,14,Ask,Off Exchange,Odd Lot
01:30:56.843 PM ET,1.380,10,14,Ask,Off Exchange,Odd Lot
01:31:08.583 PM ET,1.370,10,14,Bid,Off Exchange,Odd Lot
01:31:12.047 PM ET,1.370,10,14,Bid,Off Exchange,Odd Lot
01:31:14.444 PM ET,1.380,10,14,Ask,Off Exchange,Odd Lot
01:31:40.993 PM ET,1.370,10,14,Bid,Off Exchange,Odd Lot
01:31:42.424 PM ET,1.380,10,14,Ask,Off Exchange,Odd Lot
01:31:45.478 PM ET,1.370,10,14,Bid,Off Exchange,Odd Lot
01:31:54.267 PM ET,1.380,10,14,Ask,Off Exchange,Odd Lot
01:32:04.443 PM ET,1.380,10,14,Ask,Off Exchange,Odd Lot
01:32:06.924 PM ET,1.370,10,14,Bid,Off Exchange,Odd Lot
01:32:17.415 PM ET,1.380,10,14,Ask,Off Exchange,Odd Lot
01:32:35.743 PM ET,1.370,10,14,Bid,Off Exchange,Odd Lot
01:32:44.659 PM ET,1.370,10,14,Bid,Off Exchange,Odd Lot
01:32:49.495 PM ET,1.380,10,14,Ask,Off Exchange,Odd Lot
01:32:52.197 PM ET,1.370,10,14,Bid,Off Exchange,Odd Lot
01:33:01.532 PM ET,1.380,10,14,Ask,Off Exchange,Odd Lot
01:33:02.385 PM ET,1.370,10,14,Bid,Off Exchange,Odd Lot
01:33:07.446 PM ET,1.370,10,14,Bid,Off Exchange,Odd Lot
01:33:09.839 PM ET,1.380,10,14,Ask,Off Exchange,Odd Lot
01:33:19.204 PM ET,1.380,10,14,Ask,Off Exchange,Odd Lot
01:33:20.866 PM ET,1.370,10,14,Bid,Off Exchange,Odd Lot
01:33:24.295 PM ET,1.370,10,14,Bid,Off Exchange,Odd Lot
01:33:28.500 PM ET,1.380,10,14,Ask,Off Exchange,Odd Lot
01:33:37.689 PM ET,1.380,10,14,Ask,Off Exchange,Odd Lot
01:33:38.527 PM ET,1.380,10,14,Ask,Off Exchange,Odd Lot
01:33:41.202 PM ET,1.370,10,14,Bid,Off Exchange,Odd Lot
01:33:41.952 PM ET,1.370,10,14,Bid,Off Exchange,Odd Lot
01:33:45.848 PM ET,1.380,10,14,Ask,Off Exchange,Odd Lot
01:33:58.230 PM ET,1.370,10,14,Bid,Off Exchange,Odd Lot
01:34:07.488 PM ET,1.380,10,14,Ask,Off Exchange,Odd Lot
01:34:21.490 PM ET,1.370,10,14,Bid,Off Exchange,Odd Lot
01:34:24.589 PM ET,1.380,10,14,Ask,Off Exchange,Odd Lot
01:34:36.638 PM ET,1.370,10,14,Bid,Off Exchange,Odd Lot
01:34:39.208 PM ET,1.380,10,14,Ask,Off Exchange,Odd Lot
01:34:48.646 PM ET,1.370,10,14,Bid,Off Exchange,Odd Lot
01:34:49.461 PM ET,1.370,10,14,Bid,Off Exchange,Odd Lot
01:34:53.009 PM ET,1.380,10,14,Ask,Off Exchange,Odd Lot
01:34:54.609 PM ET,1.370,10,14,Bid,Off Exchange,Odd Lot
01:35:05.336 PM ET,1.380,10,14,Ask,Off Exchange,Odd Lot
01:35:06.972 PM ET,1.380,10,14,Ask,Off Exchange,Odd Lot
01:35:13.428 PM ET,1.370,10,14,Bid,Off Exchange,Odd Lot
01:35:15.210 PM ET,1.380,10,14,Ask,Off Exchange,Odd Lot
01:35:24.360 PM ET,1.380,10,14,Ask,Off Exchange,Odd Lot
01:35:27.457 PM ET,1.370,10,14,Bid,Off Exchange,Odd Lot
01:35:29.888 PM ET,1.370,10,14,Bid,Off Exchange,Odd Lot
01:35:37.681 PM ET,1.380,10,14,Ask,Off Exchange,Odd Lot
01:35:38.575 PM ET,1.380,10,14,Ask,Off Exchange,Odd Lot
01:35:44.088 PM ET,1.370,10,14,Bid,Off Exchange,Odd Lot
01:35:46.374 PM ET,1.380,10,14,Ask,Off Exchange,Odd Lot
01:35:57.692 PM ET,1.370,10,14,Bid,Off Exchange,Odd Lot
01:35:58.530 PM ET,1.370,10,14,Bid,Off Exchange,Odd Lot
01:36:02.905 PM ET,1.380,10,14,Ask,Off Exchange,Odd Lot
01:36:03.530 PM ET,1.380,10,14,Ask,Off Exchange,Odd Lot
01:36:17.865 PM ET,1.370,10,14,Bid,Off Exchange,Odd Lot
01:36:26.457 PM ET,1.370,10,14,Bid,Off Exchange,Odd Lot
01:36:32.099 PM ET,1.370,10,14,Bid,Off Exchange,Odd Lot
01:36:40.391 PM ET,1.380,10,14,Ask,Off Exchange,Odd Lot
01:36:41.119 PM ET,1.380,10,14,Ask,Off Exchange,Odd Lot
01:36:42.815 PM ET,1.370,10,14,Bid,Off Exchange,Odd Lot
01:36:52.801 PM ET,1.380,10,14,Ask,Off Exchange,Odd Lot
01:36:53.577 PM ET,1.380,10,14,Ask,Off Exchange,Odd Lot
01:36:58.234 PM ET,1.370,10,14,Bid,Off Exchange,Odd Lot
01:37:00.489 PM ET,1.380,10,14,Ask,Off Exchange,Odd Lot
01:37:09.142 PM ET,1.370,10,14,Bid,Off Exchange,Odd Lot
01:37:14.998 PM ET,1.370,10,14,Bid,Off Exchange,Odd Lot
01:37:17.474 PM ET,1.380,10,14,Ask,Off Exchange,Odd Lot
01:37:20.618 PM ET,1.370,10,14,Bid,Off Exchange,Odd Lot
01:37:31.144 PM ET,1.380,10,14,Ask,Off Exchange,Odd Lot
01:37:42.141 PM ET,1.380,10,14,Ask,Off Exchange,Odd Lot
01:37:47.426 PM ET,1.370,10,14,Bid,Off Exchange,Odd Lot
01:37:49.452 PM ET,1.380,10,14,Ask,Off Exchange,Odd Lot
01:37:51.922 PM ET,1.370,10,14,Bid,Off Exchange,Odd Lot
01:38:01.507 PM ET,1.380,10,14,Ask,Off Exchange,Odd Lot
01:38:02.388 PM ET,1.370,10,14,Bid,Off Exchange,Odd Lot
01:38:07.474 PM ET,1.380,10,14,Ask,Off Exchange,Odd Lot
01:38:10.237 PM ET,1.370,10,14,Bid,Off Exchange,Odd Lot
01:38:12.446 PM ET,1.380,10,14,Ask,Off Exchange,Odd Lot
01:38:21.837 PM ET,1.370,10,14,Bid,Off Exchange,Odd Lot
01:38:25.439 PM ET,1.370,10,14,Bid,Off Exchange,Odd Lot
01:38:31.283 PM ET,1.380,10,14,Ask,Off Exchange,Odd Lot
01:38:33.676 PM ET,1.370,10,14,Bid,Off Exchange,Odd Lot
01:38:45.765 PM ET,1.380,10,14,Ask,Off Exchange,Odd Lot
01:38:46.544 PM ET,1.380,10,14,Ask,Off Exchange,Odd Lot
01:38:48.303 PM ET,1.370,10,14,Bid,Off Exchange,Odd Lot
01:38:57.303 PM ET,1.380,10,14,Ask,Off Exchange,Odd Lot
01:39:02.412 PM ET,1.370,10,14,Bid,Off Exchange,Odd Lot
01:39:04.574 PM ET,1.380,10,14,Ask,Off Exchange,Odd Lot
01:39:06.877 PM ET,1.370,10,14,Bid,Off Exchange,Odd Lot
01:39:09.788 PM ET,1.380,10,14,Ask,Off Exchange,Odd Lot
01:39:19.095 PM ET,1.370,10,14,Bid,Off Exchange,Odd Lot
01:39:24.400 PM ET,1.380,10,14,Ask,Off Exchange,Odd Lot
01:39:26.579 PM ET,1.370,10,14,Bid,Off Exchange,Odd Lot
01:39:28.664 PM ET,1.380,10,14,Ask,Off Exchange,Odd Lot
01:39:39.534 PM ET,1.370,10,14,Bid,Off Exchange,Odd Lot
01:39:43.578 PM ET,1.370,10,14,Bid,Off Exchange,Odd Lot
01:39:44.401 PM ET,1.370,10,14,Bid,Off Exchange,Odd Lot
01:39:46.670 PM ET,1.380,10,14,Ask,Off Exchange,Odd Lot
01:39:56.583 PM ET,1.380,10,14,Ask,Off Exchange,Odd Lot
01:39:57.349 PM ET,1.370,10,14,Bid,Off Exchange,Odd Lot
01:40:01.739 PM ET,1.380,10,14,Ask,Off Exchange,Odd Lot
01:40:12.313 PM ET,1.370,10,14,Bid,Off Exchange,Odd Lot
01:40:17.213 PM ET,1.380,10,14,Ask,Off Exchange,Odd Lot
01:40:21.904 PM ET,1.380,10,14,Ask,Off Exchange,Odd Lot
01:40:25.554 PM ET,1.370,10,14,Bid,Off Exchange,Odd Lot
01:40:27.620 PM ET,1.370,10,14,Bid,Off Exchange,Odd Lot
01:40:28.361 PM ET,1.380,10,14,Ask,Off Exchange,Odd Lot
01:40:38.888 PM ET,1.380,10,14,Ask,Off Exchange,Odd Lot
01:40:42.171 PM ET,1.370,10,14,Bid,Off Exchange,Odd Lot
01:40:43.129 PM ET,1.370,10,14,Bid,Off Exchange,Odd Lot
01:40:46.547 PM ET,1.380,10,14,Ask,Off Exchange,Odd Lot
01:40:47.374 PM ET,1.370,10,14,Bid,Off Exchange,Odd Lot
01:40:57.749 PM ET,1.380,10,14,Ask,Off Exchange,Odd Lot
01:41:03.244 PM ET,1.370,10,14,Bid,Off Exchange,Odd Lot
01:41:11.570 PM ET,1.380,10,14,Ask,Off Exchange,Odd Lot
01:41:17.452 PM ET,1.370,10,14,Bid,Off Exchange,Odd Lot
01:41:25.642 PM ET,1.380,10,14,Ask,Off Exchange,Odd Lot
01:41:30.023 PM ET,1.380,10,14,Ask,Off Exchange,Odd Lot
01:41:32.285 PM ET,1.370,10,14,Bid,Off Exchange,Odd Lot
01:41:42.899 PM ET,1.380,10,14,Ask,Off Exchange,Odd Lot
01:41:43.716 PM ET,1.370,10,14,Bid,Off Exchange,Odd Lot
01:41:49.240 PM ET,1.370,10,14,Bid,Off Exchange,Odd Lot
01:41:57.645 PM ET,1.380,10,14,Ask,Off Exchange,Odd Lot
01:41:58.543 PM ET,1.380,10,14,Ask,Off Exchange,Odd Lot
01:42:00.187 PM ET,1.370,10,14,Bid,Off Exchange,Odd Lot
01:42:01.150 PM ET,1.370,10,14,Bid,Off Exchange,Odd Lot
01:42:05.125 PM ET,1.380,10,14,Ask,Off Exchange,Odd Lot
01:42:14.400 PM ET,1.380,10,14,Ask,Off Exchange,Odd Lot
01:42:16.176 PM ET,1.370,10,14,Bid,Off Exchange,Odd Lot
01:42:24.702 PM ET,1.380,10,14,Ask,Off Exchange,Odd Lot
01:42:30.495 PM ET,1.370,10,14,Bid,Off Exchange,Odd Lot
01:42:38.828 PM ET,1.380,10,14,Ask,Off Exchange,Odd Lot
01:42:39.759 PM ET,1.370,10,14,Bid,Off Exchange,Odd Lot
01:42:43.109 PM ET,1.370,10,14,Bid,Off Exchange,Odd Lot
01:42:44.773 PM ET,1.380,10,14,Ask,Off Exchange,Odd Lot
01:42:55.770 PM ET,1.370,10,14,Bid,Off Exchange,Odd Lot
01:42:57.827 PM ET,1.370,10,14,Bid,Off Exchange,Odd Lot
01:42:59.251 PM ET,1.380,10,14,Ask,Off Exchange,Odd Lot
01:43:17.590 PM ET,1.380,10,14,Ask,Off Exchange,Odd Lot
01:43:19.394 PM ET,1.370,10,14,Bid,Off Exchange,Odd Lot
01:43:23.687 PM ET,1.380,10,14,Ask,Off Exchange,Odd Lot
01:43:29.356 PM ET,1.370,10,14,Bid,Off Exchange,Odd Lot
01:43:32.214 PM ET,1.370,10,14,Bid,Off Exchange,Odd Lot
01:43:35.701 PM ET,1.380,10,14,Ask,Off Exchange,Odd Lot
01:43:42.832 PM ET,1.380,10,14,Ask,Off Exchange,Odd Lot
01:43:46.095 PM ET,1.370,10,14,Bid,Off Exchange,Odd Lot
01:43:54.161 PM ET,1.380,10,14,Ask,Off Exchange,Odd Lot
01:43:59.355 PM ET,1.370,10,14,Bid,Off Exchange,Odd Lot
01:44:03.647 PM ET,1.380,10,14,Ask,Off Exchange,Odd Lot
01:44:08.432 PM ET,1.380,10,14,Ask,Off Exchange,Odd Lot
01:44:17.486 PM ET,1.370,10,14,Bid,Off Exchange,Odd Lot
01:44:20.065 PM ET,1.380,10,14,Ask,Off Exchange,Odd Lot
01:44:22.159 PM ET,1.370,10,14,Bid,Off Exchange,Odd Lot
01:44:23.880 PM ET,1.380,10,14,Ask,Off Exchange,Odd Lot
01:44:26.094 PM ET,1.370,10,14,Bid,Off Exchange,Odd Lot
01:44:29.191 PM ET,1.380,10,14,Ask,Off Exchange,Odd Lot
01:44:46.497 PM ET,1.370,10,14,Bid,Off Exchange,Odd Lot
01:44:55.030 PM ET,1.380,10,14,Ask,Off Exchange,Odd Lot
01:44:55.836 PM ET,1.370,10,14,Bid,Off Exchange,Odd Lot
01:44:58.850 PM ET,1.370,10,14,Bid,Off Exchange,Odd Lot
01:45:01.055 PM ET,1.380,10,14,Ask,Off Exchange,Odd Lot
01:45:01.815 PM ET,1.375,10,14,Mid,Off Exchange,Odd Lot
01:45:01.815 PM ET,1.370,10,14,Bid,Off Exchange,Odd Lot
01:45:01.891 PM ET,1.370,10,14,Bid,Off Exchange,Odd Lot
01:45:05.391 PM ET,1.380,10,14,Ask,Off Exchange,Odd Lot
01:45:06.407 PM ET,1.380,10,14,Ask,Off Exchange,Odd Lot
01:45:13.847 PM ET,1.380,10,14,Ask,Off Exchange,Odd Lot
01:45:15.698 PM ET,1.370,10,14,Bid,Off Exchange,Odd Lot
01:45:19.115 PM ET,1.370,10,14,Bid,Off Exchange,Odd Lot
01:45:20.024 PM ET,1.380,10,14,Ask,Off Exchange,Odd Lot
01:45:45.847 PM ET,1.380,10,14,Ask,Off Exchange,Odd Lot
01:45:46.903 PM ET,1.380,10,14,Ask,Off Exchange,Odd Lot
01:46:01.144 PM ET,1.370,10,14,Bid,Off Exchange,Odd Lot
01:46:03.683 PM ET,1.370,10,14,Bid,Off Exchange,Odd Lot
01:46:06.046 PM ET,1.380,10,14,Ask,Off Exchange,Odd Lot
01:46:14.475 PM ET,1.380,10,14,Ask,Off Exchange,Odd Lot
01:46:17.236 PM ET,1.370,10,14,Bid,Off Exchange,Odd Lot
01:46:20.532 PM ET,1.370,10,14,Bid,Off Exchange,Odd Lot
01:46:29.923 PM ET,1.380,10,14,Ask,Off Exchange,Odd Lot
01:46:30.746 PM ET,1.370,10,14,Bid,Off Exchange,Odd Lot
01:46:43.130 PM ET,1.380,10,14,Ask,Off Exchange,Odd Lot
01:46:45.483 PM ET,1.370,10,14,Bid,Off Exchange,Odd Lot
01:46:46.363 PM ET,1.370,10,14,Bid,Off Exchange,Odd Lot
01:46:50.331 PM ET,1.380,10,14,Ask,Off Exchange,Odd Lot
01:46:59.827 PM ET,1.380,10,14,Ask,Off Exchange,Odd Lot
01:47:01.389 PM ET,1.370,10,14,Bid,Off Exchange,Odd Lot
01:47:04.207 PM ET,1.370,10,14,Bid,Off Exchange,Odd Lot
01:47:06.820 PM ET,1.380,10,14,Ask,Off Exchange,Odd Lot
01:47:15.629 PM ET,1.380,10,14,Ask,Off Exchange,Odd Lot
01:47:16.551 PM ET,1.380,10,14,Ask,Off Exchange,Odd Lot
01:47:21.072 PM ET,1.370,10,14,Bid,Off Exchange,Odd Lot
01:47:24.931 PM ET,1.380,10,14,Ask,Off Exchange,Odd Lot
01:47:38.257 PM ET,1.370,10,14,Bid,Off Exchange,Odd Lot
01:47:43.859 PM ET,1.380,10,14,Ask,Off Exchange,Odd Lot
01:47:56.362 PM ET,1.370,10,14,Bid,Off Exchange,Odd Lot
01:47:57.210 PM ET,1.370,10,14,Bid,Off Exchange,Odd Lot
01:48:01.978 PM ET,1.380,10,14,Ask,Off Exchange,Odd Lot
01:48:03.391 PM ET,1.380,10,14,Ask,Off Exchange,Odd Lot
01:48:17.119 PM ET,1.370,10,14,Bid,Off Exchange,Odd Lot
01:48:40.094 PM ET,1.370,10,14,Bid,Off Exchange,Odd Lot
01:48:42.827 PM ET,1.370,10,14,Bid,Off Exchange,Odd Lot
01:48:45.148 PM ET,1.380,10,14,Ask,Off Exchange,Odd Lot
01:48:54.403 PM ET,1.370,10,14,Bid,Off Exchange,Odd Lot
01:49:06.334 PM ET,1.370,10,14,Bid,Off Exchange,Odd Lot
01:49:10.577 PM ET,1.380,10,14,Ask,Off Exchange,Odd Lot
01:49:19.828 PM ET,1.370,10,14,Bid,Off Exchange,Odd Lot
01:49:34.214 PM ET,1.380,10,14,Ask,Off Exchange,Odd Lot
01:49:35.069 PM ET,1.380,10,14,Ask,Off Exchange,Odd Lot
01:49:35.864 PM ET,1.380,10,14,Ask,Off Exchange,Odd Lot
01:52:28.951 PM ET,1.380,10,14,Ask,Off Exchange,Odd Lot
01:52:29.789 PM ET,1.380,10,14,Ask,Off Exchange,Odd Lot
01:52:34.691 PM ET,1.380,10,14,Ask,Off Exchange,Odd Lot
01:52:35.640 PM ET,1.380,10,14,Ask,Off Exchange,Odd Lot
01:52:36.607 PM ET,1.380,10,14,Ask,Off Exchange,Odd Lot
01:52:42.615 PM ET,1.380,10,14,Ask,Off Exchange,Odd Lot
01:54:28.442 PM ET,1.380,10,14,Ask,Off Exchange,Odd Lot
01:54:32.797 PM ET,1.380,10,14,Ask,Off Exchange,Odd Lot
02:26:16.148 PM ET,1.380,10,14,Bid,NYSE,Inter Mkt Swp; Odd Lot; Trade Thru Exmpt
02:30:56.200 PM ET,1.385,10,14,Mid,NYSE Arca,Odd Lot
02:36:06.230 PM ET,1.385,10,14,Bid,Off Exchange,Odd Lot
02:36:06.233 PM ET,1.390,10,14,Bid,NYSE Arca,Inter Mkt Swp; Odd Lot; Trade Thru Exmpt
02:39:04.431 PM ET,1.400,10,14,Bid,NYSE Arca,Inter Mkt Swp; Odd Lot; Trade Thru Exmpt
02:39:15.551 PM ET,1.410,10,14,Bid,NYSE Arca,Inter Mkt Swp; Odd Lot; Trade Thru Exmpt
02:41:30.210 PM ET,1.420,10,14,Ask,NYSE Arca,Inter Mkt Swp; Odd Lot; Trade Thru Exmpt
02:42:38.670 PM ET,1.425,10,14,Mid,Nasdaq GSM,Odd Lot
02:45:58.682 PM ET,1.425,10,14,Mid,Nasdaq GSM,Odd Lot
02:55:49.246 PM ET,1.430,10,14,Bid,NYSE Arca,Inter Mkt Swp; Odd Lot; Trade Thru Exmpt
03:02:51.916 PM ET,1.430,10,14,Bid,NYSE,Inter Mkt Swp; Odd Lot; Trade Thru Exmpt
03:02:51.917 PM ET,1.430,10,14,Bid,Nasdaq PHLX,Odd Lot
03:02:51.917 PM ET,1.420,10,14,Bid,NYSE Arca,Odd Lot
03:02:51.942 PM ET,1.430,10,14,Bid,Off Exchange,Odd Lot
03:10:19.553 PM ET,1.425,10,14,Mid,Off Exchange,Odd Lot
03:19:15.739 PM ET,1.425,10,14,Mid,Off Exchange,Odd Lot
03:19:46.948 PM ET,1.425,10,14,Mid,Off Exchange,Odd Lot
03:20:21.513 PM ET,1.426,10,14,Mid,Off Exchange,Odd Lot
03:20:40.258 PM ET,1.420,10,14,Ask,NYSE,Inter Mkt Swp; Odd Lot; Trade Thru Exmpt
03:20:40.259 PM ET,1.420,10,14,Ask,Cboe EDGX,Inter Mkt Swp; Odd Lot; Trade Thru Exmpt
03:22:12.735 PM ET,1.420,10,14,Ask,Off Exchange,Odd Lot
03:23:02.996 PM ET,1.415,10,14,Mid,Off Exchange,Odd Lot
03:26:11.308 PM ET,1.415,10,14,Mid,Off Exchange,Odd Lot
03:32:39.013 PM ET,1.416,10,14,Bid,Off Exchange,Odd Lot
03:37:46.386 PM ET,1.420,10,14,Bid,Off Exchange,Odd Lot
03:37:48.022 PM ET,1.420,10,14,Bid,Off Exchange,Odd Lot
03:37:52.586 PM ET,1.420,10,14,Bid,Off Exchange,Odd Lot
03:37:56.442 PM ET,1.430,10,14,Ask,Off Exchange,Odd Lot
03:38:00.948 PM ET,1.420,10,14,Bid,Off Exchange,Odd Lot
03:38:05.738 PM ET,1.420,10,14,Bid,NYSE Arca,Inter Mkt Swp; Odd Lot; Trade Thru Exmpt
03:38:05.738 PM ET,1.420,10,14,Bid,MEMX,Inter Mkt Swp; Odd Lot; Trade Thru Exmpt
03:38:05.738 PM ET,1.420,10,14,Bid,NYSE,Inter Mkt Swp; Odd Lot; Trade Thru Exmpt
03:38:10.595 PM ET,1.420,10,14,Ask,Off Exchange,Odd Lot
03:38:16.835 PM ET,1.420,10,14,Ask,Off Exchange,Odd Lot
03:38:17.855 PM ET,1.420,10,14,Ask,Off Exchange,Odd Lot
03:38:19.015 PM ET,1.420,10,14,Ask,Off Exchange,Odd Lot
03:38:19.681 PM ET,1.420,10,14,Ask,Off Exchange,Odd Lot
03:38:21.413 PM ET,1.410,10,14,Bid,Off Exchange,Odd Lot
03:38:23.208 PM ET,1.410,10,14,Bid,Off Exchange,Odd Lot
03:38:24.081 PM ET,1.410,10,14,Bid,Off Exchange,Odd Lot
03:38:25.601 PM ET,1.415,10,14,Mid,Off Exchange,Odd Lot
03:38:25.601 PM ET,1.420,10,14,Ask,Off Exchange,Odd Lot
03:38:25.868 PM ET,1.410,10,14,Bid,Off Exchange,Odd Lot
03:38:27.141 PM ET,1.420,10,14,Ask,Off Exchange,Odd Lot
03:38:42.872 PM ET,1.420,10,14,Ask,Off Exchange,Odd Lot
03:38:43.755 PM ET,1.420,10,14,Ask,Off Exchange,Odd Lot
03:38:45.563 PM ET,1.410,10,14,Bid,Off Exchange,Odd Lot
03:38:49.162 PM ET,1.410,10,14,Bid,Off Exchange,Odd Lot
03:38:51.193 PM ET,1.420,10,14,Ask,Off Exchange,Odd Lot
03:38:52.345 PM ET,1.410,10,14,Bid,Off Exchange,Odd Lot
03:39:00.857 PM ET,1.410,10,14,Bid,Off Exchange,Odd Lot
03:39:03.444 PM ET,1.420,10,14,Ask,Off Exchange,Odd Lot
03:39:05.237 PM ET,1.420,10,14,Ask,Off Exchange,Odd Lot
03:39:09.736 PM ET,1.410,10,14,Bid,Off Exchange,Odd Lot
03:39:10.637 PM ET,1.410,10,14,Bid,Off Exchange,Odd Lot
03:39:12.497 PM ET,1.420,10,14,Ask,Off Exchange,Odd Lot
03:39:17.580 PM ET,1.420,10,14,Ask,Off Exchange,Odd Lot
03:39:30.427 PM ET,1.410,10,14,Bid,Off Exchange,Odd Lot
03:39:39.940 PM ET,1.420,10,14,Ask,Off Exchange,Odd Lot
03:39:41.558 PM ET,1.420,10,14,Ask,Off Exchange,Odd Lot
03:39:43.939 PM ET,1.410,10,14,Bid,Off Exchange,Odd Lot
03:39:46.691 PM ET,1.410,10,14,Bid,Off Exchange,Odd Lot
03:39:49.437 PM ET,1.420,10,14,Ask,Off Exchange,Odd Lot
03:40:01.926 PM ET,1.410,10,14,Bid,Off Exchange,Odd Lot
03:40:03.690 PM ET,1.410,10,14,Bid,Off Exchange,Odd Lot
03:40:04.555 PM ET,1.410,10,14,Bid,Off Exchange,Odd Lot
03:40:05.395 PM ET,1.410,10,14,Bid,Off Exchange,Odd Lot
03:40:08.733 PM ET,1.420,10,14,Ask,Off Exchange,Odd Lot
03:40:13.178 PM ET,1.410,10,14,Bid,Off Exchange,Odd Lot
03:40:19.318 PM ET,1.420,10,14,Ask,Off Exchange,Odd Lot
03:40:19.337 PM ET,1.420,10,14,Ask,Off Exchange,Odd Lot
03:40:24.686 PM ET,1.410,10,14,Bid,Off Exchange,Odd Lot
03:40:25.539 PM ET,1.410,10,14,Bid,Off Exchange,Odd Lot
03:40:26.516 PM ET,1.410,10,14,Bid,Off Exchange,Odd Lot
03:40:39.452 PM ET,1.420,10,14,Ask,Off Exchange,Odd Lot
03:40:42.935 PM ET,1.420,10,14,Ask,Off Exchange,Odd Lot
03:40:52.667 PM ET,1.420,10,14,Ask,Off Exchange,Odd Lot
03:40:53.665 PM ET,1.420,10,14,Ask,Off Exchange,Odd Lot
03:40:56.335 PM ET,1.410,10,14,Bid,Off Exchange,Odd Lot
03:40:57.349 PM ET,1.410,10,14,Bid,Off Exchange,Odd Lot
03:41:00.994 PM ET,1.410,10,14,Ask,NYSE Arca,Inter Mkt Swp; Odd Lot; Trade Thru Exmpt
03:41:00.994 PM ET,1.410,10,14,Ask,NYSE,Inter Mkt Swp; Odd Lot; Trade Thru Exmpt
03:41:00.994 PM ET,1.410,10,14,Ask,Cboe BYX,Inter Mkt Swp; Odd Lot; Trade Thru Exmpt
03:41:05.122 PM ET,1.410,10,14,Ask,Off Exchange,Odd Lot
03:41:06.095 PM ET,1.410,10,14,Ask,Off Exchange,Odd Lot
03:41:11.597 PM ET,1.411,10,14,Mid,Off Exchange,Odd Lot
03:41:12.578 PM ET,1.415,10,14,Mid,Off Exchange,Odd Lot
03:41:14.521 PM ET,1.411,10,14,Mid,Off Exchange,Odd Lot
03:41:14.541 PM ET,1.415,10,14,Mid,Off Exchange,Odd Lot
03:41:15.405 PM ET,1.420,10,14,Ask,Off Exchange,Odd Lot
03:41:17.655 PM ET,1.410,10,14,Bid,Off Exchange,Odd Lot
03:41:19.408 PM ET,1.410,10,14,Bid,Off Exchange,Odd Lot
03:41:22.529 PM ET,1.410,10,14,Bid,Off Exchange,Odd Lot
03:41:23.343 PM ET,1.420,10,14,Ask,Off Exchange,Odd Lot
03:41:25.309 PM ET,1.410,10,14,Bid,Off Exchange,Odd Lot
03:41:30.185 PM ET,1.410,10,14,Bid,Off Exchange,Odd Lot
03:41:40.953 PM ET,1.420,10,14,Ask,Off Exchange,Odd Lot
03:41:42.804 PM ET,1.410,10,14,Bid,Off Exchange,Odd Lot
03:41:43.763 PM ET,1.410,10,14,Bid,Off Exchange,Odd Lot
03:41:46.910 PM ET,1.420,10,14,Ask,Off Exchange,Odd Lot
03:41:50.919 PM ET,1.410,10,14,Bid,Off Exchange,Odd Lot
03:42:03.144 PM ET,1.420,10,14,Ask,Off Exchange,Odd Lot
03:42:05.793 PM ET,1.420,10,14,Ask,Off Exchange,Odd Lot
03:42:08.497 PM ET,1.410,10,14,Bid,Off Exchange,Odd Lot
03:42:14.455 PM ET,1.410,10,14,Bid,Off Exchange,Odd Lot
03:42:24.103 PM ET,1.420,10,14,Ask,Off Exchange,Odd Lot
03:42:24.899 PM ET,1.420,10,14,Ask,Off Exchange,Odd Lot
03:42:31.114 PM ET,1.420,10,14,Ask,Off Exchange,Odd Lot
03:42:37.593 PM ET,1.420,10,14,Ask,Off Exchange,Odd Lot
03:42:40.817 PM ET,1.410,10,14,Bid,Off Exchange,Odd Lot
03:42:43.422 PM ET,1.410,10,14,Bid,Off Exchange,Odd Lot
03:42:45.388 PM ET,1.420,10,14,Ask,Off Exchange,Odd Lot
03:42:56.140 PM ET,1.420,10,14,Ask,Off Exchange,Odd Lot
03:42:57.992 PM ET,1.410,10,14,Bid,Off Exchange,Odd Lot
03:43:00.570 PM ET,1.410,10,14,Bid,Off Exchange,Odd Lot
03:43:03.468 PM ET,1.410,10,14,Bid,Off Exchange,Odd Lot
03:43:13.736 PM ET,1.420,10,14,Ask,Off Exchange,Odd Lot
03:43:15.504 PM ET,1.420,10,14,Ask,Off Exchange,Odd Lot
03:43:18.273 PM ET,1.410,10,14,Bid,Off Exchange,Odd Lot
03:43:36.139 PM ET,1.420,10,14,Ask,Off Exchange,Odd Lot
03:43:38.906 PM ET,1.410,10,14,Bid,Off Exchange,Odd Lot
03:43:49.402 PM ET,1.410,10,14,Bid,Off Exchange,Odd Lot
03:43:51.137 PM ET,1.420,10,14,Ask,Off Exchange,Odd Lot
03:43:53.832 PM ET,1.420,10,14,Ask,Off Exchange,Odd Lot
03:43:55.833 PM ET,1.410,10,14,Bid,Off Exchange,Odd Lot
03:44:01.473 PM ET,1.420,10,14,Ask,Off Exchange,Odd Lot
03:44:02.531 PM ET,1.410,10,14,Bid,Off Exchange,Odd Lot
03:44:06.051 PM ET,1.410,10,14,Bid,Off Exchange,Odd Lot
03:44:16.799 PM ET,1.420,10,14,Ask,Off Exchange,Odd Lot
03:44:19.271 PM ET,1.420,10,14,Ask,Off Exchange,Odd Lot
03:44:22.079 PM ET,1.410,10,14,Bid,Off Exchange,Odd Lot
03:44:25.250 PM ET,1.420,10,14,Ask,Off Exchange,Odd Lot
03:44:30.502 PM ET,1.420,10,14,Ask,Off Exchange,Odd Lot
03:44:40.515 PM ET,1.410,10,14,Bid,Off Exchange,Odd Lot
03:44:44.103 PM ET,1.420,10,14,Ask,Off Exchange,Odd Lot
03:44:53.940 PM ET,1.410,10,14,Bid,Off Exchange,Odd Lot
03:45:04.488 PM ET,1.420,10,14,Ask,Off Exchange,Odd Lot
03:45:06.169 PM ET,1.410,10,14,Bid,Off Exchange,Odd Lot
03:45:09.805 PM ET,1.410,10,14,Bid,Off Exchange,Odd Lot
03:45:10.623 PM ET,1.420,10,14,Ask,Off Exchange,Odd Lot
03:45:17.887 PM ET,1.420,10,14,Ask,Off Exchange,Odd Lot
03:45:19.339 PM ET,1.420,10,14,Ask,Off Exchange,Odd Lot
03:45:25.824 PM ET,1.410,10,14,Bid,Off Exchange,Odd Lot
03:45:42.254 PM ET,1.420,10,14,Ask,Off Exchange,Odd Lot
03:45:44.094 PM ET,1.410,10,14,Bid,Off Exchange,Odd Lot
03:45:47.616 PM ET,1.410,10,14,Bid,Off Exchange,Odd Lot
03:45:49.194 PM ET,1.420,10,14,Ask,NYSE National,Inter Mkt Swp; Odd Lot; Trade Thru Exmpt
03:46:03.729 PM ET,1.420,10,14,Ask,Off Exchange,Odd Lot
03:46:05.532 PM ET,1.410,10,14,Bid,Off Exchange,Odd Lot
03:46:27.894 PM ET,1.420,10,14,Ask,Off Exchange,Odd Lot
03:46:46.060 PM ET,1.410,10,14,Bid,Off Exchange,Odd Lot
03:46:52.987 PM ET,1.420,10,14,Ask,NYSE Arca,Inter Mkt Swp; Odd Lot; Trade Thru Exmpt
03:46:52.987 PM ET,1.420,10,14,Ask,NYSE,Inter Mkt Swp; Odd Lot; Trade Thru Exmpt
03:46:58.659 PM ET,1.410,10,14,Bid,Off Exchange,Odd Lot
03:47:04.485 PM ET,1.420,10,14,Ask,Off Exchange,Odd Lot
03:47:10.179 PM ET,1.410,10,14,Bid,Off Exchange,Odd Lot
03:47:14.663 PM ET,1.420,10,14,Ask,Off Exchange,Odd Lot
03:47:15.783 PM ET,1.410,10,14,Bid,Off Exchange,Odd Lot
03:47:19.972 PM ET,1.420,10,14,Ask,Off Exchange,Odd Lot
03:47:31.432 PM ET,1.410,10,14,Bid,Off Exchange,Odd Lot
03:47:35.138 PM ET,1.410,10,14,Bid,Off Exchange,Odd Lot
03:47:36.596 PM ET,1.410,10,14,Bid,Off Exchange,Odd Lot
03:47:37.475 PM ET,1.420,10,14,Ask,Off Exchange,Odd Lot
03:47:48.337 PM ET,1.410,10,14,Bid,Off Exchange,Odd Lot
03:47:50.945 PM ET,1.420,10,14,Ask,Off Exchange,Odd Lot
03:47:53.637 PM ET,1.420,10,14,Ask,Off Exchange,Odd Lot
03:47:54.516 PM ET,1.410,10,14,Bid,Off Exchange,Odd Lot
03:48:07.251 PM ET,1.420,10,14,Ask,Off Exchange,Odd Lot
03:48:08.074 PM ET,1.420,10,14,Ask,Off Exchange,Odd Lot
03:48:12.599 PM ET,1.410,10,14,Bid,Off Exchange,Odd Lot
03:48:16.672 PM ET,1.420,10,14,Ask,Off Exchange,Odd Lot
03:48:20.015 PM ET,1.410,10,14,Bid,Off Exchange,Odd Lot
03:48:32.550 PM ET,1.410,10,14,Bid,Off Exchange,Odd Lot
03:48:36.886 PM ET,1.420,10,14,Ask,Off Exchange,Odd Lot
03:48:41.554 PM ET,1.420,10,14,Ask,Off Exchange,Odd Lot
03:48:44.118 PM ET,1.410,10,14,Bid,Off Exchange,Odd Lot
03:49:01.693 PM ET,1.420,10,14,Ask,Off Exchange,Odd Lot
03:49:03.772 PM ET,1.410,10,14,Bid,Off Exchange,Odd Lot
03:49:05.014 PM ET,1.410,10,14,Bid,Off Exchange,Odd Lot
03:49:07.510 PM ET,1.410,10,14,Bid,Off Exchange,Odd Lot
03:49:09.469 PM ET,1.420,10,14,Ask,Off Exchange,Odd Lot
03:49:22.475 PM ET,1.420,10,14,Ask,Off Exchange,Odd Lot
03:49:25.525 PM ET,1.410,10,14,Bid,Off Exchange,Odd Lot
03:49:28.191 PM ET,1.410,10,14,Bid,Off Exchange,Odd Lot
03:49:29.137 PM ET,1.420,10,14,Ask,Off Exchange,Odd Lot
03:49:35.475 PM ET,1.410,10,14,Bid,Off Exchange,Odd Lot
03:49:45.805 PM ET,1.420,10,14,Ask,Off Exchange,Odd Lot
03:49:50.491 PM ET,1.410,10,14,Bid,Off Exchange,Odd Lot
03:49:51.485 PM ET,1.410,10,14,Bid,Off Exchange,Odd Lot
03:49:57.651 PM ET,1.420,10,14,Ask,Off Exchange,Odd Lot
03:50:01.786 PM ET,1.410,10,14,Bid,Off Exchange,Odd Lot
03:50:05.041 PM ET,1.420,10,14,Ask,Off Exchange,Odd Lot
03:50:12.183 PM ET,1.420,10,14,Ask,Off Exchange,Odd Lot
03:50:13.193 PM ET,1.410,10,14,Bid,Off Exchange,Odd Lot
03:50:18.674 PM ET,1.420,10,14,Ask,Off Exchange,Odd Lot
03:50:20.521 PM ET,1.410,10,14,Bid,Off Exchange,Odd Lot
03:50:26.994 PM ET,1.410,10,14,Bid,Off Exchange,Odd Lot
03:50:30.299 PM ET,1.420,10,14,Ask,Off Exchange,Odd Lot
03:50:40.143 PM ET,1.420,10,14,Ask,Off Exchange,Odd Lot
03:50:41.950 PM ET,1.410,10,14,Bid,Off Exchange,Odd Lot
03:50:43.741 PM ET,1.410,10,14,Bid,Off Exchange,Odd Lot
03:50:46.584 PM ET,1.410,10,14,Bid,Off Exchange,Odd Lot
03:50:51.962 PM ET,1.420,10,14,Ask,Off Exchange,Odd Lot
03:51:05.419 PM ET,1.420,10,14,Ask,Off Exchange,Odd Lot
03:51:12.563 PM ET,1.410,10,14,Bid,Off Exchange,Odd Lot
03:51:17.564 PM ET,1.420,10,14,Ask,Off Exchange,Odd Lot
03:51:17.565 PM ET,1.420,10,14,Ask,Off Exchange,Odd Lot
03:51:35.283 PM ET,1.410,10,14,Bid,Off Exchange,Odd Lot
03:51:37.154 PM ET,1.410,10,14,Bid,Off Exchange,Odd Lot
03:51:42.351 PM ET,1.420,10,14,Ask,Off Exchange,Odd Lot
03:51:51.155 PM ET,1.420,10,14,Ask,Off Exchange,Odd Lot
03:51:52.831 PM ET,1.410,10,14,Bid,Off Exchange,Odd Lot
03:51:55.644 PM ET,1.410,10,14,Bid,Off Exchange,Odd Lot
03:51:56.439 PM ET,1.410,10,14,Bid,Off Exchange,Odd Lot
03:51:59.226 PM ET,1.420,10,14,Ask,Off Exchange,Odd Lot
03:52:06.241 PM ET,1.410,10,14,Bid,Off Exchange,Odd Lot
03:52:09.201 PM ET,1.420,10,14,Ask,Off Exchange,Odd Lot
03:52:16.795 PM ET,1.420,10,14,Ask,Off Exchange,Odd Lot
03:52:19.553 PM ET,1.420,10,14,Ask,Off Exchange,Odd Lot
03:52:20.488 PM ET,1.410,10,14,Bid,Off Exchange,Odd Lot
03:52:21.447 PM ET,1.410,10,14,Bid,Off Exchange,Odd Lot
03:52:31.658 PM ET,1.420,10,14,Ask,Off Exchange,Odd Lot
03:52:32.926 PM ET,1.410,10,14,Bid,Off Exchange,Odd Lot
03:52:44.734 PM ET,1.420,10,14,Ask,Off Exchange,Odd Lot
03:52:45.538 PM ET,1.420,10,14,Ask,Off Exchange,Odd Lot
03:52:49.434 PM ET,1.410,10,14,Bid,Off Exchange,Odd Lot
03:52:53.617 PM ET,1.410,10,14,Bid,Off Exchange,Odd Lot
03:52:54.465 PM ET,1.420,10,14,Ask,Off Exchange,Odd Lot
03:52:59.619 PM ET,1.410,10,14,Bid,Off Exchange,Odd Lot
03:53:11.804 PM ET,1.420,10,14,Ask,Off Exchange,Odd Lot
03:53:13.701 PM ET,1.410,10,14,Bid,Off Exchange,Odd Lot
03:53:23.832 PM ET,1.410,10,14,Bid,Off Exchange,Odd Lot
03:53:26.839 PM ET,1.420,10,14,Ask,Off Exchange,Odd Lot
03:53:35.897 PM ET,1.420,10,14,Ask,Off Exchange,Odd Lot
03:53:37.210 PM ET,1.420,10,14,Ask,Off Exchange,Odd Lot
03:53:40.980 PM ET,1.410,10,14,Bid,Off Exchange,Odd Lot
03:53:43.809 PM ET,1.410,10,14,Bid,Off Exchange,Odd Lot
03:53:44.830 PM ET,1.410,10,14,Bid,Off Exchange,Odd Lot
03:53:53.108 PM ET,1.415,10,14,Mid,Off Exchange,Odd Lot
03:53:56.849 PM ET,1.415,10,14,Mid,IEX,Odd Lot
03:54:00.593 PM ET,1.420,10,14,Ask,Off Exchange,Odd Lot
03:54:04.056 PM ET,1.410,10,14,Bid,Off Exchange,Odd Lot
03:54:05.042 PM ET,1.410,10,14,Bid,Off Exchange,Odd Lot
03:54:08.000 PM ET,1.420,10,14,Ask,Off Exchange,Odd Lot
03:54:16.112 PM ET,1.415,10,14,Mid,Off Exchange,Odd Lot
03:54:20.257 PM ET,1.420,10,14,Ask,Off Exchange,Odd Lot
03:54:21.975 PM ET,1.420,10,14,Ask,Off Exchange,Odd Lot
03:54:26.226 PM ET,1.410,10,14,Bid,Off Exchange,Odd Lot
03:54:29.010 PM ET,1.410,10,14,Bid,Off Exchange,Odd Lot
03:54:40.778 PM ET,1.415,10,14,Mid,Off Exchange,Odd Lot
03:54:41.156 PM ET,1.420,10,14,Ask,Off Exchange,Odd Lot
03:54:41.961 PM ET,1.420,10,14,Ask,Off Exchange,Odd Lot
03:54:46.630 PM ET,1.410,10,14,Bid,Off Exchange,Odd Lot
03:54:47.618 PM ET,1.410,10,14,Bid,Off Exchange,Odd Lot
03:54:50.916 PM ET,1.420,10,14,Ask,Off Exchange,Odd Lot
03:54:55.131 PM ET,1.420,10,14,Ask,Off Exchange,Odd Lot
03:54:55.132 PM ET,1.420,10,14,Ask,Off Exchange,Odd Lot
03:54:55.217 PM ET,1.410,10,14,Bid,Off Exchange,Odd Lot
03:55:00.690 PM ET,1.410,10,14,Bid,Off Exchange,Odd Lot
03:55:03.635 PM ET,1.420,10,14,Ask,Off Exchange,Odd Lot
03:55:07.694 PM ET,1.410,10,14,Bid,Off Exchange,Odd Lot
03:55:11.086 PM ET,1.420,10,14,Ask,Off Exchange,Odd Lot
03:55:22.828 PM ET,1.415,10,14,Mid,IEX,Odd Lot
03:55:23.241 PM ET,1.420,10,14,Ask,Off Exchange,Odd Lot
03:55:24.235 PM ET,1.420,10,14,Ask,Off Exchange,Odd Lot
03:55:27.731 PM ET,1.410,10,14,Bid,Off Exchange,Odd Lot
03:55:28.667 PM ET,1.410,10,14,Bid,Off Exchange,Odd Lot
03:55:32.527 PM ET,1.420,10,14,Ask,Off Exchange,Odd Lot
03:55:35.459 PM ET,1.415,10,14,Mid,Off Exchange,Odd Lot
03:55:37.736 PM ET,1.410,10,14,Bid,Off Exchange,Odd Lot
03:55:39.521 PM ET,1.410,10,14,Bid,Off Exchange,Odd Lot
03:55:50.945 PM ET,1.420,10,14,Ask,Off Exchange,Odd Lot
03:55:51.948 PM ET,1.415,10,14,Mid,IEX,Odd Lot
03:55:57.106 PM ET,1.410,10,14,Bid,Off Exchange,Odd Lot
03:56:10.278 PM ET,1.420,10,14,Ask,Off Exchange,Odd Lot
03:56:12.225 PM ET,1.420,10,14,Ask,Off Exchange,Odd Lot
03:56:38.878 PM ET,1.420,10,14,Ask,Off Exchange,Odd Lot
03:56:52.575 PM ET,1.415,10,14,Mid,Off Exchange,Odd Lot
03:56:52.692 PM ET,1.415,10,14,Mid,Off Exchange,Odd Lot
03:56:52.763 PM ET,1.415,10,14,Mid,Off Exchange,Odd Lot
03:56:53.950 PM ET,1.420,10,14,Ask,Off Exchange,Odd Lot
03:57:05.399 PM ET,1.415,10,14,Mid,Off Exchange,Odd Lot
03:57:16.882 PM ET,1.415,10,14,Mid,Off Exchange,Odd Lot
03:57:23.983 PM ET,1.415,10,14,Mid,Cboe EDGA,Odd Lot
03:57:34.418 PM ET,1.415,10,14,Mid,Cboe EDGA,Odd Lot
03:57:37.637 PM ET,1.415,10,14,Mid,Off Exchange,Odd Lot
03:58:13.158 PM ET,1.420,10,14,Ask,NYSE,Odd Lot
03:58:35.219 PM ET,1.425,10,14,Mid,Cboe EDGA,Odd Lot
03:58:46.693 PM ET,1.430,10,14,Ask,NYSE Arca,Inter Mkt Swp; Odd Lot; Trade Thru Exmpt
03:59:11.704 PM ET,1.420,10,14,None,NYSE Arca,Inter Mkt Swp; Odd Lot; Trade Thru Exmpt
03:59:31.188 PM ET,1.415,10,14,None,IEX,Odd Lot
03:59:41.893 PM ET,1.410,10,14,None,Off Exchange,Odd Lot
03:59:49.598 PM ET,1.420,10,14,None,NYSE Arca,Inter Mkt Swp; Odd Lot; Trade Thru Exmpt
04:00:05.362 PM ET,1.410,10,14,None,NYSE Arca,Frm T Ext Hrs; Inter Mkt Swp; Odd Lot; Trade Thru Exmpt
04:01:15.207 PM ET,1.400,10,14,Mid,NYSE Arca,Frm T Ext Hrs; Odd Lot
04:01:39.563 PM ET,1.390,10,14,Mid,NYSE Arca,Frm T Ext Hrs; Inter Mkt Swp; Odd Lot; Trade Thru Exmpt
04:31:07.308 PM ET,1.400,10,14,Bid,NYSE Arca,Frm T Ext Hrs; Odd Lot
04:31:08.653 PM ET,1.410,10,14,Ask,NYSE Arca,Frm T Ext Hrs; Odd Lot
05:25:26.279 PM ET,1.420,10,14,Bid,NYSE Arca,Frm T Ext Hrs; Odd Lot
05:52:13.500 PM ET,1.420,10,14,Mid,NYSE Arca,Frm T Ext Hrs; Odd Lot
05:52:53.263 PM ET,1.410,10,14,Ask,NYSE Arca,Frm T Ext Hrs; Odd Lot
09:30:00.950 AM ET,1.260,9,11,Mid,NYSE Arca,Odd Lot
09:42:22.846 AM ET,1.290,9,12,Ask,Cboe BZX,Inter Mkt Swp; Odd Lot; Trade Thru Exmpt
09:54:02.855 AM ET,1.310,9,12,Ask,Nasdaq GSM,Inter Mkt Swp; Odd Lot; Trade Thru Exmpt
09:55:05.951 AM ET,1.304,9,12,Mid,Off Exchange,Deriv Priced; Odd Lot; Trade Thru Exmpt
09:59:07.498 AM ET,1.315,9,12,Mid,Off Exchange,Odd Lot
09:59:18.373 AM ET,1.310,9,12,Mid,Off Exchange,Odd Lot
10:53:11.031 AM ET,1.370,9,12,Ask,NYSE Arca,Odd Lot
11:07:27.733 AM ET,1.370,9,12,Mid,Off Exchange,Odd Lot
11:37:50.617 AM ET,1.375,9,12,Mid,Off Exchange,Odd Lot
12:04:29.870 PM ET,1.370,9,12,Ask,NYSE Arca,Inter Mkt Swp; Odd Lot; Trade Thru Exmpt
12:17:55.299 PM ET,1.370,9,12,Bid,Nasdaq BX,Inter Mkt Swp; Odd Lot; Trade Thru Exmpt
02:26:16.148 PM ET,1.380,9,12,Bid,NYSE Arca,Inter Mkt Swp; Odd Lot; Trade Thru Exmpt
03:02:51.916 PM ET,1.430,9,13,Bid,Nasdaq PHLX,Inter Mkt Swp; Odd Lot; Trade Thru Exmpt
03:03:30.733 PM ET,1.426,9,13,Mid,Off Exchange,Odd Lot
03:19:44.733 PM ET,1.425,9,13,Mid,Cboe BZX,Odd Lot
03:20:40.259 PM ET,1.420,9,13,Ask,Cboe EDGX,Odd Lot
03:20:40.259 PM ET,1.420,9,13,Ask,Nasdaq GSM,Inter Mkt Swp; Odd Lot; Trade Thru Exmpt
03:41:00.994 PM ET,1.410,9,13,Ask,NYSE,Inter Mkt Swp; Odd Lot; Trade Thru Exmpt
03:41:00.998 PM ET,1.410,9,13,Ask,Off Exchange,Odd Lot
03:52:22.496 PM ET,1.418,9,13,Mid,Off Exchange,Odd Lot
03:57:19.522 PM ET,1.415,9,13,Mid,Off Exchange,Odd Lot
03:58:13.158 PM ET,1.420,9,13,Ask,Nasdaq GSM,Inter Mkt Swp; Odd Lot; Trade Thru Exmpt
03:59:35.594 PM ET,1.415,9,13,None,Off Exchange,Odd Lot
03:59:49.598 PM ET,1.420,9,13,None,NYSE Arca,Inter Mkt Swp; Odd Lot; Trade Thru Exmpt
09:30:01.389 AM ET,1.250,8,10,Mid,Off Exchange,Deriv Priced; Odd Lot; Trade Thru Exmpt
09:32:42.406 AM ET,1.265,8,10,Mid,Off Exchange,Odd Lot
09:34:23.699 AM ET,1.285,8,10,Mid,Off Exchange,Odd Lot
09:45:29.935 AM ET,1.305,8,10,Mid,Off Exchange,Odd Lot
09:53:46.059 AM ET,1.314,8,11,Mid,Off Exchange,Deriv Priced; Odd Lot; Trade Thru Exmpt
10:11:32.126 AM ET,1.310,8,10,Bid,Off Exchange,Odd Lot
10:23:25.690 AM ET,1.335,8,11,Mid,IEX,Odd Lot
10:23:25.691 AM ET,1.335,8,11,Mid,Off Exchange,Odd Lot
10:32:43.772 AM ET,1.330,8,11,Bid,Off Exchange,Odd Lot
10:40:33.128 AM ET,1.355,8,11,Mid,Off Exchange,Deriv Priced; Odd Lot; Trade Thru Exmpt
10:41:35.220 AM ET,1.355,8,11,Mid,Off Exchange,Deriv Priced; Odd Lot; Trade Thru Exmpt
10:42:10.946 AM ET,1.355,8,11,Mid,Off Exchange,Deriv Priced; Odd Lot; Trade Thru Exmpt
10:53:11.032 AM ET,1.370,8,11,Ask,Nasdaq PHLX,Odd Lot
11:13:42.816 AM ET,1.383,8,11,Mid,Off Exchange,Odd Lot
11:17:24.094 AM ET,1.387,8,11,Mid,Off Exchange,Odd Lot
11:28:34.394 AM ET,1.384,8,11,Mid,Off Exchange,Odd Lot
11:39:49.667 AM ET,1.373,8,11,Mid,Off Exchange,Odd Lot
11:43:53.453 AM ET,1.372,8,11,Mid,Off Exchange,Odd Lot
11:44:54.152 AM ET,1.378,8,11,Mid,Off Exchange,Odd Lot
11:57:08.073 AM ET,1.374,8,11,Mid,Off Exchange,Odd Lot
12:16:32.372 PM ET,1.374,8,11,Mid,Off Exchange,Odd Lot
02:10:54.651 PM ET,1.380,8,11,Ask,Off Exchange,Odd Lot
02:42:28.452 PM ET,1.401,8,11,Bid,Off Exchange,Odd Lot
02:56:00.833 PM ET,1.428,8,11,Bid,Off Exchange,Odd Lot
03:07:19.774 PM ET,1.425,8,11,Mid,Off Exchange,Odd Lot
03:13:28.924 PM ET,1.425,8,11,Mid,Off Exchange,Odd Lot
03:20:40.259 PM ET,1.420,8,11,Ask,Nasdaq GSM,Inter Mkt Swp; Odd Lot; Trade Thru Exmpt
03:24:22.983 PM ET,1.418,8,11,Mid,Off Exchange,Odd Lot
03:42:51.613 PM ET,1.416,8,11,Mid,Off Exchange,Odd Lot
03:50:14.555 PM ET,1.415,8,11,Mid,Off Exchange,Odd Lot
03:55:35.393 PM ET,1.415,8,11,Mid,Off Exchange,Odd Lot
03:57:36.187 PM ET,1.415,8,11,Mid,Off Exchange,Odd Lot
03:58:46.677 PM ET,1.430,8,11,Ask,NYSE,Inter Mkt Swp; Odd Lot; Trade Thru Exmpt
03:59:45.433 PM ET,1.415,8,11,None,NYSE,Odd Lot
03:59:49.598 PM ET,1.420,8,11,None,NYSE Arca,Inter Mkt Swp; Odd Lot; Trade Thru Exmpt
03:59:49.886 PM ET,1.410,8,11,None,Off Exchange,Odd Lot
07:44:37.549 PM ET,1.410,8,11,Mid,NYSE Arca,Frm T Ext Hrs; Odd Lot
09:30:01.391 AM ET,1.250,7,9,Mid,Off Exchange,Deriv Priced; Odd Lot; Trade Thru Exmpt
09:42:13.045 AM ET,1.290,7,9,Bid,NYSE Arca,Inter Mkt Swp; Odd Lot; Trade Thru Exmpt
10:12:18.890 AM ET,1.320,7,9,Bid,Cboe EDGA,Odd Lot
10:12:18.894 AM ET,1.320,7,9,Bid,Off Exchange,Odd Lot
10:53:11.031 AM ET,1.370,7,10,Ask,MEMX,Inter Mkt Swp; Odd Lot; Trade Thru Exmpt
10:53:11.032 AM ET,1.370,7,10,Ask,NYSE National,Inter Mkt Swp; Odd Lot; Trade Thru Exmpt
11:04:49.218 AM ET,1.370,7,10,Ask,Off Exchange,Odd Lot
11:04:49.251 AM ET,1.370,7,10,Ask,Nasdaq PHLX,Odd Lot
11:04:51.852 AM ET,1.370,7,10,Ask,Nasdaq GSM,Inter Mkt Swp; Odd Lot; Trade Thru Exmpt
11:09:02.859 AM ET,1.385,7,10,Mid,NYSE National,Odd Lot
11:11:57.331 AM ET,1.390,7,10,Bid,MEMX,Odd Lot
11:13:28.312 AM ET,1.385,7,10,Mid,Off Exchange,Odd Lot
11:18:05.727 AM ET,1.389,7,10,Mid,Off Exchange,Odd Lot
11:36:45.760 AM ET,1.375,7,10,Mid,Off Exchange,Odd Lot
12:20:13.334 PM ET,1.375,7,10,Mid,Off Exchange,Odd Lot
12:39:04.036 PM ET,1.379,7,10,Mid,Off Exchange,Odd Lot
01:02:30.025 PM ET,1.370,7,10,Bid,Off Exchange,Odd Lot
01:17:50.036 PM ET,1.380,7,10,Bid,Cboe BZX,Inter Mkt Swp; Odd Lot; Trade Thru Exmpt
02:01:23.535 PM ET,1.375,7,10,Mid,Off Exchange,Odd Lot
02:19:26.655 PM ET,1.379,7,10,Mid,Off Exchange,Odd Lot
02:29:20.632 PM ET,1.389,7,10,Mid,Off Exchange,Odd Lot
02:34:10.465 PM ET,1.381,7,10,Mid,Off Exchange,Odd Lot
03:02:51.917 PM ET,1.420,7,10,Bid,Cboe BZX,Odd Lot
03:19:44.731 PM ET,1.425,7,10,Mid,Off Exchange,Odd Lot
03:20:07.775 PM ET,1.424,7,10,Mid,Off Exchange,Odd Lot
03:21:01.582 PM ET,1.415,7,10,Mid,Off Exchange,Odd Lot
03:22:10.886 PM ET,1.415,7,10,Mid,Off Exchange,Odd Lot
03:29:40.751 PM ET,1.415,7,10,Mid,Off Exchange,Odd Lot
03:31:41.744 PM ET,1.425,7,10,Mid,Off Exchange,Odd Lot
03:34:41.407 PM ET,1.425,7,10,Mid,Off Exchange,Odd Lot
03:35:56.256 PM ET,1.425,7,10,Mid,Off Exchange,Odd Lot
03:38:05.738 PM ET,1.420,7,10,Bid,Cboe BZX,Inter Mkt Swp; Odd Lot; Trade Thru Exmpt
03:38:05.782 PM ET,1.420,7,10,Bid,Off Exchange,Odd Lot
03:39:38.253 PM ET,1.415,7,10,Mid,Off Exchange,Odd Lot
03:40:53.253 PM ET,1.415,7,10,Mid,Off Exchange,Odd Lot
03:53:59.454 PM ET,1.415,7,10,Mid,Off Exchange,Odd Lot
03:59:11.704 PM ET,1.420,7,10,None,Nasdaq GSM,Inter Mkt Swp; Odd Lot; Trade Thru Exmpt
03:59:49.598 PM ET,1.420,7,10,None,NYSE Arca,Inter Mkt Swp; Odd Lot; Trade Thru Exmpt
09:30:00.370 AM ET,1.280,6,8,Mid,24X National,Inter Mkt Swp; Odd Lot; Trade Thru Exmpt
09:42:13.046 AM ET,1.290,6,8,Bid,Cboe BZX,Inter Mkt Swp; Odd Lot; Trade Thru Exmpt
09:42:22.846 AM ET,1.290,6,8,Ask,Cboe EDGX,Inter Mkt Swp; Odd Lot; Trade Thru Exmpt
09:43:22.672 AM ET,1.300,6,8,Ask,NYSE,Inter Mkt Swp; Odd Lot; Trade Thru Exmpt
09:45:29.888 AM ET,1.300,6,8,Bid,Cboe BZX,Inter Mkt Swp; Odd Lot; Trade Thru Exmpt
09:54:02.855 AM ET,1.310,6,8,Ask,Nasdaq GSM,Inter Mkt Swp; Odd Lot; Trade Thru Exmpt
10:22:40.126 AM ET,1.330,6,8,Bid,Off Exchange,Odd Lot
10:47:27.234 AM ET,1.350,6,8,Bid,MEMX,Inter Mkt Swp; Odd Lot; Trade Thru Exmpt
10:53:11.031 AM ET,1.370,6,8,Ask,NYSE American,Inter Mkt Swp; Odd Lot; Trade Thru Exmpt
11:04:49.209 AM ET,1.370,6,8,Ask,Off Exchange,Odd Lot
11:09:03.108 AM ET,1.385,6,8,Mid,NYSE National,Odd Lot
11:11:14.257 AM ET,1.398,6,8,Mid,Off Exchange,Odd Lot
11:13:42.825 AM ET,1.383,6,8,Mid,Off Exchange,Odd Lot
11:36:45.757 AM ET,1.380,6,8,Ask,Cboe EDGA,Inter Mkt Swp; Odd Lot; Trade Thru Exmpt
11:50:16.097 AM ET,1.375,6,8,Mid,Off Exchange,Odd Lot
12:04:29.870 PM ET,1.370,6,8,Ask,NYSE Arca,Inter Mkt Swp; Odd Lot; Trade Thru Exmpt
12:04:29.870 PM ET,1.370,6,8,Ask,NYSE Arca,Odd Lot
12:59:00.113 PM ET,1.374,6,8,Mid,Off Exchange,Odd Lot
01:13:32.692 PM ET,1.375,6,8,Mid,Off Exchange,Odd Lot
01:17:50.037 PM ET,1.380,6,8,Bid,NYSE,Inter Mkt Swp; Odd Lot; Trade Thru Exmpt
01:28:25.232 PM ET,1.377,6,8,Mid,Off Exchange,Odd Lot
01:41:27.873 PM ET,1.376,6,8,Mid,Off Exchange,Odd Lot
02:26:16.149 PM ET,1.380,6,8,Bid,Cboe BZX,Inter Mkt Swp; Odd Lot; Trade Thru Exmpt
02:38:11.105 PM ET,1.395,6,8,Mid,Off Exchange,Odd Lot
02:46:49.011 PM ET,1.425,6,9,Mid,Off Exchange,Odd Lot
03:01:21.655 PM ET,1.434,6,9,Mid,Off Exchange,Odd Lot
03:13:30.109 PM ET,1.423,6,9,Mid,Off Exchange,Odd Lot
03:14:13.308 PM ET,1.430,6,9,Mid,Off Exchange,Odd Lot
03:18:29.731 PM ET,1.425,6,9,Mid,Off Exchange,Odd Lot
03:20:15.738 PM ET,1.425,6,9,Mid,Off Exchange,Odd Lot
03:20:40.259 PM ET,1.420,6,9,Ask,Nasdaq GSM,Inter Mkt Swp; Odd Lot; Trade Thru Exmpt
03:23:58.216 PM ET,1.415,6,8,Mid,Off Exchange,Odd Lot
03:28:58.552 PM ET,1.415,6,8,Mid,Off Exchange,Odd Lot
03:29:39.964 PM ET,1.415,6,8,Mid,NYSE Arca,Odd Lot
03:33:25.248 PM ET,1.425,6,9,Mid,Off Exchange,Odd Lot
03:38:05.738 PM ET,1.420,6,9,Bid,Cboe BZX,Inter Mkt Swp; Odd Lot; Trade Thru Exmpt
03:39:29.008 PM ET,1.415,6,8,Mid,Off Exchange,Odd Lot
03:40:04.217 PM ET,1.410,6,8,Bid,NYSE,Odd Lot
03:40:08.167 PM ET,1.410,6,8,Bid,Cboe EDGX,Odd Lot
03:53:53.108 PM ET,1.415,6,8,Mid,Off Exchange,Odd Lot
03:57:37.639 PM ET,1.415,6,8,Mid,Off Exchange,Odd Lot
03:58:13.158 PM ET,1.420,6,9,Ask,Nasdaq GSM,Inter Mkt Swp; Odd Lot; Trade Thru Exmpt
03:59:49.598 PM ET,1.420,6,9,None,NYSE Arca,Inter Mkt Swp; Odd Lot; Trade Thru Exmpt
05:25:26.279 PM ET,1.420,6,9,Bid,NYSE Arca,Frm T Ext Hrs; Odd Lot
05:25:26.280 PM ET,1.420,6,9,Bid,NYSE Arca,Frm T Ext Hrs; Odd Lot
09:30:01.993 AM ET,1.250,5,6,Mid,Off Exchange,Odd Lot
09:30:19.067 AM ET,1.250,5,6,Ask,Off Exchange,Odd Lot
09:30:26.993 AM ET,1.260,5,6,Ask,Off Exchange,Odd Lot
09:32:01.464 AM ET,1.265,5,6,Ask,Off Exchange,Odd Lot
09:32:07.977 AM ET,1.265,5,6,Mid,Off Exchange,Odd Lot
09:33:08.077 AM ET,1.268,5,6,Mid,Off Exchange,Odd Lot
09:33:39.046 AM ET,1.270,5,6,Bid,Off Exchange,Odd Lot
09:33:40.024 AM ET,1.280,5,6,Bid,Off Exchange,Odd Lot
09:40:41.335 AM ET,1.290,5,6,Ask,Off Exchange,Odd Lot
09:42:13.046 AM ET,1.290,5,6,Bid,Off Exchange,Odd Lot
09:42:13.158 AM ET,1.295,5,6,Mid,Off Exchange,Odd Lot
09:45:29.888 AM ET,1.300,5,7,Bid,Off Exchange,Odd Lot
09:46:00.727 AM ET,1.300,5,7,Bid,Nasdaq PHLX,Odd Lot
09:48:59.459 AM ET,1.305,5,7,Mid,Off Exchange,Odd Lot
09:50:33.338 AM ET,1.310,5,7,Bid,Off Exchange,Odd Lot
09:50:33.343 AM ET,1.310,5,7,Bid,Off Exchange,Odd Lot
09:54:02.855 AM ET,1.310,5,7,Ask,Nasdaq GSM,Inter Mkt Swp; Odd Lot; Trade Thru Exmpt
09:54:02.856 AM ET,1.310,5,7,Ask,Nasdaq GSM,Inter Mkt Swp; Odd Lot; Trade Thru Exmpt
10:04:26.751 AM ET,1.315,5,7,Mid,IEX,Odd Lot
10:04:33.154 AM ET,1.315,5,7,Mid,Off Exchange,Odd Lot
10:04:33.187 AM ET,1.315,5,7,Mid,Off Exchange,Odd Lot
10:07:05.628 AM ET,1.315,5,7,Mid,Off Exchange,Odd Lot
10:07:59.614 AM ET,1.315,5,7,Mid,Off Exchange,Odd Lot
10:14:44.138 AM ET,1.315,5,7,Mid,Off Exchange,Odd Lot
10:16:12.916 AM ET,1.320,5,7,Ask,Off Exchange,Odd Lot
10:18:41.455 AM ET,1.330,5,7,Bid,Off Exchange,Odd Lot
10:24:05.678 AM ET,1.335,5,7,Mid,Off Exchange,Odd Lot
10:25:20.678 AM ET,1.335,5,7,Mid,Off Exchange,Odd Lot
10:26:27.554 AM ET,1.335,5,7,Mid,IEX,Odd Lot
10:26:27.619 AM ET,1.335,5,7,Mid,Off Exchange,Odd Lot
10:28:27.572 AM ET,1.335,5,7,Mid,Nasdaq GSM,Odd Lot
10:33:30.024 AM ET,1.335,5,7,Mid,Nasdaq GSM,Odd Lot
10:33:36.870 AM ET,1.335,5,7,Mid,Off Exchange,Odd Lot
10:36:18.778 AM ET,1.335,5,7,Mid,Nasdaq GSM,Odd Lot
10:37:04.363 AM ET,1.335,5,7,Mid,Off Exchange,Odd Lot
10:42:10.947 AM ET,1.355,5,7,Mid,Off Exchange,Odd Lot
10:42:36.793 AM ET,1.360,5,7,Ask,Off Exchange,Odd Lot
10:49:11.033 AM ET,1.370,5,7,Bid,Off Exchange,Odd Lot
10:56:42.402 AM ET,1.365,5,7,Mid,IEX,Odd Lot
10:58:14.061 AM ET,1.365,5,7,Bid,IEX,Odd Lot
10:58:14.062 AM ET,1.370,5,7,Bid,Off Exchange,Odd Lot
11:04:51.853 AM ET,1.370,5,7,Ask,Off Exchange,Odd Lot
11:05:07.093 AM ET,1.375,5,7,Mid,IEX,Odd Lot
11:09:00.274 AM ET,1.375,5,7,Mid,Off Exchange,Odd Lot
11:09:00.306 AM ET,1.380,5,7,Ask,Off Exchange,Odd Lot
11:09:19.590 AM ET,1.390,5,7,Ask,Cboe EDGX,Inter Mkt Swp; Odd Lot; Trade Thru Exmpt
11:09:19.591 AM ET,1.390,5,7,Ask,Off Exchange,Odd Lot
11:10:58.224 AM ET,1.400,5,7,Ask,Off Exchange,Odd Lot
11:13:42.828 AM ET,1.383,5,7,Mid,Off Exchange,Odd Lot
11:13:44.139 AM ET,1.383,5,7,Mid,Off Exchange,Odd Lot
11:36:46.758 AM ET,1.380,5,7,Ask,Off Exchange,Odd Lot
11:53:49.393 AM ET,1.380,5,7,Ask,Off Exchange,Odd Lot
11:55:24.628 AM ET,1.375,5,7,Mid,Nasdaq GSM,Odd Lot
11:55:24.628 AM ET,1.380,5,7,Ask,Off Exchange,Odd Lot
11:59:34.178 AM ET,1.380,5,7,Ask,Off Exchange,Odd Lot
11:59:40.387 AM ET,1.380,5,7,Ask,Off Exchange,Odd Lot
11:59:53.499 AM ET,1.370,5,7,Bid,Off Exchange,Odd Lot
11:59:58.571 AM ET,1.380,5,7,Ask,Off Exchange,Odd Lot
12:00:24.497 PM ET,1.380,5,7,Ask,Off Exchange,Odd Lot
12:00:29.120 PM ET,1.380,5,7,Ask,Off Exchange,Odd Lot
12:01:23.578 PM ET,1.380,5,7,Ask,Off Exchange,Odd Lot
12:01:32.368 PM ET,1.380,5,7,Ask,Off Exchange,Odd Lot
12:02:17.789 PM ET,1.380,5,7,Ask,Off Exchange,Odd Lot
12:02:23.370 PM ET,1.380,5,7,Ask,Off Exchange,Odd Lot
12:02:30.391 PM ET,1.370,5,7,Bid,Off Exchange,Odd Lot
12:02:35.030 PM ET,1.380,5,7,Ask,Off Exchange,Odd Lot
12:02:42.134 PM ET,1.370,5,7,Bid,Off Exchange,Odd Lot
12:02:46.759 PM ET,1.380,5,7,Ask,Off Exchange,Odd Lot
12:02:52.950 PM ET,1.370,5,7,Bid,Off Exchange,Odd Lot
12:02:58.684 PM ET,1.380,5,7,Ask,Off Exchange,Odd Lot
12:03:04.988 PM ET,1.370,5,7,Bid,Off Exchange,Odd Lot
12:03:10.052 PM ET,1.380,5,7,Ask,Off Exchange,Odd Lot
12:03:15.490 PM ET,1.370,5,7,Bid,Off Exchange,Odd Lot
12:03:20.158 PM ET,1.380,5,7,Ask,Off Exchange,Odd Lot
12:03:45.937 PM ET,1.370,5,7,Bid,Off Exchange,Odd Lot
12:03:50.731 PM ET,1.380,5,7,Ask,Off Exchange,Odd Lot
12:04:01.218 PM ET,1.370,5,7,Bid,Off Exchange,Odd Lot
12:04:05.734 PM ET,1.380,5,7,Ask,Off Exchange,Odd Lot
12:04:11.468 PM ET,1.360,5,7,Bid,Off Exchange,Odd Lot
12:04:15.828 PM ET,1.370,5,7,Ask,Off Exchange,Odd Lot
12:04:51.077 PM ET,1.370,5,7,Bid,Off Exchange,Odd Lot
12:04:56.526 PM ET,1.380,5,7,Ask,Off Exchange,Odd Lot
12:05:19.809 PM ET,1.370,5,7,Bid,Off Exchange,Odd Lot
12:05:25.005 PM ET,1.380,5,7,Ask,Off Exchange,Odd Lot
12:05:34.400 PM ET,1.370,5,7,Bid,Off Exchange,Odd Lot
12:05:38.696 PM ET,1.380,5,7,Ask,Off Exchange,Odd Lot
12:07:06.354 PM ET,1.380,5,7,Ask,Off Exchange,Odd Lot
12:07:11.384 PM ET,1.380,5,7,Ask,Off Exchange,Odd Lot
12:07:18.456 PM ET,1.370,5,7,Bid,Off Exchange,Odd Lot
12:07:23.455 PM ET,1.380,5,7,Ask,Off Exchange,Odd Lot
12:07:30.827 PM ET,1.370,5,7,Bid,Off Exchange,Odd Lot
12:07:35.085 PM ET,1.380,5,7,Ask,Off Exchange,Odd Lot
12:07:39.824 PM ET,1.370,5,7,Bid,Off Exchange,Odd Lot
12:07:45.416 PM ET,1.380,5,7,Ask,Off Exchange,Odd Lot
12:11:32.154 PM ET,1.375,5,7,Mid,Off Exchange,Odd Lot
12:19:40.710 PM ET,1.375,5,7,Mid,Off Exchange,Odd Lot
01:05:44.780 PM ET,1.374,5,7,Mid,Off Exchange,Odd Lot
01:37:54.551 PM ET,1.380,5,7,Ask,Off Exchange,Odd Lot
01:40:48.839 PM ET,1.376,5,7,Mid,Off Exchange,Odd Lot
01:42:52.560 PM ET,1.380,5,7,Ask,Off Exchange,Odd Lot
01:47:50.570 PM ET,1.380,5,7,Ask,Cboe BZX,Odd Lot
01:52:48.579 PM ET,1.380,5,7,Ask,Off Exchange,Odd Lot
01:57:46.588 PM ET,1.380,5,7,Ask,Off Exchange,Odd Lot
02:02:44.597 PM ET,1.380,5,7,Ask,Off Exchange,Odd Lot
02:07:42.606 PM ET,1.380,5,7,Ask,Off Exchange,Odd Lot
02:11:59.716 PM ET,1.375,5,7,Mid,Off Exchange,Odd Lot
02:12:40.615 PM ET,1.380,5,7,Ask,Off Exchange,Odd Lot
02:17:38.624 PM ET,1.380,5,7,Ask,Off Exchange,Odd Lot
02:22:36.633 PM ET,1.380,5,7,Ask,Off Exchange,Odd Lot
02:23:59.833 PM ET,1.375,5,7,Mid,Off Exchange,Odd Lot
02:27:34.642 PM ET,1.390,5,7,Ask,Cboe EDGX,Odd Lot
02:32:32.653 PM ET,1.390,5,7,Ask,Cboe EDGX,Odd Lot
02:34:30.449 PM ET,1.390,5,7,Ask,Off Exchange,Odd Lot
02:39:15.552 PM ET,1.410,5,7,Bid,Off Exchange,Odd Lot
02:39:15.553 PM ET,1.410,5,7,Bid,Off Exchange,Odd Lot
02:46:38.145 PM ET,1.425,5,7,Mid,Off Exchange,Odd Lot
02:47:20.379 PM ET,1.425,5,7,Mid,IEX,Odd Lot
02:49:35.616 PM ET,1.425,5,7,Mid,IEX,Odd Lot
02:50:56.749 PM ET,1.425,5,7,Mid,Off Exchange,Odd Lot
02:54:14.877 PM ET,1.425,5,7,Mid,Off Exchange,Odd Lot
02:55:15.042 PM ET,1.425,5,7,Mid,Off Exchange,Odd Lot
02:55:49.248 PM ET,1.430,5,7,Bid,Off Exchange,Odd Lot
02:58:13.356 PM ET,1.431,5,7,Mid,Off Exchange,Odd Lot
03:00:28.874 PM ET,1.435,5,7,Mid,Nasdaq GSM,Odd Lot
03:03:41.183 PM ET,1.425,5,7,Mid,Off Exchange,Odd Lot
03:07:18.712 PM ET,1.430,5,7,Ask,Off Exchange,Odd Lot
03:07:36.419 PM ET,1.430,5,7,Ask,Off Exchange,Odd Lot
03:12:16.721 PM ET,1.430,5,7,Ask,Off Exchange,Odd Lot
03:14:26.870 PM ET,1.425,5,7,Mid,Off Exchange,Odd Lot
03:17:14.731 PM ET,1.425,5,7,Mid,Off Exchange,Odd Lot
03:20:40.259 PM ET,1.420,5,7,Ask,Nasdaq GSM,Inter Mkt Swp; Odd Lot; Trade Thru Exmpt
03:22:12.734 PM ET,1.420,5,7,Ask,Off Exchange,Odd Lot
03:23:00.005 PM ET,1.415,5,7,Mid,Off Exchange,Odd Lot
03:27:42.901 PM ET,1.415,5,7,Mid,Off Exchange,Odd Lot
03:32:18.852 PM ET,1.425,5,7,Mid,Off Exchange,Odd Lot
03:37:08.253 PM ET,1.425,5,7,Mid,Off Exchange,Odd Lot
03:38:05.738 PM ET,1.420,5,7,Bid,Cboe BZX,Inter Mkt Swp; Odd Lot; Trade Thru Exmpt
03:41:19.718 PM ET,1.415,5,7,Mid,Off Exchange,Odd Lot
03:43:10.342 PM ET,1.415,5,7,Mid,Off Exchange,Odd Lot
03:56:04.406 PM ET,1.415,5,7,Mid,Off Exchange,Odd Lot
03:58:03.128 PM ET,1.415,5,7,Mid,IEX,Odd Lot
03:58:13.158 PM ET,1.420,5,7,Ask,Nasdaq GSM,Inter Mkt Swp; Odd Lot; Trade Thru Exmpt
03:58:22.364 PM ET,1.430,5,7,Ask,Off Exchange,Odd Lot
03:58:46.676 PM ET,1.430,5,7,Ask,Off Exchange,Odd Lot
03:58:46.693 PM ET,1.430,5,7,Ask,NYSE Arca,Inter Mkt Swp; Odd Lot; Trade Thru Exmpt
03:59:49.598 PM ET,1.420,5,7,None,NYSE Arca,Inter Mkt Swp; Odd Lot; Trade Thru Exmpt
04:00:05.362 PM ET,1.410,5,7,None,NYSE Arca,Frm T Ext Hrs; Inter Mkt Swp; Odd Lot; Trade Thru Exmpt
04:49:37.627 PM ET,1.410,5,7,Ask,Off Exchange,Frm T Ext Hrs; Odd Lot
04:53:51.699 PM ET,1.418,5,7,Mid,Off Exchange,Frm T Ext Hrs; Odd Lot
09:30:00.370 AM ET,1.260,4,5,Mid,Cboe EDGX,Odd Lot
09:30:01.936 AM ET,1.250,4,5,Mid,Off Exchange,Deriv Priced; Odd Lot; Trade Thru Exmpt
09:36:48.242 AM ET,1.283,4,5,Mid,Off Exchange,Odd Lot
09:38:24.883 AM ET,1.285,4,5,Mid,Off Exchange,Odd Lot
09:38:31.927 AM ET,1.285,4,5,Mid,Off Exchange,Odd Lot
09:43:03.110 AM ET,1.290,4,5,Bid,Cboe BZX,Inter Mkt Swp; Odd Lot; Trade Thru Exmpt
09:43:03.112 AM ET,1.290,4,5,Bid,Cboe BZX,Odd Lot
09:43:03.112 AM ET,1.295,4,5,Mid,Cboe BZX,Odd Lot
09:43:22.672 AM ET,1.300,4,5,Ask,NYSE,Inter Mkt Swp; Odd Lot; Trade Thru Exmpt
09:47:10.412 AM ET,1.300,4,5,Bid,Off Exchange,Odd Lot
09:54:02.855 AM ET,1.310,4,5,Ask,Nasdaq GSM,Inter Mkt Swp; Odd Lot; Trade Thru Exmpt
09:54:02.856 AM ET,1.310,4,5,Ask,Nasdaq GSM,Inter Mkt Swp; Odd Lot; Trade Thru Exmpt
09:55:18.642 AM ET,1.310,4,5,Bid,Off Exchange,Odd Lot
09:58:24.896 AM ET,1.319,4,5,Mid,Off Exchange,Odd Lot
10:21:20.191 AM ET,1.335,4,5,Mid,Off Exchange,Odd Lot
10:22:02.756 AM ET,1.335,4,5,Mid,Off Exchange,Odd Lot
10:38:46.959 AM ET,1.350,4,5,Bid,Nasdaq GSM,Inter Mkt Swp; Odd Lot; Trade Thru Exmpt
10:39:39.846 AM ET,1.355,4,5,Mid,NYSE,Odd Lot
10:50:04.495 AM ET,1.358,4,5,Bid,Off Exchange,Odd Lot
10:56:21.732 AM ET,1.369,4,5,Mid,Off Exchange,Odd Lot
11:09:00.305 AM ET,1.380,4,6,Ask,NYSE American,Inter Mkt Swp; Odd Lot; Trade Thru Exmpt
11:10:53.811 AM ET,1.395,4,6,Mid,NYSE,Odd Lot
11:11:07.325 AM ET,1.395,4,6,Mid,Off Exchange,Odd Lot
11:11:40.933 AM ET,1.389,4,6,Bid,Off Exchange,Odd Lot
11:13:42.894 AM ET,1.390,4,6,Mid,Off Exchange,Odd Lot
11:13:43.167 AM ET,1.383,4,6,Mid,Off Exchange,Odd Lot
11:32:37.873 AM ET,1.385,4,6,Mid,Off Exchange,Odd Lot
12:02:42.697 PM ET,1.374,4,5,Mid,Off Exchange,Odd Lot
12:04:42.719 PM ET,1.371,4,5,Mid,Off Exchange,Odd Lot
12:17:10.851 PM ET,1.370,4,5,Bid,NYSE,Odd Lot
12:44:04.035 PM ET,1.380,4,6,Ask,Off Exchange,Odd Lot
12:44:04.035 PM ET,1.375,4,6,Mid,Off Exchange,Odd Lot
12:48:53.388 PM ET,1.375,4,6,Mid,Off Exchange,Odd Lot
01:17:50.044 PM ET,1.380,4,6,Bid,Cboe EDGX,Odd Lot
02:10:25.335 PM ET,1.375,4,6,Mid,Off Exchange,Odd Lot
02:26:12.333 PM ET,1.380,4,6,Ask,Off Exchange,Odd Lot
02:26:16.148 PM ET,1.380,4,6,Bid,NYSE Arca,Inter Mkt Swp; Odd Lot; Trade Thru Exmpt
02:41:35.495 PM ET,1.425,4,6,Mid,Off Exchange,Odd Lot
02:46:36.644 PM ET,1.425,4,6,Mid,Off Exchange,Odd Lot
02:59:40.902 PM ET,1.435,4,6,Mid,Off Exchange,Odd Lot
03:00:07.295 PM ET,1.433,4,6,Mid,Off Exchange,Odd Lot
03:17:10.090 PM ET,1.425,4,6,Mid,NYSE,Odd Lot
03:18:22.929 PM ET,1.425,4,6,Mid,Nasdaq GSM,Odd Lot
03:20:40.259 PM ET,1.420,4,6,Ask,Nasdaq GSM,Inter Mkt Swp; Odd Lot; Trade Thru Exmpt
03:24:44.768 PM ET,1.417,4,6,Mid,Off Exchange,Odd Lot
03:29:50.572 PM ET,1.415,4,6,Mid,Nasdaq GSM,Odd Lot
03:31:41.724 PM ET,1.420,4,6,Bid,Nasdaq GSM,Inter Mkt Swp; Odd Lot; Trade Thru Exmpt
03:38:05.738 PM ET,1.420,4,6,Bid,Cboe BZX,Inter Mkt Swp; Odd Lot; Trade Thru Exmpt
03:43:45.341 PM ET,1.415,4,6,Mid,Off Exchange,Odd Lot
03:44:41.501 PM ET,1.410,4,6,Mid,Off Exchange,Odd Lot
03:58:13.158 PM ET,1.420,4,6,Ask,Nasdaq GSM,Inter Mkt Swp; Odd Lot; Trade Thru Exmpt
03:59:11.703 PM ET,1.425,4,6,None,Nasdaq GSM,Odd Lot
03:59:25.338 PM ET,1.415,4,6,None,Nasdaq GSM,Odd Lot
03:59:49.598 PM ET,1.420,4,6,None,NYSE Arca,Inter Mkt Swp; Odd Lot; Trade Thru Exmpt
03:59:50.039 PM ET,1.420,4,6,None,IEX,Odd Lot
04:31:07.308 PM ET,1.400,4,6,Bid,NYSE Arca,Frm T Ext Hrs; Odd Lot
05:25:26.280 PM ET,1.420,4,6,Bid,NYSE Arca,Frm T Ext Hrs; Odd Lot
06:52:06.978 PM ET,1.418,4,6,Mid,Off Exchange,Frm T Ext Hrs; Odd Lot
04:00:02.579 AM ET,1.260,3,4,Mid,Off Exchange,Frm T Ext Hrs; Odd Lot
09:30:01.917 AM ET,1.250,3,4,Mid,Off Exchange,Deriv Priced; Odd Lot; Trade Thru Exmpt
09:30:02.145 AM ET,1.250,3,4,Mid,Off Exchange,Deriv Priced; Odd Lot; Trade Thru Exmpt
09:30:02.490 AM ET,1.250,3,4,Mid,Off Exchange,Deriv Priced; Odd Lot; Trade Thru Exmpt
09:32:04.522 AM ET,1.265,3,4,Mid,Off Exchange,Odd Lot
09:32:10.554 AM ET,1.265,3,4,Mid,Off Exchange,Odd Lot
09:33:26.110 AM ET,1.267,3,4,Mid,Off Exchange,Odd Lot
09:36:44.119 AM ET,1.287,3,4,Mid,Off Exchange,Odd Lot
09:38:06.117 AM ET,1.288,3,4,Mid,Off Exchange,Odd Lot
09:41:09.929 AM ET,1.285,3,4,Mid,Off Exchange,Odd Lot
09:42:13.045 AM ET,1.290,3,4,Bid,Cboe BZX,Inter Mkt Swp; Odd Lot; Trade Thru Exmpt
09:45:29.888 AM ET,1.300,3,4,Bid,Cboe BZX,Inter Mkt Swp; Odd Lot; Trade Thru Exmpt
09:54:02.855 AM ET,1.310,3,4,Ask,Nasdaq GSM,Inter Mkt Swp; Odd Lot; Trade Thru Exmpt
09:54:02.856 AM ET,1.310,3,4,Ask,Nasdaq GSM,Odd Lot
09:54:02.856 AM ET,1.310,3,4,Ask,Nasdaq GSM,Inter Mkt Swp; Odd Lot; Trade Thru Exmpt
09:57:09.615 AM ET,1.315,3,4,Mid,Off Exchange,Odd Lot
10:11:11.959 AM ET,1.315,3,4,Mid,Off Exchange,Odd Lot
10:11:32.348 AM ET,1.315,3,4,Mid,Off Exchange,Odd Lot
10:12:52.091 AM ET,1.329,3,4,Mid,Off Exchange,Odd Lot
10:16:03.547 AM ET,1.320,3,4,Mid,Off Exchange,Odd Lot
10:17:47.178 AM ET,1.330,3,4,Ask,Off Exchange,Odd Lot
10:20:30.327 AM ET,1.335,3,4,Mid,Off Exchange,Odd Lot
10:21:28.051 AM ET,1.335,3,4,Mid,Off Exchange,Odd Lot
10:22:05.063 AM ET,1.330,3,4,Bid,Off Exchange,Odd Lot
10:30:16.343 AM ET,1.335,3,4,Mid,Off Exchange,Odd Lot
10:31:18.518 AM ET,1.335,3,4,Mid,Off Exchange,Odd Lot
10:31:30.808 AM ET,1.335,3,4,Mid,Off Exchange,Odd Lot
10:31:40.599 AM ET,1.335,3,4,Mid,Off Exchange,Odd Lot
10:33:28.603 AM ET,1.335,3,4,Mid,Off Exchange,Odd Lot
10:38:26.611 AM ET,1.350,3,4,Ask,Off Exchange,Odd Lot
10:39:16.980 AM ET,1.355,3,4,Mid,Off Exchange,Deriv Priced; Odd Lot; Trade Thru Exmpt
10:41:48.821 AM ET,1.355,3,4,Mid,Off Exchange,Odd Lot
10:42:47.896 AM ET,1.355,3,4,Mid,Off Exchange,Odd Lot
10:43:24.620 AM ET,1.360,3,4,Ask,Cboe BZX,Odd Lot
10:48:22.631 AM ET,1.370,3,4,Ask,Off Exchange,Odd Lot
10:54:50.342 AM ET,1.369,3,4,Mid,Off Exchange,Odd Lot
10:58:14.643 AM ET,1.375,3,4,Mid,Off Exchange,Odd Lot
11:01:23.067 AM ET,1.375,3,4,Mid,Off Exchange,Odd Lot
11:02:22.700 AM ET,1.375,3,4,Mid,Off Exchange,Odd Lot
11:09:19.601 AM ET,1.390,3,4,Ask,Off Exchange,Odd Lot
11:10:58.222 AM ET,1.400,3,4,Ask,NYSE Arca,Inter Mkt Swp; Odd Lot; Trade Thru Exmpt
11:10:58.226 AM ET,1.405,3,4,Ask,Off Exchange,Odd Lot
11:11:17.325 AM ET,1.395,3,4,Mid,Off Exchange,Odd Lot
11:11:57.331 AM ET,1.390,3,4,Bid,NYSE,Inter Mkt Swp; Odd Lot; Trade Thru Exmpt
11:13:42.885 AM ET,1.387,3,4,Mid,Off Exchange,Odd Lot
11:14:05.329 AM ET,1.390,3,4,Ask,Off Exchange,Odd Lot
11:15:35.334 AM ET,1.385,3,4,Mid,Off Exchange,Odd Lot
11:19:03.338 AM ET,1.390,3,4,Ask,Off Exchange,Odd Lot
11:19:10.315 AM ET,1.385,3,4,Mid,Nasdaq GSM,Odd Lot
11:22:18.592 AM ET,1.385,3,4,Mid,Off Exchange,Odd Lot
11:24:01.347 AM ET,1.390,3,4,Ask,Off Exchange,Odd Lot
11:25:34.237 AM ET,1.385,3,4,Mid,Off Exchange,Odd Lot
11:25:44.341 AM ET,1.385,3,4,Mid,Off Exchange,Odd Lot
11:28:59.356 AM ET,1.390,3,4,Ask,Off Exchange,Odd Lot
11:33:33.712 AM ET,1.385,3,4,Mid,Off Exchange,Odd Lot
11:34:26.573 AM ET,1.390,3,4,Ask,Off Exchange,Odd Lot
11:38:55.370 AM ET,1.380,3,4,Ask,Off Exchange,Odd Lot
11:45:04.380 AM ET,1.375,3,4,Mid,Off Exchange,Odd Lot
11:48:51.384 AM ET,1.380,3,4,Ask,Off Exchange,Odd Lot
11:55:49.632 AM ET,1.374,3,4,Mid,Off Exchange,Odd Lot
11:56:04.398 AM ET,1.375,3,4,Mid,Off Exchange,Odd Lot
11:56:35.592 AM ET,1.375,3,4,Mid,NYSE Arca,Odd Lot
11:56:44.137 AM ET,1.375,3,4,Mid,Off Exchange,Odd Lot
11:56:56.053 AM ET,1.370,3,4,Bid,Off Exchange,Odd Lot
11:58:01.696 AM ET,1.375,3,4,Mid,Off Exchange,Odd Lot
11:59:53.518 AM ET,1.374,3,4,Mid,Off Exchange,Odd Lot
12:01:08.672 PM ET,1.374,3,4,Mid,Off Exchange,Odd Lot
12:01:47.403 PM ET,1.375,3,4,Mid,Off Exchange,Odd Lot
12:02:00.079 PM ET,1.375,3,4,Mid,Off Exchange,Odd Lot
12:04:29.870 PM ET,1.370,3,4,Ask,NYSE Arca,Inter Mkt Swp; Odd Lot; Trade Thru Exmpt
12:05:56.432 PM ET,1.371,3,4,Mid,Off Exchange,Odd Lot
12:06:15.072 PM ET,1.371,3,4,Mid,Off Exchange,Odd Lot
12:06:35.624 PM ET,1.371,3,4,Mid,Off Exchange,Odd Lot
12:08:26.666 PM ET,1.371,3,4,Mid,Off Exchange,Odd Lot
12:08:43.416 PM ET,1.380,3,4,Ask,Off Exchange,Odd Lot
12:13:10.697 PM ET,1.375,3,4,Mid,Cboe BZX,Odd Lot
12:13:41.421 PM ET,1.375,3,4,Mid,Off Exchange,Odd Lot
12:17:10.851 PM ET,1.370,3,4,Bid,NYSE,Odd Lot
12:17:10.858 PM ET,1.375,3,4,Mid,Off Exchange,Odd Lot
12:21:50.092 PM ET,1.372,3,4,Mid,Off Exchange,Odd Lot
12:23:42.955 PM ET,1.370,3,4,Bid,Off Exchange,Odd Lot
12:28:18.112 PM ET,1.372,3,4,Mid,Off Exchange,Odd Lot
12:28:20.754 PM ET,1.373,3,4,Mid,Off Exchange,Odd Lot
12:32:29.312 PM ET,1.373,3,4,Mid,Off Exchange,Odd Lot
12:36:35.293 PM ET,1.372,3,4,Mid,Off Exchange,Odd Lot
12:40:38.933 PM ET,1.373,3,4,Mid,Off Exchange,Odd Lot
12:44:45.313 PM ET,1.377,3,4,Mid,Off Exchange,Odd Lot
12:48:27.475 PM ET,1.375,3,4,Mid,Off Exchange,Odd Lot
12:48:59.213 PM ET,1.372,3,4,Mid,Off Exchange,Odd Lot
01:01:35.752 PM ET,1.375,3,4,Mid,Off Exchange,Odd Lot
01:03:21.510 PM ET,1.375,3,4,Mid,Off Exchange,Odd Lot
01:07:36.698 PM ET,1.374,3,4,Mid,Off Exchange,Odd Lot
01:08:19.501 PM ET,1.375,3,4,Mid,Off Exchange,Odd Lot
01:13:05.233 PM ET,1.375,3,4,Mid,Off Exchange,Odd Lot
01:13:17.510 PM ET,1.380,3,4,Ask,Off Exchange,Odd Lot
01:17:50.037 PM ET,1.380,3,4,Bid,Cboe BZX,Inter Mkt Swp; Odd Lot; Trade Thru Exmpt
01:17:50.037 PM ET,1.380,3,4,Bid,NYSE,Inter Mkt Swp; Odd Lot; Trade Thru Exmpt
01:17:50.052 PM ET,1.380,3,4,Bid,NYSE Arca,Odd Lot
01:18:05.243 PM ET,1.379,3,4,Mid,Off Exchange,Odd Lot
01:22:14.319 PM ET,1.381,3,4,Ask,Off Exchange,Deriv Priced; Odd Lot; Trade Thru Exmpt
01:23:00.524 PM ET,1.380,3,4,Ask,Off Exchange,Odd Lot
01:27:58.533 PM ET,1.380,3,4,Ask,Off Exchange,Odd Lot
01:32:56.542 PM ET,1.380,3,4,Ask,Off Exchange,Odd Lot
01:38:01.887 PM ET,1.375,3,4,Mid,Off Exchange,Odd Lot
01:38:49.714 PM ET,1.379,3,4,Mid,Off Exchange,Odd Lot
01:50:05.553 PM ET,1.377,3,4,Mid,Off Exchange,Odd Lot
02:07:35.693 PM ET,1.378,3,4,Mid,Off Exchange,Odd Lot
02:09:44.169 PM ET,1.380,3,4,Mid,Off Exchange,Odd Lot
02:11:38.793 PM ET,1.377,3,4,Mid,Off Exchange,Odd Lot
02:18:15.734 PM ET,1.377,3,4,Mid,Off Exchange,Odd Lot
02:23:37.252 PM ET,1.377,3,4,Mid,Off Exchange,Odd Lot
02:26:16.148 PM ET,1.380,3,4,Bid,NYSE Arca,Inter Mkt Swp; Odd Lot; Trade Thru Exmpt
02:29:58.053 PM ET,1.382,3,4,Mid,Off Exchange,Odd Lot
02:36:06.247 PM ET,1.395,3,4,Mid,Off Exchange,Odd Lot
02:37:30.662 PM ET,1.400,3,4,Ask,Off Exchange,Odd Lot
02:38:04.114 PM ET,1.395,3,4,Mid,Nasdaq GSM,Odd Lot
02:39:04.431 PM ET,1.400,3,4,Bid,24X National,Inter Mkt Swp; Odd Lot; Trade Thru Exmpt
02:39:04.432 PM ET,1.400,3,4,Bid,Off Exchange,Odd Lot
02:42:28.671 PM ET,1.430,3,4,Ask,Off Exchange,Odd Lot
02:44:16.412 PM ET,1.425,3,4,Mid,Off Exchange,Odd Lot
02:46:05.808 PM ET,1.425,3,4,Mid,Off Exchange,Odd Lot
02:47:47.720 PM ET,1.420,3,4,Bid,Nasdaq BX,Inter Mkt Swp; Odd Lot; Trade Thru Exmpt
02:52:24.685 PM ET,1.430,3,4,Ask,Off Exchange,Odd Lot
02:57:22.694 PM ET,1.440,3,4,Ask,Off Exchange,Odd Lot
02:58:59.678 PM ET,1.435,3,4,Mid,Off Exchange,Odd Lot
03:02:20.702 PM ET,1.440,3,4,Ask,Off Exchange,Odd Lot
03:02:51.917 PM ET,1.425,3,4,Bid,Cboe BZX,Inter Mkt Swp; Odd Lot; Trade Thru Exmpt
03:02:51.917 PM ET,1.420,3,4,Bid,Cboe BZX,Odd Lot
03:02:51.917 PM ET,1.430,3,4,Bid,Nasdaq PHLX,Odd Lot
03:12:52.530 PM ET,1.420,3,4,Bid,Off Exchange,Odd Lot
03:12:53.301 PM ET,1.430,3,4,Ask,Off Exchange,Odd Lot
03:14:13.308 PM ET,1.430,3,4,Ask,Off Exchange,Odd Lot
03:14:13.308 PM ET,1.430,3,4,Mid,Off Exchange,Odd Lot
03:20:40.259 PM ET,1.420,3,4,Ask,Nasdaq GSM,Inter Mkt Swp; Odd Lot; Trade Thru Exmpt
03:22:28.332 PM ET,1.418,3,4,Mid,Off Exchange,Odd Lot
03:29:50.572 PM ET,1.415,3,4,Mid,Nasdaq GSM,Odd Lot
03:33:05.218 PM ET,1.430,3,4,Ask,Off Exchange,Odd Lot
03:35:59.636 PM ET,1.421,3,4,Mid,Off Exchange,Odd Lot
03:38:05.738 PM ET,1.420,3,4,Bid,Cboe BZX,Inter Mkt Swp; Odd Lot; Trade Thru Exmpt
03:38:05.738 PM ET,1.420,3,4,Bid,Nasdaq PHLX,Odd Lot
03:39:41.483 PM ET,1.420,3,4,Ask,Off Exchange,Deriv Priced; Odd Lot; Trade Thru Exmpt
03:45:53.158 PM ET,1.410,3,4,Mid,Off Exchange,Odd Lot
03:47:28.132 PM ET,1.415,3,4,Mid,Off Exchange,Odd Lot
03:52:42.336 PM ET,1.415,3,4,Mid,Off Exchange,Odd Lot
03:55:04.045 PM ET,1.415,3,4,Mid,Off Exchange,Odd Lot
03:58:13.158 PM ET,1.420,3,4,Ask,Nasdaq GSM,Inter Mkt Swp; Odd Lot; Trade Thru Exmpt
03:58:46.676 PM ET,1.430,3,4,Ask,NYSE,Odd Lot
03:59:49.598 PM ET,1.420,3,4,None,NYSE Arca,Inter Mkt Swp; Odd Lot; Trade Thru Exmpt
03:59:49.708 PM ET,1.415,3,4,None,Off Exchange,Odd Lot
03:59:49.715 PM ET,1.415,3,4,None,Off Exchange,Odd Lot
03:59:50.037 PM ET,1.420,3,4,None,IEX,Odd Lot
04:19:28.285 PM ET,1.400,3,4,Ask,Off Exchange,Frm T Ext Hrs; Odd Lot
04:20:42.264 PM ET,1.380,3,4,Mid,Off Exchange,Frm T Ext Hrs; Odd Lot
04:21:26.551 PM ET,1.390,3,4,Mid,NYSE Arca,Frm T Ext Hrs; Inter Mkt Swp; Odd Lot; Trade Thru Exmpt
05:28:01.173 PM ET,1.427,3,4,Mid,Off Exchange,Frm T Ext Hrs; Odd Lot
05:54:32.445 PM ET,1.410,3,4,Mid,Off Exchange,Frm T Ext Hrs; Odd Lot
09:30:04.050 AM ET,1.250,2,3,Mid,Off Exchange,Deriv Priced; Odd Lot; Trade Thru Exmpt
09:30:04.070 AM ET,1.250,2,3,Mid,Off Exchange,Deriv Priced; Odd Lot; Trade Thru Exmpt
09:33:34.107 AM ET,1.267,2,3,Mid,Off Exchange,Odd Lot
09:34:04.207 AM ET,1.288,2,3,Mid,Off Exchange,Odd Lot
09:35:38.182 AM ET,1.288,2,3,Mid,Off Exchange,Odd Lot
09:38:24.882 AM ET,1.285,2,3,Mid,Off Exchange,Odd Lot
09:38:30.478 AM ET,1.288,2,3,Mid,Off Exchange,Odd Lot
09:40:21.929 AM ET,1.285,2,3,Mid,Off Exchange,Odd Lot
09:42:13.045 AM ET,1.290,2,3,Bid,NYSE Arca,Inter Mkt Swp; Odd Lot; Trade Thru Exmpt
09:42:13.045 AM ET,1.290,2,3,Bid,NYSE,Inter Mkt Swp; Odd Lot; Trade Thru Exmpt
09:42:13.045 AM ET,1.290,2,3,Bid,Cboe BZX,Inter Mkt Swp; Odd Lot; Trade Thru Exmpt
09:42:13.046 AM ET,1.290,2,3,Bid,Cboe BZX,Inter Mkt Swp; Odd Lot; Trade Thru Exmpt
09:43:03.110 AM ET,1.290,2,3,Bid,Cboe BZX,Inter Mkt Swp; Odd Lot; Trade Thru Exmpt
09:43:03.112 AM ET,1.290,2,3,Bid,Cboe BZX,Odd Lot
09:43:03.112 AM ET,1.295,2,3,Mid,Cboe BZX,Odd Lot
09:45:22.648 AM ET,1.298,2,3,Mid,Off Exchange,Odd Lot
09:45:29.888 AM ET,1.300,2,3,Bid,Cboe BZX,Inter Mkt Swp; Odd Lot; Trade Thru Exmpt
09:47:13.605 AM ET,1.305,2,3,Mid,Off Exchange,Odd Lot
09:47:24.145 AM ET,1.308,2,3,Mid,Off Exchange,Odd Lot
09:49:15.012 AM ET,1.301,2,3,Mid,Off Exchange,Odd Lot
09:50:42.499 AM ET,1.315,2,3,Mid,Off Exchange,Odd Lot
09:50:43.605 AM ET,1.315,2,3,Mid,Off Exchange,Odd Lot
09:50:53.606 AM ET,1.315,2,3,Mid,Off Exchange,Odd Lot
09:51:01.261 AM ET,1.315,2,3,Mid,Off Exchange,Deriv Priced; Odd Lot; Trade Thru Exmpt
09:51:02.170 AM ET,1.317,2,3,Mid,Off Exchange,Odd Lot
09:52:11.608 AM ET,1.315,2,3,Mid,Off Exchange,Odd Lot
09:52:17.533 AM ET,1.315,2,3,Mid,Off Exchange,Odd Lot
09:53:05.833 AM ET,1.315,2,3,Mid,Off Exchange,Odd Lot
09:54:02.855 AM ET,1.310,2,3,Ask,Nasdaq GSM,Inter Mkt Swp; Odd Lot; Trade Thru Exmpt
09:54:02.856 AM ET,1.310,2,3,Ask,Nasdaq GSM,Inter Mkt Swp; Odd Lot; Trade Thru Exmpt
09:56:21.615 AM ET,1.315,2,3,Mid,Off Exchange,Odd Lot
09:57:21.171 AM ET,1.315,2,3,Mid,Off Exchange,Odd Lot
09:58:05.051 AM ET,1.315,2,3,Mid,Off Exchange,Odd Lot
09:58:09.620 AM ET,1.315,2,3,Mid,Off Exchange,Odd Lot
09:58:23.304 AM ET,1.315,2,3,Mid,Off Exchange,Odd Lot
09:58:26.183 AM ET,1.319,2,3,Mid,Off Exchange,Odd Lot
10:02:07.620 AM ET,1.315,2,3,Mid,Off Exchange,Odd Lot
10:02:07.625 AM ET,1.315,2,3,Mid,Off Exchange,Odd Lot
10:06:27.628 AM ET,1.315,2,3,Mid,Off Exchange,Odd Lot
10:09:00.579 AM ET,1.315,2,3,Mid,Off Exchange,Odd Lot
10:11:54.777 AM ET,1.315,2,3,Mid,Off Exchange,Odd Lot
10:12:18.891 AM ET,1.320,2,3,Bid,Off Exchange,Odd Lot
10:12:18.892 AM ET,1.325,2,3,Mid,Off Exchange,Odd Lot
10:12:21.169 AM ET,1.325,2,3,Mid,Off Exchange,Odd Lot
10:12:41.169 AM ET,1.325,2,3,Mid,Off Exchange,Odd Lot
10:12:49.169 AM ET,1.325,2,3,Mid,Off Exchange,Odd Lot
10:12:49.174 AM ET,1.325,2,3,Mid,Off Exchange,Odd Lot
10:12:51.608 AM ET,1.328,2,3,Mid,Off Exchange,Deriv Priced; Odd Lot; Trade Thru Exmpt
10:14:11.972 AM ET,1.320,2,3,Bid,Off Exchange,Odd Lot
10:14:29.235 AM ET,1.315,2,3,Mid,Off Exchange,Odd Lot
10:17:09.176 AM ET,1.315,2,3,Mid,Off Exchange,Odd Lot
10:17:40.824 AM ET,1.315,2,3,Mid,Off Exchange,Odd Lot
10:18:41.463 AM ET,1.335,2,3,Mid,Off Exchange,Odd Lot
10:20:30.324 AM ET,1.335,2,3,Mid,Off Exchange,Odd Lot
10:20:30.326 AM ET,1.335,2,3,Mid,Off Exchange,Odd Lot
10:21:37.193 AM ET,1.335,2,3,Mid,Off Exchange,Odd Lot
10:21:50.344 AM ET,1.335,2,3,Mid,Off Exchange,Odd Lot
10:22:02.754 AM ET,1.335,2,3,Mid,Off Exchange,Odd Lot
10:22:37.193 AM ET,1.335,2,3,Mid,Off Exchange,Odd Lot
10:22:45.193 AM ET,1.335,2,3,Mid,Off Exchange,Odd Lot
10:30:04.871 AM ET,1.335,2,3,Mid,Off Exchange,Odd Lot
10:30:04.872 AM ET,1.335,2,3,Mid,Off Exchange,Odd Lot
10:32:00.599 AM ET,1.335,2,3,Mid,Off Exchange,Odd Lot
10:32:10.599 AM ET,1.335,2,3,Mid,Off Exchange,Odd Lot
10:32:20.599 AM ET,1.335,2,3,Mid,Off Exchange,Odd Lot
10:34:03.774 AM ET,1.335,2,3,Mid,Off Exchange,Odd Lot
10:34:08.851 AM ET,1.335,2,3,Mid,Off Exchange,Odd Lot
10:35:04.265 AM ET,1.335,2,3,Mid,Off Exchange,Odd Lot
10:35:09.343 AM ET,1.335,2,3,Mid,Off Exchange,Odd Lot
10:35:19.456 AM ET,1.335,2,3,Mid,Off Exchange,Odd Lot
10:35:29.584 AM ET,1.335,2,3,Mid,Off Exchange,Odd Lot
10:37:38.611 AM ET,1.340,2,3,Ask,Off Exchange,Odd Lot
10:38:46.961 AM ET,1.355,2,3,Mid,Off Exchange,Odd Lot
10:38:56.616 AM ET,1.355,2,3,Mid,Off Exchange,Odd Lot
10:39:06.616 AM ET,1.355,2,3,Mid,Off Exchange,Odd Lot
10:43:50.353 AM ET,1.358,2,3,Mid,Off Exchange,Odd Lot
10:45:54.852 AM ET,1.354,2,3,Mid,Off Exchange,Odd Lot
10:47:22.839 AM ET,1.355,2,3,Mid,Off Exchange,Odd Lot
10:47:27.235 AM ET,1.350,2,3,Bid,Off Exchange,Odd Lot
10:49:11.031 AM ET,1.370,2,3,Bid,NYSE,Inter Mkt Swp; Odd Lot; Trade Thru Exmpt
10:49:11.034 AM ET,1.375,2,3,Mid,Off Exchange,Odd Lot
10:49:12.636 AM ET,1.375,2,3,Mid,Off Exchange,Odd Lot
10:49:15.160 AM ET,1.370,2,3,Ask,Off Exchange,Odd Lot
10:50:17.730 AM ET,1.360,2,3,Mid,Off Exchange,Odd Lot
10:51:39.203 AM ET,1.370,2,3,Ask,Off Exchange,Odd Lot
10:51:53.439 AM ET,1.375,2,3,Mid,Off Exchange,Odd Lot
10:52:12.172 AM ET,1.369,2,3,Bid,Off Exchange,Odd Lot
10:52:32.639 AM ET,1.380,2,3,Ask,Off Exchange,Odd Lot
10:53:11.031 AM ET,1.370,2,3,Ask,Nasdaq GSM,Odd Lot
10:53:11.032 AM ET,1.370,2,3,Ask,Off Exchange,Odd Lot
10:53:16.641 AM ET,1.365,2,3,Mid,Off Exchange,Odd Lot
10:54:36.641 AM ET,1.365,2,3,Mid,Off Exchange,Odd Lot
10:54:46.641 AM ET,1.365,2,3,Mid,Off Exchange,Odd Lot
10:57:26.643 AM ET,1.365,2,3,Mid,Off Exchange,Odd Lot
10:58:33.522 AM ET,1.375,2,3,Mid,Off Exchange,Odd Lot
11:00:05.623 AM ET,1.375,2,3,Mid,Off Exchange,Odd Lot
11:02:32.666 AM ET,1.375,2,3,Mid,Off Exchange,Odd Lot
11:03:30.666 AM ET,1.375,2,3,Mid,Off Exchange,Odd Lot
11:04:49.215 AM ET,1.370,2,3,Ask,Off Exchange,Odd Lot
11:09:07.320 AM ET,1.385,2,3,Mid,Off Exchange,Odd Lot
11:10:58.225 AM ET,1.405,2,3,Ask,Off Exchange,Odd Lot
11:11:27.325 AM ET,1.395,2,3,Mid,Off Exchange,Odd Lot
11:11:47.325 AM ET,1.395,2,3,Mid,Off Exchange,Odd Lot
11:11:57.325 AM ET,1.395,2,3,Mid,Off Exchange,Odd Lot
11:11:57.332 AM ET,1.390,2,3,Bid,Off Exchange,Odd Lot
11:13:42.855 AM ET,1.389,2,3,Mid,Off Exchange,Odd Lot
11:14:44.232 AM ET,1.385,2,3,Mid,Off Exchange,Odd Lot
11:15:06.741 AM ET,1.387,2,3,Mid,Off Exchange,Odd Lot
11:15:34.491 AM ET,1.385,2,3,Mid,Off Exchange,Odd Lot
11:15:45.334 AM ET,1.385,2,3,Mid,Off Exchange,Odd Lot
11:15:55.334 AM ET,1.385,2,3,Mid,Off Exchange,Odd Lot
11:16:17.179 AM ET,1.385,2,3,Mid,Off Exchange,Odd Lot
11:16:33.314 AM ET,1.390,2,3,Ask,Off Exchange,Odd Lot
11:20:07.549 AM ET,1.381,2,3,Mid,Off Exchange,Odd Lot
11:22:48.347 AM ET,1.390,2,3,Ask,Off Exchange,Odd Lot
11:25:24.132 AM ET,1.385,2,3,Mid,Off Exchange,Odd Lot
11:25:24.133 AM ET,1.385,2,3,Mid,Off Exchange,Odd Lot
11:25:36.096 AM ET,1.383,2,3,Mid,Off Exchange,Odd Lot
11:25:52.186 AM ET,1.385,2,3,Mid,Off Exchange,Odd Lot
11:25:54.472 AM ET,1.385,2,3,Mid,Off Exchange,Odd Lot
11:26:04.621 AM ET,1.385,2,3,Mid,Off Exchange,Odd Lot
11:28:27.127 AM ET,1.380,2,3,Bid,Nasdaq BX,Inter Mkt Swp; Odd Lot; Trade Thru Exmpt
11:29:50.252 AM ET,1.380,2,3,Bid,Nasdaq BX,Inter Mkt Swp; Odd Lot; Trade Thru Exmpt
11:30:02.962 AM ET,1.385,2,3,Mid,Off Exchange,Odd Lot
11:30:19.059 AM ET,1.385,2,3,Mid,Off Exchange,Odd Lot
11:33:57.361 AM ET,1.385,2,3,Mid,Off Exchange,Odd Lot
11:33:57.366 AM ET,1.385,2,3,Mid,Off Exchange,Odd Lot
11:34:51.251 AM ET,1.384,2,3,Mid,Off Exchange,Odd Lot
11:36:45.752 AM ET,1.380,2,3,Ask,Off Exchange,Odd Lot
11:38:07.370 AM ET,1.380,2,3,Ask,Off Exchange,Odd Lot
11:39:22.089 AM ET,1.373,2,3,Mid,Off Exchange,Odd Lot
11:40:00.058 AM ET,1.375,2,3,Mid,Off Exchange,Odd Lot
11:40:10.375 AM ET,1.375,2,3,Mid,Off Exchange,Odd Lot
11:40:25.375 AM ET,1.375,2,3,Mid,Off Exchange,Odd Lot
11:43:53.375 AM ET,1.375,2,3,Mid,Off Exchange,Odd Lot
11:43:53.380 AM ET,1.375,2,3,Mid,Off Exchange,Odd Lot
11:45:45.492 AM ET,1.377,2,3,Mid,Off Exchange,Odd Lot
11:49:53.478 AM ET,1.374,2,3,Mid,Off Exchange,Odd Lot
11:52:51.393 AM ET,1.380,2,3,Ask,Off Exchange,Odd Lot
11:55:53.087 AM ET,1.375,2,3,Mid,Off Exchange,Odd Lot
11:56:19.410 AM ET,1.375,2,3,Mid,Off Exchange,Odd Lot
11:56:49.398 AM ET,1.375,2,3,Mid,Off Exchange,Odd Lot
11:57:04.398 AM ET,1.375,2,3,Mid,Off Exchange,Odd Lot
11:57:42.678 AM ET,1.374,2,3,Mid,Off Exchange,Odd Lot
11:58:26.634 AM ET,1.375,2,3,Mid,Off Exchange,Odd Lot
11:58:34.398 AM ET,1.375,2,3,Mid,Off Exchange,Odd Lot
11:58:47.398 AM ET,1.375,2,3,Mid,Off Exchange,Odd Lot
11:58:47.403 AM ET,1.375,2,3,Mid,Off Exchange,Odd Lot
12:01:41.613 PM ET,1.375,2,3,Mid,Off Exchange,Odd Lot
12:01:57.403 PM ET,1.375,2,3,Mid,Off Exchange,Odd Lot
12:02:17.403 PM ET,1.375,2,3,Mid,Off Exchange,Odd Lot
12:03:45.407 PM ET,1.380,2,3,Ask,Off Exchange,Odd Lot
12:04:09.203 PM ET,1.370,2,3,Ask,Off Exchange,Odd Lot
12:04:13.838 PM ET,1.371,2,3,Ask,Off Exchange,Deriv Priced; Odd Lot; Trade Thru Exmpt
12:04:29.870 PM ET,1.370,2,3,Ask,NYSE Arca,Inter Mkt Swp; Odd Lot; Trade Thru Exmpt
12:07:42.719 PM ET,1.371,2,3,Mid,Off Exchange,Odd Lot
12:09:09.224 PM ET,1.370,2,3,Mid,Off Exchange,Odd Lot
12:12:28.425 PM ET,1.380,2,3,Ask,Off Exchange,Odd Lot
12:15:56.652 PM ET,1.374,2,3,Mid,Off Exchange,Odd Lot
12:17:11.426 PM ET,1.375,2,3,Mid,Off Exchange,Odd Lot
12:18:39.426 PM ET,1.375,2,3,Mid,Off Exchange,Odd Lot
12:23:37.431 PM ET,1.375,2,3,Mid,Off Exchange,Odd Lot
12:23:37.436 PM ET,1.375,2,3,Mid,Off Exchange,Odd Lot
12:24:10.117 PM ET,1.375,2,3,Mid,NYSE Arca,Odd Lot
12:28:35.435 PM ET,1.375,2,3,Mid,Off Exchange,Odd Lot
12:30:06.633 PM ET,1.373,2,3,Mid,Off Exchange,Odd Lot
12:34:33.449 PM ET,1.375,2,3,Mid,Off Exchange,Odd Lot
12:36:06.275 PM ET,1.373,2,3,Mid,Off Exchange,Odd Lot
12:38:24.692 PM ET,1.373,2,3,Mid,Off Exchange,Odd Lot
12:38:31.453 PM ET,1.380,2,3,Ask,Off Exchange,Odd Lot
12:39:45.810 PM ET,1.375,2,3,Mid,Off Exchange,Odd Lot
12:43:29.462 PM ET,1.375,2,3,Mid,Off Exchange,Odd Lot
12:45:10.788 PM ET,1.375,2,3,Mid,Off Exchange,Odd Lot
12:46:07.147 PM ET,1.375,2,3,Mid,Off Exchange,Odd Lot
12:47:14.497 PM ET,1.375,2,3,Mid,Off Exchange,Odd Lot
12:52:12.477 PM ET,1.375,2,3,Mid,Off Exchange,Odd Lot
12:58:23.488 PM ET,1.375,2,3,Mid,Off Exchange,Odd Lot
12:59:50.939 PM ET,1.376,2,3,Mid,Off Exchange,Odd Lot
01:00:44.752 PM ET,1.375,2,3,Mid,Off Exchange,Odd Lot
01:01:00.755 PM ET,1.372,2,3,Mid,Off Exchange,Odd Lot
01:01:18.554 PM ET,1.375,2,3,None,Off Exchange,Odd Lot
01:01:21.833 PM ET,1.375,2,3,None,Off Exchange,Odd Lot
01:01:23.489 PM ET,1.375,2,3,None,Off Exchange,Odd Lot
01:02:22.654 PM ET,1.376,2,3,Mid,Off Exchange,Odd Lot
01:03:05.184 PM ET,1.376,2,3,Mid,Off Exchange,Odd Lot
01:03:19.401 PM ET,1.375,2,3,Mid,Off Exchange,Odd Lot
01:04:50.958 PM ET,1.374,2,3,Mid,Off Exchange,Odd Lot
01:07:22.673 PM ET,1.374,2,3,Mid,Off Exchange,Odd Lot
01:08:05.216 PM ET,1.374,2,3,Mid,Off Exchange,Odd Lot
01:08:52.922 PM ET,1.373,2,3,Mid,Off Exchange,Odd Lot
01:09:04.709 PM ET,1.375,2,3,Mid,Off Exchange,Odd Lot
01:09:14.971 PM ET,1.375,2,3,Mid,Off Exchange,Odd Lot
01:10:15.775 PM ET,1.375,2,3,Mid,IEX,Odd Lot
01:11:21.857 PM ET,1.373,2,3,Mid,Off Exchange,Odd Lot
01:12:04.510 PM ET,1.380,2,3,Ask,Off Exchange,Odd Lot
01:12:14.521 PM ET,1.374,2,3,Mid,Off Exchange,Odd Lot
01:12:36.708 PM ET,1.375,2,3,Mid,Off Exchange,Odd Lot
01:14:20.301 PM ET,1.375,2,3,Mid,Off Exchange,Odd Lot
01:15:51.053 PM ET,1.374,2,3,Mid,Off Exchange,Odd Lot
01:17:02.519 PM ET,1.380,2,3,Ask,Off Exchange,Odd Lot
01:17:14.298 PM ET,1.375,2,3,Mid,Off Exchange,Odd Lot
01:17:31.973 PM ET,1.375,2,3,Mid,Off Exchange,Odd Lot
01:17:50.037 PM ET,1.380,2,3,Bid,Cboe BZX,Inter Mkt Swp; Odd Lot; Trade Thru Exmpt
01:18:04.731 PM ET,1.380,2,3,Ask,Nasdaq GSM,Inter Mkt Swp; Odd Lot; Trade Thru Exmpt
01:20:33.956 PM ET,1.381,2,3,Ask,Off Exchange,Deriv Priced; Odd Lot; Trade Thru Exmpt
01:21:47.524 PM ET,1.380,2,3,Ask,Off Exchange,Odd Lot
01:26:45.533 PM ET,1.380,2,3,Ask,Off Exchange,Odd Lot
01:30:27.034 PM ET,1.376,2,3,Mid,Off Exchange,Odd Lot
01:31:43.542 PM ET,1.380,2,3,Ask,Off Exchange,Odd Lot
01:33:14.418 PM ET,1.376,2,3,Mid,Off Exchange,Odd Lot
01:36:56.551 PM ET,1.380,2,3,Ask,Off Exchange,Odd Lot
01:40:05.421 PM ET,1.376,2,3,Mid,Off Exchange,Odd Lot
01:41:54.560 PM ET,1.380,2,3,Ask,Off Exchange,Odd Lot
01:42:46.103 PM ET,1.377,2,3,Mid,Off Exchange,Odd Lot
01:43:33.240 PM ET,1.377,2,3,Mid,Off Exchange,Odd Lot
01:43:38.692 PM ET,1.375,2,3,Mid,Off Exchange,Odd Lot
01:46:52.570 PM ET,1.380,2,3,Ask,Cboe BZX,Odd Lot
01:51:50.578 PM ET,1.375,2,3,Mid,Off Exchange,Odd Lot
01:54:48.313 PM ET,1.380,2,3,Ask,Off Exchange,Odd Lot
01:55:28.588 PM ET,1.380,2,3,Ask,Off Exchange,Odd Lot
01:57:08.588 PM ET,1.380,2,3,Ask,Off Exchange,Odd Lot
02:01:46.597 PM ET,1.380,2,3,Ask,Off Exchange,Odd Lot
02:03:35.112 PM ET,1.376,2,3,Mid,Off Exchange,Odd Lot
02:05:47.010 PM ET,1.380,2,3,Ask,Off Exchange,Odd Lot
02:06:44.606 PM ET,1.380,2,3,Ask,Cboe BZX,Odd Lot
02:11:42.615 PM ET,1.380,2,3,Ask,Off Exchange,Odd Lot
02:15:20.624 PM ET,1.380,2,3,Ask,Off Exchange,Odd Lot
02:17:00.624 PM ET,1.380,2,3,Ask,Off Exchange,Odd Lot
02:18:06.570 PM ET,1.380,2,3,Ask,Off Exchange,Odd Lot
02:21:38.633 PM ET,1.380,2,3,Ask,Off Exchange,Odd Lot
02:25:16.642 PM ET,1.380,2,3,Ask,Off Exchange,Odd Lot
02:26:16.148 PM ET,1.380,2,3,Bid,NYSE Arca,Inter Mkt Swp; Odd Lot; Trade Thru Exmpt
02:26:56.642 PM ET,1.390,2,3,Ask,Off Exchange,Odd Lot
02:27:38.084 PM ET,1.385,2,3,Mid,Off Exchange,Odd Lot
02:27:49.456 PM ET,1.390,2,3,Ask,Off Exchange,Odd Lot
02:28:49.299 PM ET,1.390,2,3,Ask,Off Exchange,Odd Lot
02:31:34.653 PM ET,1.390,2,3,Ask,Cboe EDGX,Odd Lot
02:36:42.662 PM ET,1.400,2,3,Ask,Off Exchange,Odd Lot
02:38:04.114 PM ET,1.395,2,3,Mid,Off Exchange,Odd Lot
02:38:32.753 PM ET,1.399,2,3,Mid,Off Exchange,Deriv Priced; Odd Lot; Trade Thru Exmpt
02:38:34.092 PM ET,1.395,2,3,Mid,Off Exchange,Odd Lot
02:39:04.432 PM ET,1.400,2,3,Bid,Off Exchange,Odd Lot
02:39:04.439 PM ET,1.405,2,3,Mid,Off Exchange,Odd Lot
02:40:40.731 PM ET,1.420,2,3,Ask,IEX,Odd Lot
02:41:40.427 PM ET,1.425,2,3,Mid,Off Exchange,Odd Lot
02:41:41.327 PM ET,1.425,2,3,Mid,Off Exchange,Odd Lot
02:42:10.096 PM ET,1.429,2,3,Mid,Off Exchange,Odd Lot
02:44:01.842 PM ET,1.425,2,3,Mid,Off Exchange,Odd Lot
02:44:03.889 PM ET,1.425,2,3,Mid,Off Exchange,Odd Lot
02:46:38.680 PM ET,1.430,2,3,Ask,Off Exchange,Odd Lot
02:47:20.473 PM ET,1.425,2,3,Mid,Off Exchange,Odd Lot
02:47:26.676 PM ET,1.425,2,3,Mid,Off Exchange,Odd Lot
02:47:26.681 PM ET,1.425,2,3,Mid,Off Exchange,Odd Lot
02:49:35.558 PM ET,1.425,2,3,Mid,Off Exchange,Odd Lot
02:51:36.685 PM ET,1.430,2,3,Ask,Off Exchange,Odd Lot
02:55:49.284 PM ET,1.435,2,3,Mid,Off Exchange,Odd Lot
02:56:34.694 PM ET,1.440,2,3,Ask,Off Exchange,Odd Lot
02:59:40.901 PM ET,1.435,2,3,Mid,Off Exchange,Odd Lot
03:01:32.703 PM ET,1.440,2,3,Ask,Off Exchange,Odd Lot
03:02:51.916 PM ET,1.430,2,3,Bid,Off Exchange,Odd Lot
03:02:51.959 PM ET,1.425,2,3,Bid,Off Exchange,Odd Lot
03:04:29.799 PM ET,1.425,2,3,Mid,Cboe EDGA,Odd Lot
03:05:30.711 PM ET,1.430,2,3,Ask,Off Exchange,Odd Lot
03:06:40.712 PM ET,1.430,2,3,Ask,Off Exchange,Odd Lot
03:09:58.720 PM ET,1.430,2,3,Ask,Off Exchange,Odd Lot
03:10:05.816 PM ET,1.425,2,3,Mid,Off Exchange,Odd Lot
03:11:38.721 PM ET,1.430,2,3,Ask,Off Exchange,Odd Lot
03:14:46.730 PM ET,1.430,2,3,Ask,Off Exchange,Odd Lot
03:20:40.259 PM ET,1.420,2,3,Ask,Cboe BZX,Inter Mkt Swp; Odd Lot; Trade Thru Exmpt
03:20:40.259 PM ET,1.420,2,3,Ask,Nasdaq GSM,Inter Mkt Swp; Odd Lot; Trade Thru Exmpt
03:23:11.032 PM ET,1.420,2,3,Mid,Off Exchange,Odd Lot
03:25:40.304 PM ET,1.415,2,3,Mid,Off Exchange,Odd Lot
03:27:10.955 PM ET,1.414,2,3,Mid,Off Exchange,Odd Lot
03:31:05.142 PM ET,1.417,2,3,Mid,Off Exchange,Odd Lot
03:31:46.099 PM ET,1.421,2,3,Mid,Off Exchange,Odd Lot
03:32:26.083 PM ET,1.423,2,3,Mid,Off Exchange,Odd Lot
03:33:16.652 PM ET,1.417,2,3,Bid,Off Exchange,Odd Lot
03:36:41.771 PM ET,1.425,2,3,Mid,Off Exchange,Odd Lot
03:37:16.692 PM ET,1.425,2,3,Mid,Off Exchange,Odd Lot
03:37:18.849 PM ET,1.425,2,3,Mid,Off Exchange,Odd Lot
03:38:05.738 PM ET,1.420,2,3,Bid,NYSE,Inter Mkt Swp; Odd Lot; Trade Thru Exmpt
03:38:05.738 PM ET,1.420,2,3,Bid,Cboe BZX,Inter Mkt Swp; Odd Lot; Trade Thru Exmpt
03:38:33.053 PM ET,1.421,2,3,Ask,Off Exchange,Deriv Priced; Odd Lot; Trade Thru Exmpt
03:40:21.294 PM ET,1.420,2,3,Ask,Off Exchange,Odd Lot
03:40:53.106 PM ET,1.420,2,3,Mid,Off Exchange,Odd Lot
03:41:31.138 PM ET,1.415,2,3,Mid,Off Exchange,Odd Lot
03:42:06.048 PM ET,1.415,2,3,Mid,Off Exchange,Odd Lot
03:44:04.355 PM ET,1.415,2,3,Mid,Off Exchange,Odd Lot
03:44:36.265 PM ET,1.420,2,3,Ask,Off Exchange,Odd Lot
03:50:00.042 PM ET,1.416,2,3,Mid,Off Exchange,Odd Lot
03:53:32.048 PM ET,1.410,2,3,Mid,Off Exchange,Odd Lot
03:55:13.624 PM ET,1.415,2,3,Mid,IEX,Odd Lot
03:55:35.390 PM ET,1.415,2,3,Mid,IEX,Odd Lot
03:58:03.128 PM ET,1.415,2,3,Mid,IEX,Odd Lot
03:58:03.140 PM ET,1.415,2,3,Mid,Off Exchange,Odd Lot
03:58:13.158 PM ET,1.420,2,3,Ask,Nasdaq GSM,Inter Mkt Swp; Odd Lot; Trade Thru Exmpt
03:58:56.075 PM ET,1.430,2,3,Ask,Off Exchange,Odd Lot
03:59:51.401 PM ET,1.410,2,3,None,NYSE National,Inter Mkt Swp; Odd Lot; Trade Thru Exmpt
03:59:53.571 PM ET,1.410,2,3,None,Nasdaq GSM,Odd Lot
03:59:58.653 PM ET,1.420,2,3,None,Off Exchange,Odd Lot
04:15:26.059 PM ET,1.420,2,3,Ask,Off Exchange,Frm T Ext Hrs; Odd Lot
04:31:07.308 PM ET,1.400,2,3,Bid,NYSE Arca,Frm T Ext Hrs; Odd Lot
05:25:26.279 PM ET,1.420,2,3,Bid,NYSE Arca,Frm T Ext Hrs; Odd Lot
05:25:26.280 PM ET,1.420,2,3,Bid,NYSE Arca,Frm T Ext Hrs; Odd Lot
07:21:36.675 PM ET,1.420,2,3,Ask,Off Exchange,Frm T Ext Hrs; Odd Lot
04:00:03.905 AM ET,1.270,1,1,Mid,Off Exchange,Frm T Ext Hrs; Odd Lot
09:30:00.950 AM ET,1.260,1,1,Mid,NYSE Arca,Odd Lot
09:30:02.116 AM ET,1.250,1,1,Mid,Off Exchange,Deriv Priced; Odd Lot; Trade Thru Exmpt
09:30:02.135 AM ET,1.250,1,1,Mid,Off Exchange,Deriv Priced; Odd Lot; Trade Thru Exmpt
09:30:02.601 AM ET,1.250,1,1,Mid,Off Exchange,Deriv Priced; Odd Lot; Trade Thru Exmpt
09:33:40.023 AM ET,1.280,1,1,Bid,MIAX Pearl,Inter Mkt Swp; Odd Lot; Trade Thru Exmpt
09:35:10.193 AM ET,1.280,1,1,Bid,NYSE,Odd Lot
09:36:14.122 AM ET,1.288,1,1,Mid,Off Exchange,Odd Lot
09:36:46.721 AM ET,1.280,1,1,Bid,Off Exchange,Odd Lot
09:38:46.000 AM ET,1.280,1,1,Bid,Cboe BYX,Inter Mkt Swp; Odd Lot; Trade Thru Exmpt
09:38:46.001 AM ET,1.280,1,1,Bid,Nasdaq BX,Inter Mkt Swp; Odd Lot; Trade Thru Exmpt
09:39:31.929 AM ET,1.285,1,1,Mid,Off Exchange,Odd Lot
09:39:41.929 AM ET,1.285,1,1,Mid,Off Exchange,Odd Lot
09:39:51.929 AM ET,1.285,1,1,Mid,Off Exchange,Odd Lot
09:40:01.929 AM ET,1.285,1,1,Mid,Off Exchange,Odd Lot
09:40:11.929 AM ET,1.285,1,1,Mid,Off Exchange,Odd Lot
09:40:31.929 AM ET,1.285,1,1,Mid,Off Exchange,Odd Lot
09:40:41.929 AM ET,1.285,1,1,Mid,Off Exchange,Odd Lot
09:40:51.929 AM ET,1.285,1,1,Mid,Off Exchange,Odd Lot
09:42:13.045 AM ET,1.290,1,1,Bid,Cboe BZX,Inter Mkt Swp; Odd Lot; Trade Thru Exmpt
09:42:13.046 AM ET,1.290,1,1,Bid,Cboe BZX,Inter Mkt Swp; Odd Lot; Trade Thru Exmpt
09:43:03.110 AM ET,1.290,1,1,Bid,NYSE Arca,Inter Mkt Swp; Odd Lot; Trade Thru Exmpt
09:43:03.110 AM ET,1.290,1,1,Bid,Cboe BZX,Inter Mkt Swp; Odd Lot; Trade Thru Exmpt
09:43:03.111 AM ET,1.290,1,1,Bid,NYSE American,Odd Lot
09:43:03.112 AM ET,1.290,1,1,Bid,Cboe BZX,Odd Lot
09:43:03.112 AM ET,1.295,1,1,Mid,Cboe BZX,Odd Lot
09:43:46.376 AM ET,1.300,1,1,Mid,Off Exchange,Deriv Priced; Odd Lot; Trade Thru Exmpt
09:44:46.373 AM ET,1.300,1,1,Mid,Off Exchange,Odd Lot
09:45:29.888 AM ET,1.300,1,1,Bid,Cboe BZX,Inter Mkt Swp; Odd Lot; Trade Thru Exmpt
09:46:00.727 AM ET,1.300,1,1,Bid,Nasdaq GSM,Odd Lot
09:47:23.605 AM ET,1.305,1,1,Mid,Off Exchange,Odd Lot
09:47:33.605 AM ET,1.305,1,1,Mid,Off Exchange,Odd Lot
09:47:43.605 AM ET,1.305,1,1,Mid,Off Exchange,Odd Lot
09:47:53.605 AM ET,1.305,1,1,Mid,Off Exchange,Odd Lot
09:48:03.605 AM ET,1.305,1,1,Mid,Off Exchange,Odd Lot
09:48:13.605 AM ET,1.305,1,1,Mid,Off Exchange,Odd Lot
09:48:23.605 AM ET,1.305,1,1,Mid,Off Exchange,Odd Lot
09:48:33.605 AM ET,1.305,1,1,Mid,Off Exchange,Odd Lot
09:48:43.605 AM ET,1.305,1,1,Mid,Off Exchange,Odd Lot
09:48:48.213 AM ET,1.303,1,1,Mid,Off Exchange,Odd Lot
09:48:53.605 AM ET,1.305,1,1,Mid,Off Exchange,Odd Lot
09:49:17.563 AM ET,1.305,1,1,Mid,Off Exchange,Odd Lot
09:49:17.564 AM ET,1.305,1,1,Mid,Off Exchange,Odd Lot
09:50:01.695 AM ET,1.305,1,1,Mid,Off Exchange,Odd Lot
09:50:06.576 AM ET,1.301,1,1,Mid,Off Exchange,Odd Lot
09:51:14.972 AM ET,1.315,1,1,Mid,Off Exchange,Odd Lot
09:51:39.687 AM ET,1.315,1,1,Mid,Off Exchange,Odd Lot
09:51:43.605 AM ET,1.315,1,1,Mid,Off Exchange,Odd Lot
09:51:53.608 AM ET,1.315,1,1,Mid,Off Exchange,Odd Lot
09:52:05.706 AM ET,1.315,1,1,Mid,Off Exchange,Odd Lot
09:52:23.407 AM ET,1.315,1,1,Mid,Off Exchange,Odd Lot
09:52:54.397 AM ET,1.315,1,1,Mid,Off Exchange,Odd Lot
09:52:54.398 AM ET,1.315,1,1,Mid,Off Exchange,Odd Lot
09:53:12.610 AM ET,1.315,1,1,Mid,Off Exchange,Odd Lot
09:53:21.612 AM ET,1.315,1,1,Mid,Off Exchange,Odd Lot
09:53:31.613 AM ET,1.315,1,1,Mid,Off Exchange,Odd Lot
09:53:41.613 AM ET,1.315,1,1,Mid,Off Exchange,Odd Lot
09:53:51.613 AM ET,1.315,1,1,Mid,Off Exchange,Odd Lot
09:54:01.613 AM ET,1.315,1,1,Mid,Off Exchange,Odd Lot
09:54:02.855 AM ET,1.310,1,1,Ask,Nasdaq GSM,Inter Mkt Swp; Odd Lot; Trade Thru Exmpt
09:54:02.856 AM ET,1.310,1,1,Ask,Nasdaq GSM,Inter Mkt Swp; Odd Lot; Trade Thru Exmpt
09:55:18.642 AM ET,1.310,1,1,Bid,Off Exchange,Odd Lot
09:55:51.615 AM ET,1.315,1,1,Mid,Off Exchange,Odd Lot
09:56:01.615 AM ET,1.315,1,1,Mid,Off Exchange,Odd Lot
09:56:11.615 AM ET,1.315,1,1,Mid,Off Exchange,Odd Lot
09:56:31.615 AM ET,1.315,1,1,Mid,Off Exchange,Odd Lot
09:56:41.615 AM ET,1.315,1,1,Mid,Off Exchange,Odd Lot
09:56:51.615 AM ET,1.315,1,1,Mid,Off Exchange,Odd Lot
09:58:05.051 AM ET,1.315,1,1,Mid,Off Exchange,Odd Lot
09:58:24.917 AM ET,1.319,1,1,Mid,Off Exchange,Deriv Priced; Odd Lot; Trade Thru Exmpt
09:58:29.620 AM ET,1.315,1,1,Mid,Off Exchange,Odd Lot
09:58:39.620 AM ET,1.315,1,1,Mid,Off Exchange,Odd Lot
09:58:49.620 AM ET,1.315,1,1,Mid,Off Exchange,Odd Lot
09:58:59.620 AM ET,1.315,1,1,Mid,Off Exchange,Odd Lot
09:59:09.620 AM ET,1.315,1,1,Mid,Off Exchange,Odd Lot
09:59:19.620 AM ET,1.315,1,1,Mid,Off Exchange,Odd Lot
09:59:29.389 AM ET,1.318,1,1,Mid,Off Exchange,Odd Lot
09:59:29.620 AM ET,1.315,1,1,Mid,Off Exchange,Odd Lot
09:59:30.234 AM ET,1.317,1,1,Mid,Off Exchange,Odd Lot
09:59:49.620 AM ET,1.315,1,1,Mid,Off Exchange,Odd Lot
09:59:59.620 AM ET,1.315,1,1,Mid,Off Exchange,Odd Lot
10:00:09.620 AM ET,1.315,1,1,Mid,Off Exchange,Odd Lot
10:00:19.620 AM ET,1.315,1,1,Mid,Off Exchange,Odd Lot
10:00:41.393 AM ET,1.315,1,1,Mid,Off Exchange,Odd Lot
10:00:49.620 AM ET,1.315,1,1,Mid,Off Exchange,Odd Lot
10:01:01.259 AM ET,1.315,1,1,Mid,Off Exchange,Odd Lot
10:01:09.620 AM ET,1.315,1,1,Mid,Off Exchange,Odd Lot
10:01:16.638 AM ET,1.315,1,1,Mid,Off Exchange,Odd Lot
10:01:29.620 AM ET,1.315,1,1,Mid,Off Exchange,Odd Lot
10:01:39.620 AM ET,1.315,1,1,Mid,Off Exchange,Odd Lot
10:01:49.620 AM ET,1.315,1,1,Mid,Off Exchange,Odd Lot
10:01:59.620 AM ET,1.315,1,1,Mid,Off Exchange,Odd Lot
10:02:05.125 AM ET,1.310,1,1,Bid,Off Exchange,Odd Lot
10:02:27.625 AM ET,1.315,1,1,Mid,Off Exchange,Odd Lot
10:02:37.625 AM ET,1.315,1,1,Mid,Off Exchange,Odd Lot
10:02:47.625 AM ET,1.315,1,1,Mid,Off Exchange,Odd Lot
10:02:57.625 AM ET,1.315,1,1,Mid,Off Exchange,Odd Lot
10:03:07.625 AM ET,1.315,1,1,Mid,Off Exchange,Odd Lot
10:03:17.625 AM ET,1.315,1,1,Mid,Off Exchange,Odd Lot
10:03:27.625 AM ET,1.315,1,1,Mid,Off Exchange,Odd Lot
10:03:37.625 AM ET,1.315,1,1,Mid,Off Exchange,Odd Lot
10:03:47.625 AM ET,1.315,1,1,Mid,Off Exchange,Odd Lot
10:03:57.625 AM ET,1.315,1,1,Mid,Off Exchange,Odd Lot
10:04:07.625 AM ET,1.315,1,1,Mid,Off Exchange,Odd Lot
10:04:17.625 AM ET,1.315,1,1,Mid,Off Exchange,Odd Lot
10:05:17.493 AM ET,1.312,1,1,Mid,Off Exchange,Odd Lot
10:05:57.628 AM ET,1.315,1,1,Mid,Off Exchange,Odd Lot
10:06:07.628 AM ET,1.315,1,1,Mid,Off Exchange,Odd Lot
10:06:17.628 AM ET,1.315,1,1,Mid,Off Exchange,Odd Lot
10:06:37.628 AM ET,1.315,1,1,Mid,Off Exchange,Odd Lot
10:06:47.628 AM ET,1.315,1,1,Mid,Off Exchange,Odd Lot
10:06:50.007 AM ET,1.315,1,1,Mid,Off Exchange,Odd Lot
10:07:12.600 AM ET,1.320,1,1,Ask,Off Exchange,Odd Lot
10:09:00.580 AM ET,1.315,1,1,Mid,Off Exchange,Odd Lot
10:10:41.173 AM ET,1.320,1,1,Ask,Off Exchange,Odd Lot
10:10:51.173 AM ET,1.320,1,1,Ask,Off Exchange,Odd Lot
10:10:56.659 AM ET,1.315,1,1,Mid,Off Exchange,Deriv Priced; Odd Lot; Trade Thru Exmpt
10:10:58.145 AM ET,1.313,1,1,Mid,Off Exchange,Odd Lot
10:11:01.173 AM ET,1.320,1,1,Ask,Off Exchange,Odd Lot
10:11:11.173 AM ET,1.320,1,1,Ask,Off Exchange,Odd Lot
10:11:11.959 AM ET,1.315,1,1,Mid,Off Exchange,Odd Lot
10:11:13.127 AM ET,1.310,1,1,Bid,Off Exchange,Odd Lot
10:11:41.536 AM ET,1.315,1,1,Mid,Off Exchange,Odd Lot
10:11:54.777 AM ET,1.315,1,1,Mid,Off Exchange,Odd Lot
10:12:18.889 AM ET,1.320,1,1,Bid,Off Exchange,Odd Lot
10:12:18.890 AM ET,1.320,1,1,Bid,Off Exchange,Odd Lot
10:12:31.169 AM ET,1.325,1,1,Mid,Off Exchange,Odd Lot
10:13:09.174 AM ET,1.325,1,1,Mid,Off Exchange,Odd Lot
10:13:10.611 AM ET,1.325,1,1,Mid,Off Exchange,Odd Lot
10:13:19.174 AM ET,1.325,1,1,Mid,Off Exchange,Odd Lot
10:13:29.174 AM ET,1.325,1,1,Mid,Off Exchange,Odd Lot
10:13:39.174 AM ET,1.325,1,1,Mid,Off Exchange,Odd Lot
10:13:49.174 AM ET,1.325,1,1,Mid,Off Exchange,Odd Lot
10:13:59.174 AM ET,1.325,1,1,Mid,Off Exchange,Odd Lot
10:14:09.174 AM ET,1.325,1,1,Mid,Off Exchange,Odd Lot
10:16:29.176 AM ET,1.315,1,1,Mid,Off Exchange,Odd Lot
10:16:39.176 AM ET,1.315,1,1,Mid,Off Exchange,Odd Lot
10:16:49.176 AM ET,1.315,1,1,Mid,Off Exchange,Odd Lot
10:16:59.176 AM ET,1.315,1,1,Mid,Off Exchange,Odd Lot
10:17:19.176 AM ET,1.315,1,1,Mid,Off Exchange,Odd Lot
10:17:29.176 AM ET,1.315,1,1,Mid,Off Exchange,Odd Lot
10:18:37.571 AM ET,1.325,1,1,Mid,Off Exchange,Odd Lot
10:18:41.463 AM ET,1.335,1,1,Mid,Off Exchange,Odd Lot
10:20:57.399 AM ET,1.340,1,1,Ask,Off Exchange,Odd Lot
10:21:06.574 AM ET,1.339,1,1,Mid,Off Exchange,Odd Lot
10:21:07.197 AM ET,1.340,1,1,Ask,Off Exchange,Odd Lot
10:21:17.197 AM ET,1.340,1,1,Ask,Off Exchange,Odd Lot
10:22:14.574 AM ET,1.335,1,1,Mid,Off Exchange,Odd Lot
10:22:27.196 AM ET,1.335,1,1,Mid,IEX,Odd Lot
10:22:27.216 AM ET,1.335,1,1,Mid,Off Exchange,Odd Lot
10:25:27.008 AM ET,1.335,1,1,Mid,Off Exchange,Odd Lot
10:30:17.634 AM ET,1.330,1,1,Mid,Off Exchange,Odd Lot
10:31:18.518 AM ET,1.335,1,1,Mid,Off Exchange,Odd Lot
10:32:12.624 AM ET,1.340,1,1,Ask,Off Exchange,Odd Lot
10:32:30.599 AM ET,1.335,1,1,Mid,Off Exchange,Odd Lot
10:33:00.603 AM ET,1.335,1,1,Mid,Off Exchange,Odd Lot
10:33:10.605 AM ET,1.335,1,1,Mid,Off Exchange,Odd Lot
10:34:03.775 AM ET,1.335,1,1,Mid,Off Exchange,Odd Lot
10:35:04.266 AM ET,1.335,1,1,Mid,Off Exchange,Odd Lot
10:35:39.698 AM ET,1.335,1,1,Mid,Off Exchange,Odd Lot
10:35:49.790 AM ET,1.335,1,1,Mid,Off Exchange,Odd Lot
10:36:10.007 AM ET,1.335,1,1,Mid,Off Exchange,Odd Lot
10:36:20.110 AM ET,1.335,1,1,Mid,Off Exchange,Odd Lot
10:37:28.611 AM ET,1.340,1,1,Ask,Off Exchange,Odd Lot
10:37:48.611 AM ET,1.340,1,1,Ask,Off Exchange,Odd Lot
10:37:58.611 AM ET,1.340,1,1,Ask,Off Exchange,Odd Lot
10:38:08.611 AM ET,1.340,1,1,Bid,Off Exchange,Odd Lot
10:38:46.959 AM ET,1.350,1,1,Bid,MEMX,Inter Mkt Swp; Odd Lot; Trade Thru Exmpt
10:38:46.959 AM ET,1.350,1,1,Bid,Nasdaq PHLX,Inter Mkt Swp; Odd Lot; Trade Thru Exmpt
10:39:16.616 AM ET,1.355,1,1,Mid,Off Exchange,Odd Lot
10:39:26.616 AM ET,1.355,1,1,Mid,Off Exchange,Odd Lot
10:39:36.616 AM ET,1.355,1,1,Mid,Off Exchange,Odd Lot
10:39:46.616 AM ET,1.355,1,1,Mid,Off Exchange,Odd Lot
10:39:56.616 AM ET,1.355,1,1,Mid,Off Exchange,Odd Lot
10:40:06.616 AM ET,1.355,1,1,Mid,Off Exchange,Odd Lot
10:40:16.616 AM ET,1.355,1,1,Mid,Off Exchange,Odd Lot
10:40:26.616 AM ET,1.355,1,1,Mid,Off Exchange,Odd Lot
10:40:36.616 AM ET,1.355,1,1,Mid,Off Exchange,Odd Lot
10:40:46.616 AM ET,1.355,1,1,Mid,Off Exchange,Odd Lot
10:41:05.219 AM ET,1.355,1,1,Mid,Off Exchange,Deriv Priced; Odd Lot; Trade Thru Exmpt
10:41:06.616 AM ET,1.355,1,1,Mid,Off Exchange,Odd Lot
10:41:16.616 AM ET,1.355,1,1,Mid,Off Exchange,Odd Lot
10:41:26.616 AM ET,1.355,1,1,Mid,Off Exchange,Odd Lot
10:41:36.616 AM ET,1.355,1,1,Mid,Off Exchange,Odd Lot
10:41:56.616 AM ET,1.355,1,1,Mid,Off Exchange,Odd Lot
10:42:06.616 AM ET,1.355,1,1,Mid,Off Exchange,Odd Lot
10:42:10.946 AM ET,1.355,1,1,Mid,Off Exchange,Odd Lot
10:42:46.620 AM ET,1.360,1,1,Ask,Off Exchange,Odd Lot
10:42:56.620 AM ET,1.360,1,1,Ask,Off Exchange,Odd Lot
10:42:56.620 AM ET,1.360,1,1,Ask,Cboe BZX,Odd Lot
10:43:06.620 AM ET,1.360,1,1,Ask,Cboe BZX,Odd Lot
10:43:06.621 AM ET,1.360,1,1,Ask,Cboe BZX,Odd Lot
10:45:44.631 AM ET,1.360,1,1,Ask,Off Exchange,Odd Lot
10:45:49.189 AM ET,1.359,1,1,Mid,Off Exchange,Odd Lot
10:45:54.631 AM ET,1.360,1,1,Ask,Off Exchange,Odd Lot
10:46:04.630 AM ET,1.360,1,1,Ask,Off Exchange,Odd Lot
10:46:04.631 AM ET,1.360,1,1,Ask,Off Exchange,Odd Lot
10:46:11.812 AM ET,1.355,1,1,Mid,Off Exchange,Odd Lot
10:46:14.631 AM ET,1.360,1,1,Ask,Off Exchange,Odd Lot
10:46:24.631 AM ET,1.360,1,1,Ask,Off Exchange,Odd Lot
10:46:34.631 AM ET,1.360,1,1,Ask,Off Exchange,Odd Lot
10:46:44.631 AM ET,1.360,1,1,Ask,Off Exchange,Odd Lot
10:46:54.631 AM ET,1.360,1,1,Ask,Off Exchange,Odd Lot
10:47:04.631 AM ET,1.360,1,1,Ask,Off Exchange,Odd Lot
10:47:14.631 AM ET,1.360,1,1,Ask,Off Exchange,Odd Lot
10:47:27.233 AM ET,1.350,1,1,Bid,Cboe BYX,Inter Mkt Swp; Odd Lot; Trade Thru Exmpt
10:47:27.234 AM ET,1.355,1,1,Mid,Off Exchange,Odd Lot
10:47:27.234 AM ET,1.350,1,1,Bid,Nasdaq GSM,Inter Mkt Swp; Odd Lot; Trade Thru Exmpt
10:47:44.631 AM ET,1.360,1,1,Ask,Off Exchange,Odd Lot
10:47:54.631 AM ET,1.360,1,1,Bid,Off Exchange,Odd Lot
10:48:04.630 AM ET,1.370,1,1,Ask,Off Exchange,Odd Lot
10:48:04.631 AM ET,1.370,1,1,Ask,Off Exchange,Odd Lot
10:49:11.038 AM ET,1.375,1,1,Mid,Off Exchange,Odd Lot
10:49:15.160 AM ET,1.370,1,1,Ask,NYSE Arca,Inter Mkt Swp; Odd Lot; Trade Thru Exmpt
10:49:15.160 AM ET,1.370,1,1,Ask,NYSE Arca,Odd Lot
10:50:08.266 AM ET,1.360,1,1,Bid,Off Exchange,Odd Lot
10:50:37.019 AM ET,1.370,1,1,Ask,Off Exchange,Odd Lot
10:51:22.640 AM ET,1.370,1,1,Ask,Off Exchange,Odd Lot
10:51:27.062 AM ET,1.370,1,1,Mid,Off Exchange,Odd Lot
10:51:32.639 AM ET,1.370,1,1,Ask,Off Exchange,Odd Lot
10:51:32.640 AM ET,1.370,1,1,Ask,Off Exchange,Odd Lot
10:51:39.203 AM ET,1.370,1,1,Ask,Off Exchange,Odd Lot
10:51:42.640 AM ET,1.370,1,1,Ask,Off Exchange,Odd Lot
10:51:52.640 AM ET,1.370,1,1,Ask,Off Exchange,Odd Lot
10:51:53.370 AM ET,1.370,1,1,Bid,Off Exchange,Deriv Priced; Odd Lot; Trade Thru Exmpt
10:51:53.429 AM ET,1.375,1,1,Mid,Off Exchange,Odd Lot
10:51:54.125 AM ET,1.377,1,1,Mid,Off Exchange,Odd Lot
10:52:12.639 AM ET,1.380,1,1,Ask,Off Exchange,Odd Lot
10:52:22.639 AM ET,1.380,1,1,Ask,Off Exchange,Odd Lot
10:52:22.640 AM ET,1.380,1,1,Ask,Off Exchange,Odd Lot
10:52:42.640 AM ET,1.380,1,1,Ask,Off Exchange,Odd Lot
10:52:52.639 AM ET,1.380,1,1,Ask,Off Exchange,Odd Lot
10:52:52.640 AM ET,1.380,1,1,Ask,Off Exchange,Odd Lot
10:52:54.299 AM ET,1.375,1,1,Mid,Off Exchange,Odd Lot
10:53:02.636 AM ET,1.375,1,1,Mid,Off Exchange,Odd Lot
10:53:11.031 AM ET,1.370,1,1,Ask,Off Exchange,Odd Lot
10:53:11.072 AM ET,1.365,1,1,Mid,Off Exchange,Odd Lot
10:53:12.636 AM ET,1.365,1,1,Mid,Off Exchange,Odd Lot
10:53:16.650 AM ET,1.360,1,1,Bid,Cboe BYX,Inter Mkt Swp; Odd Lot; Trade Thru Exmpt
10:53:26.641 AM ET,1.365,1,1,Mid,Off Exchange,Odd Lot
10:53:36.641 AM ET,1.365,1,1,Mid,Off Exchange,Odd Lot
10:53:51.249 AM ET,1.365,1,1,Mid,Off Exchange,Odd Lot
10:54:31.013 AM ET,1.365,1,1,Mid,Off Exchange,Odd Lot
10:54:56.641 AM ET,1.365,1,1,Mid,Off Exchange,Odd Lot
10:55:01.577 AM ET,1.365,1,1,Mid,Off Exchange,Odd Lot
10:55:08.915 AM ET,1.365,1,1,Mid,Off Exchange,Odd Lot
10:55:16.641 AM ET,1.365,1,1,Mid,Off Exchange,Odd Lot
10:55:26.641 AM ET,1.365,1,1,Mid,Off Exchange,Odd Lot
10:55:36.641 AM ET,1.365,1,1,Mid,Off Exchange,Odd Lot
10:55:56.641 AM ET,1.365,1,1,Mid,Off Exchange,Odd Lot
10:56:07.806 AM ET,1.365,1,1,Mid,Off Exchange,Odd Lot
10:56:42.439 AM ET,1.365,1,1,Mid,Off Exchange,Odd Lot
10:57:16.643 AM ET,1.365,1,1,Mid,Off Exchange,Odd Lot
10:57:25.113 AM ET,1.367,1,1,Mid,Off Exchange,Odd Lot
10:57:31.807 AM ET,1.369,1,1,Mid,Off Exchange,Deriv Priced; Odd Lot; Trade Thru Exmpt
10:57:32.091 AM ET,1.367,1,1,Mid,Off Exchange,Odd Lot
10:57:36.643 AM ET,1.365,1,1,Mid,Off Exchange,Odd Lot
10:57:46.643 AM ET,1.365,1,1,Mid,Off Exchange,Odd Lot
10:57:56.643 AM ET,1.365,1,1,Mid,Off Exchange,Odd Lot
10:58:54.082 AM ET,1.375,1,1,Mid,Off Exchange,Odd Lot
10:58:54.083 AM ET,1.375,1,1,Mid,Off Exchange,Odd Lot
11:00:05.622 AM ET,1.375,1,1,Mid,Off Exchange,Odd Lot
11:01:05.713 AM ET,1.372,1,1,Mid,Off Exchange,Odd Lot
11:01:21.735 AM ET,1.373,1,1,Mid,Off Exchange,Odd Lot
11:01:23.068 AM ET,1.375,1,1,Mid,Off Exchange,Odd Lot
11:02:02.668 AM ET,1.375,1,1,Mid,Off Exchange,Odd Lot
11:02:12.668 AM ET,1.375,1,1,Mid,Off Exchange,Odd Lot
11:02:22.668 AM ET,1.375,1,1,Mid,Off Exchange,Odd Lot
11:02:52.666 AM ET,1.375,1,1,Mid,Off Exchange,Odd Lot
11:03:02.666 AM ET,1.375,1,1,Mid,Off Exchange,Odd Lot
11:03:12.666 AM ET,1.375,1,1,Mid,Off Exchange,Odd Lot
11:03:22.666 AM ET,1.375,1,1,Mid,Off Exchange,Odd Lot
11:04:09.318 AM ET,1.375,1,1,Mid,Off Exchange,Odd Lot
11:04:24.318 AM ET,1.375,1,1,Mid,Off Exchange,Odd Lot
11:04:39.318 AM ET,1.375,1,1,Mid,Off Exchange,Odd Lot
11:05:17.720 AM ET,1.370,1,1,Mid,Off Exchange,Odd Lot
11:05:26.629 AM ET,1.375,1,1,Mid,Off Exchange,Odd Lot
11:05:39.318 AM ET,1.375,1,1,Mid,Off Exchange,Odd Lot
11:05:54.318 AM ET,1.375,1,1,Mid,Off Exchange,Odd Lot
11:06:09.318 AM ET,1.375,1,1,Mid,Off Exchange,Odd Lot
11:06:24.318 AM ET,1.375,1,1,Mid,Off Exchange,Odd Lot
11:06:54.318 AM ET,1.375,1,1,Mid,Off Exchange,Odd Lot
11:07:09.318 AM ET,1.375,1,1,Mid,Off Exchange,Odd Lot
11:07:24.318 AM ET,1.375,1,1,Mid,Off Exchange,Odd Lot
11:07:39.318 AM ET,1.375,1,1,Mid,Off Exchange,Odd Lot
11:07:44.379 AM ET,1.371,1,1,Mid,Off Exchange,Odd Lot
11:08:09.318 AM ET,1.375,1,1,Mid,Off Exchange,Odd Lot
11:08:24.318 AM ET,1.375,1,1,Mid,Off Exchange,Odd Lot
11:08:39.318 AM ET,1.375,1,1,Mid,Off Exchange,Odd Lot
11:09:00.317 AM ET,1.385,1,1,Ask,Off Exchange,Odd Lot
11:09:19.590 AM ET,1.390,1,1,Ask,NYSE Arca,Inter Mkt Swp; Odd Lot; Trade Thru Exmpt
11:10:05.278 AM ET,1.395,1,1,Mid,Off Exchange,Odd Lot
11:10:58.222 AM ET,1.400,1,1,Ask,NYSE,Inter Mkt Swp; Odd Lot; Trade Thru Exmpt
11:12:16.833 AM ET,1.395,1,1,Ask,Off Exchange,Odd Lot
11:12:51.772 AM ET,1.392,1,1,Ask,Off Exchange,Odd Lot
11:13:17.332 AM ET,1.390,1,1,Ask,Cboe BZX,Odd Lot
11:13:27.330 AM ET,1.390,1,1,Ask,Cboe BZX,Odd Lot
11:13:37.330 AM ET,1.390,1,1,Ask,Cboe BZX,Odd Lot
11:13:42.826 AM ET,1.382,1,1,Mid,Off Exchange,Odd Lot
11:13:42.834 AM ET,1.382,1,1,Mid,Off Exchange,Odd Lot
11:13:42.837 AM ET,1.383,1,1,Mid,Off Exchange,Deriv Priced; Odd Lot; Trade Thru Exmpt
11:13:42.838 AM ET,1.383,1,1,Mid,Off Exchange,Deriv Priced; Odd Lot; Trade Thru Exmpt
11:13:42.839 AM ET,1.382,1,1,Mid,Off Exchange,Odd Lot
11:13:42.848 AM ET,1.383,1,1,Mid,Off Exchange,Deriv Priced; Odd Lot; Trade Thru Exmpt
11:13:42.877 AM ET,1.389,1,1,Mid,Off Exchange,Deriv Priced; Odd Lot; Trade Thru Exmpt
11:13:42.878 AM ET,1.387,1,1,Mid,Off Exchange,Odd Lot
11:13:42.883 AM ET,1.389,1,1,Mid,Off Exchange,Odd Lot
11:13:42.898 AM ET,1.387,1,1,Mid,Off Exchange,Deriv Priced; Odd Lot; Trade Thru Exmpt
11:13:42.899 AM ET,1.387,1,1,Mid,Off Exchange,Deriv Priced; Odd Lot; Trade Thru Exmpt
11:13:42.905 AM ET,1.389,1,1,Mid,Off Exchange,Deriv Priced; Odd Lot; Trade Thru Exmpt
11:13:42.915 AM ET,1.390,1,1,Mid,Off Exchange,Deriv Priced; Odd Lot; Trade Thru Exmpt
11:13:43.188 AM ET,1.383,1,1,Mid,Off Exchange,Deriv Priced; Odd Lot; Trade Thru Exmpt
11:13:43.206 AM ET,1.383,1,1,Mid,Off Exchange,Deriv Priced; Odd Lot; Trade Thru Exmpt
11:13:47.330 AM ET,1.390,1,1,Ask,Cboe BZX,Odd Lot
11:14:44.232 AM ET,1.385,1,1,Mid,Off Exchange,Odd Lot
11:15:34.491 AM ET,1.385,1,1,Mid,Off Exchange,Odd Lot
11:16:05.334 AM ET,1.385,1,1,Mid,Off Exchange,Odd Lot
11:16:12.972 AM ET,1.389,1,1,Mid,Off Exchange,Odd Lot
11:16:15.334 AM ET,1.385,1,1,Mid,Off Exchange,Odd Lot
11:16:38.667 AM ET,1.385,1,1,Mid,Off Exchange,Odd Lot
11:16:45.334 AM ET,1.385,1,1,Mid,Off Exchange,Odd Lot
11:16:55.334 AM ET,1.385,1,1,Mid,Off Exchange,Odd Lot
11:17:05.334 AM ET,1.385,1,1,Mid,Off Exchange,Odd Lot
11:17:15.334 AM ET,1.385,1,1,Mid,Off Exchange,Odd Lot
11:17:24.212 AM ET,1.387,1,1,Mid,Off Exchange,Odd Lot
11:18:00.519 AM ET,1.388,1,1,Mid,Off Exchange,Odd Lot
11:18:15.338 AM ET,1.390,1,1,Ask,Off Exchange,Odd Lot
11:18:25.338 AM ET,1.390,1,1,Ask,Off Exchange,Odd Lot
11:18:30.972 AM ET,1.386,1,1,Mid,Off Exchange,Odd Lot
11:18:35.338 AM ET,1.390,1,1,Ask,Off Exchange,Odd Lot
11:18:37.375 AM ET,1.387,1,1,Mid,Off Exchange,Odd Lot
11:18:45.338 AM ET,1.390,1,1,Ask,Off Exchange,Odd Lot
11:19:36.078 AM ET,1.386,1,1,Mid,Off Exchange,Odd Lot
11:20:36.095 AM ET,1.385,1,1,Mid,Off Exchange,Odd Lot
11:21:33.347 AM ET,1.390,1,1,Ask,Off Exchange,Odd Lot
11:21:38.761 AM ET,1.384,1,1,Mid,Off Exchange,Odd Lot
11:21:48.347 AM ET,1.390,1,1,Ask,Off Exchange,Odd Lot
11:22:00.668 AM ET,1.380,1,1,Bid,Off Exchange,Odd Lot
11:22:03.347 AM ET,1.390,1,1,Ask,Off Exchange,Odd Lot
11:22:18.347 AM ET,1.390,1,1,Ask,Off Exchange,Odd Lot
11:22:24.116 AM ET,1.384,1,1,Mid,Off Exchange,Odd Lot
11:22:33.347 AM ET,1.390,1,1,Ask,Off Exchange,Odd Lot
11:23:00.336 AM ET,1.383,1,1,Mid,Off Exchange,Odd Lot
11:23:03.347 AM ET,1.390,1,1,Ask,Off Exchange,Odd Lot
11:23:18.347 AM ET,1.390,1,1,Ask,Off Exchange,Odd Lot
11:23:29.754 AM ET,1.383,1,1,Mid,Off Exchange,Odd Lot
11:23:33.347 AM ET,1.390,1,1,Ask,Off Exchange,Odd Lot
11:23:37.396 AM ET,1.383,1,1,Mid,Off Exchange,Odd Lot
11:24:18.096 AM ET,1.383,1,1,Mid,Off Exchange,Odd Lot
11:25:17.640 AM ET,1.381,1,1,Mid,Off Exchange,Odd Lot
11:25:24.132 AM ET,1.385,1,1,Mid,Off Exchange,Odd Lot
11:25:39.126 AM ET,1.385,1,1,Mid,Off Exchange,Odd Lot
11:25:52.186 AM ET,1.385,1,1,Mid,Off Exchange,Odd Lot
11:26:14.735 AM ET,1.385,1,1,Mid,Off Exchange,Odd Lot
11:26:24.892 AM ET,1.385,1,1,Mid,Off Exchange,Odd Lot
11:26:45.211 AM ET,1.385,1,1,Mid,Off Exchange,Odd Lot
11:26:55.362 AM ET,1.385,1,1,Mid,Off Exchange,Odd Lot
11:27:05.446 AM ET,1.385,1,1,Mid,Off Exchange,Odd Lot
11:27:15.553 AM ET,1.385,1,1,Mid,Off Exchange,Odd Lot
11:27:35.795 AM ET,1.385,1,1,Mid,Off Exchange,Odd Lot
11:27:45.961 AM ET,1.385,1,1,Mid,Off Exchange,Odd Lot
11:28:21.356 AM ET,1.390,1,1,Ask,Off Exchange,Odd Lot
11:28:31.356 AM ET,1.390,1,1,Ask,Off Exchange,Odd Lot
11:28:41.356 AM ET,1.390,1,1,Ask,Off Exchange,Odd Lot
11:29:48.696 AM ET,1.385,1,1,Mid,Off Exchange,Odd Lot
11:30:30.644 AM ET,1.385,1,1,Mid,Off Exchange,Odd Lot
11:30:45.104 AM ET,1.385,1,1,Mid,Off Exchange,Odd Lot
11:30:59.361 AM ET,1.385,1,1,Mid,Off Exchange,Odd Lot
11:31:14.361 AM ET,1.385,1,1,Mid,Off Exchange,Odd Lot
11:31:44.992 AM ET,1.385,1,1,Mid,Off Exchange,Odd Lot
11:32:00.157 AM ET,1.385,1,1,Mid,Off Exchange,Odd Lot
11:32:15.383 AM ET,1.385,1,1,Mid,Off Exchange,Odd Lot
11:32:30.531 AM ET,1.385,1,1,Mid,Off Exchange,Odd Lot
11:32:59.361 AM ET,1.385,1,1,Mid,Off Exchange,Odd Lot
11:33:14.361 AM ET,1.385,1,1,Mid,Off Exchange,Odd Lot
11:33:29.361 AM ET,1.385,1,1,Mid,Off Exchange,Odd Lot
11:33:44.361 AM ET,1.385,1,1,Mid,Off Exchange,Odd Lot
11:34:07.366 AM ET,1.385,1,1,Mid,Off Exchange,Odd Lot
11:34:17.366 AM ET,1.385,1,1,Mid,Off Exchange,Odd Lot
11:34:25.131 AM ET,1.380,1,1,Bid,Off Exchange,Odd Lot
11:34:27.366 AM ET,1.385,1,1,Mid,Off Exchange,Odd Lot
11:34:37.366 AM ET,1.385,1,1,Mid,Off Exchange,Odd Lot
11:34:47.366 AM ET,1.385,1,1,Mid,Off Exchange,Odd Lot
11:34:57.367 AM ET,1.385,1,1,Mid,Off Exchange,Odd Lot
11:35:07.366 AM ET,1.385,1,1,Mid,Off Exchange,Odd Lot
11:35:17.366 AM ET,1.385,1,1,Mid,Off Exchange,Odd Lot
11:35:27.366 AM ET,1.385,1,1,Mid,Off Exchange,Odd Lot
11:35:37.366 AM ET,1.385,1,1,Mid,Off Exchange,Odd Lot
11:35:41.953 AM ET,1.383,1,1,Mid,Off Exchange,Odd Lot
11:35:47.366 AM ET,1.385,1,1,Mid,Off Exchange,Odd Lot
11:35:57.366 AM ET,1.385,1,1,Mid,Off Exchange,Odd Lot
11:36:07.366 AM ET,1.385,1,1,Mid,Off Exchange,Odd Lot
11:36:17.366 AM ET,1.385,1,1,Mid,Off Exchange,Odd Lot
11:36:37.366 AM ET,1.385,1,1,Mid,Off Exchange,Odd Lot
11:36:45.757 AM ET,1.380,1,1,Ask,NYSE,Inter Mkt Swp; Odd Lot; Trade Thru Exmpt
11:37:10.434 AM ET,1.375,1,1,Mid,Off Exchange,Odd Lot
11:38:17.370 AM ET,1.380,1,1,Ask,Off Exchange,Odd Lot
11:38:27.370 AM ET,1.380,1,1,Ask,Off Exchange,Odd Lot
11:38:27.371 AM ET,1.380,1,1,Ask,Off Exchange,Odd Lot
11:38:37.370 AM ET,1.380,1,1,Ask,Off Exchange,Odd Lot
11:39:21.601 AM ET,1.372,1,1,Mid,Off Exchange,Deriv Priced; Odd Lot; Trade Thru Exmpt
11:40:00.057 AM ET,1.375,1,1,Mid,Off Exchange,Odd Lot
11:40:05.643 AM ET,1.375,1,1,Mid,Off Exchange,Odd Lot
11:40:17.648 AM ET,1.375,1,1,Mid,Off Exchange,Odd Lot
11:40:40.375 AM ET,1.375,1,1,Mid,Off Exchange,Odd Lot
11:40:55.375 AM ET,1.375,1,1,Mid,Off Exchange,Odd Lot
11:41:10.375 AM ET,1.375,1,1,Mid,Off Exchange,Odd Lot
11:41:40.375 AM ET,1.375,1,1,Mid,Off Exchange,Odd Lot
11:41:55.375 AM ET,1.375,1,1,Mid,Off Exchange,Odd Lot
11:42:10.375 AM ET,1.375,1,1,Mid,Off Exchange,Odd Lot
11:42:25.375 AM ET,1.375,1,1,Mid,Off Exchange,Odd Lot
11:42:55.375 AM ET,1.375,1,1,Mid,Off Exchange,Odd Lot
11:43:10.375 AM ET,1.375,1,1,Mid,Off Exchange,Odd Lot
11:43:11.967 AM ET,1.373,1,1,Mid,Off Exchange,Odd Lot
11:43:25.375 AM ET,1.375,1,1,Mid,Off Exchange,Odd Lot
11:43:40.375 AM ET,1.375,1,1,Mid,Off Exchange,Odd Lot
11:44:03.380 AM ET,1.375,1,1,Mid,Off Exchange,Odd Lot
11:44:13.380 AM ET,1.375,1,1,Mid,Off Exchange,Odd Lot
11:44:23.380 AM ET,1.375,1,1,Mid,Off Exchange,Odd Lot
11:44:33.380 AM ET,1.375,1,1,Mid,Off Exchange,Odd Lot
11:44:43.380 AM ET,1.375,1,1,Mid,Off Exchange,Odd Lot
11:44:53.380 AM ET,1.375,1,1,Mid,Off Exchange,Odd Lot
11:44:53.523 AM ET,1.372,1,1,Mid,Off Exchange,Odd Lot
11:45:03.380 AM ET,1.375,1,1,Mid,Off Exchange,Odd Lot
11:45:13.380 AM ET,1.375,1,1,Mid,Off Exchange,Odd Lot
11:45:23.380 AM ET,1.375,1,1,Mid,Off Exchange,Odd Lot
11:45:33.380 AM ET,1.375,1,1,Mid,Off Exchange,Odd Lot
11:45:43.380 AM ET,1.375,1,1,Mid,Off Exchange,Odd Lot
11:45:53.380 AM ET,1.375,1,1,Mid,Off Exchange,Odd Lot
11:45:55.754 AM ET,1.373,1,1,Mid,Off Exchange,Odd Lot
11:46:03.380 AM ET,1.375,1,1,Mid,Off Exchange,Odd Lot
11:46:03.728 AM ET,1.371,1,1,Mid,Off Exchange,Odd Lot
11:46:13.380 AM ET,1.375,1,1,Mid,Off Exchange,Odd Lot
11:46:33.380 AM ET,1.375,1,1,Mid,Off Exchange,Odd Lot
11:46:43.380 AM ET,1.375,1,1,Mid,Off Exchange,Odd Lot
11:46:53.380 AM ET,1.375,1,1,Mid,Off Exchange,Odd Lot
11:47:03.380 AM ET,1.375,1,1,Mid,Off Exchange,Odd Lot
11:47:03.743 AM ET,1.372,1,1,Mid,Off Exchange,Odd Lot
11:47:05.492 AM ET,1.370,1,1,Mid,Off Exchange,Odd Lot
11:47:23.853 AM ET,1.375,1,1,Mid,Off Exchange,Odd Lot
11:48:13.384 AM ET,1.380,1,1,Ask,Off Exchange,Odd Lot
11:48:13.786 AM ET,1.374,1,1,Mid,Off Exchange,Odd Lot
11:48:23.384 AM ET,1.380,1,1,Ask,Off Exchange,Odd Lot
11:48:33.384 AM ET,1.380,1,1,Ask,Off Exchange,Odd Lot
11:51:03.740 AM ET,1.374,1,1,Mid,Off Exchange,Odd Lot
11:51:36.393 AM ET,1.380,1,1,Ask,Off Exchange,Odd Lot
11:51:49.868 AM ET,1.374,1,1,Mid,Off Exchange,Odd Lot
11:51:51.393 AM ET,1.380,1,1,Ask,Off Exchange,Odd Lot
11:52:06.393 AM ET,1.380,1,1,Ask,Off Exchange,Odd Lot
11:52:21.393 AM ET,1.380,1,1,Ask,Off Exchange,Odd Lot
11:52:32.061 AM ET,1.374,1,1,Mid,Off Exchange,Odd Lot
11:52:36.393 AM ET,1.380,1,1,Ask,Off Exchange,Odd Lot
11:53:06.393 AM ET,1.380,1,1,Ask,Off Exchange,Odd Lot
11:53:13.798 AM ET,1.374,1,1,Mid,Off Exchange,Odd Lot
11:53:21.393 AM ET,1.380,1,1,Ask,Off Exchange,Odd Lot
11:53:36.518 AM ET,1.374,1,1,Mid,Off Exchange,Odd Lot
11:53:53.724 AM ET,1.374,1,1,Mid,Off Exchange,Odd Lot
11:54:28.886 AM ET,1.374,1,1,Mid,Off Exchange,Odd Lot
11:54:53.493 AM ET,1.374,1,1,Mid,Off Exchange,Odd Lot
11:55:01.149 AM ET,1.375,1,1,Mid,Off Exchange,Odd Lot
11:55:10.579 AM ET,1.375,1,1,Mid,Off Exchange,Odd Lot
11:55:37.411 AM ET,1.374,1,1,Mid,Off Exchange,Odd Lot
11:55:53.086 AM ET,1.375,1,1,Mid,Off Exchange,Odd Lot
11:56:03.753 AM ET,1.374,1,1,Mid,Off Exchange,Odd Lot
11:57:00.670 AM ET,1.374,1,1,Mid,Off Exchange,Odd Lot
11:57:19.398 AM ET,1.375,1,1,Mid,Off Exchange,Odd Lot
11:57:34.398 AM ET,1.375,1,1,Mid,Off Exchange,Odd Lot
11:58:01.696 AM ET,1.375,1,1,Mid,Off Exchange,Odd Lot
11:58:04.398 AM ET,1.375,1,1,Mid,Off Exchange,Odd Lot
11:58:13.807 AM ET,1.375,1,1,Mid,Off Exchange,Odd Lot
11:58:19.398 AM ET,1.375,1,1,Mid,Off Exchange,Odd Lot
11:58:42.702 AM ET,1.375,1,1,Mid,Off Exchange,Odd Lot
11:58:57.403 AM ET,1.375,1,1,Mid,Off Exchange,Odd Lot
11:59:07.403 AM ET,1.375,1,1,Mid,Off Exchange,Odd Lot
11:59:17.403 AM ET,1.375,1,1,Mid,Off Exchange,Odd Lot
11:59:27.403 AM ET,1.375,1,1,Mid,Off Exchange,Odd Lot
11:59:28.902 AM ET,1.374,1,1,Mid,Off Exchange,Odd Lot
11:59:38.417 AM ET,1.375,1,1,Mid,Off Exchange,Odd Lot
11:59:47.403 AM ET,1.375,1,1,Mid,Off Exchange,Odd Lot
11:59:57.403 AM ET,1.375,1,1,Mid,Off Exchange,Odd Lot
12:00:10.590 PM ET,1.374,1,1,Mid,Off Exchange,Odd Lot
12:00:23.415 PM ET,1.375,1,1,Mid,Off Exchange,Odd Lot
12:00:23.416 PM ET,1.375,1,1,Mid,Off Exchange,Odd Lot
12:00:24.661 PM ET,1.374,1,1,Mid,Off Exchange,Odd Lot
12:00:42.391 PM ET,1.374,1,1,Mid,Off Exchange,Odd Lot
12:01:03.780 PM ET,1.374,1,1,Mid,Off Exchange,Odd Lot
12:01:35.610 PM ET,1.374,1,1,Mid,Off Exchange,Odd Lot
12:01:41.612 PM ET,1.375,1,1,Mid,Off Exchange,Odd Lot
12:01:46.797 PM ET,1.374,1,1,Mid,Off Exchange,Odd Lot
12:01:55.345 PM ET,1.379,1,1,Mid,Off Exchange,Odd Lot
12:02:09.014 PM ET,1.375,1,1,Mid,Off Exchange,Odd Lot
12:02:27.403 PM ET,1.375,1,1,Mid,Off Exchange,Odd Lot
12:02:37.403 PM ET,1.375,1,1,Mid,Off Exchange,Odd Lot
12:02:47.403 PM ET,1.375,1,1,Mid,Off Exchange,Odd Lot
12:03:10.885 PM ET,1.375,1,1,Mid,Off Exchange,Odd Lot
12:03:13.823 PM ET,1.372,1,1,Mid,Off Exchange,Odd Lot
12:03:21.085 PM ET,1.375,1,1,Mid,Off Exchange,Odd Lot
12:03:26.647 PM ET,1.372,1,1,Mid,Off Exchange,Odd Lot
12:03:27.407 PM ET,1.380,1,1,Ask,Off Exchange,Odd Lot
12:03:41.351 PM ET,1.375,1,1,Mid,Off Exchange,Odd Lot
12:03:45.412 PM ET,1.375,1,1,Mid,Off Exchange,Odd Lot
12:04:01.640 PM ET,1.375,1,1,Mid,Off Exchange,Odd Lot
12:04:09.202 PM ET,1.370,1,1,Ask,NYSE,Inter Mkt Swp; Odd Lot; Trade Thru Exmpt
12:04:29.950 PM ET,1.375,1,1,Mid,Off Exchange,Odd Lot
12:04:30.412 PM ET,1.375,1,1,Mid,Off Exchange,Odd Lot
12:04:45.412 PM ET,1.375,1,1,Mid,Off Exchange,Odd Lot
12:05:00.412 PM ET,1.375,1,1,Mid,Off Exchange,Odd Lot
12:05:10.600 PM ET,1.371,1,1,Mid,Off Exchange,Odd Lot
12:05:15.412 PM ET,1.375,1,1,Mid,Off Exchange,Odd Lot
12:05:24.674 PM ET,1.371,1,1,Mid,Off Exchange,Odd Lot
12:05:30.412 PM ET,1.375,1,1,Mid,Off Exchange,Odd Lot
12:05:45.412 PM ET,1.375,1,1,Mid,Off Exchange,Odd Lot
12:06:00.412 PM ET,1.375,1,1,Mid,Off Exchange,Odd Lot
12:06:03.796 PM ET,1.371,1,1,Mid,Off Exchange,Odd Lot
12:07:19.243 PM ET,1.379,1,1,Mid,Off Exchange,Odd Lot
12:07:45.416 PM ET,1.380,1,1,Ask,Off Exchange,Odd Lot
12:08:00.416 PM ET,1.380,1,1,Ask,Off Exchange,Odd Lot
12:08:13.834 PM ET,1.371,1,1,Mid,Off Exchange,Odd Lot
12:08:15.416 PM ET,1.380,1,1,Ask,Off Exchange,Odd Lot
12:10:10.620 PM ET,1.376,1,1,Mid,Off Exchange,Odd Lot
12:11:03.828 PM ET,1.375,1,1,Mid,Off Exchange,Odd Lot
12:11:13.425 PM ET,1.380,1,1,Ask,Off Exchange,Odd Lot
12:11:28.425 PM ET,1.380,1,1,Ask,Off Exchange,Odd Lot
12:11:43.425 PM ET,1.380,1,1,Ask,Off Exchange,Odd Lot
12:11:50.687 PM ET,1.375,1,1,Mid,Off Exchange,Odd Lot
12:11:58.425 PM ET,1.380,1,1,Ask,Off Exchange,Odd Lot
12:12:13.425 PM ET,1.380,1,1,Ask,Off Exchange,Odd Lot
12:12:43.425 PM ET,1.380,1,1,Ask,Off Exchange,Odd Lot
12:12:50.709 PM ET,1.375,1,1,Mid,Off Exchange,Odd Lot
12:12:58.425 PM ET,1.380,1,1,Ask,Off Exchange,Odd Lot
12:13:13.425 PM ET,1.380,1,1,Ask,Off Exchange,Odd Lot
12:14:09.232 PM ET,1.374,1,1,Mid,Off Exchange,Odd Lot
12:14:56.235 PM ET,1.374,1,1,Mid,Off Exchange,Odd Lot
12:16:00.067 PM ET,1.375,1,1,Mid,Off Exchange,Odd Lot
12:16:01.278 PM ET,1.373,1,1,Mid,Off Exchange,Odd Lot
12:16:26.429 PM ET,1.380,1,1,Ask,Off Exchange,Odd Lot
12:16:26.430 PM ET,1.380,1,1,Ask,Off Exchange,Odd Lot
12:16:41.429 PM ET,1.380,1,1,Ask,Off Exchange,Odd Lot
12:16:41.430 PM ET,1.380,1,1,Ask,Off Exchange,Odd Lot
12:16:50.710 PM ET,1.373,1,1,Mid,Off Exchange,Odd Lot
12:16:56.429 PM ET,1.380,1,1,Ask,Off Exchange,Odd Lot
12:16:56.430 PM ET,1.380,1,1,Ask,Off Exchange,Odd Lot
12:17:37.733 PM ET,1.371,1,1,Mid,Off Exchange,Odd Lot
12:17:41.426 PM ET,1.375,1,1,Mid,Off Exchange,Odd Lot
12:17:50.720 PM ET,1.372,1,1,Mid,Off Exchange,Odd Lot
12:17:56.428 PM ET,1.375,1,1,Mid,Off Exchange,Odd Lot
12:17:56.435 PM ET,1.375,1,1,Mid,Off Exchange,Odd Lot
12:18:11.426 PM ET,1.375,1,1,Mid,Off Exchange,Odd Lot
12:18:11.493 PM ET,1.371,1,1,Mid,Off Exchange,Odd Lot
12:18:26.426 PM ET,1.375,1,1,Mid,Off Exchange,Odd Lot
12:18:39.431 PM ET,1.375,1,1,Mid,Off Exchange,Odd Lot
12:18:54.431 PM ET,1.375,1,1,Mid,Off Exchange,Odd Lot
12:19:09.263 PM ET,1.372,1,1,Mid,Off Exchange,Odd Lot
12:19:09.430 PM ET,1.375,1,1,Mid,Off Exchange,Odd Lot
12:19:24.430 PM ET,1.375,1,1,Mid,Off Exchange,Odd Lot
12:19:27.406 PM ET,1.380,1,1,Ask,Off Exchange,Odd Lot
12:19:39.431 PM ET,1.375,1,1,Mid,Off Exchange,Odd Lot
12:19:51.262 PM ET,1.371,1,1,Mid,Off Exchange,Odd Lot
12:19:54.431 PM ET,1.375,1,1,Mid,Off Exchange,Odd Lot
12:20:09.431 PM ET,1.375,1,1,Mid,Off Exchange,Odd Lot
12:20:24.431 PM ET,1.375,1,1,Mid,Off Exchange,Odd Lot
12:20:39.430 PM ET,1.375,1,1,Mid,Off Exchange,Odd Lot
12:20:54.431 PM ET,1.375,1,1,Mid,Off Exchange,Odd Lot
12:21:01.304 PM ET,1.371,1,1,Mid,Off Exchange,Odd Lot
12:21:24.430 PM ET,1.375,1,1,Mid,Off Exchange,Odd Lot
12:21:42.997 PM ET,1.371,1,1,Mid,Off Exchange,Odd Lot
12:21:52.342 PM ET,1.375,1,1,Mid,Off Exchange,Odd Lot
12:21:54.431 PM ET,1.375,1,1,Mid,Off Exchange,Odd Lot
12:22:09.431 PM ET,1.375,1,1,Mid,Off Exchange,Odd Lot
12:22:39.431 PM ET,1.375,1,1,Mid,Off Exchange,Odd Lot
12:22:50.753 PM ET,1.371,1,1,Mid,Off Exchange,Odd Lot
12:22:54.431 PM ET,1.375,1,1,Mid,Off Exchange,Odd Lot
12:22:58.292 PM ET,1.371,1,1,Mid,Off Exchange,Odd Lot
12:23:09.431 PM ET,1.375,1,1,Mid,Off Exchange,Odd Lot
12:23:24.430 PM ET,1.375,1,1,Mid,Off Exchange,Odd Lot
12:23:47.436 PM ET,1.375,1,1,Mid,Off Exchange,Odd Lot
12:23:57.435 PM ET,1.375,1,1,Mid,Off Exchange,Odd Lot
12:24:07.436 PM ET,1.375,1,1,Mid,Off Exchange,Odd Lot
12:24:09.330 PM ET,1.371,1,1,Mid,Off Exchange,Odd Lot
12:24:13.353 PM ET,1.374,1,1,Mid,Off Exchange,Odd Lot
12:24:17.435 PM ET,1.375,1,1,Mid,Off Exchange,Odd Lot
12:24:27.435 PM ET,1.375,1,1,Mid,Off Exchange,Odd Lot
12:24:37.436 PM ET,1.375,1,1,Mid,Off Exchange,Odd Lot
12:24:47.436 PM ET,1.375,1,1,Mid,Off Exchange,Odd Lot
12:24:57.435 PM ET,1.375,1,1,Mid,Off Exchange,Odd Lot
12:25:07.436 PM ET,1.375,1,1,Mid,Off Exchange,Odd Lot
12:25:17.435 PM ET,1.375,1,1,Mid,Off Exchange,Odd Lot
12:25:27.436 PM ET,1.375,1,1,Mid,Off Exchange,Odd Lot
12:25:28.061 PM ET,1.372,1,1,Mid,Off Exchange,Odd Lot
12:25:37.436 PM ET,1.375,1,1,Mid,Off Exchange,Odd Lot
12:25:47.436 PM ET,1.375,1,1,Mid,Off Exchange,Odd Lot
12:25:57.435 PM ET,1.375,1,1,Mid,Off Exchange,Odd Lot
12:26:17.436 PM ET,1.375,1,1,Mid,Off Exchange,Odd Lot
12:26:27.435 PM ET,1.375,1,1,Mid,Off Exchange,Odd Lot
12:26:37.436 PM ET,1.375,1,1,Mid,Off Exchange,Odd Lot
12:26:43.009 PM ET,1.371,1,1,Mid,Off Exchange,Odd Lot
12:26:47.435 PM ET,1.375,1,1,Mid,Off Exchange,Odd Lot
12:27:07.435 PM ET,1.375,1,1,Mid,Off Exchange,Odd Lot
12:27:17.435 PM ET,1.375,1,1,Mid,Off Exchange,Odd Lot
12:27:27.435 PM ET,1.375,1,1,Mid,Off Exchange,Odd Lot
12:27:37.436 PM ET,1.375,1,1,Mid,Off Exchange,Odd Lot
12:27:50.766 PM ET,1.373,1,1,Mid,Off Exchange,Odd Lot
12:27:57.435 PM ET,1.375,1,1,Mid,Off Exchange,Odd Lot
12:28:07.435 PM ET,1.375,1,1,Mid,Off Exchange,Odd Lot
12:28:17.435 PM ET,1.375,1,1,Mid,Off Exchange,Odd Lot
12:28:27.436 PM ET,1.375,1,1,Mid,Off Exchange,Odd Lot
12:28:34.172 PM ET,1.373,1,1,Mid,Off Exchange,Odd Lot
12:28:35.440 PM ET,1.375,1,1,Mid,Off Exchange,Odd Lot
12:28:50.440 PM ET,1.375,1,1,Mid,Off Exchange,Odd Lot
12:29:05.440 PM ET,1.375,1,1,Mid,Off Exchange,Odd Lot
12:29:20.441 PM ET,1.375,1,1,Mid,Off Exchange,Odd Lot
12:29:35.441 PM ET,1.375,1,1,Mid,Off Exchange,Odd Lot
12:29:50.441 PM ET,1.375,1,1,Mid,Off Exchange,Odd Lot
12:30:05.440 PM ET,1.375,1,1,Mid,Off Exchange,Odd Lot
12:30:20.440 PM ET,1.375,1,1,Mid,Off Exchange,Odd Lot
12:30:35.440 PM ET,1.375,1,1,Mid,Off Exchange,Odd Lot
12:30:50.441 PM ET,1.375,1,1,Mid,Off Exchange,Odd Lot
12:31:19.541 PM ET,1.373,1,1,Mid,Off Exchange,Odd Lot
12:31:20.440 PM ET,1.375,1,1,Mid,Off Exchange,Odd Lot
12:31:35.441 PM ET,1.375,1,1,Mid,Off Exchange,Odd Lot
12:31:50.440 PM ET,1.375,1,1,Mid,Off Exchange,Odd Lot
12:32:12.876 PM ET,1.373,1,1,Mid,Off Exchange,Odd Lot
12:32:50.444 PM ET,1.380,1,1,Ask,Off Exchange,Odd Lot
12:33:05.445 PM ET,1.380,1,1,Ask,Off Exchange,Odd Lot
12:33:12.985 PM ET,1.375,1,1,Mid,Off Exchange,Odd Lot
12:33:25.603 PM ET,1.375,1,1,Mid,Off Exchange,Odd Lot
12:33:33.444 PM ET,1.380,1,1,Ask,Off Exchange,Odd Lot
12:33:34.185 PM ET,1.374,1,1,Mid,Off Exchange,Odd Lot
12:34:06.527 PM ET,1.375,1,1,Mid,Off Exchange,Odd Lot
12:34:23.852 PM ET,1.374,1,1,Mid,Off Exchange,Odd Lot
12:34:30.502 PM ET,1.375,1,1,Mid,Off Exchange,Odd Lot
12:34:30.503 PM ET,1.375,1,1,Mid,Off Exchange,Odd Lot
12:34:48.449 PM ET,1.375,1,1,Mid,Off Exchange,Odd Lot
12:35:03.449 PM ET,1.375,1,1,Mid,Off Exchange,Odd Lot
12:35:17.793 PM ET,1.375,1,1,Mid,NYSE Arca,Odd Lot
12:35:18.449 PM ET,1.375,1,1,Mid,Off Exchange,Odd Lot
12:35:37.318 PM ET,1.375,1,1,Mid,Off Exchange,Odd Lot
12:36:09.958 PM ET,1.375,1,1,Mid,Off Exchange,Odd Lot
12:36:18.613 PM ET,1.375,1,1,Mid,Off Exchange,Odd Lot
12:36:35.451 PM ET,1.375,1,1,Mid,Off Exchange,Odd Lot
12:36:48.449 PM ET,1.375,1,1,Mid,Off Exchange,Odd Lot
12:36:56.792 PM ET,1.373,1,1,Mid,Off Exchange,Odd Lot
12:37:03.449 PM ET,1.375,1,1,Mid,Off Exchange,Odd Lot
12:37:33.449 PM ET,1.375,1,1,Mid,Off Exchange,Odd Lot
12:37:48.449 PM ET,1.375,1,1,Mid,Off Exchange,Odd Lot
12:38:03.449 PM ET,1.375,1,1,Mid,Off Exchange,Odd Lot
12:38:06.235 PM ET,1.372,1,1,Mid,Off Exchange,Odd Lot
12:38:18.450 PM ET,1.375,1,1,Mid,Off Exchange,Odd Lot
12:38:40.724 PM ET,1.375,1,1,Mid,Off Exchange,Odd Lot
12:39:03.724 PM ET,1.375,1,1,Mid,Off Exchange,Odd Lot
12:39:03.725 PM ET,1.375,1,1,Mid,Off Exchange,Odd Lot
12:39:06.561 PM ET,1.373,1,1,Mid,Off Exchange,Odd Lot
12:39:23.354 PM ET,1.375,1,1,Mid,Off Exchange,Odd Lot
12:39:45.810 PM ET,1.375,1,1,Mid,Off Exchange,Odd Lot
12:39:52.604 PM ET,1.375,1,1,Mid,Off Exchange,Odd Lot
12:40:02.667 PM ET,1.375,1,1,Mid,Off Exchange,Odd Lot
12:40:05.134 PM ET,1.373,1,1,Mid,Off Exchange,Odd Lot
12:40:45.499 PM ET,1.375,1,1,Mid,Off Exchange,Odd Lot
12:40:45.500 PM ET,1.375,1,1,Mid,Off Exchange,Odd Lot
12:40:46.867 PM ET,1.375,1,1,Mid,Off Exchange,Odd Lot
12:41:06.290 PM ET,1.373,1,1,Mid,Off Exchange,Odd Lot
12:41:18.232 PM ET,1.375,1,1,Mid,Off Exchange,Odd Lot
12:41:31.458 PM ET,1.375,1,1,Mid,Off Exchange,Odd Lot
12:41:46.458 PM ET,1.375,1,1,Mid,Off Exchange,Odd Lot
12:41:50.131 PM ET,1.377,1,1,Mid,Off Exchange,Odd Lot
12:42:01.458 PM ET,1.375,1,1,Mid,Off Exchange,Odd Lot
12:42:35.072 PM ET,1.377,1,1,Mid,Off Exchange,Odd Lot
12:42:46.464 PM ET,1.375,1,1,Mid,Off Exchange,Odd Lot
12:42:56.851 PM ET,1.377,1,1,Mid,Off Exchange,Odd Lot
12:43:01.474 PM ET,1.375,1,1,Mid,Off Exchange,Odd Lot
12:43:01.494 PM ET,1.375,1,1,Mid,Off Exchange,Odd Lot
12:43:27.089 PM ET,1.375,1,1,Mid,Off Exchange,Odd Lot
12:44:06.261 PM ET,1.377,1,1,Mid,Off Exchange,Odd Lot
12:44:18.159 PM ET,1.375,1,1,Mid,Off Exchange,Odd Lot
12:44:18.160 PM ET,1.375,1,1,Mid,Off Exchange,Odd Lot
12:44:52.634 PM ET,1.377,1,1,Mid,Off Exchange,Odd Lot
12:45:10.788 PM ET,1.375,1,1,Mid,Off Exchange,Odd Lot
12:45:45.598 PM ET,1.377,1,1,Mid,Off Exchange,Odd Lot
12:46:07.148 PM ET,1.375,1,1,Mid,Off Exchange,Odd Lot
12:46:45.076 PM ET,1.374,1,1,Mid,Off Exchange,Odd Lot
12:46:50.634 PM ET,1.374,1,1,Mid,Off Exchange,Odd Lot
12:46:59.470 PM ET,1.380,1,1,Ask,Off Exchange,Odd Lot
12:47:29.469 PM ET,1.375,1,1,Mid,Off Exchange,Odd Lot
12:47:29.471 PM ET,1.375,1,1,Mid,Off Exchange,Odd Lot
12:47:44.480 PM ET,1.375,1,1,Mid,Off Exchange,Odd Lot
12:47:44.489 PM ET,1.375,1,1,Mid,Off Exchange,Odd Lot
12:47:56.863 PM ET,1.373,1,1,Mid,Off Exchange,Odd Lot
12:47:59.470 PM ET,1.375,1,1,Mid,Off Exchange,Odd Lot
12:47:59.471 PM ET,1.375,1,1,Mid,Off Exchange,Odd Lot
12:48:50.897 PM ET,1.373,1,1,Mid,Off Exchange,Odd Lot
12:49:52.644 PM ET,1.372,1,1,Mid,Off Exchange,Odd Lot
12:50:45.618 PM ET,1.372,1,1,Mid,Off Exchange,Odd Lot
12:50:53.933 PM ET,1.371,1,1,Mid,Off Exchange,Odd Lot
12:50:57.479 PM ET,1.375,1,1,Mid,Off Exchange,Odd Lot
12:51:12.478 PM ET,1.380,1,1,Ask,Off Exchange,Odd Lot
12:51:27.477 PM ET,1.375,1,1,Mid,Off Exchange,Odd Lot
12:51:27.510 PM ET,1.375,1,1,Mid,Off Exchange,Odd Lot
12:51:42.484 PM ET,1.375,1,1,Mid,Off Exchange,Odd Lot
12:51:42.510 PM ET,1.375,1,1,Mid,Off Exchange,Odd Lot
12:51:45.089 PM ET,1.372,1,1,Mid,Off Exchange,Odd Lot
12:51:57.478 PM ET,1.375,1,1,Mid,Off Exchange,Odd Lot
12:51:57.481 PM ET,1.375,1,1,Mid,Off Exchange,Odd Lot
12:52:27.477 PM ET,1.380,1,1,Ask,Off Exchange,Odd Lot
12:52:27.478 PM ET,1.380,1,1,Ask,Off Exchange,Odd Lot
12:52:33.131 PM ET,1.372,1,1,Mid,Off Exchange,Odd Lot
12:52:42.478 PM ET,1.380,1,1,Ask,Off Exchange,Odd Lot
12:52:49.335 PM ET,1.378,1,1,Mid,Off Exchange,Odd Lot
12:52:50.114 PM ET,1.377,1,1,Mid,Off Exchange,Odd Lot
12:52:57.477 PM ET,1.380,1,1,Ask,Off Exchange,Odd Lot
12:52:57.478 PM ET,1.380,1,1,Ask,Off Exchange,Odd Lot
12:53:08.776 PM ET,1.375,1,1,Mid,Off Exchange,Odd Lot
12:53:13.840 PM ET,1.375,1,1,Mid,Off Exchange,Odd Lot
12:53:25.480 PM ET,1.375,1,1,Mid,Off Exchange,Odd Lot
12:53:29.030 PM ET,1.375,1,1,Mid,Off Exchange,Odd Lot
12:53:44.212 PM ET,1.375,1,1,Mid,Off Exchange,Odd Lot
12:53:50.913 PM ET,1.372,1,1,Mid,Off Exchange,Odd Lot
12:53:59.398 PM ET,1.375,1,1,Mid,Off Exchange,Odd Lot
12:54:14.553 PM ET,1.375,1,1,Mid,Off Exchange,Odd Lot
12:54:29.767 PM ET,1.375,1,1,Mid,Off Exchange,Odd Lot
12:54:44.950 PM ET,1.375,1,1,Mid,Off Exchange,Odd Lot
12:54:52.674 PM ET,1.373,1,1,Mid,Off Exchange,Odd Lot
12:54:56.611 PM ET,1.375,1,1,Mid,Off Exchange,Odd Lot
12:54:58.272 PM ET,1.372,1,1,Mid,Off Exchange,Odd Lot
12:55:15.297 PM ET,1.375,1,1,Mid,Off Exchange,Odd Lot
12:55:30.543 PM ET,1.375,1,1,Mid,Off Exchange,Odd Lot
12:55:40.681 PM ET,1.375,1,1,Mid,Off Exchange,Odd Lot
12:55:45.628 PM ET,1.373,1,1,Mid,Off Exchange,Odd Lot
12:56:11.140 PM ET,1.375,1,1,Mid,Off Exchange,Odd Lot
12:56:26.331 PM ET,1.375,1,1,Mid,Off Exchange,Odd Lot
12:56:41.614 PM ET,1.375,1,1,Mid,Off Exchange,Odd Lot
12:56:45.102 PM ET,1.373,1,1,Mid,Off Exchange,Odd Lot
12:56:57.441 PM ET,1.375,1,1,Mid,Off Exchange,Odd Lot
12:57:25.494 PM ET,1.375,1,1,Mid,Off Exchange,Odd Lot
12:57:33.148 PM ET,1.373,1,1,Mid,Off Exchange,Odd Lot
12:57:40.481 PM ET,1.375,1,1,Mid,Off Exchange,Odd Lot
12:57:55.481 PM ET,1.375,1,1,Mid,Off Exchange,Odd Lot
12:58:19.387 PM ET,1.375,1,1,Mid,Off Exchange,Odd Lot
12:58:23.292 PM ET,1.370,1,1,Bid,Cboe BZX,Inter Mkt Swp; Odd Lot; Trade Thru Exmpt
12:58:27.597 PM ET,1.375,1,1,Mid,Off Exchange,Odd Lot
12:58:33.156 PM ET,1.375,1,1,Mid,Off Exchange,Odd Lot
12:58:44.254 PM ET,1.375,1,1,Mid,Off Exchange,Odd Lot
12:59:07.272 PM ET,1.375,1,1,Mid,Off Exchange,Odd Lot
12:59:08.257 PM ET,1.376,1,1,Mid,Off Exchange,Odd Lot
12:59:12.037 PM ET,1.375,1,1,Mid,Off Exchange,Odd Lot
01:00:04.628 PM ET,1.375,1,1,Mid,Off Exchange,Odd Lot
01:00:45.636 PM ET,1.375,1,1,Mid,Off Exchange,Odd Lot
01:01:38.489 PM ET,1.375,1,1,Mid,Off Exchange,Odd Lot
01:01:53.489 PM ET,1.375,1,1,Mid,Off Exchange,Odd Lot
01:02:19.233 PM ET,1.375,1,1,Mid,Off Exchange,Odd Lot
01:02:36.587 PM ET,1.375,1,1,Mid,Off Exchange,Odd Lot
01:02:53.494 PM ET,1.375,1,1,Mid,Off Exchange,Odd Lot
01:02:53.517 PM ET,1.375,1,1,Mid,Off Exchange,Odd Lot
01:03:13.553 PM ET,1.373,1,1,Mid,Off Exchange,Odd Lot
01:03:23.007 PM ET,1.375,1,1,Mid,Off Exchange,Odd Lot
01:03:31.673 PM ET,1.375,1,1,Mid,Off Exchange,Odd Lot
01:03:33.167 PM ET,1.374,1,1,Mid,Off Exchange,Odd Lot
01:03:36.498 PM ET,1.375,1,1,Mid,Off Exchange,Odd Lot
01:03:51.498 PM ET,1.375,1,1,Mid,Off Exchange,Odd Lot
01:04:06.498 PM ET,1.375,1,1,Mid,Off Exchange,Odd Lot
01:04:11.917 PM ET,1.374,1,1,Mid,Off Exchange,Odd Lot
01:04:29.002 PM ET,1.375,1,1,Mid,Off Exchange,Odd Lot
01:04:39.154 PM ET,1.375,1,1,Mid,Off Exchange,Odd Lot
01:04:54.341 PM ET,1.375,1,1,Mid,Off Exchange,Odd Lot
01:05:09.549 PM ET,1.375,1,1,Mid,Off Exchange,Odd Lot
01:05:24.817 PM ET,1.375,1,1,Mid,Off Exchange,Odd Lot
01:05:40.029 PM ET,1.375,1,1,Mid,Off Exchange,Odd Lot
01:06:10.485 PM ET,1.375,1,1,Mid,Off Exchange,Odd Lot
01:06:21.842 PM ET,1.374,1,1,Mid,Off Exchange,Odd Lot
01:06:25.689 PM ET,1.375,1,1,Mid,Off Exchange,Odd Lot
01:06:35.801 PM ET,1.374,1,1,Mid,Off Exchange,Odd Lot
01:06:40.898 PM ET,1.375,1,1,Mid,Off Exchange,Odd Lot
01:06:56.067 PM ET,1.375,1,1,Mid,Off Exchange,Odd Lot
01:07:21.512 PM ET,1.375,1,1,Mid,Off Exchange,Odd Lot
01:07:30.832 PM ET,1.373,1,1,Mid,Off Exchange,Odd Lot
01:07:36.599 PM ET,1.375,1,1,Mid,Off Exchange,Odd Lot
01:07:51.502 PM ET,1.375,1,1,Mid,Off Exchange,Odd Lot
01:08:19.622 PM ET,1.373,1,1,Mid,Off Exchange,Odd Lot
01:08:54.605 PM ET,1.375,1,1,Mid,Off Exchange,Odd Lot
01:08:54.606 PM ET,1.375,1,1,Mid,Off Exchange,Odd Lot
01:09:11.935 PM ET,1.373,1,1,Mid,Off Exchange,Odd Lot
01:09:19.982 PM ET,1.375,1,1,Mid,Off Exchange,Odd Lot
01:09:20.288 PM ET,1.371,1,1,Mid,Off Exchange,Odd Lot
01:09:35.193 PM ET,1.375,1,1,Mid,Off Exchange,Odd Lot
01:09:50.371 PM ET,1.375,1,1,Mid,Off Exchange,Odd Lot
01:09:50.978 PM ET,1.371,1,1,Mid,Off Exchange,Odd Lot
01:10:05.587 PM ET,1.375,1,1,Mid,Off Exchange,Odd Lot
01:10:44.796 PM ET,1.373,1,1,Mid,Off Exchange,Odd Lot
01:11:49.510 PM ET,1.380,1,1,Ask,Off Exchange,Odd Lot
01:12:14.267 PM ET,1.375,1,1,Mid,Off Exchange,Odd Lot
01:12:14.292 PM ET,1.375,1,1,Mid,Off Exchange,Odd Lot
01:12:34.510 PM ET,1.380,1,1,Ask,Off Exchange,Odd Lot
01:12:49.510 PM ET,1.380,1,1,Ask,Off Exchange,Odd Lot
01:13:19.644 PM ET,1.375,1,1,Mid,Off Exchange,Odd Lot
01:13:20.921 PM ET,1.375,1,1,Mid,Off Exchange,Odd Lot
01:13:35.753 PM ET,1.375,1,1,Mid,Off Exchange,Odd Lot
01:14:11.948 PM ET,1.375,1,1,Mid,Off Exchange,Odd Lot
01:14:51.000 PM ET,1.375,1,1,Mid,Off Exchange,Odd Lot
01:15:14.316 PM ET,1.375,1,1,Mid,Off Exchange,Odd Lot
01:15:17.705 PM ET,1.370,1,1,Mid,Off Exchange,Odd Lot
01:15:33.938 PM ET,1.375,1,1,Mid,Off Exchange,Odd Lot
01:16:02.519 PM ET,1.380,1,1,Ask,Off Exchange,Odd Lot
01:16:14.361 PM ET,1.375,1,1,Mid,Off Exchange,Odd Lot
01:16:17.519 PM ET,1.380,1,1,Ask,Off Exchange,Odd Lot
01:16:32.519 PM ET,1.380,1,1,Ask,Off Exchange,Odd Lot
01:16:47.519 PM ET,1.380,1,1,Ask,Off Exchange,Odd Lot
01:17:08.254 PM ET,1.375,1,1,Mid,Off Exchange,Odd Lot
01:17:17.519 PM ET,1.380,1,1,Ask,Off Exchange,Odd Lot
01:17:32.519 PM ET,1.380,1,1,Ask,Off Exchange,Odd Lot
01:17:33.993 PM ET,1.375,1,1,Mid,Off Exchange,Odd Lot
01:17:47.519 PM ET,1.380,1,1,Ask,Off Exchange,Odd Lot
01:17:50.037 PM ET,1.380,1,1,Bid,Cboe BZX,Inter Mkt Swp; Odd Lot; Trade Thru Exmpt
01:17:50.038 PM ET,1.380,1,1,Bid,Off Exchange,Odd Lot
01:17:50.050 PM ET,1.385,1,1,Mid,Off Exchange,Odd Lot
01:18:02.515 PM ET,1.385,1,1,Mid,Off Exchange,Odd Lot
01:18:02.520 PM ET,1.385,1,1,Mid,Off Exchange,Odd Lot
01:18:04.731 PM ET,1.380,1,1,Ask,Nasdaq GSM,Inter Mkt Swp; Odd Lot; Trade Thru Exmpt
01:18:18.252 PM ET,1.381,1,1,Ask,Off Exchange,Odd Lot
01:18:19.656 PM ET,1.379,1,1,Mid,Off Exchange,Odd Lot
01:18:35.764 PM ET,1.380,1,1,Ask,Off Exchange,Deriv Priced; Odd Lot; Trade Thru Exmpt
01:18:56.870 PM ET,1.381,1,1,Ask,Off Exchange,Deriv Priced; Odd Lot; Trade Thru Exmpt
01:19:11.966 PM ET,1.381,1,1,Ask,Off Exchange,Deriv Priced; Odd Lot; Trade Thru Exmpt
01:19:20.320 PM ET,1.381,1,1,Ask,Off Exchange,Deriv Priced; Odd Lot; Trade Thru Exmpt
01:19:51.024 PM ET,1.381,1,1,Ask,Off Exchange,Deriv Priced; Odd Lot; Trade Thru Exmpt
01:20:05.357 PM ET,1.381,1,1,Ask,Off Exchange,Deriv Priced; Odd Lot; Trade Thru Exmpt
01:20:47.523 PM ET,1.380,1,1,Ask,Off Exchange,Odd Lot
01:20:47.524 PM ET,1.380,1,1,Ask,Off Exchange,Odd Lot
01:21:02.524 PM ET,1.380,1,1,Ask,Off Exchange,Odd Lot
01:21:14.386 PM ET,1.381,1,1,Ask,Off Exchange,Deriv Priced; Odd Lot; Trade Thru Exmpt
01:21:17.523 PM ET,1.380,1,1,Ask,Off Exchange,Odd Lot
01:21:17.524 PM ET,1.380,1,1,Ask,Off Exchange,Odd Lot
01:21:32.523 PM ET,1.380,1,1,Ask,Off Exchange,Odd Lot
01:22:02.524 PM ET,1.380,1,1,Ask,Off Exchange,Odd Lot
01:22:17.524 PM ET,1.380,1,1,Ask,Off Exchange,Odd Lot
01:22:32.524 PM ET,1.380,1,1,Ask,Off Exchange,Odd Lot
01:22:34.007 PM ET,1.381,1,1,Ask,Off Exchange,Deriv Priced; Odd Lot; Trade Thru Exmpt
01:23:19.674 PM ET,1.375,1,1,Mid,Off Exchange,Odd Lot
01:24:12.001 PM ET,1.375,1,1,Mid,Off Exchange,Odd Lot
01:25:05.369 PM ET,1.375,1,1,Mid,Off Exchange,Odd Lot
01:25:30.533 PM ET,1.380,1,1,Ask,Off Exchange,Odd Lot
01:25:45.533 PM ET,1.380,1,1,Ask,Off Exchange,Odd Lot
01:25:51.434 PM ET,1.375,1,1,Mid,Off Exchange,Odd Lot
01:26:00.533 PM ET,1.380,1,1,Ask,Off Exchange,Odd Lot
01:26:05.391 PM ET,1.378,1,1,Mid,Off Exchange,Odd Lot
01:26:15.533 PM ET,1.380,1,1,Ask,Off Exchange,Odd Lot
01:26:30.533 PM ET,1.380,1,1,Ask,Off Exchange,Odd Lot
01:27:00.533 PM ET,1.380,1,1,Ask,Off Exchange,Odd Lot
01:27:14.405 PM ET,1.377,1,1,Mid,Off Exchange,Odd Lot
01:27:15.533 PM ET,1.380,1,1,Ask,Off Exchange,Odd Lot
01:27:30.533 PM ET,1.380,1,1,Ask,Off Exchange,Odd Lot
01:27:39.172 PM ET,1.380,1,1,Mid,Off Exchange,Odd Lot
01:28:19.685 PM ET,1.377,1,1,Mid,Off Exchange,Odd Lot
01:29:12.016 PM ET,1.377,1,1,Mid,Off Exchange,Odd Lot
01:30:05.378 PM ET,1.377,1,1,Mid,Off Exchange,Odd Lot
01:30:28.542 PM ET,1.380,1,1,Ask,Off Exchange,Odd Lot
01:30:43.542 PM ET,1.380,1,1,Ask,Off Exchange,Odd Lot
01:30:58.542 PM ET,1.380,1,1,Ask,Off Exchange,Odd Lot
01:31:05.394 PM ET,1.376,1,1,Mid,Off Exchange,Odd Lot
01:31:13.542 PM ET,1.380,1,1,Ask,Off Exchange,Odd Lot
01:31:27.753 PM ET,1.375,1,1,Mid,Off Exchange,Odd Lot
01:31:28.542 PM ET,1.380,1,1,Ask,Off Exchange,Odd Lot
01:31:46.076 PM ET,1.377,1,1,Mid,Off Exchange,Odd Lot
01:31:58.542 PM ET,1.380,1,1,Ask,Off Exchange,Odd Lot
01:32:13.542 PM ET,1.380,1,1,Ask,Off Exchange,Odd Lot
01:32:28.542 PM ET,1.380,1,1,Ask,Off Exchange,Odd Lot
01:34:10.334 PM ET,1.375,1,1,Mid,Off Exchange,Odd Lot
01:34:12.036 PM ET,1.375,1,1,Mid,Off Exchange,Odd Lot
01:35:05.405 PM ET,1.375,1,1,Mid,Off Exchange,Odd Lot
01:35:41.551 PM ET,1.380,1,1,Ask,Off Exchange,Odd Lot
01:35:56.551 PM ET,1.380,1,1,Ask,Off Exchange,Odd Lot
01:36:05.416 PM ET,1.375,1,1,Mid,Off Exchange,Odd Lot
01:36:11.551 PM ET,1.380,1,1,Ask,Off Exchange,Odd Lot
01:36:26.551 PM ET,1.380,1,1,Ask,Off Exchange,Odd Lot
01:36:41.551 PM ET,1.380,1,1,Ask,Off Exchange,Odd Lot
01:36:46.088 PM ET,1.375,1,1,Mid,Off Exchange,Odd Lot
01:37:11.551 PM ET,1.380,1,1,Ask,Off Exchange,Odd Lot
01:37:26.551 PM ET,1.380,1,1,Ask,Off Exchange,Odd Lot
01:37:44.232 PM ET,1.375,1,1,Mid,Off Exchange,Odd Lot
01:37:46.098 PM ET,1.375,1,1,Mid,Off Exchange,Odd Lot
01:37:49.577 PM ET,1.379,1,1,Mid,Off Exchange,Odd Lot
01:38:33.215 PM ET,1.375,1,1,Mid,Off Exchange,Odd Lot
01:39:57.693 PM ET,1.377,1,1,Mid,Off Exchange,Odd Lot
01:40:39.560 PM ET,1.380,1,1,Ask,Off Exchange,Odd Lot
01:40:54.560 PM ET,1.380,1,1,Ask,Off Exchange,Odd Lot
01:41:05.428 PM ET,1.377,1,1,Mid,Off Exchange,Odd Lot
01:41:09.560 PM ET,1.380,1,1,Ask,Cboe BZX,Odd Lot
01:41:09.561 PM ET,1.380,1,1,Ask,Cboe BZX,Odd Lot
01:41:24.561 PM ET,1.380,1,1,Ask,Cboe BZX,Odd Lot
01:41:39.560 PM ET,1.380,1,1,Ask,Cboe BZX,Odd Lot
01:41:39.561 PM ET,1.380,1,1,Ask,Cboe BZX,Odd Lot
01:42:09.560 PM ET,1.380,1,1,Ask,Off Exchange,Odd Lot
01:42:24.561 PM ET,1.380,1,1,Ask,Cboe BZX,Odd Lot
01:44:40.913 PM ET,1.377,1,1,Mid,Off Exchange,Odd Lot
01:44:53.488 PM ET,1.376,1,1,Mid,Off Exchange,Odd Lot
01:45:17.718 PM ET,1.380,1,1,Ask,Off Exchange,Odd Lot
01:45:37.569 PM ET,1.380,1,1,Ask,Off Exchange,Odd Lot
01:45:52.569 PM ET,1.380,1,1,Ask,Off Exchange,Odd Lot
01:45:56.593 PM ET,1.375,1,1,Mid,Off Exchange,Odd Lot
01:46:05.437 PM ET,1.376,1,1,Mid,Off Exchange,Odd Lot
01:46:07.569 PM ET,1.380,1,1,Ask,Off Exchange,Odd Lot
01:46:22.569 PM ET,1.380,1,1,Ask,Off Exchange,Odd Lot
01:46:37.569 PM ET,1.380,1,1,Ask,Cboe BZX,Odd Lot
01:46:37.570 PM ET,1.380,1,1,Ask,Cboe BZX,Odd Lot
01:47:07.570 PM ET,1.380,1,1,Ask,Cboe BZX,Odd Lot
01:47:15.283 PM ET,1.375,1,1,Mid,NYSE,Odd Lot
01:47:22.569 PM ET,1.380,1,1,Ask,Cboe BZX,Odd Lot
01:47:22.570 PM ET,1.380,1,1,Ask,Cboe BZX,Odd Lot
01:47:24.590 PM ET,1.376,1,1,Mid,Off Exchange,Odd Lot
01:48:20.413 PM ET,1.375,1,1,Mid,Off Exchange,Odd Lot
01:48:20.431 PM ET,1.380,1,1,Ask,Off Exchange,Odd Lot
01:48:33.252 PM ET,1.376,1,1,Mid,Off Exchange,Odd Lot
01:49:38.695 PM ET,1.377,1,1,Mid,Off Exchange,Odd Lot
01:49:47.605 PM ET,1.380,1,1,Ask,Off Exchange,Odd Lot
01:49:53.620 PM ET,1.380,1,1,Ask,Off Exchange,Odd Lot
01:49:54.563 PM ET,1.380,1,1,Ask,Off Exchange,Odd Lot
01:49:56.585 PM ET,1.380,1,1,Ask,Off Exchange,Odd Lot
01:49:57.053 PM ET,1.380,1,1,Ask,Off Exchange,Odd Lot
01:49:57.945 PM ET,1.380,1,1,Ask,Off Exchange,Odd Lot
01:49:58.792 PM ET,1.380,1,1,Ask,Off Exchange,Odd Lot
01:50:05.100 PM ET,1.380,1,1,Ask,Off Exchange,Odd Lot
01:50:10.595 PM ET,1.376,1,1,Mid,Off Exchange,Odd Lot
01:50:14.066 PM ET,1.380,1,1,Ask,Off Exchange,Odd Lot
01:50:19.769 PM ET,1.377,1,1,Mid,Off Exchange,Odd Lot
01:50:35.579 PM ET,1.380,1,1,Ask,Off Exchange,Odd Lot
01:50:50.579 PM ET,1.380,1,1,Ask,Off Exchange,Odd Lot
01:51:05.448 PM ET,1.377,1,1,Mid,Off Exchange,Odd Lot
01:51:05.579 PM ET,1.380,1,1,Ask,Off Exchange,Odd Lot
01:51:12.486 PM ET,1.375,1,1,Mid,NYSE,Odd Lot
01:51:20.578 PM ET,1.375,1,1,Mid,Off Exchange,Odd Lot
01:51:23.452 PM ET,1.374,1,1,Mid,Off Exchange,Odd Lot
01:51:35.578 PM ET,1.375,1,1,Mid,Off Exchange,Odd Lot
01:51:35.579 PM ET,1.375,1,1,Mid,Off Exchange,Odd Lot
01:51:52.608 PM ET,1.375,1,1,Mid,Off Exchange,Odd Lot
01:52:05.579 PM ET,1.380,1,1,Ask,Off Exchange,Odd Lot
01:52:20.579 PM ET,1.380,1,1,Ask,Off Exchange,Odd Lot
01:52:50.592 PM ET,1.375,1,1,Mid,Off Exchange,Odd Lot
01:53:33.260 PM ET,1.375,1,1,Mid,Off Exchange,Odd Lot
01:54:29.851 PM ET,1.375,1,1,Mid,Off Exchange,Odd Lot
01:55:17.742 PM ET,1.375,1,1,Mid,Off Exchange,Odd Lot
01:55:19.655 PM ET,1.375,1,1,Mid,Off Exchange,Odd Lot
01:55:38.588 PM ET,1.380,1,1,Ask,Off Exchange,Odd Lot
01:55:48.588 PM ET,1.380,1,1,Ask,Off Exchange,Odd Lot
01:55:58.588 PM ET,1.380,1,1,Ask,Off Exchange,Odd Lot
01:56:05.472 PM ET,1.375,1,1,Mid,Off Exchange,Odd Lot
01:56:08.588 PM ET,1.380,1,1,Ask,Off Exchange,Odd Lot
01:56:18.588 PM ET,1.380,1,1,None,Off Exchange,Odd Lot
01:56:28.588 PM ET,1.380,1,1,None,Off Exchange,Odd Lot
01:56:38.588 PM ET,1.380,1,1,Ask,Off Exchange,Odd Lot
01:56:48.588 PM ET,1.380,1,1,Ask,Off Exchange,Odd Lot
01:56:52.624 PM ET,1.376,1,1,Mid,Off Exchange,Odd Lot
01:56:58.588 PM ET,1.380,1,1,Ask,Off Exchange,Odd Lot
01:57:18.588 PM ET,1.380,1,1,Ask,Off Exchange,Odd Lot
01:57:28.588 PM ET,1.380,1,1,Ask,Off Exchange,Odd Lot
01:57:48.294 PM ET,1.377,1,1,Mid,Off Exchange,Odd Lot
01:58:33.277 PM ET,1.377,1,1,Mid,Off Exchange,Odd Lot
01:59:29.868 PM ET,1.376,1,1,Mid,Off Exchange,Odd Lot
02:00:19.133 PM ET,1.375,1,1,Mid,Off Exchange,Odd Lot
02:00:19.664 PM ET,1.375,1,1,Mid,Off Exchange,Odd Lot
02:00:31.597 PM ET,1.380,1,1,Ask,Off Exchange,Odd Lot
02:00:46.597 PM ET,1.380,1,1,Ask,Off Exchange,Odd Lot
02:01:01.597 PM ET,1.380,1,1,Ask,Off Exchange,Odd Lot
02:01:05.481 PM ET,1.375,1,1,Mid,Off Exchange,Odd Lot
02:01:16.597 PM ET,1.380,1,1,Ask,Off Exchange,Odd Lot
02:01:31.597 PM ET,1.380,1,1,Ask,Off Exchange,Odd Lot
02:01:38.058 PM ET,1.375,1,1,Mid,Off Exchange,Odd Lot
02:01:48.042 PM ET,1.375,1,1,Mid,Off Exchange,Odd Lot
02:01:52.644 PM ET,1.375,1,1,Mid,Off Exchange,Odd Lot
02:02:01.597 PM ET,1.380,1,1,Ask,Off Exchange,Odd Lot
02:02:16.597 PM ET,1.380,1,1,Ask,Off Exchange,Odd Lot
02:02:43.938 PM ET,1.375,1,1,Mid,Off Exchange,Odd Lot
02:03:33.290 PM ET,1.374,1,1,Mid,Off Exchange,Odd Lot
02:04:29.888 PM ET,1.374,1,1,Mid,Off Exchange,Odd Lot
02:05:29.606 PM ET,1.380,1,1,Ask,Off Exchange,Odd Lot
02:05:44.606 PM ET,1.380,1,1,Ask,Off Exchange,Odd Lot
02:05:59.606 PM ET,1.380,1,1,Ask,Off Exchange,Odd Lot
02:06:14.606 PM ET,1.380,1,1,Ask,Off Exchange,Odd Lot
02:06:18.093 PM ET,1.375,1,1,Mid,Off Exchange,Odd Lot
02:06:29.606 PM ET,1.380,1,1,Ask,Cboe BZX,Odd Lot
02:06:29.607 PM ET,1.380,1,1,Ask,Cboe BZX,Odd Lot
02:06:59.607 PM ET,1.380,1,1,Ask,Cboe BZX,Odd Lot
02:07:14.606 PM ET,1.380,1,1,Ask,Off Exchange,Odd Lot
02:09:44.192 PM ET,1.380,1,1,Mid,Off Exchange,Deriv Priced; Odd Lot; Trade Thru Exmpt
02:09:46.107 PM ET,1.379,1,1,Mid,Off Exchange,Odd Lot
02:10:05.462 PM ET,1.375,1,1,Mid,Off Exchange,Odd Lot
02:10:27.615 PM ET,1.380,1,1,Ask,Off Exchange,Odd Lot
02:10:35.892 PM ET,1.376,1,1,Mid,Off Exchange,Odd Lot
02:10:42.615 PM ET,1.380,1,1,Ask,Off Exchange,Odd Lot
02:10:57.615 PM ET,1.380,1,1,Ask,Off Exchange,Odd Lot
02:11:12.615 PM ET,1.380,1,1,Ask,Off Exchange,Odd Lot
02:11:27.615 PM ET,1.380,1,1,Ask,Off Exchange,Odd Lot
02:11:57.615 PM ET,1.380,1,1,Ask,Off Exchange,Odd Lot
02:12:12.615 PM ET,1.380,1,1,Ask,Off Exchange,Odd Lot
02:12:52.512 PM ET,1.375,1,1,Mid,Off Exchange,Odd Lot
02:14:08.492 PM ET,1.375,1,1,Mid,Off Exchange,Odd Lot
02:14:38.213 PM ET,1.375,1,1,Mid,Off Exchange,Odd Lot
02:15:30.624 PM ET,1.380,1,1,Ask,Off Exchange,Odd Lot
02:15:40.624 PM ET,1.380,1,1,Ask,Off Exchange,Odd Lot
02:15:50.624 PM ET,1.380,1,1,Ask,Off Exchange,Odd Lot
02:16:00.624 PM ET,1.380,1,1,Ask,Off Exchange,Odd Lot
02:16:10.624 PM ET,1.380,1,1,Ask,Off Exchange,Odd Lot
02:16:20.624 PM ET,1.380,1,1,Ask,Off Exchange,Odd Lot
02:16:30.624 PM ET,1.380,1,1,Ask,Off Exchange,Odd Lot
02:16:40.624 PM ET,1.380,1,1,Ask,Off Exchange,Odd Lot
02:16:50.624 PM ET,1.380,1,1,Ask,Off Exchange,Odd Lot
02:17:10.624 PM ET,1.380,1,1,Ask,Off Exchange,Odd Lot
02:17:20.624 PM ET,1.380,1,1,Ask,Off Exchange,Odd Lot
02:19:28.292 PM ET,1.374,1,1,Mid,Off Exchange,Odd Lot
02:20:04.056 PM ET,1.380,1,1,Ask,Off Exchange,Odd Lot
02:20:23.633 PM ET,1.380,1,1,Ask,Off Exchange,Odd Lot
02:20:38.633 PM ET,1.380,1,1,Ask,Off Exchange,Odd Lot
02:20:53.633 PM ET,1.380,1,1,Ask,Off Exchange,Odd Lot
02:21:08.633 PM ET,1.380,1,1,Ask,Off Exchange,Odd Lot
02:21:23.633 PM ET,1.380,1,1,Ask,Off Exchange,Odd Lot
02:21:25.561 PM ET,1.375,1,1,Mid,Off Exchange,Odd Lot
02:21:53.633 PM ET,1.380,1,1,Ask,Off Exchange,Odd Lot
02:22:08.633 PM ET,1.380,1,1,Ask,Off Exchange,Odd Lot
02:24:48.733 PM ET,1.375,1,1,Mid,Off Exchange,Odd Lot
02:24:51.532 PM ET,1.377,1,1,Mid,Off Exchange,Odd Lot
02:25:26.642 PM ET,1.380,1,1,Ask,Off Exchange,Odd Lot
02:25:36.642 PM ET,1.380,1,1,Ask,Off Exchange,Odd Lot
02:25:46.642 PM ET,1.380,1,1,Ask,Off Exchange,Odd Lot
02:25:56.092 PM ET,1.377,1,1,Mid,Off Exchange,Odd Lot
02:25:56.642 PM ET,1.380,1,1,Ask,Off Exchange,Odd Lot
02:26:06.642 PM ET,1.380,1,1,Ask,Off Exchange,Odd Lot
02:26:16.148 PM ET,1.380,1,1,Bid,NYSE Arca,Inter Mkt Swp; Odd Lot; Trade Thru Exmpt
02:26:16.157 PM ET,1.380,1,1,Mid,Off Exchange,Odd Lot
02:26:16.185 PM ET,1.390,1,1,Ask,Cboe BYX,Inter Mkt Swp; Odd Lot; Trade Thru Exmpt
02:26:16.642 PM ET,1.390,1,1,Ask,Off Exchange,Odd Lot
02:26:19.278 PM ET,1.390,1,1,Ask,NYSE,Odd Lot
02:26:26.642 PM ET,1.390,1,1,Ask,Off Exchange,Odd Lot
02:26:36.643 PM ET,1.390,1,1,Ask,Cboe EDGX,Odd Lot
02:26:46.642 PM ET,1.390,1,1,Ask,Cboe EDGX,Odd Lot
02:26:46.643 PM ET,1.390,1,1,Ask,Cboe EDGX,Odd Lot
02:27:06.643 PM ET,1.390,1,1,Ask,MIAX Pearl,Odd Lot
02:27:16.643 PM ET,1.390,1,1,Ask,Cboe EDGX,Odd Lot
02:27:33.117 PM ET,1.385,1,1,Mid,Off Exchange,Odd Lot
02:28:55.913 PM ET,1.382,1,1,Mid,Off Exchange,Odd Lot
02:29:20.182 PM ET,1.390,1,1,Ask,Off Exchange,Odd Lot
02:30:19.652 PM ET,1.390,1,1,Ask,Off Exchange,Odd Lot
02:30:34.652 PM ET,1.390,1,1,Ask,Off Exchange,Odd Lot
02:30:49.652 PM ET,1.390,1,1,Ask,Off Exchange,Odd Lot
02:31:02.372 PM ET,1.387,1,1,Mid,Off Exchange,Odd Lot
02:31:04.652 PM ET,1.390,1,1,Ask,Off Exchange,Odd Lot
02:31:19.652 PM ET,1.390,1,1,Ask,Off Exchange,Odd Lot
02:31:49.653 PM ET,1.390,1,1,Ask,Cboe EDGX,Odd Lot
02:32:04.652 PM ET,1.390,1,1,Ask,Off Exchange,Odd Lot
02:32:15.273 PM ET,1.388,1,1,Mid,Off Exchange,Odd Lot
02:34:52.663 PM ET,1.390,1,1,Ask,Cboe BZX,Odd Lot
02:35:02.663 PM ET,1.390,1,1,Ask,Cboe BZX,Odd Lot
02:35:12.663 PM ET,1.390,1,1,Ask,Cboe BZX,Odd Lot
02:35:17.746 PM ET,1.385,1,1,Mid,Off Exchange,Odd Lot
02:35:22.663 PM ET,1.390,1,1,Ask,Cboe BZX,Odd Lot
02:35:32.663 PM ET,1.390,1,1,Ask,Cboe BZX,Odd Lot
02:35:42.663 PM ET,1.390,1,1,Ask,Cboe BZX,Odd Lot
02:35:52.663 PM ET,1.390,1,1,Ask,Cboe BZX,Odd Lot
02:36:02.663 PM ET,1.390,1,1,Ask,Cboe BZX,Odd Lot
02:36:22.662 PM ET,1.400,1,1,Ask,Off Exchange,Odd Lot
02:36:32.662 PM ET,1.400,1,1,Ask,Off Exchange,Odd Lot
02:36:52.662 PM ET,1.400,1,1,Ask,Off Exchange,Odd Lot
02:37:02.662 PM ET,1.400,1,1,Ask,Off Exchange,Odd Lot
02:37:12.662 PM ET,1.400,1,1,Ask,Off Exchange,Odd Lot
02:38:04.115 PM ET,1.395,1,1,Mid,Off Exchange,Odd Lot
02:39:04.431 PM ET,1.400,1,1,Bid,Nasdaq BX,Inter Mkt Swp; Odd Lot; Trade Thru Exmpt
02:39:04.440 PM ET,1.405,1,1,Mid,Off Exchange,Odd Lot
02:39:08.414 PM ET,1.396,1,1,Bid,Off Exchange,Odd Lot
02:39:15.551 PM ET,1.410,1,1,Bid,NYSE Arca,Inter Mkt Swp; Odd Lot; Trade Thru Exmpt
02:39:18.972 PM ET,1.415,1,1,Mid,Cboe BYX,Odd Lot
02:39:23.977 PM ET,1.420,1,1,Ask,Off Exchange,Odd Lot
02:39:32.972 PM ET,1.415,1,1,Mid,Cboe BYX,Odd Lot
02:39:52.972 PM ET,1.415,1,1,Mid,Cboe BYX,Odd Lot
02:40:20.972 PM ET,1.415,1,1,Mid,Cboe BYX,Odd Lot
02:40:40.672 PM ET,1.420,1,1,Ask,Cboe BZX,Odd Lot
02:40:50.672 PM ET,1.420,1,1,Ask,Cboe BZX,Odd Lot
02:41:00.672 PM ET,1.420,1,1,Ask,Cboe BZX,Odd Lot
02:41:10.672 PM ET,1.420,1,1,Ask,Cboe BZX,Odd Lot
02:41:15.972 PM ET,1.415,1,1,Mid,Cboe BYX,Odd Lot
02:41:20.672 PM ET,1.420,1,1,Ask,Cboe BZX,Odd Lot
02:41:30.671 PM ET,1.430,1,1,Ask,Off Exchange,Odd Lot
02:41:40.428 PM ET,1.425,1,1,Mid,Off Exchange,Odd Lot
02:41:50.671 PM ET,1.430,1,1,Ask,Off Exchange,Odd Lot
02:42:00.671 PM ET,1.430,1,1,Ask,Off Exchange,Odd Lot
02:42:09.824 PM ET,1.427,1,1,Mid,Off Exchange,Deriv Priced; Odd Lot; Trade Thru Exmpt
02:42:10.671 PM ET,1.430,1,1,Ask,Off Exchange,Odd Lot
02:42:20.837 PM ET,1.424,1,1,Mid,Off Exchange,Odd Lot
02:43:05.241 PM ET,1.429,1,1,Mid,Off Exchange,Odd Lot
02:43:37.570 PM ET,1.423,1,1,Mid,Off Exchange,Odd Lot
02:43:38.973 PM ET,1.430,1,1,Ask,Off Exchange,Odd Lot
02:43:43.120 PM ET,1.425,1,1,Mid,Off Exchange,Odd Lot
02:43:43.192 PM ET,1.429,1,1,Mid,Off Exchange,Odd Lot
02:44:44.084 PM ET,1.423,1,1,Mid,Off Exchange,Odd Lot
02:44:51.752 PM ET,1.425,1,1,Mid,Off Exchange,Odd Lot
02:45:18.680 PM ET,1.430,1,1,Ask,Off Exchange,Odd Lot
02:45:28.680 PM ET,1.430,1,1,Ask,Off Exchange,Odd Lot
02:45:38.680 PM ET,1.430,1,1,Ask,Off Exchange,Odd Lot
02:45:48.680 PM ET,1.430,1,1,Ask,Off Exchange,Odd Lot
02:45:58.680 PM ET,1.430,1,1,Ask,Off Exchange,Odd Lot
02:46:00.753 PM ET,1.423,1,1,Mid,Off Exchange,Odd Lot
02:46:18.680 PM ET,1.430,1,1,Ask,Off Exchange,Odd Lot
02:46:28.680 PM ET,1.430,1,1,Ask,Off Exchange,Odd Lot
02:46:48.680 PM ET,1.430,1,1,Ask,Off Exchange,Odd Lot
02:46:49.012 PM ET,1.429,1,1,Mid,Off Exchange,Odd Lot
02:46:58.680 PM ET,1.430,1,1,Ask,Off Exchange,Odd Lot
02:47:08.680 PM ET,1.430,1,1,Ask,Off Exchange,Odd Lot
02:47:20.353 PM ET,1.425,1,1,Mid,Off Exchange,Odd Lot
02:47:20.363 PM ET,1.425,1,1,Mid,Off Exchange,Odd Lot
02:47:36.681 PM ET,1.425,1,1,Mid,Off Exchange,Odd Lot
02:47:47.721 PM ET,1.425,1,1,Mid,Off Exchange,Odd Lot
02:48:09.604 PM ET,1.425,1,1,Mid,Off Exchange,Odd Lot
02:48:09.605 PM ET,1.425,1,1,Mid,Off Exchange,Odd Lot
02:48:49.318 PM ET,1.425,1,1,Mid,Off Exchange,Odd Lot
02:48:49.319 PM ET,1.425,1,1,Mid,Off Exchange,Odd Lot
02:48:55.199 PM ET,1.425,1,1,Mid,Off Exchange,Odd Lot
02:49:35.558 PM ET,1.425,1,1,Mid,Off Exchange,Odd Lot
02:50:08.276 PM ET,1.420,1,1,Bid,Off Exchange,Odd Lot
02:50:56.685 PM ET,1.430,1,1,Ask,Off Exchange,Odd Lot
02:51:06.685 PM ET,1.430,1,1,Ask,Off Exchange,Odd Lot
02:51:16.685 PM ET,1.430,1,1,Ask,Off Exchange,Odd Lot
02:51:26.685 PM ET,1.430,1,1,Ask,Off Exchange,Odd Lot
02:51:46.685 PM ET,1.430,1,1,Ask,Off Exchange,Odd Lot
02:51:56.685 PM ET,1.430,1,1,Ask,Off Exchange,Odd Lot
02:52:06.685 PM ET,1.430,1,1,Ask,Off Exchange,Odd Lot
02:52:26.593 PM ET,1.425,1,1,Mid,Off Exchange,Odd Lot
02:54:44.694 PM ET,1.430,1,1,Ask,Off Exchange,Odd Lot
02:54:54.694 PM ET,1.430,1,1,Ask,Off Exchange,Odd Lot
02:55:04.694 PM ET,1.430,1,1,Ask,Off Exchange,Odd Lot
02:55:14.694 PM ET,1.430,1,1,Ask,Off Exchange,Odd Lot
02:55:24.694 PM ET,1.430,1,1,Ask,Off Exchange,Odd Lot
02:55:34.694 PM ET,1.430,1,1,Ask,Off Exchange,Odd Lot
02:55:44.694 PM ET,1.430,1,1,Ask,Off Exchange,Odd Lot
02:55:49.245 PM ET,1.430,1,1,Bid,Cboe EDGX,Odd Lot
02:55:49.246 PM ET,1.430,1,1,Bid,Cboe BYX,Inter Mkt Swp; Odd Lot; Trade Thru Exmpt
02:56:14.694 PM ET,1.440,1,1,Ask,Off Exchange,Odd Lot
02:56:24.694 PM ET,1.440,1,1,Ask,Off Exchange,Odd Lot
02:56:39.532 PM ET,1.429,1,1,Bid,Off Exchange,Odd Lot
02:56:44.694 PM ET,1.440,1,1,Ask,Off Exchange,Odd Lot
02:56:54.694 PM ET,1.440,1,1,Ask,Off Exchange,Odd Lot
02:57:04.694 PM ET,1.440,1,1,Ask,Off Exchange,Odd Lot
02:59:55.075 PM ET,1.435,1,1,Mid,Nasdaq GSM,Odd Lot
03:00:22.702 PM ET,1.440,1,1,Ask,Off Exchange,Odd Lot
03:00:22.703 PM ET,1.440,1,1,Ask,Off Exchange,Odd Lot
03:00:32.703 PM ET,1.440,1,1,Ask,Off Exchange,Odd Lot
03:00:42.702 PM ET,1.440,1,1,Ask,Off Exchange,Odd Lot
03:00:52.703 PM ET,1.440,1,1,Ask,Off Exchange,Odd Lot
03:01:02.702 PM ET,1.440,1,1,Ask,Off Exchange,Odd Lot
03:01:02.703 PM ET,1.440,1,1,Ask,Off Exchange,Odd Lot
03:01:12.703 PM ET,1.440,1,1,Ask,Off Exchange,Odd Lot
03:01:22.703 PM ET,1.440,1,1,Ask,Off Exchange,Odd Lot
03:01:42.702 PM ET,1.440,1,1,Ask,Off Exchange,Odd Lot
03:01:52.702 PM ET,1.440,1,1,Ask,Off Exchange,Odd Lot
03:01:52.703 PM ET,1.440,1,1,Ask,Off Exchange,Odd Lot
03:02:02.702 PM ET,1.440,1,1,Ask,Off Exchange,Odd Lot
03:02:02.703 PM ET,1.440,1,1,Ask,Off Exchange,Odd Lot
03:02:51.917 PM ET,1.420,1,1,Bid,NYSE,Odd Lot
03:02:51.938 PM ET,1.430,1,1,Bid,Off Exchange,Deriv Priced; Odd Lot; Trade Thru Exmpt
03:02:51.960 PM ET,1.425,1,1,Bid,Off Exchange,Odd Lot
03:02:52.077 PM ET,1.427,1,1,Mid,Off Exchange,Odd Lot
03:03:17.719 PM ET,1.425,1,1,Mid,Off Exchange,Odd Lot
03:03:17.927 PM ET,1.429,1,1,Mid,Off Exchange,Odd Lot
03:03:30.735 PM ET,1.426,1,1,Mid,Off Exchange,Odd Lot
03:05:20.711 PM ET,1.430,1,1,Ask,Off Exchange,Odd Lot
03:05:20.865 PM ET,1.430,1,1,Ask,Off Exchange,Odd Lot
03:05:50.711 PM ET,1.430,1,1,Ask,Off Exchange,Odd Lot
03:05:50.721 PM ET,1.425,1,1,Mid,Off Exchange,Odd Lot
03:06:00.711 PM ET,1.430,1,1,Ask,Off Exchange,Odd Lot
03:06:10.711 PM ET,1.430,1,1,Ask,Off Exchange,Odd Lot
03:06:16.559 PM ET,1.430,1,1,Mid,Off Exchange,Odd Lot
03:06:20.711 PM ET,1.430,1,1,Ask,Off Exchange,Odd Lot
03:06:30.711 PM ET,1.430,1,1,Ask,Off Exchange,Odd Lot
03:06:50.712 PM ET,1.430,1,1,Ask,Off Exchange,Odd Lot
03:06:52.493 PM ET,1.425,1,1,Mid,Off Exchange,Odd Lot
03:07:00.711 PM ET,1.430,1,1,Ask,Off Exchange,Odd Lot
03:07:00.712 PM ET,1.430,1,1,Ask,Off Exchange,Odd Lot
03:08:59.393 PM ET,1.424,1,1,Mid,Off Exchange,Odd Lot
03:08:59.395 PM ET,1.425,1,1,Mid,Off Exchange,Odd Lot
03:10:08.720 PM ET,1.430,1,1,Ask,Off Exchange,Odd Lot
03:10:18.720 PM ET,1.430,1,1,Ask,Off Exchange,Odd Lot
03:10:18.721 PM ET,1.430,1,1,Ask,Off Exchange,Odd Lot
03:10:28.720 PM ET,1.430,1,1,Ask,Off Exchange,Odd Lot
03:10:38.720 PM ET,1.430,1,1,Ask,Off Exchange,Odd Lot
03:10:38.721 PM ET,1.430,1,1,Ask,Off Exchange,Odd Lot
03:10:48.721 PM ET,1.430,1,1,Ask,Off Exchange,Odd Lot
03:10:58.721 PM ET,1.430,1,1,Ask,Off Exchange,Odd Lot
03:11:08.721 PM ET,1.430,1,1,Ask,Off Exchange,Odd Lot
03:11:09.695 PM ET,1.430,1,1,Mid,Off Exchange,Odd Lot
03:11:18.721 PM ET,1.430,1,1,Ask,Off Exchange,Odd Lot
03:11:28.721 PM ET,1.430,1,1,Ask,Off Exchange,Odd Lot
03:11:48.720 PM ET,1.430,1,1,Ask,Off Exchange,Odd Lot
03:11:58.720 PM ET,1.430,1,1,Ask,Off Exchange,Odd Lot
03:12:28.550 PM ET,1.423,1,1,Mid,Off Exchange,Odd Lot
03:12:59.972 PM ET,1.423,1,1,Mid,Off Exchange,Odd Lot
03:13:28.919 PM ET,1.422,1,1,Mid,Off Exchange,Odd Lot
03:13:28.927 PM ET,1.422,1,1,Mid,Off Exchange,Odd Lot
03:13:28.931 PM ET,1.422,1,1,Mid,Off Exchange,Odd Lot
03:13:28.944 PM ET,1.425,1,1,Mid,Off Exchange,Deriv Priced; Odd Lot; Trade Thru Exmpt
03:15:30.765 PM ET,1.430,1,1,Ask,Off Exchange,Odd Lot
03:18:45.391 PM ET,1.425,1,1,Mid,Off Exchange,Odd Lot
03:20:08.242 PM ET,1.420,1,1,Bid,Off Exchange,Odd Lot
03:20:40.259 PM ET,1.420,1,1,Ask,Cboe BZX,Inter Mkt Swp; Odd Lot; Trade Thru Exmpt
03:20:40.259 PM ET,1.420,1,1,Ask,Nasdaq GSM,Inter Mkt Swp; Odd Lot; Trade Thru Exmpt
03:22:10.886 PM ET,1.415,1,1,Mid,Cboe BZX,Odd Lot
03:26:23.497 PM ET,1.414,1,1,Mid,Off Exchange,Odd Lot
03:27:42.901 PM ET,1.415,1,1,Mid,Off Exchange,Odd Lot
03:30:03.366 PM ET,1.415,1,1,Mid,Nasdaq GSM,Odd Lot
03:30:03.367 PM ET,1.415,1,1,Mid,Nasdaq GSM,Odd Lot
03:31:33.145 PM ET,1.415,1,1,Mid,Off Exchange,Deriv Priced; Odd Lot; Trade Thru Exmpt
03:31:34.099 PM ET,1.411,1,1,Mid,Off Exchange,Odd Lot
03:31:41.723 PM ET,1.420,1,1,Bid,Cboe BYX,Inter Mkt Swp; Odd Lot; Trade Thru Exmpt
03:31:44.118 PM ET,1.425,1,1,Mid,Off Exchange,Deriv Priced; Odd Lot; Trade Thru Exmpt
03:32:24.420 PM ET,1.425,1,1,Mid,Off Exchange,Deriv Priced; Odd Lot; Trade Thru Exmpt
03:32:52.804 PM ET,1.425,1,1,Mid,Off Exchange,Odd Lot
03:37:52.840 PM ET,1.425,1,1,Mid,Off Exchange,Odd Lot
03:38:05.738 PM ET,1.420,1,1,Bid,Cboe BZX,Inter Mkt Swp; Odd Lot; Trade Thru Exmpt
03:39:29.008 PM ET,1.415,1,1,Mid,Off Exchange,Odd Lot
03:41:00.994 PM ET,1.410,1,1,Ask,NYSE,Inter Mkt Swp; Odd Lot; Trade Thru Exmpt
03:41:00.994 PM ET,1.410,1,1,Ask,MIAX Pearl,Inter Mkt Swp; Odd Lot; Trade Thru Exmpt
03:42:35.194 PM ET,1.415,1,1,Mid,Off Exchange,Odd Lot
03:42:51.613 PM ET,1.416,1,1,Mid,Off Exchange,Odd Lot
03:42:52.863 PM ET,1.415,1,1,Mid,Off Exchange,Odd Lot
03:43:10.342 PM ET,1.415,1,1,Mid,Off Exchange,Odd Lot
03:43:13.295 PM ET,1.410,1,1,Mid,Off Exchange,Odd Lot
03:43:33.072 PM ET,1.410,1,1,Mid,Off Exchange,Odd Lot
03:44:57.112 PM ET,1.410,1,1,Mid,Off Exchange,Odd Lot
03:45:19.367 PM ET,1.410,1,1,Mid,Off Exchange,Odd Lot
03:46:01.640 PM ET,1.420,1,1,Mid,Off Exchange,Odd Lot
03:46:48.318 PM ET,1.420,1,1,Ask,Off Exchange,Odd Lot
03:50:14.546 PM ET,1.415,1,1,Mid,Off Exchange,Odd Lot
03:50:18.526 PM ET,1.411,1,1,Mid,Off Exchange,Odd Lot
03:52:42.396 PM ET,1.415,1,1,Mid,Off Exchange,Odd Lot
03:54:59.050 PM ET,1.415,1,1,Mid,Off Exchange,Odd Lot
03:55:22.828 PM ET,1.415,1,1,Mid,IEX,Odd Lot
03:56:34.447 PM ET,1.415,1,1,Mid,Off Exchange,Odd Lot
03:57:01.217 PM ET,1.416,1,1,Mid,Off Exchange,Odd Lot
03:57:49.464 PM ET,1.415,1,1,Mid,Off Exchange,Odd Lot
03:58:04.654 PM ET,1.415,1,1,Mid,Off Exchange,Odd Lot
03:58:13.158 PM ET,1.420,1,1,Ask,MEMX,Inter Mkt Swp; Odd Lot; Trade Thru Exmpt
03:58:13.158 PM ET,1.420,1,1,Ask,Nasdaq GSM,Inter Mkt Swp; Odd Lot; Trade Thru Exmpt
03:58:46.676 PM ET,1.430,1,1,Ask,Cboe BYX,Inter Mkt Swp; Odd Lot; Trade Thru Exmpt
03:58:46.677 PM ET,1.430,1,1,Ask,NYSE Arca,Inter Mkt Swp; Odd Lot; Trade Thru Exmpt
03:59:11.601 PM ET,1.425,1,1,None,NYSE,Inter Mkt Swp; Odd Lot; Trade Thru Exmpt
03:59:48.520 PM ET,1.410,1,1,None,Cboe BYX,Inter Mkt Swp; Odd Lot; Trade Thru Exmpt
03:59:49.598 PM ET,1.420,1,1,None,NYSE Arca,Inter Mkt Swp; Odd Lot; Trade Thru Exmpt
03:59:50.031 PM ET,1.410,1,1,None,NYSE National,Odd Lot
04:00:14.280 PM ET,1.420,1,1,Ask,Off Exchange,Frm T Ext Hrs; Odd Lot
04:04:05.995 PM ET,1.420,1,1,Ask,Off Exchange,Frm T Ext Hrs; Odd Lot
04:06:58.902 PM ET,1.390,1,1,Mid,NYSE Arca,Frm T Ext Hrs; Odd Lot
04:10:03.807 PM ET,1.420,1,1,Ask,Off Exchange,Frm T Ext Hrs; Odd Lot
04:33:09.954 PM ET,1.410,1,1,Ask,Off Exchange,Frm T Ext Hrs; Odd Lot
04:56:48.150 PM ET,1.420,1,1,Ask,Off Exchange,Frm T Ext Hrs; Odd Lot
05:13:07.182 PM ET,1.420,1,1,Mid,Off Exchange,Frm T Ext Hrs; Odd Lot
05:25:26.279 PM ET,1.420,1,1,Bid,NYSE Arca,Frm T Ext Hrs; Odd Lot
05:25:26.280 PM ET,1.420,1,1,Bid,NYSE Arca,Frm T Ext Hrs; Odd Lot
05:28:16.702 PM ET,1.427,1,1,Mid,Off Exchange,Frm T Ext Hrs; Odd Lot
05:47:32.083 PM ET,1.400,1,1,Mid,Off Exchange,Frm T Ext Hrs; Odd Lot
05:52:13.502 PM ET,1.410,1,1,Mid,Off Exchange,Frm T Ext Hrs; Odd Lot
07:19:01.724 PM ET,1.420,1,1,Ask,Off Exchange,Frm T Ext Hrs; Odd Lot
