Time,Price,Size,Premium,Side,Exchange,Conditions
04:00:00.374 PM ET,8.080,"10,681",86.30K,None,Nasdaq GSM,Close; Cross; Trade Thru Exmpt
12:50:04.811 PM ET,8.040,"8,500",68.34K,Bid,Off Exchange,
09:30:04.234 AM ET,8.050,"4,849",39.03K,Mid,Off Exchange,
09:48:51.107 AM ET,8.035,"3,063",24.61K,Mid,Off Exchange,
09:30:01.129 AM ET,8.050,"3,017",24.29K,Mid,Nasdaq GSM,Cross; Mkt Cntr Open; Trade Thru Exmpt
04:00:09.805 PM ET,8.080,"2,820",22.79K,None,Off Exchange,Frm T Ext Hrs
12:50:04.811 PM ET,8.040,"2,800",22.51K,Bid,Off Exchange,
02:14:00.027 PM ET,8.060,"2,508",20.21K,Mid,Off Exchange,
10:24:32.882 AM ET,8.050,"2,500",20.13K,Bid,Off Exchange,
01:32:33.696 PM ET,8.040,"2,500",20.10K,Mid,Off Exchange,
01:32:36.130 PM ET,8.050,"2,500",20.12K,Mid,Off Exchange,
01:33:26.746 PM ET,8.045,"2,500",20.11K,Mid,Off Exchange,
01:50:02.667 PM ET,8.050,"2,500",20.13K,Mid,Off Exchange,
02:20:38.713 PM ET,8.090,"2,500",20.23K,Mid,Off Exchange,
02:20:41.902 PM ET,8.100,"2,500",20.25K,Mid,Off Exchange,
02:32:41.649 PM ET,8.120,"2,500",20.30K,Mid,Off Exchange,
03:10:38.723 PM ET,8.060,"2,000",16.12K,Mid,Off Exchange,
02:14:00.027 PM ET,8.060,"1,889",15.23K,Mid,Off Exchange,
02:14:00.027 PM ET,8.060,"1,889",15.23K,Bid,Off Exchange,
11:08:53.754 AM ET,8.090,"1,603",12.97K,Bid,Cboe EDGX,Inter Mkt Swp; Trade Thru Exmpt
10:24:05.420 AM ET,8.085,"1,500",12.13K,Mid,Off Exchange,
12:59:21.497 PM ET,8.020,"1,500",12.03K,Mid,Off Exchange,
02:20:06.867 PM ET,8.080,"1,500",12.12K,Bid,NYSE Arca,Inter Mkt Swp; Trade Thru Exmpt
02:29:48.894 PM ET,8.110,"1,400",11.35K,Bid,Off Exchange,
02:29:48.895 PM ET,8.110,"1,400",11.35K,Mid,Off Exchange,
10:24:32.868 AM ET,8.071,"1,200",9.68K,Mid,Off Exchange,
01:33:07.415 PM ET,8.045,"1,200",9.65K,Mid,Off Exchange,
02:43:58.625 PM ET,8.070,"1,191",9.61K,Bid,Off Exchange,
03:19:46.483 PM ET,8.030,"1,043",8.38K,Ask,Nasdaq GSM,Inter Mkt Swp; Trade Thru Exmpt
10:09:57.749 AM ET,8.090,"1,000",8.09K,Mid,Off Exchange,
01:07:27.441 PM ET,8.050,"1,000",8.05K,Bid,Off Exchange,
01:33:07.407 PM ET,8.045,"1,000",8.04K,Mid,Off Exchange,
02:38:44.989 PM ET,8.100,"1,000",8.10K,Mid,Off Exchange,
03:11:55.466 PM ET,8.055,900,7.25K,Mid,Off Exchange,
02:20:06.866 PM ET,8.080,857,6.92K,Bid,Nasdaq GSM,Inter Mkt Swp; Trade Thru Exmpt
02:53:17.319 PM ET,8.080,700,5.66K,Bid,Off Exchange,
02:53:17.319 PM ET,8.080,700,5.66K,Mid,Off Exchange,
11:24:15.333 AM ET,8.080,600,4.85K,Mid,Off Exchange,
03:19:43.524 PM ET,8.030,600,4.82K,Bid,Off Exchange,
09:35:50.588 AM ET,8.040,565,4.54K,Mid,Off Exchange,
09:49:14.705 AM ET,8.050,513,4.13K,Mid,Off Exchange,
10:03:43.686 AM ET,8.091,500,4.05K,Mid,Off Exchange,
10:52:22.475 AM ET,8.120,500,4.06K,Mid,Off Exchange,
10:53:09.102 AM ET,8.115,500,4.06K,Mid,Off Exchange,
03:12:42.648 PM ET,8.050,500,4.03K,Mid,Off Exchange,
03:19:42.440 PM ET,8.045,500,4.02K,Mid,Nasdaq GSM,
03:19:46.483 PM ET,8.030,500,4.01K,Ask,Nasdaq GSM,
03:36:09.226 PM ET,8.060,500,4.03K,Ask,Off Exchange,
03:54:34.450 PM ET,8.080,500,4.04K,Mid,Off Exchange,
01:50:05.806 PM ET,8.040,473,3.80K,Mid,Off Exchange,
01:47:10.982 PM ET,8.050,452,3.64K,Bid,Off Exchange,
01:47:10.983 PM ET,8.060,452,3.64K,Ask,Off Exchange,
03:36:09.226 PM ET,8.060,416,3.35K,Ask,Off Exchange,
11:19:05.943 AM ET,8.090,410,3.32K,Bid,Off Exchange,
09:30:01.775 AM ET,8.050,400,3.22K,Mid,Off Exchange,Deriv Priced; Trade Thru Exmpt
09:35:50.603 AM ET,8.060,400,3.22K,Mid,Off Exchange,
11:08:53.754 AM ET,8.090,400,3.24K,Bid,Cboe EDGX,Inter Mkt Swp; Trade Thru Exmpt
11:31:39.199 AM ET,8.090,400,3.24K,Mid,Off Exchange,
12:50:04.812 PM ET,8.050,400,3.22K,Mid,Off Exchange,
01:47:10.978 PM ET,8.060,400,3.22K,Ask,Off Exchange,
02:01:31.009 PM ET,8.060,400,3.22K,Mid,Off Exchange,
03:19:42.440 PM ET,8.045,400,3.22K,Mid,Nasdaq GSM,
03:19:42.440 PM ET,8.045,400,3.22K,Mid,Cboe BZX,
03:19:42.441 PM ET,8.045,400,3.22K,Mid,NYSE Arca,
03:19:43.922 PM ET,8.030,400,3.21K,Ask,Off Exchange,
03:29:08.771 PM ET,8.030,400,3.21K,Bid,Nasdaq GSM,Inter Mkt Swp; Trade Thru Exmpt
03:35:51.507 PM ET,7.980,400,3.19K,Bid,Off Exchange,
03:36:09.239 PM ET,8.060,400,3.22K,Ask,Off Exchange,
03:47:25.120 PM ET,8.070,400,3.23K,Ask,Off Exchange,
03:19:46.483 PM ET,8.030,398,3.20K,Ask,Nasdaq BX,
03:19:46.550 PM ET,8.030,398,3.20K,Bid,Nasdaq BX,
02:29:48.895 PM ET,8.110,385,3.12K,Bid,Cboe EDGX,Inter Mkt Swp; Trade Thru Exmpt
09:48:51.319 AM ET,8.035,336,2.70K,Mid,Off Exchange,
09:45:59.249 AM ET,8.030,319,2.56K,Mid,Off Exchange,
03:36:09.336 PM ET,8.060,313,2.52K,Bid,Off Exchange,
02:53:17.337 PM ET,8.070,303,2.45K,Bid,Nasdaq GSM,
09:31:01.018 AM ET,8.065,300,2.42K,Mid,Off Exchange,
09:33:32.167 AM ET,8.075,300,2.42K,Mid,Off Exchange,
09:44:55.914 AM ET,8.040,300,2.41K,Mid,Off Exchange,
10:11:50.424 AM ET,8.095,300,2.43K,Mid,Nasdaq GSM,
10:47:13.088 AM ET,8.115,300,2.43K,Mid,NYSE Arca,
11:18:27.645 AM ET,8.100,300,2.43K,Ask,Off Exchange,
11:19:05.924 AM ET,8.090,300,2.43K,Bid,Cboe BZX,Inter Mkt Swp; Trade Thru Exmpt
11:19:05.943 AM ET,8.090,300,2.43K,Bid,Off Exchange,
12:23:26.814 PM ET,8.090,300,2.43K,Bid,Off Exchange,
12:23:26.815 PM ET,8.106,300,2.43K,Mid,Off Exchange,
12:38:16.649 PM ET,8.090,300,2.43K,Bid,NYSE Arca,
12:50:04.812 PM ET,8.040,300,2.41K,Bid,IEX,
01:29:44.241 PM ET,8.030,300,2.41K,Mid,Nasdaq GSM,
01:36:33.783 PM ET,8.060,300,2.42K,Mid,Off Exchange,
01:47:10.983 PM ET,8.050,300,2.42K,Bid,Off Exchange,
01:47:10.984 PM ET,8.060,300,2.42K,Ask,Off Exchange,
01:47:10.986 PM ET,8.060,300,2.42K,Ask,Off Exchange,
02:14:00.016 PM ET,8.070,300,2.42K,Mid,Nasdaq GSM,
02:42:31.591 PM ET,8.080,300,2.42K,Bid,Nasdaq GSM,Inter Mkt Swp; Trade Thru Exmpt
03:11:55.394 PM ET,8.060,300,2.42K,Ask,Nasdaq GSM,Inter Mkt Swp; Trade Thru Exmpt
03:19:43.523 PM ET,8.035,300,2.41K,Mid,Off Exchange,
03:19:46.550 PM ET,8.030,300,2.41K,Bid,Nasdaq BX,
03:24:54.196 PM ET,8.060,300,2.42K,Bid,Cboe EDGX,Inter Mkt Swp; Trade Thru Exmpt
03:24:54.197 PM ET,8.060,300,2.42K,Bid,Cboe EDGX,Inter Mkt Swp; Trade Thru Exmpt
03:24:54.197 PM ET,8.060,300,2.42K,Bid,Cboe EDGX,
03:24:54.197 PM ET,8.060,300,2.42K,Bid,Off Exchange,
03:24:54.200 PM ET,8.060,300,2.42K,Bid,Off Exchange,
03:24:54.256 PM ET,8.060,300,2.42K,Bid,Off Exchange,
03:24:54.256 PM ET,8.060,300,2.42K,Bid,NYSE Arca,Inter Mkt Swp; Trade Thru Exmpt
03:24:54.256 PM ET,8.060,300,2.42K,Bid,NYSE Arca,
03:24:54.257 PM ET,8.060,300,2.42K,Bid,NYSE Arca,
03:24:54.261 PM ET,8.060,300,2.42K,Bid,NYSE Arca,Inter Mkt Swp; Trade Thru Exmpt
03:24:54.264 PM ET,8.060,300,2.42K,Bid,Off Exchange,
03:24:54.265 PM ET,8.060,300,2.42K,Bid,NYSE Arca,Inter Mkt Swp; Trade Thru Exmpt
03:24:54.306 PM ET,8.060,300,2.42K,Mid,NYSE Arca,
03:24:54.307 PM ET,8.060,300,2.42K,Mid,NYSE Arca,Inter Mkt Swp; Trade Thru Exmpt
03:24:54.307 PM ET,8.060,300,2.42K,Mid,Off Exchange,
03:24:54.322 PM ET,8.060,300,2.42K,Mid,Off Exchange,
03:24:54.331 PM ET,8.060,300,2.42K,Mid,Off Exchange,
03:35:51.502 PM ET,8.000,300,2.40K,Bid,Off Exchange,
03:35:51.504 PM ET,7.980,300,2.39K,Bid,Nasdaq GSM,Inter Mkt Swp; Trade Thru Exmpt
03:35:51.515 PM ET,7.990,300,2.40K,Mid,Cboe BYX,Inter Mkt Swp; Trade Thru Exmpt
03:37:36.672 PM ET,8.090,300,2.43K,Ask,NYSE Arca,
09:31:01.017 AM ET,8.065,294,2.37K,Mid,IEX,
10:15:10.215 AM ET,8.090,288,2.33K,Bid,Nasdaq GSM,Inter Mkt Swp; Trade Thru Exmpt
03:36:09.226 PM ET,8.060,287,2.31K,Ask,Off Exchange,
12:54:38.291 PM ET,8.079,279,2.25K,Ask,Off Exchange,
03:36:09.226 PM ET,8.060,262,2.11K,Ask,Cboe BZX,Inter Mkt Swp; Trade Thru Exmpt
03:47:52.574 PM ET,8.060,251,2.02K,Bid,Off Exchange,
11:26:49.518 AM ET,8.090,250,2.02K,Mid,Off Exchange,
03:35:51.502 PM ET,8.000,250,2.00K,Bid,Nasdaq GSM,Inter Mkt Swp; Trade Thru Exmpt
03:24:54.329 PM ET,8.060,248,2.00K,Mid,Off Exchange,
05:57:52.310 AM ET,8.030,238,1.91K,Bid,Off Exchange,Frm T Ext Hrs
06:00:16.681 AM ET,8.030,238,1.91K,Bid,Off Exchange,Frm T Ext Hrs
01:47:10.980 PM ET,8.060,238,1.92K,Ask,NYSE Arca,Inter Mkt Swp; Trade Thru Exmpt
03:59:23.108 PM ET,8.110,238,1.93K,None,Nasdaq GSM,Inter Mkt Swp; Trade Thru Exmpt
04:00:09.922 PM ET,8.080,235,1.90K,None,Off Exchange,Frm T Ext Hrs
09:40:17.884 AM ET,8.030,230,1.85K,Ask,Nasdaq GSM,
03:24:54.196 PM ET,8.060,224,1.81K,Bid,Cboe EDGX,Inter Mkt Swp; Trade Thru Exmpt
03:24:54.196 PM ET,8.060,224,1.81K,Bid,Cboe EDGX,
03:24:54.197 PM ET,8.060,224,1.81K,Bid,Cboe EDGX,Inter Mkt Swp; Trade Thru Exmpt
03:19:46.483 PM ET,8.030,219,1.76K,Ask,Nasdaq GSM,Inter Mkt Swp; Trade Thru Exmpt
01:07:27.441 PM ET,8.050,213,1.71K,Bid,Nasdaq GSM,Inter Mkt Swp; Trade Thru Exmpt
10:25:04.641 AM ET,8.080,206,1.66K,Ask,Off Exchange,
09:59:25.498 AM ET,8.110,200,1.62K,Mid,Off Exchange,
10:24:32.879 AM ET,8.070,200,1.61K,Bid,Cboe BZX,
10:33:49.888 AM ET,8.060,200,1.61K,Mid,Cboe BZX,Inter Mkt Swp; Trade Thru Exmpt
10:33:49.889 AM ET,8.060,200,1.61K,Mid,Cboe BZX,Inter Mkt Swp; Trade Thru Exmpt
10:47:12.461 AM ET,8.080,200,1.62K,Bid,Cboe EDGX,Inter Mkt Swp; Trade Thru Exmpt
10:47:12.482 AM ET,8.100,200,1.62K,Bid,NYSE Arca,Inter Mkt Swp; Trade Thru Exmpt
10:47:12.482 AM ET,8.110,200,1.62K,Bid,Cboe BZX,
10:47:12.483 AM ET,8.110,200,1.62K,Bid,Off Exchange,
10:47:12.484 AM ET,8.120,200,1.62K,Mid,Cboe BZX,Inter Mkt Swp; Trade Thru Exmpt
10:47:13.088 AM ET,8.130,200,1.63K,Ask,NYSE Arca,
10:52:01.472 AM ET,8.120,200,1.62K,Bid,Cboe EDGX,Inter Mkt Swp; Trade Thru Exmpt
11:08:53.754 AM ET,8.090,200,1.62K,Bid,Cboe EDGX,Inter Mkt Swp; Trade Thru Exmpt
11:19:05.923 AM ET,8.090,200,1.62K,Bid,Cboe EDGX,
11:19:05.924 AM ET,8.090,200,1.62K,Bid,Cboe EDGX,Inter Mkt Swp; Trade Thru Exmpt
11:24:15.326 AM ET,8.080,200,1.62K,Mid,Nasdaq GSM,Inter Mkt Swp; Trade Thru Exmpt
11:24:15.359 AM ET,8.090,200,1.62K,Mid,Off Exchange,
12:36:57.253 PM ET,8.090,200,1.62K,Bid,NYSE Arca,Inter Mkt Swp; Trade Thru Exmpt
12:50:04.795 PM ET,8.040,200,1.61K,Bid,NYSE Arca,Inter Mkt Swp; Trade Thru Exmpt
12:54:38.296 PM ET,8.070,200,1.61K,Ask,NYSE Arca,Inter Mkt Swp; Trade Thru Exmpt
12:55:09.319 PM ET,8.070,200,1.61K,Mid,Nasdaq GSM,
12:59:21.531 PM ET,8.060,200,1.61K,Ask,Off Exchange,
01:17:07.719 PM ET,8.070,200,1.61K,Mid,Off Exchange,
01:33:07.407 PM ET,8.045,200,1.61K,Mid,Off Exchange,
01:33:07.440 PM ET,8.060,200,1.61K,Ask,Off Exchange,
01:33:26.765 PM ET,8.059,200,1.61K,Mid,Off Exchange,
01:47:10.985 PM ET,8.050,200,1.61K,Bid,NYSE Arca,
01:47:10.985 PM ET,8.050,200,1.61K,Bid,IEX,
01:47:10.986 PM ET,8.060,200,1.61K,Ask,Off Exchange,
01:50:05.788 PM ET,8.040,200,1.61K,Mid,Nasdaq GSM,
01:50:05.790 PM ET,8.040,200,1.61K,Mid,Off Exchange,
01:50:05.802 PM ET,8.040,200,1.61K,Mid,NYSE Arca,
01:50:05.802 PM ET,8.040,200,1.61K,Mid,Off Exchange,
01:50:05.804 PM ET,8.040,200,1.61K,Mid,Nasdaq GSM,
01:50:05.805 PM ET,8.040,200,1.61K,Mid,Off Exchange,
02:08:57.689 PM ET,8.060,200,1.61K,Mid,Off Exchange,
02:13:49.746 PM ET,8.070,200,1.61K,Mid,Cboe BZX,Inter Mkt Swp; Trade Thru Exmpt
02:20:06.866 PM ET,8.080,200,1.62K,Bid,Cboe BZX,Inter Mkt Swp; Trade Thru Exmpt
02:29:48.895 PM ET,8.110,200,1.62K,Bid,Off Exchange,
02:29:48.895 PM ET,8.110,200,1.62K,Bid,Cboe BZX,Inter Mkt Swp; Trade Thru Exmpt
02:29:48.895 PM ET,8.110,200,1.62K,Bid,NYSE Arca,Inter Mkt Swp; Trade Thru Exmpt
02:29:48.895 PM ET,8.110,200,1.62K,Mid,Off Exchange,
02:36:02.041 PM ET,8.100,200,1.62K,Mid,Cboe BZX,
02:53:17.335 PM ET,8.080,200,1.62K,Bid,Nasdaq GSM,
02:53:17.337 PM ET,8.080,200,1.62K,Bid,NYSE Arca,
02:55:18.267 PM ET,8.080,200,1.62K,Bid,Off Exchange,
03:00:32.048 PM ET,8.080,200,1.62K,Bid,NYSE Arca,Inter Mkt Swp; Trade Thru Exmpt
03:11:55.394 PM ET,8.060,200,1.61K,Ask,Cboe BZX,Inter Mkt Swp; Trade Thru Exmpt
03:11:55.394 PM ET,8.060,200,1.61K,Ask,NYSE Arca,Inter Mkt Swp; Trade Thru Exmpt
03:11:55.396 PM ET,8.060,200,1.61K,Ask,NYSE Arca,
03:11:55.399 PM ET,8.060,200,1.61K,Ask,Off Exchange,
03:19:43.524 PM ET,8.030,200,1.61K,Bid,Off Exchange,
03:19:46.550 PM ET,8.030,200,1.61K,Bid,Nasdaq PHLX,
03:19:46.552 PM ET,8.030,200,1.61K,Bid,Nasdaq BX,
03:19:46.739 PM ET,8.040,200,1.61K,Ask,Off Exchange,
03:24:04.066 PM ET,8.050,200,1.61K,Bid,Nasdaq GSM,
03:24:54.191 PM ET,8.060,200,1.61K,Bid,Nasdaq GSM,
03:24:54.205 PM ET,8.060,200,1.61K,Bid,Cboe BZX,Inter Mkt Swp; Trade Thru Exmpt
03:24:54.205 PM ET,8.060,200,1.61K,Bid,NYSE Arca,Inter Mkt Swp; Trade Thru Exmpt
03:24:54.256 PM ET,8.060,200,1.61K,Bid,Off Exchange,
03:24:54.307 PM ET,8.060,200,1.61K,Mid,Off Exchange,
03:24:54.308 PM ET,8.060,200,1.61K,Mid,Off Exchange,
03:29:08.720 PM ET,8.060,200,1.61K,Bid,Off Exchange,
03:29:08.722 PM ET,8.050,200,1.61K,Bid,NYSE Arca,Inter Mkt Swp; Trade Thru Exmpt
03:30:25.440 PM ET,8.025,200,1.60K,Mid,Nasdaq GSM,
03:35:50.648 PM ET,8.005,200,1.60K,Mid,IEX,
03:35:51.504 PM ET,7.980,200,1.60K,Bid,Cboe BZX,Inter Mkt Swp; Trade Thru Exmpt
03:35:52.031 PM ET,7.990,200,1.60K,Mid,IEX,
03:36:09.225 PM ET,8.060,200,1.61K,Ask,Nasdaq GSM,Inter Mkt Swp; Trade Thru Exmpt
03:36:09.225 PM ET,8.060,200,1.61K,Ask,Cboe EDGX,Inter Mkt Swp; Trade Thru Exmpt
03:37:36.667 PM ET,8.090,200,1.62K,Ask,NYSE Arca,
03:38:12.867 PM ET,8.090,200,1.62K,Mid,NYSE Arca,
03:50:35.777 PM ET,8.070,200,1.61K,Mid,Off Exchange,Avg Price; Deriv Priced; Trade Thru Exmpt
03:56:21.107 PM ET,8.086,200,1.62K,Bid,Off Exchange,Avg Price; Deriv Priced; Trade Thru Exmpt
04:00:01.338 PM ET,8.080,200,1.62K,None,Off Exchange,Frm T Ext Hrs
03:24:54.307 PM ET,8.060,195,1.57K,Mid,NYSE Arca,
03:11:55.660 PM ET,8.050,192,1.55K,Bid,NYSE Arca,Inter Mkt Swp; Trade Thru Exmpt
03:11:55.400 PM ET,8.060,190,1.53K,Ask,Off Exchange,
06:29:04.034 AM ET,8.030,188,1.51K,Bid,Nasdaq GSM,Frm T Ext Hrs; Inter Mkt Swp; Trade Thru Exmpt
03:40:30.467 PM ET,8.025,188,1.51K,Bid,Off Exchange,Avg Price; Deriv Priced; Trade Thru Exmpt
01:01:17.539 PM ET,8.057,186,1.50K,Ask,Off Exchange,Avg Price; Deriv Priced; Trade Thru Exmpt
03:24:54.197 PM ET,8.060,182,1.47K,Bid,Cboe EDGX,
03:24:54.197 PM ET,8.060,180,1.45K,Bid,Off Exchange,
11:19:05.924 AM ET,8.090,179,1.45K,Bid,Cboe EDGX,Inter Mkt Swp; Trade Thru Exmpt
03:58:19.192 PM ET,8.088,178,1.44K,Bid,Off Exchange,Avg Price; Deriv Priced; Trade Thru Exmpt
03:59:23.126 PM ET,8.090,175,1.42K,None,IEX,
01:03:06.566 PM ET,8.050,168,1.35K,Ask,Nasdaq GSM,
01:47:10.978 PM ET,8.060,168,1.35K,Ask,Nasdaq GSM,Inter Mkt Swp; Trade Thru Exmpt
03:24:54.197 PM ET,8.060,168,1.35K,Bid,Off Exchange,
03:24:54.307 PM ET,8.060,165,1.33K,Mid,Off Exchange,
03:36:53.093 PM ET,8.065,162,1.31K,Mid,Off Exchange,
11:19:05.923 AM ET,8.090,157,1.27K,Bid,Nasdaq GSM,
03:19:46.483 PM ET,8.030,157,1.26K,Ask,Cboe BZX,Inter Mkt Swp; Trade Thru Exmpt
01:52:06.121 PM ET,8.045,154,1.24K,Mid,Off Exchange,
03:29:08.720 PM ET,8.060,154,1.24K,Bid,NYSE Arca,Inter Mkt Swp; Trade Thru Exmpt
03:19:46.483 PM ET,8.030,152,1.22K,Ask,Cboe BZX,Inter Mkt Swp; Trade Thru Exmpt
03:21:22.871 PM ET,8.040,152,1.22K,Ask,Nasdaq GSM,Inter Mkt Swp; Trade Thru Exmpt
03:24:54.197 PM ET,8.060,152,1.23K,Bid,Cboe EDGX,
03:19:46.483 PM ET,8.030,151,1.21K,Ask,Nasdaq PHLX,Inter Mkt Swp; Trade Thru Exmpt
03:59:54.287 PM ET,8.090,151,1.22K,None,Cboe BZX,
11:18:27.646 AM ET,8.100,150,1.22K,Ask,Off Exchange,
01:19:28.566 PM ET,8.065,150,1.21K,Mid,Off Exchange,Avg Price; Deriv Priced; Trade Thru Exmpt
03:24:54.197 PM ET,8.060,148,1.19K,Bid,Cboe EDGX,
09:25:00.052 AM ET,8.050,147,1.18K,Bid,Nasdaq GSM,Frm T Ext Hrs; Inter Mkt Swp; Trade Thru Exmpt
01:40:00.832 PM ET,8.070,147,1.19K,Mid,NYSE Arca,Inter Mkt Swp; Trade Thru Exmpt
03:36:09.148 PM ET,8.010,146,1.17K,Bid,NYSE Arca,Inter Mkt Swp; Trade Thru Exmpt
09:45:48.454 AM ET,8.030,145,1.16K,Mid,Nasdaq GSM,Inter Mkt Swp; Trade Thru Exmpt
02:20:38.747 PM ET,8.095,145,1.17K,Mid,Nasdaq GSM,
12:50:04.812 PM ET,8.050,144,1.16K,Mid,NYSE Arca,Inter Mkt Swp; Trade Thru Exmpt
03:19:42.451 PM ET,8.040,144,1.16K,Bid,NYSE Arca,
03:24:54.197 PM ET,8.060,144,1.16K,Bid,Cboe EDGX,Inter Mkt Swp; Trade Thru Exmpt
02:29:48.908 PM ET,8.110,142,1.15K,Mid,Off Exchange,
02:29:48.908 PM ET,8.100,142,1.15K,Bid,Nasdaq GSM,
03:41:12.999 PM ET,8.075,142,1.15K,Mid,Off Exchange,
06:29:04.034 AM ET,8.040,141,1.13K,Mid,NYSE Arca,Frm T Ext Hrs; Inter Mkt Swp; Trade Thru Exmpt
09:25:00.052 AM ET,8.050,141,1.14K,Bid,Nasdaq GSM,Frm T Ext Hrs; Inter Mkt Swp; Trade Thru Exmpt
03:11:55.396 PM ET,8.060,141,1.14K,Ask,NYSE Arca,
03:59:23.108 PM ET,8.100,141,1.14K,None,Nasdaq GSM,Inter Mkt Swp; Trade Thru Exmpt
10:11:50.424 AM ET,8.095,140,1.13K,Mid,IEX,
12:54:38.274 PM ET,8.075,140,1.13K,Ask,Off Exchange,
02:20:39.218 PM ET,8.095,140,1.13K,Mid,IEX,
03:26:18.832 PM ET,8.046,138,1.11K,Bid,Off Exchange,Avg Price; Deriv Priced; Trade Thru Exmpt
03:59:23.108 PM ET,8.100,136,1.10K,None,Nasdaq GSM,Inter Mkt Swp; Trade Thru Exmpt
03:24:54.256 PM ET,8.060,135,1.09K,Bid,Off Exchange,
03:59:23.108 PM ET,8.100,135,1.09K,None,Nasdaq GSM,Inter Mkt Swp; Trade Thru Exmpt
10:14:05.149 AM ET,8.093,133,1.08K,Mid,Off Exchange,Avg Price; Deriv Priced; Trade Thru Exmpt
09:32:11.351 AM ET,8.040,131,1.05K,Bid,Nasdaq GSM,
03:42:01.114 PM ET,8.080,131,1.06K,Ask,Off Exchange,
03:57:06.085 PM ET,8.095,129,1.04K,Mid,Off Exchange,
12:50:04.812 PM ET,8.040,126,1.01K,Bid,Nasdaq GSM,Inter Mkt Swp; Trade Thru Exmpt
03:19:46.483 PM ET,8.030,126,1.01K,Ask,MEMX,Inter Mkt Swp; Trade Thru Exmpt
03:58:27.587 PM ET,8.100,126,1.02K,Bid,Cboe EDGX,Inter Mkt Swp; Trade Thru Exmpt
10:34:10.372 AM ET,8.060,125,1.01K,Mid,Off Exchange,Avg Price; Deriv Priced; Trade Thru Exmpt
12:47:27.532 PM ET,8.076,125,1.01K,Ask,Off Exchange,Avg Price; Deriv Priced; Trade Thru Exmpt
01:55:51.574 PM ET,8.050,125,1.01K,Ask,Off Exchange,Avg Price; Deriv Priced; Trade Thru Exmpt
03:52:17.650 PM ET,8.080,125,1.01K,Bid,Cboe BYX,Inter Mkt Swp; Trade Thru Exmpt
11:42:33.252 AM ET,8.086,124,1.00K,Mid,Off Exchange,Avg Price; Deriv Priced; Trade Thru Exmpt
03:17:03.611 PM ET,8.057,124,999,Ask,Off Exchange,Avg Price; Deriv Priced; Trade Thru Exmpt
03:35:51.508 PM ET,7.980,124,990,Bid,Off Exchange,
09:30:00.761 AM ET,8.070,121,976,Ask,Nasdaq GSM,Frm T Ext Hrs
10:50:01.816 AM ET,8.140,120,977,Mid,Nasdaq GSM,
03:59:23.108 PM ET,8.110,120,973,None,Nasdaq GSM,Inter Mkt Swp; Trade Thru Exmpt
03:19:46.483 PM ET,8.030,119,956,Ask,Nasdaq GSM,Inter Mkt Swp; Trade Thru Exmpt
01:28:18.978 PM ET,8.030,118,948,Mid,Off Exchange,
03:24:54.197 PM ET,8.060,118,951,Bid,Cboe EDGX,
03:35:51.504 PM ET,7.980,118,942,Bid,IEX,
01:47:10.981 PM ET,8.060,114,919,Ask,NYSE Arca,
03:19:42.451 PM ET,8.040,112,900,Bid,NYSE Arca,
03:35:51.504 PM ET,7.970,111,885,Bid,Off Exchange,
10:08:53.621 AM ET,8.090,110,890,Mid,Cboe BYX,Inter Mkt Swp; Trade Thru Exmpt
10:24:32.879 AM ET,8.070,108,872,Bid,Cboe BZX,
03:11:55.632 PM ET,8.050,108,869,Bid,NYSE Arca,
03:19:46.483 PM ET,8.030,108,867,Ask,Nasdaq BX,Inter Mkt Swp; Trade Thru Exmpt
03:19:46.738 PM ET,8.030,108,867,Bid,Nasdaq BX,
11:19:05.923 AM ET,8.090,107,866,Bid,Cboe BZX,
12:54:38.236 PM ET,8.060,106,854,Ask,NYSE Arca,Inter Mkt Swp; Trade Thru Exmpt
01:57:43.028 PM ET,8.050,106,853,Ask,Cboe EDGA,Inter Mkt Swp; Trade Thru Exmpt
02:55:18.266 PM ET,8.080,106,856,Bid,Cboe BZX,Inter Mkt Swp; Trade Thru Exmpt
03:19:42.468 PM ET,8.040,106,852,Bid,Cboe BYX,
03:35:51.504 PM ET,7.980,106,846,Bid,Nasdaq GSM,Inter Mkt Swp; Trade Thru Exmpt
03:58:27.587 PM ET,8.100,106,859,Bid,Nasdaq GSM,Inter Mkt Swp; Trade Thru Exmpt
03:59:20.561 PM ET,8.110,106,860,None,Nasdaq GSM,Inter Mkt Swp; Trade Thru Exmpt
10:47:12.484 AM ET,8.120,104,844,Mid,NYSE Arca,Inter Mkt Swp; Trade Thru Exmpt
12:55:18.459 PM ET,8.070,103,831,Mid,Off Exchange,
10:43:44.312 AM ET,8.061,102,822,Mid,Off Exchange,Avg Price; Deriv Priced; Trade Thru Exmpt
11:19:05.923 AM ET,8.090,101,817,Bid,Cboe BYX,Inter Mkt Swp; Trade Thru Exmpt
03:35:51.502 PM ET,8.000,101,808,Bid,Nasdaq GSM,Inter Mkt Swp; Trade Thru Exmpt
03:35:51.504 PM ET,7.980,101,806,Bid,Nasdaq GSM,Inter Mkt Swp; Trade Thru Exmpt
07:28:01.470 AM ET,8.020,100,802,Bid,Off Exchange,Frm T Ext Hrs
08:09:02.005 AM ET,8.080,100,808,Mid,Off Exchange,Frm T Ext Hrs
09:32:11.351 AM ET,8.070,100,807,Mid,Nasdaq GSM,
09:36:12.672 AM ET,8.060,100,806,Mid,Off Exchange,
09:36:52.669 AM ET,8.060,100,806,Mid,Off Exchange,
09:40:17.884 AM ET,8.030,100,803,Ask,Nasdaq GSM,
09:40:43.334 AM ET,8.020,100,802,Mid,Nasdaq GSM,
09:42:17.753 AM ET,8.040,100,804,Mid,Off Exchange,
09:42:17.754 AM ET,8.040,100,804,Mid,Off Exchange,
09:43:06.323 AM ET,8.040,100,804,Mid,Off Exchange,
09:45:48.453 AM ET,8.040,100,804,Ask,Nasdaq GSM,Inter Mkt Swp; Trade Thru Exmpt
09:45:48.453 AM ET,8.040,100,804,Ask,Cboe BYX,
09:45:48.454 AM ET,8.040,100,804,Ask,MEMX,Inter Mkt Swp; Trade Thru Exmpt
09:45:48.454 AM ET,8.030,100,803,Mid,Nasdaq GSM,Inter Mkt Swp; Trade Thru Exmpt
09:48:51.971 AM ET,8.050,100,805,Ask,IEX,
09:48:55.454 AM ET,8.050,100,805,Ask,Nasdaq GSM,Inter Mkt Swp; Trade Thru Exmpt
09:50:39.050 AM ET,8.070,100,807,Ask,IEX,
09:51:38.489 AM ET,8.080,100,808,Mid,NYSE Arca,Inter Mkt Swp; Trade Thru Exmpt
09:51:38.491 AM ET,8.080,100,808,Mid,Off Exchange,
09:51:38.940 AM ET,8.080,100,808,Mid,Off Exchange,
09:52:23.710 AM ET,8.065,100,807,Mid,Off Exchange,
09:56:00.125 AM ET,8.100,100,810,Ask,Nasdaq GSM,Inter Mkt Swp; Trade Thru Exmpt
09:56:00.125 AM ET,8.100,100,810,Ask,Cboe BZX,Inter Mkt Swp; Trade Thru Exmpt
09:56:00.125 AM ET,8.110,100,811,Ask,Nasdaq GSM,Inter Mkt Swp; Trade Thru Exmpt
09:56:00.138 AM ET,8.120,100,812,Ask,Nasdaq GSM,
09:56:00.226 AM ET,8.130,100,813,Mid,Cboe BZX,Inter Mkt Swp; Trade Thru Exmpt
09:56:00.226 AM ET,8.130,100,813,Mid,NYSE Arca,Inter Mkt Swp; Trade Thru Exmpt
09:56:00.226 AM ET,8.120,100,812,Mid,Nasdaq GSM,Inter Mkt Swp; Trade Thru Exmpt
09:56:00.226 AM ET,8.130,100,813,Mid,Cboe BZX,
09:56:00.226 AM ET,8.140,100,814,Ask,NYSE Arca,Inter Mkt Swp; Trade Thru Exmpt
09:56:00.227 AM ET,8.130,100,813,Mid,IEX,
09:56:00.227 AM ET,8.140,100,814,Ask,IEX,
09:56:29.427 AM ET,8.140,100,814,Mid,Nasdaq GSM,
09:57:55.029 AM ET,8.120,100,812,Bid,Nasdaq GSM,
09:57:55.029 AM ET,8.120,100,812,Bid,Cboe BYX,Inter Mkt Swp; Trade Thru Exmpt
10:08:00.391 AM ET,8.105,100,811,Mid,Off Exchange,
10:08:53.621 AM ET,8.090,100,809,Mid,Nasdaq GSM,
10:11:50.424 AM ET,8.095,100,810,Mid,Off Exchange,
10:11:50.449 AM ET,8.095,100,810,Mid,Off Exchange,
10:14:46.350 AM ET,8.090,100,809,Bid,NYSE Arca,Inter Mkt Swp; Trade Thru Exmpt
10:14:46.351 AM ET,8.090,100,809,Bid,Nasdaq GSM,Inter Mkt Swp; Trade Thru Exmpt
10:24:32.879 AM ET,8.070,100,807,Bid,NYSE Arca,
10:24:32.899 AM ET,8.060,100,806,Bid,Nasdaq GSM,
10:24:46.712 AM ET,8.060,100,806,Mid,IEX,
10:27:42.929 AM ET,8.060,100,806,Mid,IEX,
10:33:49.888 AM ET,8.060,100,806,Mid,Nasdaq GSM,Inter Mkt Swp; Trade Thru Exmpt
10:33:49.888 AM ET,8.060,100,806,Mid,Cboe EDGX,Inter Mkt Swp; Trade Thru Exmpt
10:33:49.888 AM ET,8.060,100,806,Mid,Cboe BZX,Inter Mkt Swp; Trade Thru Exmpt
10:33:49.889 AM ET,8.060,100,806,Mid,Nasdaq GSM,Inter Mkt Swp; Trade Thru Exmpt
10:33:49.889 AM ET,8.060,100,806,Mid,NYSE Arca,Inter Mkt Swp; Trade Thru Exmpt
10:47:12.461 AM ET,8.080,100,808,Bid,Cboe BZX,Inter Mkt Swp; Trade Thru Exmpt
10:47:12.461 AM ET,8.070,100,807,Bid,Nasdaq GSM,Inter Mkt Swp; Trade Thru Exmpt
10:47:12.481 AM ET,8.100,100,810,Bid,Nasdaq GSM,
10:47:12.482 AM ET,8.100,100,810,Bid,Cboe BZX,
10:47:12.482 AM ET,8.110,100,811,Bid,Nasdaq GSM,
10:47:12.482 AM ET,8.110,100,811,Bid,Cboe BZX,
10:47:12.485 AM ET,8.120,100,812,Mid,IEX,
10:47:12.485 AM ET,8.120,100,812,Mid,Nasdaq GSM,
10:47:13.067 AM ET,8.120,100,812,Mid,Nasdaq GSM,
10:47:13.088 AM ET,8.130,100,813,Ask,NYSE Arca,
10:47:13.088 AM ET,8.120,100,812,Mid,Nasdaq GSM,
10:47:26.647 AM ET,8.130,100,813,Mid,Nasdaq GSM,
10:52:01.472 AM ET,8.120,100,812,Bid,Nasdaq GSM,Inter Mkt Swp; Trade Thru Exmpt
10:52:01.472 AM ET,8.120,100,812,Bid,Nasdaq PHLX,Inter Mkt Swp; Trade Thru Exmpt
10:52:02.228 AM ET,8.115,100,812,Mid,IEX,
10:52:02.942 AM ET,8.115,100,812,Mid,IEX,
10:52:02.943 AM ET,8.115,100,812,Mid,IEX,
11:02:35.479 AM ET,8.100,100,810,Bid,Nasdaq PHLX,
11:02:35.479 AM ET,8.100,100,810,Bid,Nasdaq GSM,
11:02:35.488 AM ET,8.080,100,808,Bid,Off Exchange,
11:02:35.689 AM ET,8.080,100,808,Mid,Off Exchange,
11:09:04.522 AM ET,8.100,100,810,Bid,Nasdaq GSM,Inter Mkt Swp; Trade Thru Exmpt
11:09:04.522 AM ET,8.100,100,810,Bid,Cboe EDGX,
11:09:04.523 AM ET,8.100,100,810,Bid,NYSE Arca,Inter Mkt Swp; Trade Thru Exmpt
11:16:15.044 AM ET,8.090,100,809,Bid,Off Exchange,
11:18:27.644 AM ET,8.095,100,810,Mid,NYSE,
11:19:05.923 AM ET,8.090,100,809,Bid,Nasdaq GSM,
11:19:05.977 AM ET,8.080,100,808,Bid,IEX,
11:23:26.044 AM ET,8.070,100,807,Mid,Off Exchange,
11:23:26.045 AM ET,8.070,100,807,Mid,Off Exchange,
11:24:15.326 AM ET,8.080,100,808,Mid,Nasdaq GSM,Inter Mkt Swp; Trade Thru Exmpt
11:24:15.326 AM ET,8.080,100,808,Mid,Off Exchange,
11:24:15.446 AM ET,8.095,100,810,Mid,IEX,
11:24:15.628 AM ET,8.095,100,810,Mid,MEMX,
11:24:16.227 AM ET,8.095,100,810,Mid,MEMX,
11:24:16.378 AM ET,8.095,100,810,Mid,MEMX,
11:24:16.511 AM ET,8.095,100,810,Mid,MEMX,
11:26:51.227 AM ET,8.090,100,809,Mid,MEMX,
11:27:56.461 AM ET,8.090,100,809,Mid,Off Exchange,
11:30:15.497 AM ET,8.090,100,809,Mid,MEMX,
11:31:40.227 AM ET,8.090,100,809,Mid,MEMX,
11:31:48.245 AM ET,8.090,100,809,Mid,MEMX,
11:33:12.531 AM ET,8.090,100,809,Mid,Off Exchange,
11:38:52.793 AM ET,8.070,100,807,Bid,IEX,
11:39:16.384 AM ET,8.090,100,809,Mid,MEMX,
11:52:19.455 AM ET,8.090,100,809,Mid,Off Exchange,
11:52:57.833 AM ET,8.090,100,809,Mid,MEMX,
12:05:07.729 PM ET,8.100,100,810,Mid,Cboe BZX,
12:05:47.731 PM ET,8.100,100,810,Mid,MEMX,
12:17:11.437 PM ET,8.100,100,810,Mid,Off Exchange,
12:17:15.072 PM ET,8.110,100,811,Ask,Cboe BZX,Inter Mkt Swp; Trade Thru Exmpt
12:17:15.072 PM ET,8.120,100,812,Ask,Nasdaq GSM,
12:17:15.072 PM ET,8.110,100,811,Ask,Nasdaq GSM,Inter Mkt Swp; Trade Thru Exmpt
12:19:21.330 PM ET,8.120,100,812,Mid,Nasdaq GSM,
12:19:21.330 PM ET,8.120,100,812,Mid,Nasdaq PHLX,
12:19:21.330 PM ET,8.120,100,812,Mid,Cboe EDGX,Inter Mkt Swp; Trade Thru Exmpt
12:19:21.330 PM ET,8.120,100,812,Mid,NYSE Arca,Inter Mkt Swp; Trade Thru Exmpt
12:19:31.506 PM ET,8.110,100,811,Mid,Nasdaq GSM,
12:23:26.813 PM ET,8.100,100,810,Mid,Nasdaq GSM,
12:23:26.813 PM ET,8.106,100,811,Mid,Off Exchange,
12:23:26.814 PM ET,8.106,100,811,Mid,Off Exchange,
12:36:57.253 PM ET,8.090,100,809,Bid,IEX,
12:36:57.253 PM ET,8.090,100,809,Bid,Nasdaq GSM,Inter Mkt Swp; Trade Thru Exmpt
12:36:57.253 PM ET,8.090,100,809,Bid,Cboe BZX,Inter Mkt Swp; Trade Thru Exmpt
12:36:57.253 PM ET,8.090,100,809,Bid,NYSE Arca,Inter Mkt Swp; Trade Thru Exmpt
12:37:18.481 PM ET,8.100,100,810,Mid,NYSE Arca,
12:38:16.649 PM ET,8.090,100,809,Bid,Nasdaq GSM,
12:38:38.767 PM ET,8.080,100,808,Mid,Off Exchange,
12:38:39.359 PM ET,8.080,100,808,Mid,Off Exchange,
12:38:49.928 PM ET,8.080,100,808,Mid,Cboe EDGX,
12:39:13.515 PM ET,8.070,100,807,Bid,Nasdaq GSM,
12:39:21.601 PM ET,8.080,100,808,Mid,Off Exchange,
12:39:46.080 PM ET,8.070,100,807,Mid,Nasdaq GSM,
12:43:08.237 PM ET,8.060,100,806,Mid,Nasdaq GSM,
12:43:08.237 PM ET,8.060,100,806,Mid,Cboe BZX,
12:43:09.426 PM ET,8.055,100,806,Mid,Nasdaq GSM,
12:50:04.794 PM ET,8.040,100,804,Bid,Nasdaq GSM,Inter Mkt Swp; Trade Thru Exmpt
12:50:04.794 PM ET,8.040,100,804,Bid,Cboe BZX,Inter Mkt Swp; Trade Thru Exmpt
12:50:04.796 PM ET,8.045,100,805,Mid,NYSE National,
12:50:04.812 PM ET,8.040,100,804,Bid,Off Exchange,
12:50:04.812 PM ET,8.050,100,805,Mid,IEX,
12:50:04.813 PM ET,8.040,100,804,Bid,Off Exchange,
12:50:04.822 PM ET,8.040,100,804,Bid,Off Exchange,
12:50:24.193 PM ET,8.050,100,805,Mid,NYSE Arca,Inter Mkt Swp; Trade Thru Exmpt
12:53:20.283 PM ET,8.060,100,806,Ask,Off Exchange,
12:54:38.236 PM ET,8.060,100,806,Ask,Nasdaq GSM,Inter Mkt Swp; Trade Thru Exmpt
12:54:38.236 PM ET,8.060,100,806,Ask,Cboe EDGX,Inter Mkt Swp; Trade Thru Exmpt
12:54:38.236 PM ET,8.060,100,806,Ask,NYSE Arca,Inter Mkt Swp; Trade Thru Exmpt
12:54:38.271 PM ET,8.070,100,807,Ask,Nasdaq GSM,
12:55:06.088 PM ET,8.070,100,807,Bid,Nasdaq GSM,Inter Mkt Swp; Trade Thru Exmpt
12:55:09.022 PM ET,8.070,100,807,Mid,Nasdaq GSM,Inter Mkt Swp; Trade Thru Exmpt
12:55:09.022 PM ET,8.070,100,807,Mid,Nasdaq GSM,
12:55:09.023 PM ET,8.070,100,807,Mid,NYSE Arca,
12:55:09.023 PM ET,8.070,100,807,Mid,Nasdaq GSM,
12:56:37.568 PM ET,8.060,100,806,Ask,Cboe BZX,Inter Mkt Swp; Trade Thru Exmpt
12:56:37.569 PM ET,8.050,100,805,Ask,Cboe EDGX,Inter Mkt Swp; Trade Thru Exmpt
12:56:37.569 PM ET,8.060,100,806,Ask,NYSE Arca,Inter Mkt Swp; Trade Thru Exmpt
12:56:37.569 PM ET,8.050,100,805,Ask,Nasdaq GSM,Inter Mkt Swp; Trade Thru Exmpt
12:56:37.569 PM ET,8.060,100,806,Ask,NYSE American,Inter Mkt Swp; Trade Thru Exmpt
12:56:37.569 PM ET,8.060,100,806,Ask,NYSE Arca,
12:56:37.569 PM ET,8.050,100,805,Ask,NYSE Arca,Inter Mkt Swp; Trade Thru Exmpt
12:56:37.603 PM ET,8.060,100,806,Ask,IEX,
01:03:06.566 PM ET,8.050,100,805,Ask,Nasdaq GSM,
01:03:06.584 PM ET,8.060,100,806,Ask,IEX,
01:03:12.127 PM ET,8.055,100,806,Mid,MEMX,
01:03:12.128 PM ET,8.055,100,806,Mid,MEMX,
01:04:23.501 PM ET,8.055,100,806,Mid,Off Exchange,
01:07:27.441 PM ET,8.050,100,805,Bid,Nasdaq GSM,Inter Mkt Swp; Trade Thru Exmpt
01:07:28.444 PM ET,8.040,100,804,Mid,MEMX,
01:07:28.464 PM ET,8.040,100,804,Mid,MEMX,
01:12:43.170 PM ET,8.050,100,805,Mid,Nasdaq GSM,Inter Mkt Swp; Trade Thru Exmpt
01:12:43.171 PM ET,8.050,100,805,Mid,NYSE Arca,Inter Mkt Swp; Trade Thru Exmpt
01:13:22.506 PM ET,8.060,100,806,Mid,Nasdaq PHLX,Inter Mkt Swp; Trade Thru Exmpt
01:13:22.507 PM ET,8.060,100,806,Mid,NYSE Arca,Inter Mkt Swp; Trade Thru Exmpt
01:14:31.050 PM ET,8.070,100,807,Mid,Cboe BZX,
01:14:31.060 PM ET,8.070,100,807,Mid,Nasdaq GSM,
01:14:31.061 PM ET,8.070,100,807,Mid,Nasdaq GSM,
01:14:31.061 PM ET,8.070,100,807,Mid,NYSE Arca,
01:20:41.053 PM ET,8.070,100,807,Mid,Off Exchange,
01:22:25.227 PM ET,8.070,100,807,Mid,MEMX,
01:22:50.991 PM ET,8.070,100,807,Mid,MEMX,
01:22:50.998 PM ET,8.070,100,807,Mid,MEMX,
01:22:52.238 PM ET,8.070,100,807,Mid,MEMX,
01:22:59.508 PM ET,8.070,100,807,Mid,MEMX,
01:24:11.899 PM ET,8.060,100,806,Bid,NYSE Arca,
01:24:11.899 PM ET,8.060,100,806,Bid,Nasdaq GSM,
01:26:07.561 PM ET,8.050,100,805,Bid,Nasdaq GSM,Inter Mkt Swp; Trade Thru Exmpt
01:26:07.561 PM ET,8.050,100,805,Bid,NYSE American,Inter Mkt Swp; Trade Thru Exmpt
01:27:30.822 PM ET,8.020,100,802,Bid,Cboe BYX,Inter Mkt Swp; Trade Thru Exmpt
01:29:10.339 PM ET,8.030,100,803,Mid,Nasdaq GSM,
01:29:44.241 PM ET,8.030,100,803,Mid,Nasdaq GSM,
01:32:33.698 PM ET,8.040,100,804,Ask,Nasdaq GSM,Inter Mkt Swp; Trade Thru Exmpt
01:32:33.698 PM ET,8.040,100,804,Ask,NYSE Arca,Inter Mkt Swp; Trade Thru Exmpt
01:33:07.407 PM ET,8.045,100,805,Mid,Off Exchange,
01:33:07.457 PM ET,8.060,100,806,Ask,Cboe BYX,
01:33:07.474 PM ET,8.060,100,806,Ask,Off Exchange,
01:33:26.779 PM ET,8.060,100,806,Ask,IEX,
01:33:27.271 PM ET,8.070,100,807,Ask,Cboe BYX,
01:33:27.288 PM ET,8.070,100,807,Ask,Cboe BYX,
01:34:06.587 PM ET,8.060,100,806,Mid,MEMX,
01:34:06.618 PM ET,8.060,100,806,Mid,MEMX,
01:34:08.167 PM ET,8.060,100,806,Mid,Off Exchange,
01:34:08.547 PM ET,8.060,100,806,Mid,Nasdaq GSM,
01:34:50.050 PM ET,8.060,100,806,Mid,MEMX,
01:40:00.832 PM ET,8.070,100,807,Mid,Nasdaq GSM,Inter Mkt Swp; Trade Thru Exmpt
01:40:00.832 PM ET,8.070,100,807,Mid,Cboe EDGX,Inter Mkt Swp; Trade Thru Exmpt
01:40:00.832 PM ET,8.070,100,807,Mid,Cboe EDGA,Inter Mkt Swp; Trade Thru Exmpt
01:44:49.564 PM ET,8.070,100,807,Mid,Nasdaq GSM,
01:47:10.975 PM ET,8.070,100,807,Ask,MEMX,
01:47:10.978 PM ET,8.060,100,806,Ask,Nasdaq GSM,Inter Mkt Swp; Trade Thru Exmpt
01:47:10.978 PM ET,8.060,100,806,Ask,Cboe BYX,Inter Mkt Swp; Trade Thru Exmpt
01:47:10.978 PM ET,8.060,100,806,Ask,Cboe EDGX,Inter Mkt Swp; Trade Thru Exmpt
01:47:10.978 PM ET,8.060,100,806,Ask,MIAX Pearl,Inter Mkt Swp; Trade Thru Exmpt
01:47:10.983 PM ET,8.050,100,805,Bid,Off Exchange,
01:47:10.983 PM ET,8.060,100,806,Ask,Off Exchange,
01:47:10.985 PM ET,8.050,100,805,Bid,NYSE Arca,
01:47:10.985 PM ET,8.050,100,805,Bid,IEX,
01:47:10.985 PM ET,8.060,100,806,Ask,Off Exchange,
01:47:10.986 PM ET,8.060,100,806,Ask,Off Exchange,
01:50:00.984 PM ET,8.050,100,805,Mid,Cboe BZX,
01:50:01.227 PM ET,8.050,100,805,Mid,MEMX,
01:50:02.674 PM ET,8.050,100,805,Mid,MEMX,
01:50:02.687 PM ET,8.050,100,805,Mid,MEMX,
01:50:05.776 PM ET,8.050,100,805,Ask,MEMX,
01:50:05.788 PM ET,8.050,100,805,Ask,MEMX,
01:50:05.788 PM ET,8.040,100,804,Mid,NYSE,
01:50:05.789 PM ET,8.040,100,804,Mid,MEMX,
01:50:05.790 PM ET,8.040,100,804,Mid,Off Exchange,
01:50:05.791 PM ET,8.045,100,805,Mid,MEMX,
01:50:05.796 PM ET,8.045,100,805,Mid,MEMX,
01:50:05.798 PM ET,8.045,100,805,Mid,MEMX,
01:50:05.801 PM ET,8.045,100,805,Mid,MEMX,
01:50:05.804 PM ET,8.040,100,804,Mid,MEMX,
01:50:05.804 PM ET,8.040,100,804,Mid,Nasdaq GSM,
01:50:05.804 PM ET,8.040,100,804,Mid,Off Exchange,
01:50:05.805 PM ET,8.040,100,804,Mid,Cboe BZX,
01:50:05.805 PM ET,8.040,100,804,Mid,Off Exchange,
01:50:05.805 PM ET,8.040,100,804,Mid,NYSE Arca,
01:50:05.806 PM ET,8.040,100,804,Mid,Off Exchange,
01:50:05.807 PM ET,8.040,100,804,Mid,MEMX,
01:50:05.857 PM ET,8.040,100,804,Mid,Nasdaq GSM,
01:54:25.930 PM ET,8.045,100,805,Mid,NYSE Arca,
01:57:43.028 PM ET,8.050,100,805,Ask,Nasdaq GSM,Inter Mkt Swp; Trade Thru Exmpt
01:57:43.028 PM ET,8.050,100,805,Ask,NYSE Arca,Inter Mkt Swp; Trade Thru Exmpt
02:00:05.532 PM ET,8.060,100,806,Bid,Nasdaq GSM,Inter Mkt Swp; Trade Thru Exmpt
02:13:49.746 PM ET,8.070,100,807,Mid,Nasdaq GSM,Inter Mkt Swp; Trade Thru Exmpt
02:13:49.746 PM ET,8.070,100,807,Mid,Cboe BZX,Inter Mkt Swp; Trade Thru Exmpt
02:14:00.016 PM ET,8.070,100,807,Mid,Cboe BZX,
02:14:00.017 PM ET,8.070,100,807,Mid,NYSE Arca,
02:14:09.633 PM ET,8.070,100,807,Mid,Nasdaq GSM,
02:20:06.866 PM ET,8.080,100,808,Bid,Nasdaq GSM,Inter Mkt Swp; Trade Thru Exmpt
02:20:39.217 PM ET,8.095,100,810,Mid,Nasdaq GSM,
02:29:48.895 PM ET,8.110,100,811,Bid,Cboe EDGA,Inter Mkt Swp; Trade Thru Exmpt
02:29:48.895 PM ET,8.110,100,811,Mid,Off Exchange,
02:29:48.895 PM ET,8.110,100,811,Bid,Nasdaq GSM,Inter Mkt Swp; Trade Thru Exmpt
02:29:48.896 PM ET,8.110,100,811,Bid,Off Exchange,
02:29:48.909 PM ET,8.100,100,810,Bid,Nasdaq GSM,Inter Mkt Swp; Trade Thru Exmpt
02:29:48.910 PM ET,8.110,100,811,Mid,Off Exchange,
02:29:48.910 PM ET,8.100,100,810,Bid,NYSE Arca,
02:29:48.910 PM ET,8.095,100,810,Bid,Off Exchange,
02:29:48.910 PM ET,8.100,100,810,Bid,Off Exchange,
02:29:48.910 PM ET,8.100,100,810,Bid,Nasdaq GSM,
02:29:48.910 PM ET,8.100,100,810,Bid,Cboe BZX,
02:29:48.911 PM ET,8.110,100,811,Mid,Off Exchange,
02:34:45.118 PM ET,8.110,100,811,Mid,IEX,
02:34:45.119 PM ET,8.110,100,811,Mid,IEX,
02:36:02.041 PM ET,8.100,100,810,Mid,Cboe BZX,
02:36:02.142 PM ET,8.100,100,810,Mid,IEX,
02:36:02.145 PM ET,8.100,100,810,Mid,IEX,
02:42:31.591 PM ET,8.080,100,808,Bid,Nasdaq GSM,
02:42:31.591 PM ET,8.080,100,808,Bid,Nasdaq GSM,Inter Mkt Swp; Trade Thru Exmpt
02:42:31.591 PM ET,8.080,100,808,Bid,Cboe BZX,Inter Mkt Swp; Trade Thru Exmpt
02:42:31.591 PM ET,8.080,100,808,Bid,NYSE Arca,Inter Mkt Swp; Trade Thru Exmpt
02:42:31.593 PM ET,8.080,100,808,Bid,Nasdaq GSM,Inter Mkt Swp; Trade Thru Exmpt
02:43:58.691 PM ET,8.090,100,809,Ask,Off Exchange,
02:48:06.560 PM ET,8.080,100,808,Mid,NYSE,
02:48:32.667 PM ET,8.080,100,808,Mid,NYSE,
02:49:33.242 PM ET,8.090,100,809,Ask,Nasdaq GSM,Inter Mkt Swp; Trade Thru Exmpt
02:49:33.276 PM ET,8.089,100,809,Mid,Off Exchange,
02:49:36.069 PM ET,8.085,100,809,Mid,Nasdaq GSM,
02:52:03.263 PM ET,8.085,100,809,Mid,NYSE,
02:53:11.517 PM ET,8.085,100,809,Mid,NYSE,
02:53:11.534 PM ET,8.090,100,809,Ask,IEX,
02:53:17.317 PM ET,8.085,100,809,Mid,Nasdaq GSM,
02:53:17.317 PM ET,8.085,100,809,Mid,MEMX,
02:53:17.335 PM ET,8.080,100,808,Bid,Nasdaq GSM,
02:53:17.337 PM ET,8.080,100,808,Bid,NYSE Arca,
02:53:17.397 PM ET,8.075,100,808,Mid,Off Exchange,
02:55:18.262 PM ET,8.080,100,808,Bid,Nasdaq GSM,Inter Mkt Swp; Trade Thru Exmpt
02:55:18.266 PM ET,8.080,100,808,Bid,NYSE Arca,Inter Mkt Swp; Trade Thru Exmpt
02:58:26.101 PM ET,8.080,100,808,Bid,IEX,
02:58:58.457 PM ET,8.090,100,809,Ask,Off Exchange,
02:59:04.830 PM ET,8.085,100,809,Mid,Off Exchange,
03:00:32.026 PM ET,8.085,100,809,Mid,MEMX,
03:00:32.040 PM ET,8.085,100,809,Mid,MEMX,
03:00:32.047 PM ET,8.085,100,809,Mid,MEMX,
03:00:32.047 PM ET,8.080,100,808,Bid,Nasdaq GSM,Inter Mkt Swp; Trade Thru Exmpt
03:01:25.614 PM ET,8.075,100,808,Mid,IEX,
03:06:37.904 PM ET,8.070,100,807,Mid,Off Exchange,
03:10:13.616 PM ET,8.070,100,807,Mid,Off Exchange,
03:10:27.528 PM ET,8.078,100,808,Mid,Off Exchange,Avg Price; Deriv Priced; Trade Thru Exmpt
03:11:55.394 PM ET,8.070,100,807,Ask,Nasdaq GSM,Inter Mkt Swp; Trade Thru Exmpt
03:11:55.394 PM ET,8.060,100,806,Ask,Nasdaq GSM,Inter Mkt Swp; Trade Thru Exmpt
03:11:55.394 PM ET,8.060,100,806,Ask,TXSE,Inter Mkt Swp; Trade Thru Exmpt
03:11:55.394 PM ET,8.060,100,806,Ask,NYSE American,Inter Mkt Swp; Trade Thru Exmpt
03:11:55.394 PM ET,8.060,100,806,Ask,NYSE Arca,Inter Mkt Swp; Trade Thru Exmpt
03:11:55.398 PM ET,8.055,100,806,Mid,Nasdaq GSM,
03:11:55.466 PM ET,8.055,100,806,Mid,Off Exchange,
03:11:55.466 PM ET,8.050,100,805,Bid,Off Exchange,
03:11:55.633 PM ET,8.055,100,806,Mid,MEMX,
03:11:55.653 PM ET,8.055,100,806,Mid,MEMX,
03:11:55.660 PM ET,8.050,100,805,Bid,NYSE Arca,Inter Mkt Swp; Trade Thru Exmpt
03:12:42.708 PM ET,8.050,100,805,Mid,IEX,
03:12:43.802 PM ET,8.050,100,805,Mid,NYSE Arca,
03:13:14.718 PM ET,8.050,100,805,Mid,IEX,
03:14:33.808 PM ET,8.050,100,805,Mid,MEMX,
03:16:09.948 PM ET,8.050,100,805,Mid,Cboe BZX,
03:16:48.006 PM ET,8.050,100,805,Mid,MEMX,
03:16:48.006 PM ET,8.050,100,805,Mid,MEMX,Inter Mkt Swp; Trade Thru Exmpt
03:19:04.363 PM ET,8.050,100,805,Ask,Off Exchange,
03:19:05.747 PM ET,8.045,100,805,Mid,Off Exchange,
03:19:42.440 PM ET,8.045,100,805,Mid,Nasdaq GSM,
03:19:42.440 PM ET,8.045,100,805,Mid,Cboe EDGX,
03:19:42.440 PM ET,8.045,100,805,Mid,MEMX,
03:19:42.450 PM ET,8.045,100,805,Mid,MEMX,
03:19:42.451 PM ET,8.040,100,804,Bid,IEX,
03:19:42.451 PM ET,8.040,100,804,Bid,NYSE Arca,
03:19:43.525 PM ET,8.035,100,804,Mid,MEMX,
03:19:46.483 PM ET,8.030,100,803,Ask,Nasdaq GSM,
03:19:46.483 PM ET,8.030,100,803,Ask,Nasdaq GSM,Inter Mkt Swp; Trade Thru Exmpt
03:19:46.483 PM ET,8.030,100,803,Ask,MEMX,Inter Mkt Swp; Trade Thru Exmpt
03:19:46.483 PM ET,8.030,100,803,Ask,MEMX,
03:19:46.483 PM ET,8.030,100,803,Ask,NYSE Arca,
03:19:46.483 PM ET,8.030,100,803,Ask,IEX,
03:19:46.484 PM ET,8.030,100,803,Ask,MEMX,Inter Mkt Swp; Trade Thru Exmpt
03:19:46.550 PM ET,8.040,100,804,Ask,Nasdaq GSM,Inter Mkt Swp; Trade Thru Exmpt
03:19:46.550 PM ET,8.030,100,803,Bid,Nasdaq BX,
03:19:46.551 PM ET,8.040,100,804,Ask,Nasdaq GSM,
03:19:46.552 PM ET,8.040,100,804,Ask,Off Exchange,
03:19:46.552 PM ET,8.040,100,804,Ask,IEX,
03:19:46.740 PM ET,8.035,100,804,Mid,Off Exchange,
03:19:46.754 PM ET,8.040,100,804,Ask,IEX,
03:19:46.770 PM ET,8.040,100,804,Ask,Off Exchange,
03:19:48.000 PM ET,8.035,100,804,Mid,Nasdaq GSM,
03:19:48.000 PM ET,8.035,100,804,Mid,MEMX,
03:21:22.871 PM ET,8.040,100,804,Ask,Nasdaq GSM,Inter Mkt Swp; Trade Thru Exmpt
03:21:22.871 PM ET,8.040,100,804,Ask,Nasdaq GSM,
03:21:22.871 PM ET,8.040,100,804,Ask,NYSE Arca,Inter Mkt Swp; Trade Thru Exmpt
03:22:20.125 PM ET,8.070,100,807,Ask,Off Exchange,
03:23:52.942 PM ET,8.060,100,806,Mid,Off Exchange,
03:24:04.066 PM ET,8.060,100,806,Ask,NYSE Arca,
03:24:04.066 PM ET,8.050,100,805,Bid,IEX,
03:24:04.083 PM ET,8.060,100,806,Ask,Off Exchange,
03:24:05.429 PM ET,8.055,100,806,Mid,Off Exchange,
03:24:54.190 PM ET,8.060,100,806,Bid,Off Exchange,
03:24:54.191 PM ET,8.060,100,806,Bid,NYSE,
03:24:54.191 PM ET,8.060,100,806,Bid,NYSE Arca,
03:24:54.196 PM ET,8.060,100,806,Bid,Nasdaq GSM,Inter Mkt Swp; Trade Thru Exmpt
03:24:54.197 PM ET,8.060,100,806,Bid,IEX,
03:24:54.205 PM ET,8.060,100,806,Bid,Nasdaq GSM,Inter Mkt Swp; Trade Thru Exmpt
03:24:54.205 PM ET,8.060,100,806,Bid,Cboe EDGX,Inter Mkt Swp; Trade Thru Exmpt
03:24:54.205 PM ET,8.060,100,806,Bid,IEX,
03:24:54.256 PM ET,8.060,100,806,Bid,Nasdaq GSM,Inter Mkt Swp; Trade Thru Exmpt
03:24:54.256 PM ET,8.060,100,806,Bid,Off Exchange,
03:24:54.256 PM ET,8.060,100,806,Bid,NYSE Arca,Inter Mkt Swp; Trade Thru Exmpt
03:24:54.331 PM ET,8.060,100,806,Mid,Off Exchange,
03:24:55.304 PM ET,8.060,100,806,Mid,Off Exchange,
03:25:55.323 PM ET,8.060,100,806,Mid,Off Exchange,
03:26:58.248 PM ET,8.070,100,807,Mid,Cboe EDGX,
03:26:58.248 PM ET,8.070,100,807,Mid,IEX,
03:29:08.720 PM ET,8.060,100,806,Bid,NYSE Arca,
03:29:08.720 PM ET,8.060,100,806,Bid,IEX,
03:29:08.720 PM ET,8.060,100,806,Bid,NYSE Arca,Inter Mkt Swp; Trade Thru Exmpt
03:29:08.722 PM ET,8.040,100,804,Bid,TXSE,Inter Mkt Swp; Trade Thru Exmpt
03:29:08.735 PM ET,8.040,100,804,Bid,Nasdaq GSM,
03:29:08.771 PM ET,8.030,100,803,Bid,Nasdaq GSM,Inter Mkt Swp; Trade Thru Exmpt
03:30:33.605 PM ET,8.058,100,806,Ask,Off Exchange,Avg Price; Deriv Priced; Trade Thru Exmpt
03:31:17.641 PM ET,8.058,100,806,Ask,Off Exchange,Avg Price; Deriv Priced; Trade Thru Exmpt
03:35:23.621 PM ET,8.035,100,803,Ask,Off Exchange,Avg Price; Deriv Priced; Trade Thru Exmpt
03:35:50.555 PM ET,8.010,100,801,Ask,Nasdaq GSM,
03:35:51.501 PM ET,8.000,100,800,Bid,Off Exchange,
03:35:51.503 PM ET,8.000,100,800,Bid,IEX,
03:35:51.504 PM ET,7.980,100,798,Bid,Nasdaq GSM,Inter Mkt Swp; Trade Thru Exmpt
03:35:51.504 PM ET,7.980,100,798,Bid,IEX,
03:35:51.515 PM ET,7.990,100,799,Mid,Nasdaq GSM,
03:35:51.689 PM ET,7.980,100,798,Mid,Off Exchange,
03:35:52.031 PM ET,8.000,100,800,Ask,IEX,
03:35:53.834 PM ET,7.990,100,799,Mid,Nasdaq GSM,
03:36:09.148 PM ET,8.005,100,801,Bid,Nasdaq GSM,Inter Mkt Swp; Trade Thru Exmpt
03:36:09.148 PM ET,8.010,100,801,Bid,Nasdaq GSM,Inter Mkt Swp; Trade Thru Exmpt
03:36:09.175 PM ET,8.030,100,803,Bid,IEX,
03:36:09.175 PM ET,8.030,100,803,Bid,Nasdaq GSM,Inter Mkt Swp; Trade Thru Exmpt
03:36:09.175 PM ET,8.030,100,803,Bid,Cboe EDGX,
03:36:09.175 PM ET,8.030,100,803,Bid,Cboe BZX,
03:36:09.179 PM ET,8.050,100,805,Bid,Cboe EDGX,
03:36:09.181 PM ET,8.050,100,805,Bid,Nasdaq GSM,Inter Mkt Swp; Trade Thru Exmpt
03:36:09.225 PM ET,8.060,100,806,Ask,Nasdaq GSM,Inter Mkt Swp; Trade Thru Exmpt
03:36:09.225 PM ET,8.060,100,806,Ask,Cboe BZX,Inter Mkt Swp; Trade Thru Exmpt
03:36:09.226 PM ET,8.060,100,806,Ask,Cboe BZX,
03:36:09.226 PM ET,8.060,100,806,Ask,IEX,
03:36:09.230 PM ET,8.070,100,807,Ask,Nasdaq GSM,
03:36:09.807 PM ET,8.070,100,807,Ask,Off Exchange,
03:37:02.747 PM ET,8.070,100,807,Ask,Nasdaq GSM,
03:37:02.747 PM ET,8.070,100,807,Ask,Cboe EDGX,
03:37:02.747 PM ET,8.070,100,807,Ask,NYSE Arca,
03:37:02.749 PM ET,8.070,100,807,Ask,Off Exchange,
03:40:58.073 PM ET,8.080,100,808,Bid,Nasdaq GSM,Inter Mkt Swp; Trade Thru Exmpt
03:40:58.073 PM ET,8.080,100,808,Bid,Nasdaq GSM,
03:41:25.252 PM ET,8.079,100,808,Mid,Off Exchange,Avg Price
03:42:00.402 PM ET,8.078,100,808,Mid,Off Exchange,Avg Price; Deriv Priced; Trade Thru Exmpt
03:44:08.284 PM ET,8.070,100,807,Bid,NYSE Arca,Inter Mkt Swp; Trade Thru Exmpt
03:44:08.284 PM ET,8.070,100,807,Bid,IEX,
03:44:53.319 PM ET,8.060,100,806,Bid,Off Exchange,
03:45:49.487 PM ET,8.070,100,807,Bid,Nasdaq GSM,Inter Mkt Swp; Trade Thru Exmpt
03:45:49.496 PM ET,8.070,100,807,Bid,Off Exchange,
03:45:49.683 PM ET,8.080,100,808,Mid,Nasdaq GSM,
03:47:25.127 PM ET,8.070,100,807,Ask,Nasdaq GSM,
03:47:25.128 PM ET,8.070,100,807,Ask,NYSE,
03:47:25.128 PM ET,8.070,100,807,Ask,IEX,
03:47:25.313 PM ET,8.060,100,806,Mid,IEX,
03:48:58.017 PM ET,8.070,100,807,Bid,Cboe BZX,Inter Mkt Swp; Trade Thru Exmpt
03:48:58.017 PM ET,8.070,100,807,Bid,NYSE Arca,Inter Mkt Swp; Trade Thru Exmpt
03:48:58.017 PM ET,8.070,100,807,Bid,IEX,
03:49:31.517 PM ET,8.070,100,807,Mid,NYSE Arca,
03:49:31.517 PM ET,8.070,100,807,Mid,IEX,
03:49:31.558 PM ET,8.070,100,807,Mid,NYSE Arca,
03:50:04.914 PM ET,8.080,100,808,Ask,IEX,
03:50:11.533 PM ET,8.070,100,807,Mid,Off Exchange,Avg Price; Deriv Priced; Trade Thru Exmpt
03:50:23.711 PM ET,8.070,100,807,Mid,Off Exchange,Avg Price; Deriv Priced; Trade Thru Exmpt
03:50:35.778 PM ET,8.070,100,807,Mid,Off Exchange,Avg Price; Deriv Priced; Trade Thru Exmpt
03:52:17.644 PM ET,8.070,100,807,Bid,IEX,
03:52:17.650 PM ET,8.080,100,808,Bid,Nasdaq GSM,
03:52:17.650 PM ET,8.080,100,808,Bid,Nasdaq GSM,Inter Mkt Swp; Trade Thru Exmpt
03:52:17.650 PM ET,8.080,100,808,Bid,NYSE Arca,Inter Mkt Swp; Trade Thru Exmpt
03:52:17.650 PM ET,8.080,100,808,Bid,IEX,
03:53:52.153 PM ET,8.070,100,807,Bid,Off Exchange,Avg Price; Deriv Priced; Trade Thru Exmpt
03:54:50.851 PM ET,8.079,100,808,Mid,Off Exchange,Avg Price; Deriv Priced; Trade Thru Exmpt
03:55:01.012 PM ET,8.080,100,808,Mid,IEX,
03:55:05.547 PM ET,8.090,100,809,Ask,Off Exchange,
03:55:05.551 PM ET,8.090,100,809,Ask,Off Exchange,
03:55:05.552 PM ET,8.090,100,809,Ask,Nasdaq GSM,Inter Mkt Swp; Trade Thru Exmpt
03:55:05.552 PM ET,8.090,100,809,Ask,NYSE Arca,Inter Mkt Swp; Trade Thru Exmpt
03:55:05.552 PM ET,8.090,100,809,Ask,IEX,
03:55:57.851 PM ET,8.083,100,808,Mid,Off Exchange,Avg Price; Deriv Priced; Trade Thru Exmpt
03:56:09.343 PM ET,8.090,100,809,Mid,IEX,
03:56:34.741 PM ET,8.095,100,810,Mid,Off Exchange,
03:56:42.452 PM ET,8.076,100,808,Bid,Off Exchange,Avg Price; Deriv Priced; Trade Thru Exmpt
03:57:36.584 PM ET,8.090,100,809,Bid,IEX,
03:58:27.586 PM ET,8.100,100,810,Bid,Nasdaq GSM,Inter Mkt Swp; Trade Thru Exmpt
03:58:27.587 PM ET,8.100,100,810,Bid,NYSE Arca,Inter Mkt Swp; Trade Thru Exmpt
03:58:27.587 PM ET,8.100,100,810,Bid,IEX,
03:58:27.587 PM ET,8.095,100,810,Bid,Off Exchange,
03:58:27.588 PM ET,8.100,100,810,Bid,NYSE Arca,
03:58:28.818 PM ET,8.105,100,811,Mid,IEX,
03:58:30.124 PM ET,8.110,100,811,Ask,Cboe BYX,Inter Mkt Swp; Trade Thru Exmpt
03:58:56.880 PM ET,8.100,100,810,Bid,IEX,
03:59:18.417 PM ET,8.100,100,810,None,IEX,
03:59:20.559 PM ET,8.110,100,811,None,IEX,
03:59:23.106 PM ET,8.110,100,811,None,IEX,
03:59:23.108 PM ET,8.100,100,810,None,Nasdaq GSM,Inter Mkt Swp; Trade Thru Exmpt
03:59:23.109 PM ET,8.100,100,810,None,IEX,
03:59:39.365 PM ET,8.085,100,809,None,Nasdaq GSM,
03:59:53.145 PM ET,8.070,100,807,None,Off Exchange,
03:59:56.328 PM ET,8.090,100,809,None,NYSE Arca,Inter Mkt Swp; Trade Thru Exmpt
03:59:57.112 PM ET,8.080,100,808,None,Nasdaq GSM,
04:37:28.115 PM ET,8.090,100,809,Mid,NYSE Arca,Frm T Ext Hrs; Inter Mkt Swp; Trade Thru Exmpt
09:45:24.363 AM ET,8.050,99,797,Bid,Nasdaq GSM,Inter Mkt Swp; Odd Lot; Trade Thru Exmpt
12:50:04.814 PM ET,8.045,99,796,Mid,Cboe BZX,Odd Lot
01:26:35.085 PM ET,8.045,99,796,Mid,MEMX,Odd Lot
01:40:00.832 PM ET,8.070,99,799,Mid,Cboe EDGA,Inter Mkt Swp; Odd Lot; Trade Thru Exmpt
03:19:42.468 PM ET,8.035,99,795,Bid,MEMX,Odd Lot
03:57:36.584 PM ET,8.090,99,801,Bid,IEX,Odd Lot
11:28:57.125 AM ET,8.090,98,793,Mid,Cboe BZX,Odd Lot
12:55:18.386 PM ET,8.070,97,783,Mid,IEX,Odd Lot
03:19:46.483 PM ET,8.030,97,779,Ask,MEMX,Inter Mkt Swp; Odd Lot; Trade Thru Exmpt
03:19:46.484 PM ET,8.030,97,779,Ask,MEMX,Inter Mkt Swp; Odd Lot; Trade Thru Exmpt
03:58:21.564 PM ET,8.091,97,785,Mid,Off Exchange,Odd Lot
09:45:48.454 AM ET,8.030,96,771,Mid,Nasdaq GSM,Inter Mkt Swp; Odd Lot; Trade Thru Exmpt
10:30:05.586 AM ET,8.070,96,775,Mid,Nasdaq GSM,Odd Lot
10:47:12.484 AM ET,8.120,96,780,Mid,NYSE Arca,Inter Mkt Swp; Odd Lot; Trade Thru Exmpt
03:58:27.586 PM ET,8.100,96,778,Bid,IEX,Odd Lot
04:37:28.116 PM ET,7.980,96,766,Mid,Cboe BZX,Frm T Ext Hrs; Inter Mkt Swp; Odd Lot; Trade Thru Exmpt
09:25:00.052 AM ET,8.050,95,765,Bid,Nasdaq GSM,Frm T Ext Hrs; Inter Mkt Swp; Odd Lot; Trade Thru Exmpt
09:56:00.138 AM ET,8.120,94,763,Ask,Cboe BZX,Odd Lot
01:27:30.822 PM ET,8.020,94,754,Bid,IEX,Odd Lot
02:32:24.417 PM ET,8.110,94,762,Mid,NYSE National,Odd Lot
03:16:48.006 PM ET,8.050,94,757,Mid,MEMX,Odd Lot
03:19:43.526 PM ET,8.030,94,755,Bid,IEX,Odd Lot
03:19:46.483 PM ET,8.030,94,755,Ask,MEMX,Inter Mkt Swp; Odd Lot; Trade Thru Exmpt
03:59:20.559 PM ET,8.110,94,762,None,IEX,Odd Lot
02:43:58.658 PM ET,8.089,93,752,Mid,Off Exchange,Odd Lot
02:53:17.317 PM ET,8.085,93,752,Mid,MEMX,Odd Lot
02:53:17.396 PM ET,8.075,93,751,Mid,Off Exchange,Odd Lot
09:40:43.301 AM ET,8.020,92,738,Mid,Nasdaq GSM,Odd Lot
03:19:46.754 PM ET,8.040,92,740,Ask,IEX,Odd Lot
04:00:09.991 PM ET,8.080,92,743,None,Off Exchange,Frm T Ext Hrs; Odd Lot
11:09:04.522 AM ET,8.100,91,737,Bid,Nasdaq GSM,Inter Mkt Swp; Odd Lot; Trade Thru Exmpt
12:50:22.772 PM ET,8.050,91,733,Mid,NYSE Arca,Odd Lot
03:00:32.047 PM ET,8.080,91,735,Bid,Nasdaq GSM,Inter Mkt Swp; Odd Lot; Trade Thru Exmpt
03:57:36.584 PM ET,8.090,91,736,Bid,IEX,Odd Lot
09:45:24.381 AM ET,8.045,90,724,Bid,Off Exchange,Odd Lot
09:45:48.780 AM ET,8.040,90,724,Ask,Off Exchange,Odd Lot
10:43:44.841 AM ET,8.060,90,725,Mid,NYSE American,Odd Lot
12:50:04.811 PM ET,8.030,90,723,Bid,Nasdaq GSM,Inter Mkt Swp; Odd Lot; Trade Thru Exmpt
01:13:22.507 PM ET,8.060,90,725,Mid,IEX,Odd Lot
01:41:26.430 PM ET,8.070,90,726,Mid,Off Exchange,Odd Lot
01:50:02.687 PM ET,8.050,90,725,Mid,MEMX,Odd Lot
02:13:49.746 PM ET,8.070,90,726,Mid,NYSE Arca,Inter Mkt Swp; Odd Lot; Trade Thru Exmpt
02:53:17.335 PM ET,8.080,90,727,Bid,Nasdaq GSM,Inter Mkt Swp; Odd Lot; Trade Thru Exmpt
02:55:26.468 PM ET,8.085,90,728,Mid,NYSE Arca,Odd Lot
03:24:04.066 PM ET,8.050,90,725,Bid,NYSE Arca,Odd Lot
10:16:24.427 AM ET,8.085,89,720,Mid,Nasdaq GSM,Odd Lot
10:24:32.879 AM ET,8.070,89,718,Bid,Nasdaq GSM,Inter Mkt Swp; Odd Lot; Trade Thru Exmpt
11:29:55.154 AM ET,8.085,89,720,Mid,Off Exchange,Odd Lot
01:20:40.052 PM ET,8.070,89,718,Mid,MEMX,Odd Lot
03:11:40.889 PM ET,8.070,89,718,Mid,IEX,Odd Lot
03:24:54.256 PM ET,8.060,89,717,Bid,NYSE Arca,Inter Mkt Swp; Odd Lot; Trade Thru Exmpt
03:35:51.503 PM ET,8.000,89,712,Bid,MIAX Pearl,Odd Lot
03:40:58.074 PM ET,8.080,89,719,Bid,Nasdaq GSM,Inter Mkt Swp; Odd Lot; Trade Thru Exmpt
03:58:56.880 PM ET,8.100,89,721,Bid,IEX,Odd Lot
09:56:00.125 AM ET,8.110,88,714,Ask,Nasdaq GSM,Inter Mkt Swp; Odd Lot; Trade Thru Exmpt
12:54:38.236 PM ET,8.060,88,709,Ask,NYSE Arca,Inter Mkt Swp; Odd Lot; Trade Thru Exmpt
01:14:31.051 PM ET,8.070,88,710,Mid,Cboe BZX,Odd Lot
01:21:47.365 PM ET,8.070,88,710,Mid,MEMX,Odd Lot
03:19:46.485 PM ET,8.030,88,707,Ask,Nasdaq BX,Odd Lot
03:35:54.835 PM ET,7.990,88,703,Mid,Off Exchange,Odd Lot
09:48:55.454 AM ET,8.050,87,700,Ask,Nasdaq GSM,Inter Mkt Swp; Odd Lot; Trade Thru Exmpt
02:53:17.336 PM ET,8.080,87,703,Bid,Cboe EDGX,Inter Mkt Swp; Odd Lot; Trade Thru Exmpt
03:48:32.732 PM ET,8.065,87,702,Mid,Nasdaq GSM,Odd Lot
01:32:36.163 PM ET,8.049,86,692,Mid,Off Exchange,Odd Lot
01:33:34.227 PM ET,8.055,86,693,Mid,MEMX,Odd Lot
03:48:17.732 PM ET,8.065,86,694,Mid,IEX,Odd Lot
11:02:35.479 AM ET,8.100,85,689,Bid,Nasdaq GSM,Odd Lot
02:49:38.293 PM ET,8.085,85,687,Mid,Off Exchange,Odd Lot
03:17:33.065 PM ET,8.045,85,684,Mid,NYSE Arca,Odd Lot
02:55:18.266 PM ET,8.080,83,671,Bid,Nasdaq GSM,Inter Mkt Swp; Odd Lot; Trade Thru Exmpt
02:45:48.336 PM ET,8.080,82,663,Mid,Off Exchange,Odd Lot
03:00:32.048 PM ET,8.080,82,663,Bid,NYSE Arca,Inter Mkt Swp; Odd Lot; Trade Thru Exmpt
03:24:54.209 PM ET,8.060,82,661,Bid,Off Exchange,Odd Lot
03:50:04.914 PM ET,8.080,82,663,Ask,IEX,Odd Lot
09:33:24.382 AM ET,8.070,81,654,Mid,Off Exchange,Odd Lot
12:40:30.513 PM ET,8.060,81,653,Bid,IEX,Odd Lot
01:13:22.506 PM ET,8.060,81,653,Mid,Nasdaq PHLX,Inter Mkt Swp; Odd Lot; Trade Thru Exmpt
01:28:03.358 PM ET,8.030,81,650,Mid,MEMX,Odd Lot
03:45:49.525 PM ET,8.070,81,654,Bid,Off Exchange,Odd Lot
09:37:11.607 AM ET,8.060,80,645,Mid,Off Exchange,Odd Lot
09:46:41.523 AM ET,8.040,80,643,Mid,IEX,Odd Lot
09:47:25.489 AM ET,8.035,80,643,Mid,IEX,Odd Lot
09:48:54.279 AM ET,8.045,80,644,Mid,Nasdaq GSM,Inter Mkt Swp; Odd Lot; Trade Thru Exmpt
09:51:38.410 AM ET,8.070,80,646,Mid,IEX,Odd Lot
10:11:50.469 AM ET,8.095,80,648,Mid,Off Exchange,Odd Lot
10:47:12.490 AM ET,8.120,80,650,Mid,Off Exchange,Odd Lot
12:50:04.814 PM ET,8.040,80,643,Bid,Off Exchange,Odd Lot
02:29:28.175 PM ET,8.130,80,650,Mid,Off Exchange,Odd Lot
02:41:33.582 PM ET,8.111,80,649,Mid,Off Exchange,Odd Lot
03:11:55.394 PM ET,8.060,80,645,Ask,Nasdaq GSM,Inter Mkt Swp; Odd Lot; Trade Thru Exmpt
03:14:38.802 PM ET,8.050,80,644,Mid,MEMX,Odd Lot
03:21:45.436 PM ET,8.060,80,645,Ask,TXSE,Inter Mkt Swp; Odd Lot; Trade Thru Exmpt
03:22:42.759 PM ET,8.070,80,646,Ask,TXSE,Inter Mkt Swp; Odd Lot; Trade Thru Exmpt
03:24:54.432 PM ET,8.060,80,645,Mid,Off Exchange,Odd Lot
03:36:09.151 PM ET,8.005,80,640,Bid,Off Exchange,Odd Lot
03:55:19.088 PM ET,8.090,80,647,Mid,Nasdaq PHLX,Odd Lot
03:59:23.108 PM ET,8.100,80,648,None,Nasdaq GSM,Inter Mkt Swp; Odd Lot; Trade Thru Exmpt
03:59:54.091 PM ET,8.090,79,639,None,IEX,Odd Lot
03:36:09.175 PM ET,8.050,78,628,Bid,Nasdaq GSM,Inter Mkt Swp; Odd Lot; Trade Thru Exmpt
10:06:46.953 AM ET,8.100,77,624,Mid,Cboe BZX,Odd Lot
02:20:06.866 PM ET,8.080,77,622,Bid,Nasdaq PHLX,Inter Mkt Swp; Odd Lot; Trade Thru Exmpt
02:29:48.895 PM ET,8.110,77,624,Bid,Cboe BZX,Inter Mkt Swp; Odd Lot; Trade Thru Exmpt
03:19:46.483 PM ET,8.030,77,618,Ask,Nasdaq GSM,Inter Mkt Swp; Odd Lot; Trade Thru Exmpt
11:19:05.924 AM ET,8.090,76,615,Bid,Cboe EDGX,Inter Mkt Swp; Odd Lot; Trade Thru Exmpt
11:24:15.377 AM ET,8.090,76,615,Mid,Cboe BZX,Inter Mkt Swp; Odd Lot; Trade Thru Exmpt
12:50:04.811 PM ET,8.040,76,611,Bid,Nasdaq GSM,Inter Mkt Swp; Odd Lot; Trade Thru Exmpt
12:50:04.812 PM ET,8.030,76,610,Bid,NYSE Arca,Inter Mkt Swp; Odd Lot; Trade Thru Exmpt
12:55:09.023 PM ET,8.070,76,613,Mid,Nasdaq GSM,Odd Lot
12:55:09.024 PM ET,8.070,76,613,Mid,Nasdaq GSM,Inter Mkt Swp; Odd Lot; Trade Thru Exmpt
01:20:41.509 PM ET,8.070,76,613,Mid,MEMX,Odd Lot
01:26:50.563 PM ET,8.040,76,611,Mid,IEX,Odd Lot
01:52:12.561 PM ET,8.045,76,611,Mid,Off Exchange,Odd Lot
02:14:00.016 PM ET,8.070,76,613,Mid,MEMX,Odd Lot
03:19:46.483 PM ET,8.030,76,610,Ask,MEMX,Inter Mkt Swp; Odd Lot; Trade Thru Exmpt
03:19:46.483 PM ET,8.030,76,610,Ask,Cboe BZX,Inter Mkt Swp; Odd Lot; Trade Thru Exmpt
03:24:54.196 PM ET,8.060,76,613,Bid,Cboe EDGX,Inter Mkt Swp; Odd Lot; Trade Thru Exmpt
03:24:54.197 PM ET,8.060,76,613,Bid,Cboe EDGX,Inter Mkt Swp; Odd Lot; Trade Thru Exmpt
03:24:54.205 PM ET,8.060,76,613,Bid,Nasdaq GSM,Inter Mkt Swp; Odd Lot; Trade Thru Exmpt
03:58:27.586 PM ET,8.100,76,616,Bid,Nasdaq GSM,Inter Mkt Swp; Odd Lot; Trade Thru Exmpt
09:28:00.102 AM ET,8.090,75,607,Mid,Nasdaq GSM,Frm T Ext Hrs; Inter Mkt Swp; Odd Lot; Trade Thru Exmpt
09:45:15.474 AM ET,8.060,75,605,Ask,IEX,Odd Lot
09:49:37.912 AM ET,8.050,75,604,Mid,Nasdaq GSM,Odd Lot
12:40:57.341 PM ET,8.070,75,605,Mid,Nasdaq GSM,Odd Lot
03:58:33.084 PM ET,8.105,75,608,Mid,Cboe BZX,Odd Lot
09:56:32.492 AM ET,8.140,74,602,Mid,Nasdaq GSM,Odd Lot
12:55:06.087 PM ET,8.070,74,597,Bid,Nasdaq GSM,Inter Mkt Swp; Odd Lot; Trade Thru Exmpt
02:27:00.346 PM ET,8.120,74,601,Ask,NYSE Arca,Odd Lot
03:57:14.502 PM ET,8.095,74,599,Mid,Nasdaq GSM,Odd Lot
03:58:30.677 PM ET,8.100,74,599,Bid,IEX,Odd Lot
12:52:56.097 PM ET,8.040,73,587,Bid,IEX,Odd Lot
01:30:57.338 PM ET,8.030,73,586,Mid,Nasdaq GSM,Odd Lot
02:23:12.436 PM ET,8.110,73,592,Mid,Nasdaq PHLX,Inter Mkt Swp; Odd Lot; Trade Thru Exmpt
12:38:16.649 PM ET,8.090,72,582,Bid,NYSE American,Odd Lot
12:50:58.208 PM ET,8.050,72,580,Mid,Off Exchange,Odd Lot
03:19:46.483 PM ET,8.030,72,578,Ask,NYSE Arca,Inter Mkt Swp; Odd Lot; Trade Thru Exmpt
03:58:33.086 PM ET,8.105,72,584,Mid,Nasdaq GSM,Odd Lot
03:59:23.108 PM ET,8.110,72,584,None,Nasdaq GSM,Inter Mkt Swp; Odd Lot; Trade Thru Exmpt
06:29:04.034 AM ET,8.030,71,570,Bid,Nasdaq GSM,Frm T Ext Hrs; Inter Mkt Swp; Odd Lot; Trade Thru Exmpt
12:38:16.651 PM ET,8.090,71,574,Bid,Nasdaq GSM,Inter Mkt Swp; Odd Lot; Trade Thru Exmpt
03:59:23.108 PM ET,8.100,71,575,None,Nasdaq GSM,Inter Mkt Swp; Odd Lot; Trade Thru Exmpt
09:40:17.884 AM ET,8.030,70,562,Ask,Cboe BZX,Inter Mkt Swp; Odd Lot; Trade Thru Exmpt
11:02:35.487 AM ET,8.080,70,566,Bid,NYSE Arca,Inter Mkt Swp; Odd Lot; Trade Thru Exmpt
12:19:21.330 PM ET,8.120,70,568,Mid,Cboe EDGX,Inter Mkt Swp; Odd Lot; Trade Thru Exmpt
01:47:10.975 PM ET,8.070,70,565,Ask,MEMX,Odd Lot
02:29:48.895 PM ET,8.110,70,568,Bid,Cboe BZX,Inter Mkt Swp; Odd Lot; Trade Thru Exmpt
03:35:51.502 PM ET,8.000,70,560,Bid,Nasdaq GSM,Inter Mkt Swp; Odd Lot; Trade Thru Exmpt
03:52:33.293 PM ET,8.080,70,566,Mid,Off Exchange,Odd Lot
03:58:40.535 PM ET,8.105,70,567,Mid,NYSE Arca,Odd Lot
03:58:56.890 PM ET,8.105,70,567,Mid,NYSE Arca,Odd Lot
11:24:15.326 AM ET,8.080,69,558,Mid,Cboe BZX,Inter Mkt Swp; Odd Lot; Trade Thru Exmpt
11:19:05.924 AM ET,8.090,67,542,Bid,Nasdaq GSM,Inter Mkt Swp; Odd Lot; Trade Thru Exmpt
01:33:26.783 PM ET,8.060,67,540,Ask,Nasdaq GSM,Odd Lot
02:22:42.116 PM ET,8.105,67,543,Mid,Nasdaq GSM,Odd Lot
03:27:39.466 PM ET,8.075,67,541,Mid,Nasdaq GSM,Odd Lot
03:35:51.504 PM ET,7.980,67,535,Bid,Nasdaq GSM,Inter Mkt Swp; Odd Lot; Trade Thru Exmpt
12:50:04.812 PM ET,8.040,66,531,Bid,NYSE Arca,Inter Mkt Swp; Odd Lot; Trade Thru Exmpt
12:50:04.850 PM ET,8.050,65,523,Ask,Cboe BZX,Odd Lot
03:36:09.148 PM ET,8.010,65,521,Bid,Nasdaq GSM,Inter Mkt Swp; Odd Lot; Trade Thru Exmpt
03:54:16.233 PM ET,8.078,65,525,Mid,Off Exchange,Odd Lot
03:59:23.108 PM ET,8.100,65,527,None,Nasdaq GSM,Odd Lot
04:37:28.116 PM ET,7.980,65,519,Mid,Cboe BZX,Frm T Ext Hrs; Inter Mkt Swp; Odd Lot; Trade Thru Exmpt
03:47:25.127 PM ET,8.070,64,516,Ask,Nasdaq GSM,Odd Lot
03:58:35.916 PM ET,8.110,63,511,Ask,Cboe BYX,Inter Mkt Swp; Odd Lot; Trade Thru Exmpt
09:40:43.356 AM ET,8.020,62,497,Mid,Nasdaq GSM,Odd Lot
12:50:04.812 PM ET,8.035,62,498,Bid,Cboe EDGX,Inter Mkt Swp; Odd Lot; Trade Thru Exmpt
12:50:04.812 PM ET,8.030,62,498,Bid,NYSE,Odd Lot
12:50:04.813 PM ET,8.040,62,498,Bid,Off Exchange,Odd Lot
12:54:38.236 PM ET,8.060,62,500,Ask,Nasdaq GSM,Inter Mkt Swp; Odd Lot; Trade Thru Exmpt
12:54:38.271 PM ET,8.070,62,500,Ask,Nasdaq GSM,Odd Lot
12:54:38.295 PM ET,8.070,62,500,Ask,Nasdaq GSM,Inter Mkt Swp; Odd Lot; Trade Thru Exmpt
12:54:38.309 PM ET,8.070,62,500,Ask,Nasdaq GSM,Odd Lot
12:55:06.087 PM ET,8.070,62,500,Bid,Nasdaq GSM,Inter Mkt Swp; Odd Lot; Trade Thru Exmpt
12:55:09.022 PM ET,8.070,62,500,Mid,Nasdaq GSM,Odd Lot
01:50:00.985 PM ET,8.050,62,499,Mid,Cboe BZX,Odd Lot
01:59:39.246 PM ET,8.060,62,500,Ask,IEX,Odd Lot
03:05:02.733 PM ET,8.075,62,501,Mid,Nasdaq GSM,Odd Lot
03:05:02.733 PM ET,8.075,62,501,Mid,IEX,Odd Lot
03:21:23.286 PM ET,8.050,62,499,Ask,Nasdaq GSM,Odd Lot
03:24:54.205 PM ET,8.060,62,500,Bid,Nasdaq GSM,Inter Mkt Swp; Odd Lot; Trade Thru Exmpt
03:24:54.256 PM ET,8.060,62,500,Bid,Nasdaq GSM,Inter Mkt Swp; Odd Lot; Trade Thru Exmpt
03:59:23.108 PM ET,8.100,62,502,None,Nasdaq GSM,Inter Mkt Swp; Odd Lot; Trade Thru Exmpt
03:59:44.007 PM ET,8.080,61,493,None,Off Exchange,Odd Lot
10:33:49.889 AM ET,8.060,60,484,Mid,Cboe BZX,Odd Lot
10:47:12.485 AM ET,8.120,60,487,Mid,Cboe BZX,Odd Lot
10:47:12.489 AM ET,8.120,60,487,Mid,Nasdaq GSM,Odd Lot
12:54:38.271 PM ET,8.075,60,485,Ask,Cboe BZX,Odd Lot
01:16:20.906 PM ET,8.080,60,485,Ask,IEX,Odd Lot
01:24:27.273 PM ET,8.060,60,484,Mid,MEMX,Odd Lot
02:13:49.748 PM ET,8.075,60,485,Mid,Cboe BZX,Odd Lot
02:20:39.217 PM ET,8.095,60,486,Mid,Cboe BZX,Odd Lot
02:21:58.751 PM ET,8.110,60,487,Ask,NYSE Arca,Inter Mkt Swp; Odd Lot; Trade Thru Exmpt
02:29:48.895 PM ET,8.110,60,487,Bid,Cboe EDGX,Inter Mkt Swp; Odd Lot; Trade Thru Exmpt
02:29:48.911 PM ET,8.110,60,487,Mid,Off Exchange,Odd Lot
02:29:48.911 PM ET,8.100,60,486,Bid,Cboe BZX,Odd Lot
02:36:02.041 PM ET,8.100,60,486,Mid,NYSE Arca,Odd Lot
03:11:55.398 PM ET,8.055,60,483,Mid,Cboe BZX,Odd Lot
03:19:42.440 PM ET,8.045,60,483,Mid,Cboe BZX,Odd Lot
03:29:08.720 PM ET,8.060,60,484,Bid,NYSE Arca,Odd Lot
03:34:40.519 PM ET,8.043,60,483,Ask,Off Exchange,Odd Lot
03:35:51.504 PM ET,7.980,60,479,Bid,Cboe BZX,Inter Mkt Swp; Odd Lot; Trade Thru Exmpt
03:38:31.346 PM ET,8.090,60,485,Mid,Cboe BZX,Odd Lot
03:40:58.074 PM ET,8.080,60,485,Bid,Nasdaq GSM,Inter Mkt Swp; Odd Lot; Trade Thru Exmpt
03:47:25.127 PM ET,8.070,60,484,Ask,Nasdaq GSM,Inter Mkt Swp; Odd Lot; Trade Thru Exmpt
10:11:23.069 AM ET,8.090,59,477,Mid,Nasdaq GSM,Inter Mkt Swp; Odd Lot; Trade Thru Exmpt
10:29:53.315 AM ET,8.070,59,476,Ask,Off Exchange,Odd Lot
12:19:21.330 PM ET,8.120,59,479,Mid,Cboe EDGX,Inter Mkt Swp; Odd Lot; Trade Thru Exmpt
12:50:04.813 PM ET,8.050,59,475,Mid,Off Exchange,Odd Lot
02:13:49.746 PM ET,8.070,59,476,Mid,Nasdaq GSM,Inter Mkt Swp; Odd Lot; Trade Thru Exmpt
03:00:32.001 PM ET,8.085,59,477,Mid,MEMX,Odd Lot
03:16:48.006 PM ET,8.050,59,475,Mid,Nasdaq GSM,Inter Mkt Swp; Odd Lot; Trade Thru Exmpt
03:22:23.046 PM ET,8.055,59,475,Mid,Nasdaq GSM,Odd Lot
03:31:17.643 PM ET,8.058,59,475,Ask,Off Exchange,Odd Lot
03:59:19.456 PM ET,8.110,59,478,None,Cboe BYX,Inter Mkt Swp; Odd Lot; Trade Thru Exmpt
03:59:23.109 PM ET,8.100,59,478,None,Cboe EDGX,Inter Mkt Swp; Odd Lot; Trade Thru Exmpt
12:43:08.237 PM ET,8.060,58,467,Mid,Cboe BZX,Odd Lot
01:42:27.653 PM ET,8.080,58,469,Ask,NYSE Arca,Inter Mkt Swp; Odd Lot; Trade Thru Exmpt
01:46:55.847 PM ET,8.080,58,469,Ask,IEX,Odd Lot
01:47:10.984 PM ET,8.050,58,467,Bid,Nasdaq GSM,Odd Lot
01:47:10.985 PM ET,8.060,58,467,Ask,Off Exchange,Odd Lot
02:55:18.266 PM ET,8.080,58,469,Bid,Nasdaq GSM,Inter Mkt Swp; Odd Lot; Trade Thru Exmpt
11:19:05.923 AM ET,8.090,57,461,Bid,Nasdaq GSM,Odd Lot
12:55:09.024 PM ET,8.070,57,460,Mid,NYSE Arca,Inter Mkt Swp; Odd Lot; Trade Thru Exmpt
01:57:43.028 PM ET,8.050,57,459,Ask,Nasdaq GSM,Inter Mkt Swp; Odd Lot; Trade Thru Exmpt
03:26:58.247 PM ET,8.070,57,460,Mid,Off Exchange,Odd Lot
03:59:23.114 PM ET,8.085,57,461,None,Off Exchange,Odd Lot
03:59:52.979 PM ET,8.080,57,461,None,Nasdaq BX,Odd Lot
11:19:05.923 AM ET,8.090,56,453,Bid,Cboe BZX,Odd Lot
12:50:04.812 PM ET,8.050,56,451,Mid,NYSE Arca,Inter Mkt Swp; Odd Lot; Trade Thru Exmpt
01:04:38.114 PM ET,8.055,56,451,Mid,MEMX,Odd Lot
02:07:04.873 PM ET,8.056,56,451,Mid,Off Exchange,Odd Lot
02:32:24.416 PM ET,8.110,56,454,Mid,Nasdaq GSM,Odd Lot
03:14:33.798 PM ET,8.050,56,451,Mid,MEMX,Odd Lot
03:19:46.483 PM ET,8.030,56,450,Ask,NYSE Arca,Odd Lot
03:21:22.871 PM ET,8.040,56,450,Ask,Nasdaq GSM,Odd Lot
03:36:09.147 PM ET,8.010,56,449,Bid,Nasdaq GSM,Inter Mkt Swp; Odd Lot; Trade Thru Exmpt
03:36:09.181 PM ET,8.050,56,451,Bid,Nasdaq GSM,Inter Mkt Swp; Odd Lot; Trade Thru Exmpt
03:47:25.151 PM ET,8.060,56,451,Mid,Nasdaq GSM,Odd Lot
03:59:23.108 PM ET,8.100,56,454,None,Nasdaq GSM,Inter Mkt Swp; Odd Lot; Trade Thru Exmpt
10:06:33.660 AM ET,8.100,55,446,Mid,Nasdaq GSM,Odd Lot
11:12:09.887 AM ET,8.105,55,446,Mid,IEX,Odd Lot
11:19:05.923 AM ET,8.090,55,445,Bid,Cboe BZX,Odd Lot
12:55:09.022 PM ET,8.070,55,444,Mid,Nasdaq GSM,Odd Lot
12:55:09.022 PM ET,8.070,55,444,Mid,Nasdaq GSM,Inter Mkt Swp; Odd Lot; Trade Thru Exmpt
12:55:09.023 PM ET,8.070,55,444,Mid,Nasdaq GSM,Odd Lot
01:18:21.356 PM ET,8.078,55,444,Mid,Off Exchange,Odd Lot
01:45:30.351 PM ET,8.069,55,444,Mid,Off Exchange,Odd Lot
03:35:51.504 PM ET,7.980,55,439,Bid,Nasdaq GSM,Inter Mkt Swp; Odd Lot; Trade Thru Exmpt
03:44:08.283 PM ET,8.029,55,442,Bid,Off Exchange,Odd Lot
03:58:40.535 PM ET,8.105,55,446,Mid,Nasdaq GSM,Odd Lot
03:59:23.108 PM ET,8.110,55,446,None,Nasdaq GSM,Inter Mkt Swp; Odd Lot; Trade Thru Exmpt
03:59:23.108 PM ET,8.100,55,446,None,Nasdaq GSM,Odd Lot
03:59:50.095 PM ET,8.100,55,446,None,Off Exchange,Odd Lot
11:02:35.479 AM ET,8.100,54,437,Bid,Cboe BZX,Odd Lot
12:50:04.812 PM ET,8.040,54,434,Bid,Nasdaq GSM,Inter Mkt Swp; Odd Lot; Trade Thru Exmpt
01:49:56.964 PM ET,8.050,54,435,Mid,MEMX,Odd Lot
02:29:48.895 PM ET,8.110,54,438,Bid,NYSE Arca,Inter Mkt Swp; Odd Lot; Trade Thru Exmpt
03:40:58.073 PM ET,8.080,54,436,Bid,IEX,Odd Lot
12:19:31.506 PM ET,8.090,53,429,Bid,IEX,Odd Lot
01:33:26.764 PM ET,8.050,53,427,Mid,NYSE Arca,Inter Mkt Swp; Odd Lot; Trade Thru Exmpt
01:38:48.332 PM ET,8.070,53,428,Ask,IEX,Odd Lot
01:40:00.832 PM ET,8.070,53,428,Mid,NYSE Arca,Inter Mkt Swp; Odd Lot; Trade Thru Exmpt
01:50:51.342 PM ET,8.040,53,426,Mid,Off Exchange,Odd Lot
01:57:43.028 PM ET,8.050,53,427,Ask,NYSE Arca,Inter Mkt Swp; Odd Lot; Trade Thru Exmpt
02:20:06.867 PM ET,8.080,53,428,Bid,NYSE Arca,Inter Mkt Swp; Odd Lot; Trade Thru Exmpt
03:21:23.286 PM ET,8.050,53,427,Ask,NYSE Arca,Odd Lot
03:36:09.175 PM ET,8.040,53,426,Bid,Cboe EDGX,Odd Lot
03:42:36.578 PM ET,8.070,53,428,Bid,IEX,Odd Lot
03:48:58.017 PM ET,8.070,53,428,Bid,Nasdaq GSM,Inter Mkt Swp; Odd Lot; Trade Thru Exmpt
03:58:27.586 PM ET,8.100,53,429,Bid,Nasdaq GSM,Inter Mkt Swp; Odd Lot; Trade Thru Exmpt
11:24:15.377 AM ET,8.090,52,421,Mid,Cboe BZX,Inter Mkt Swp; Odd Lot; Trade Thru Exmpt
11:24:15.378 AM ET,8.095,52,421,Mid,Cboe BZX,Odd Lot
12:50:22.852 PM ET,8.050,52,419,Mid,NYSE Arca,Odd Lot
01:07:27.441 PM ET,8.050,52,419,Bid,Nasdaq GSM,Inter Mkt Swp; Odd Lot; Trade Thru Exmpt
02:21:15.566 PM ET,8.110,52,422,Ask,IEX,Odd Lot
02:29:48.895 PM ET,8.110,52,422,Bid,NYSE Arca,Inter Mkt Swp; Odd Lot; Trade Thru Exmpt
03:19:46.551 PM ET,8.040,52,418,Ask,Nasdaq GSM,Odd Lot
03:26:58.248 PM ET,8.070,52,420,Mid,Cboe BZX,Odd Lot
09:47:53.427 AM ET,8.035,51,410,Mid,Off Exchange,Odd Lot
01:35:30.992 PM ET,8.070,51,412,Ask,IEX,Odd Lot
01:53:51.504 PM ET,8.045,51,410,Mid,Nasdaq GSM,Odd Lot
02:06:53.260 PM ET,8.070,51,412,Ask,IEX,Odd Lot
03:00:32.047 PM ET,8.080,51,412,Bid,Cboe EDGX,Inter Mkt Swp; Odd Lot; Trade Thru Exmpt
09:50:39.050 AM ET,8.070,50,404,Ask,NYSE Arca,Inter Mkt Swp; Odd Lot; Trade Thru Exmpt
10:11:50.424 AM ET,8.095,50,405,Mid,Cboe EDGX,Odd Lot
10:11:50.424 AM ET,8.095,50,405,Mid,Off Exchange,Odd Lot
10:15:36.974 AM ET,8.085,50,404,Mid,Off Exchange,Odd Lot
10:47:12.485 AM ET,8.120,50,406,Mid,Cboe EDGX,Odd Lot
10:47:12.485 AM ET,8.120,50,406,Mid,Off Exchange,Odd Lot
10:47:12.485 AM ET,8.120,50,406,Mid,NYSE Arca,Odd Lot
11:02:35.479 AM ET,8.100,50,405,Bid,Cboe EDGX,Odd Lot
11:18:27.643 AM ET,8.095,50,405,Mid,Cboe EDGX,Odd Lot
12:34:09.662 PM ET,8.090,50,405,Bid,Off Exchange,Odd Lot
12:36:22.938 PM ET,8.102,50,405,Mid,Off Exchange,Odd Lot
12:53:19.249 PM ET,8.042,50,402,Mid,Off Exchange,Odd Lot
12:53:19.269 PM ET,8.043,50,402,Mid,Off Exchange,Odd Lot
12:55:09.023 PM ET,8.075,50,404,Mid,Cboe EDGX,Odd Lot
01:00:07.232 PM ET,8.043,50,402,Mid,Off Exchange,Odd Lot
01:24:11.899 PM ET,8.060,50,403,Bid,Nasdaq GSM,Odd Lot
01:41:15.246 PM ET,8.080,50,404,Ask,Nasdaq GSM,Inter Mkt Swp; Odd Lot; Trade Thru Exmpt
01:50:05.788 PM ET,8.040,50,402,Mid,Cboe BZX,Odd Lot
01:50:05.789 PM ET,8.040,50,402,Mid,Off Exchange,Odd Lot
01:53:14.024 PM ET,8.050,50,403,Ask,Off Exchange,Odd Lot
01:53:14.034 PM ET,8.050,50,402,Mid,Off Exchange,Odd Lot
02:13:49.749 PM ET,8.075,50,404,Mid,Cboe EDGX,Odd Lot
02:20:06.894 PM ET,8.090,50,405,Mid,Cboe EDGX,Odd Lot
02:20:10.752 PM ET,8.100,50,405,Ask,Cboe EDGX,Inter Mkt Swp; Odd Lot; Trade Thru Exmpt
02:20:39.217 PM ET,8.095,50,405,Mid,Cboe EDGX,Odd Lot
02:20:39.217 PM ET,8.095,50,405,Mid,NYSE Arca,Odd Lot
02:20:39.218 PM ET,8.095,50,405,Mid,NYSE Arca,Odd Lot
02:26:01.313 PM ET,8.120,50,406,Ask,Nasdaq PHLX,Inter Mkt Swp; Odd Lot; Trade Thru Exmpt
02:29:48.911 PM ET,8.100,50,405,Bid,Cboe EDGX,Odd Lot
02:29:48.912 PM ET,8.110,50,406,Mid,Off Exchange,Odd Lot
02:42:31.591 PM ET,8.080,50,404,Bid,Cboe EDGX,Inter Mkt Swp; Odd Lot; Trade Thru Exmpt
02:53:17.337 PM ET,8.070,50,404,Bid,Cboe BZX,Odd Lot
02:55:10.032 PM ET,8.081,50,404,Ask,Off Exchange,Odd Lot
03:05:02.733 PM ET,8.075,50,404,Mid,Cboe EDGX,Odd Lot
03:11:55.398 PM ET,8.055,50,403,Mid,Cboe EDGX,Odd Lot
03:18:54.295 PM ET,8.045,50,402,Mid,Cboe EDGX,Odd Lot
03:18:54.307 PM ET,8.040,50,402,Bid,Nasdaq GSM,Odd Lot
03:19:42.440 PM ET,8.045,50,402,Mid,Cboe EDGX,Odd Lot
03:19:42.441 PM ET,8.045,50,402,Mid,NYSE Arca,Odd Lot
03:19:42.450 PM ET,8.040,50,402,Bid,Nasdaq GSM,Odd Lot
03:19:42.450 PM ET,8.040,50,402,Bid,MEMX,Odd Lot
03:29:08.720 PM ET,8.060,50,403,Bid,NYSE Arca,Inter Mkt Swp; Odd Lot; Trade Thru Exmpt
03:35:50.556 PM ET,8.010,50,401,Ask,NYSE Arca,Odd Lot
03:35:50.648 PM ET,8.005,50,400,Mid,Cboe EDGX,Odd Lot
03:35:51.503 PM ET,8.000,50,400,Bid,Off Exchange,Odd Lot
03:35:51.504 PM ET,8.000,50,400,Bid,Off Exchange,Odd Lot
03:35:51.504 PM ET,7.980,50,399,Bid,Cboe EDGX,Inter Mkt Swp; Odd Lot; Trade Thru Exmpt
03:37:55.901 PM ET,8.090,50,405,Mid,Off Exchange,Odd Lot
03:38:41.507 PM ET,8.090,50,405,Mid,NYSE Arca,Odd Lot
03:39:03.577 PM ET,8.090,50,405,Mid,Cboe EDGX,Odd Lot
03:39:03.647 PM ET,8.100,50,405,Ask,Nasdaq GSM,Odd Lot
04:00:01.289 PM ET,8.080,50,404,None,Off Exchange,Frm T Ext Hrs; Odd Lot
11:02:35.479 AM ET,8.100,49,397,Bid,Cboe BZX,Odd Lot
11:30:56.067 AM ET,8.090,49,396,Mid,Cboe BZX,Odd Lot
01:57:43.032 PM ET,8.055,49,395,Ask,IEX,Odd Lot
03:26:58.248 PM ET,8.070,49,395,Mid,NYSE Arca,Odd Lot
03:33:41.446 PM ET,8.030,49,393,Ask,Off Exchange,Odd Lot
03:40:58.073 PM ET,8.080,49,396,Bid,Nasdaq GSM,Inter Mkt Swp; Odd Lot; Trade Thru Exmpt
03:44:39.767 PM ET,8.060,49,395,Bid,Cboe BYX,Odd Lot
03:46:45.404 PM ET,8.070,49,395,Bid,Off Exchange,Odd Lot
11:13:52.954 AM ET,8.105,48,389,Mid,Off Exchange,Odd Lot
11:59:40.751 AM ET,8.110,48,389,Ask,Cboe BZX,Inter Mkt Swp; Odd Lot; Trade Thru Exmpt
01:24:11.899 PM ET,8.060,48,387,Bid,Cboe BZX,Odd Lot
01:26:07.561 PM ET,8.050,48,386,Bid,Cboe EDGX,Inter Mkt Swp; Odd Lot; Trade Thru Exmpt
01:27:29.820 PM ET,8.030,48,385,Mid,Cboe BZX,Odd Lot
01:47:10.981 PM ET,8.055,48,387,Mid,MEMX,Odd Lot
01:47:10.981 PM ET,8.060,48,387,Ask,Off Exchange,Odd Lot
02:53:17.335 PM ET,8.080,48,388,Bid,Nasdaq GSM,Odd Lot
03:19:46.551 PM ET,8.040,48,386,Ask,Nasdaq GSM,Odd Lot
11:21:29.111 AM ET,8.080,47,380,Ask,Off Exchange,Odd Lot
12:17:15.075 PM ET,8.120,47,382,Ask,IEX,Odd Lot
01:00:57.336 PM ET,8.035,47,378,Mid,Off Exchange,Odd Lot
01:07:27.441 PM ET,8.050,47,378,Bid,Nasdaq GSM,Inter Mkt Swp; Odd Lot; Trade Thru Exmpt
01:14:31.050 PM ET,8.070,47,379,Mid,NYSE Arca,Inter Mkt Swp; Odd Lot; Trade Thru Exmpt
01:32:07.114 PM ET,8.040,47,378,Ask,IEX,Odd Lot
01:43:48.211 PM ET,8.080,47,380,Ask,Nasdaq GSM,Inter Mkt Swp; Odd Lot; Trade Thru Exmpt
01:47:10.978 PM ET,8.060,47,379,Ask,Cboe BZX,Inter Mkt Swp; Odd Lot; Trade Thru Exmpt
02:42:31.591 PM ET,8.080,47,380,Bid,Cboe EDGX,Inter Mkt Swp; Odd Lot; Trade Thru Exmpt
03:35:51.504 PM ET,7.980,47,375,Bid,Nasdaq GSM,Inter Mkt Swp; Odd Lot; Trade Thru Exmpt
03:37:36.665 PM ET,8.080,47,380,Mid,NYSE Arca,Inter Mkt Swp; Odd Lot; Trade Thru Exmpt
12:03:42.805 PM ET,8.090,46,372,Bid,Cboe BZX,Odd Lot
01:07:22.701 PM ET,8.055,46,371,Mid,MEMX,Odd Lot
01:50:05.788 PM ET,8.040,46,370,Mid,Cboe EDGX,Odd Lot
01:50:05.789 PM ET,8.040,46,370,Mid,Off Exchange,Odd Lot
02:50:49.591 PM ET,8.085,46,372,Mid,Off Exchange,Odd Lot
03:12:00.748 PM ET,8.050,46,370,Mid,MEMX,Odd Lot
03:19:46.483 PM ET,8.030,46,369,Ask,MEMX,Inter Mkt Swp; Odd Lot; Trade Thru Exmpt
03:29:08.721 PM ET,8.060,46,371,Bid,NYSE Arca,Odd Lot
03:35:39.073 PM ET,8.010,46,368,Bid,NYSE Arca,Odd Lot
03:40:58.072 PM ET,8.080,46,372,Bid,IEX,Odd Lot
11:48:06.306 AM ET,8.110,45,365,Ask,Cboe BYX,Inter Mkt Swp; Odd Lot; Trade Thru Exmpt
12:36:57.253 PM ET,8.090,45,364,Bid,Cboe EDGX,Inter Mkt Swp; Odd Lot; Trade Thru Exmpt
01:23:50.285 PM ET,8.060,45,363,Bid,IEX,Odd Lot
01:50:05.788 PM ET,8.040,45,362,Mid,Cboe EDGX,Odd Lot
01:50:05.789 PM ET,8.040,45,362,Mid,Off Exchange,Odd Lot
02:18:22.572 PM ET,8.063,45,363,Mid,Off Exchange,Odd Lot
03:21:23.286 PM ET,8.050,45,362,Ask,NYSE Arca,Odd Lot
03:36:09.148 PM ET,8.010,45,360,Bid,NYSE Arca,Inter Mkt Swp; Odd Lot; Trade Thru Exmpt
09:56:00.138 AM ET,8.120,44,357,Ask,Cboe BZX,Odd Lot
10:26:52.974 AM ET,8.056,44,354,Mid,Off Exchange,Odd Lot
11:09:04.523 AM ET,8.100,44,356,Bid,NYSE Arca,Inter Mkt Swp; Odd Lot; Trade Thru Exmpt
11:24:15.377 AM ET,8.090,44,356,Mid,Cboe BZX,Inter Mkt Swp; Odd Lot; Trade Thru Exmpt
11:27:42.019 AM ET,8.090,44,356,Mid,Cboe BZX,Odd Lot
12:50:04.831 PM ET,8.040,44,354,Bid,Off Exchange,Odd Lot
01:04:38.114 PM ET,8.055,44,354,Mid,MEMX,Odd Lot
01:14:31.050 PM ET,8.070,44,355,Mid,Cboe EDGX,Inter Mkt Swp; Odd Lot; Trade Thru Exmpt
01:29:30.212 PM ET,8.055,44,354,Ask,Off Exchange,Odd Lot
01:50:05.788 PM ET,8.040,44,354,Mid,Cboe EDGX,Odd Lot
01:50:05.788 PM ET,8.040,44,354,Mid,Off Exchange,Odd Lot
01:57:43.028 PM ET,8.050,44,354,Ask,NYSE Arca,Inter Mkt Swp; Odd Lot; Trade Thru Exmpt
02:20:06.867 PM ET,8.080,44,356,Bid,NYSE Arca,Inter Mkt Swp; Odd Lot; Trade Thru Exmpt
02:20:06.894 PM ET,8.090,44,356,Mid,IEX,Odd Lot
02:32:24.416 PM ET,8.110,44,357,Mid,Nasdaq GSM,Odd Lot
02:36:02.041 PM ET,8.100,44,356,Mid,Cboe EDGX,Odd Lot
02:42:31.591 PM ET,8.080,44,356,Bid,Cboe BZX,Inter Mkt Swp; Odd Lot; Trade Thru Exmpt
02:42:31.591 PM ET,8.080,44,356,Bid,Cboe EDGX,Inter Mkt Swp; Odd Lot; Trade Thru Exmpt
02:42:31.591 PM ET,8.080,44,356,Bid,NYSE Arca,Inter Mkt Swp; Odd Lot; Trade Thru Exmpt
02:53:17.337 PM ET,8.070,44,355,Bid,MEMX,Odd Lot
02:53:50.022 PM ET,8.075,44,355,Mid,Nasdaq GSM,Odd Lot
02:55:18.266 PM ET,8.080,44,356,Bid,Cboe BZX,Inter Mkt Swp; Odd Lot; Trade Thru Exmpt
03:00:32.047 PM ET,8.080,44,356,Bid,Nasdaq GSM,Inter Mkt Swp; Odd Lot; Trade Thru Exmpt
03:14:33.798 PM ET,8.050,44,354,Mid,MEMX,Odd Lot
03:19:42.451 PM ET,8.040,44,354,Bid,NYSE Arca,Odd Lot
03:19:42.451 PM ET,8.040,44,354,Bid,NYSE Arca,Inter Mkt Swp; Odd Lot; Trade Thru Exmpt
03:21:22.871 PM ET,8.040,44,354,Ask,Nasdaq GSM,Inter Mkt Swp; Odd Lot; Trade Thru Exmpt
03:24:54.191 PM ET,8.060,44,355,Bid,Nasdaq GSM,Odd Lot
03:36:09.184 PM ET,8.050,44,354,Bid,Nasdaq GSM,Odd Lot
03:45:49.487 PM ET,8.070,44,355,Bid,Nasdaq GSM,Inter Mkt Swp; Odd Lot; Trade Thru Exmpt
03:47:45.529 PM ET,8.072,44,355,Ask,Off Exchange,Odd Lot
03:48:58.017 PM ET,8.070,44,355,Bid,Nasdaq GSM,Inter Mkt Swp; Odd Lot; Trade Thru Exmpt
03:55:05.552 PM ET,8.090,44,356,Ask,Nasdaq GSM,Inter Mkt Swp; Odd Lot; Trade Thru Exmpt
09:52:17.649 AM ET,8.070,43,347,Mid,Nasdaq GSM,Odd Lot
10:03:56.679 AM ET,8.090,43,348,Mid,Cboe BZX,Inter Mkt Swp; Odd Lot; Trade Thru Exmpt
11:02:35.479 AM ET,8.100,43,348,Bid,Cboe BZX,Odd Lot
11:19:05.923 AM ET,8.090,43,348,Bid,Cboe BZX,Odd Lot
12:17:15.075 PM ET,8.120,43,349,Ask,IEX,Odd Lot
12:38:49.928 PM ET,8.090,43,348,Ask,Nasdaq GSM,Odd Lot
01:51:46.224 PM ET,8.050,43,346,Ask,Nasdaq GSM,Inter Mkt Swp; Odd Lot; Trade Thru Exmpt
01:57:43.028 PM ET,8.050,43,346,Ask,Nasdaq GSM,Inter Mkt Swp; Odd Lot; Trade Thru Exmpt
02:13:49.753 PM ET,8.070,43,347,Mid,IEX,Odd Lot
02:14:42.354 PM ET,8.070,43,347,Mid,Off Exchange,Odd Lot
02:18:07.374 PM ET,8.080,43,347,Ask,IEX,Odd Lot
02:42:31.591 PM ET,8.080,43,347,Bid,NYSE Arca,Inter Mkt Swp; Odd Lot; Trade Thru Exmpt
12:43:08.237 PM ET,8.060,42,339,Mid,Cboe BZX,Odd Lot
02:55:18.266 PM ET,8.080,42,339,Bid,Nasdaq GSM,Inter Mkt Swp; Odd Lot; Trade Thru Exmpt
03:09:08.891 PM ET,8.073,42,339,Mid,Off Exchange,Odd Lot
03:19:46.550 PM ET,8.040,42,338,Ask,Nasdaq GSM,Inter Mkt Swp; Odd Lot; Trade Thru Exmpt
03:23:55.392 PM ET,8.035,42,337,Bid,Off Exchange,Odd Lot
03:46:28.771 PM ET,8.075,42,339,Mid,Off Exchange,Odd Lot
10:24:32.879 AM ET,8.070,41,331,Bid,Nasdaq GSM,Inter Mkt Swp; Odd Lot; Trade Thru Exmpt
10:33:49.888 AM ET,8.060,41,330,Mid,Nasdaq GSM,Inter Mkt Swp; Odd Lot; Trade Thru Exmpt
11:19:04.060 AM ET,8.095,41,332,Mid,IEX,Odd Lot
11:19:05.977 AM ET,8.080,41,331,Bid,Cboe EDGX,Inter Mkt Swp; Odd Lot; Trade Thru Exmpt
11:52:32.480 AM ET,8.090,41,332,Mid,Off Exchange,Odd Lot
12:19:21.330 PM ET,8.120,41,333,Mid,Cboe EDGX,Inter Mkt Swp; Odd Lot; Trade Thru Exmpt
12:50:04.794 PM ET,8.040,41,330,Bid,Cboe EDGX,Inter Mkt Swp; Odd Lot; Trade Thru Exmpt
12:50:04.811 PM ET,8.040,41,330,Bid,Nasdaq GSM,Inter Mkt Swp; Odd Lot; Trade Thru Exmpt
01:04:42.994 PM ET,8.060,41,330,Ask,IEX,Odd Lot
01:26:50.539 PM ET,8.040,41,330,Mid,Cboe BZX,Odd Lot
01:47:10.985 PM ET,8.050,41,330,Bid,NYSE Arca,Odd Lot
01:47:10.985 PM ET,8.060,41,330,Ask,Off Exchange,Odd Lot
01:57:42.373 PM ET,8.045,41,330,Mid,Off Exchange,Odd Lot
02:01:06.854 PM ET,8.068,41,331,Mid,Off Exchange,Odd Lot
02:06:19.512 PM ET,8.070,41,331,Ask,Nasdaq GSM,Inter Mkt Swp; Odd Lot; Trade Thru Exmpt
02:29:48.895 PM ET,8.110,41,333,Bid,Cboe EDGX,Inter Mkt Swp; Odd Lot; Trade Thru Exmpt
02:55:18.266 PM ET,8.080,41,331,Bid,NYSE Arca,Odd Lot
03:00:32.048 PM ET,8.080,41,331,Bid,MEMX,Odd Lot
03:19:43.527 PM ET,8.030,41,329,Bid,NYSE Arca,Odd Lot
03:22:03.579 PM ET,8.060,41,330,Mid,TXSE,Inter Mkt Swp; Odd Lot; Trade Thru Exmpt
03:22:20.092 PM ET,8.055,41,330,Mid,Nasdaq GSM,Odd Lot
03:22:33.296 PM ET,8.060,41,330,Mid,Nasdaq GSM,Inter Mkt Swp; Odd Lot; Trade Thru Exmpt
03:29:08.721 PM ET,8.050,41,330,Bid,Nasdaq GSM,Inter Mkt Swp; Odd Lot; Trade Thru Exmpt
03:47:25.153 PM ET,8.060,41,330,Mid,NYSE Arca,Odd Lot
09:36:50.710 AM ET,8.060,40,322,Mid,Off Exchange,Odd Lot
09:56:00.226 AM ET,8.130,40,325,Mid,Off Exchange,Odd Lot
10:47:12.485 AM ET,8.120,40,325,Mid,Cboe BZX,Odd Lot
10:57:23.091 AM ET,8.120,40,325,Mid,Off Exchange,Odd Lot
12:54:38.271 PM ET,8.070,40,323,Ask,Cboe BZX,Odd Lot
12:56:37.568 PM ET,8.060,40,322,Ask,Nasdaq GSM,Inter Mkt Swp; Odd Lot; Trade Thru Exmpt
12:56:37.569 PM ET,8.050,40,322,Ask,NYSE Arca,Inter Mkt Swp; Odd Lot; Trade Thru Exmpt
01:24:11.899 PM ET,8.060,40,322,Bid,Nasdaq GSM,Odd Lot
01:47:10.978 PM ET,8.060,40,322,Ask,Cboe BZX,Inter Mkt Swp; Odd Lot; Trade Thru Exmpt
02:21:36.230 PM ET,8.110,40,324,Ask,NYSE Arca,Inter Mkt Swp; Odd Lot; Trade Thru Exmpt
02:28:50.284 PM ET,8.120,40,325,Mid,Off Exchange,Odd Lot
02:53:17.335 PM ET,8.085,40,323,Mid,MEMX,Odd Lot
02:53:17.336 PM ET,8.080,40,323,Bid,Cboe EDGX,Inter Mkt Swp; Odd Lot; Trade Thru Exmpt
03:19:42.450 PM ET,8.040,40,322,Bid,Cboe EDGX,Odd Lot
03:35:51.789 PM ET,7.985,40,319,Mid,Off Exchange,Odd Lot
03:36:22.202 PM ET,8.026,40,321,Bid,Off Exchange,Odd Lot
03:38:31.413 PM ET,8.090,40,324,Mid,Nasdaq GSM,Odd Lot
03:43:43.998 PM ET,8.070,40,323,Bid,IEX,Odd Lot
01:01:34.590 PM ET,8.040,39,314,Mid,NYSE Arca,Inter Mkt Swp; Odd Lot; Trade Thru Exmpt
01:02:33.341 PM ET,8.050,39,314,Ask,NYSE Arca,Inter Mkt Swp; Odd Lot; Trade Thru Exmpt
03:21:22.870 PM ET,8.040,39,314,Ask,IEX,Odd Lot
03:24:54.190 PM ET,8.060,39,314,Bid,Off Exchange,Odd Lot
03:45:18.046 PM ET,8.060,39,314,Bid,Cboe EDGX,Odd Lot
09:31:01.018 AM ET,8.065,38,306,Mid,IEX,Odd Lot
09:31:09.668 AM ET,8.065,38,306,Mid,Nasdaq GSM,Odd Lot
09:31:09.668 AM ET,8.065,38,306,Mid,NYSE Arca,Odd Lot
09:31:09.668 AM ET,8.065,38,306,Mid,NYSE,Odd Lot
09:40:21.454 AM ET,8.020,38,305,Mid,Nasdaq GSM,Inter Mkt Swp; Odd Lot; Trade Thru Exmpt
09:40:21.672 AM ET,8.020,38,305,Ask,NYSE Arca,Odd Lot
09:40:43.301 AM ET,8.020,38,305,Mid,Nasdaq GSM,Inter Mkt Swp; Odd Lot; Trade Thru Exmpt
09:41:06.229 AM ET,8.020,38,305,Mid,NYSE Arca,Inter Mkt Swp; Odd Lot; Trade Thru Exmpt
09:46:23.787 AM ET,8.025,38,305,Mid,IEX,Odd Lot
09:46:23.790 AM ET,8.025,38,305,Mid,Nasdaq GSM,Odd Lot
09:49:37.917 AM ET,8.050,38,306,Mid,Cboe BZX,Inter Mkt Swp; Odd Lot; Trade Thru Exmpt
09:49:38.001 AM ET,8.050,38,306,Mid,NYSE Arca,Inter Mkt Swp; Odd Lot; Trade Thru Exmpt
09:52:37.521 AM ET,8.065,38,306,Mid,NYSE Arca,Odd Lot
09:52:37.521 AM ET,8.065,38,306,Mid,NYSE,Odd Lot
09:52:37.521 AM ET,8.065,38,306,Mid,IEX,Odd Lot
09:56:00.226 AM ET,8.120,38,309,Mid,Nasdaq GSM,Inter Mkt Swp; Odd Lot; Trade Thru Exmpt
10:06:20.596 AM ET,8.100,38,308,Mid,Nasdaq GSM,Inter Mkt Swp; Odd Lot; Trade Thru Exmpt
10:11:50.424 AM ET,8.095,38,308,Mid,Cboe EDGX,Odd Lot
10:11:50.424 AM ET,8.095,38,308,Mid,IEX,Odd Lot
10:33:49.889 AM ET,8.060,38,306,Mid,Off Exchange,Odd Lot
10:47:13.088 AM ET,8.120,38,309,Mid,Nasdaq GSM,Inter Mkt Swp; Odd Lot; Trade Thru Exmpt
11:08:55.717 AM ET,8.095,38,308,Mid,Nasdaq GSM,Odd Lot
11:08:55.717 AM ET,8.095,38,308,Mid,IEX,Odd Lot
11:08:55.717 AM ET,8.095,38,308,Mid,Cboe BZX,Odd Lot
11:08:55.717 AM ET,8.095,38,308,Mid,Cboe EDGX,Odd Lot
11:08:55.718 AM ET,8.095,38,308,Mid,IEX,Odd Lot
11:08:55.719 AM ET,8.095,38,308,Mid,IEX,Odd Lot
11:08:55.719 AM ET,8.095,38,308,Mid,Nasdaq GSM,Odd Lot
11:08:55.720 AM ET,8.095,38,308,Mid,IEX,Odd Lot
11:08:55.721 AM ET,8.095,38,308,Mid,IEX,Odd Lot
11:09:04.522 AM ET,8.100,38,308,Bid,IEX,Odd Lot
11:19:05.923 AM ET,8.090,38,307,Bid,Nasdaq GSM,Inter Mkt Swp; Odd Lot; Trade Thru Exmpt
11:19:05.924 AM ET,8.090,38,307,Bid,Nasdaq GSM,Inter Mkt Swp; Odd Lot; Trade Thru Exmpt
11:19:05.924 AM ET,8.090,38,307,Bid,NYSE,Inter Mkt Swp; Odd Lot; Trade Thru Exmpt
11:19:05.924 AM ET,8.090,38,307,Bid,NYSE Arca,Inter Mkt Swp; Odd Lot; Trade Thru Exmpt
11:23:15.981 AM ET,8.070,38,307,Mid,Nasdaq GSM,Odd Lot
11:24:15.377 AM ET,8.090,38,307,Mid,Nasdaq GSM,Inter Mkt Swp; Odd Lot; Trade Thru Exmpt
12:02:21.499 PM ET,8.100,38,308,Mid,Nasdaq GSM,Odd Lot
12:50:04.812 PM ET,8.040,38,306,Bid,NYSE,Inter Mkt Swp; Odd Lot; Trade Thru Exmpt
12:50:04.812 PM ET,8.040,38,306,Bid,Nasdaq GSM,Inter Mkt Swp; Odd Lot; Trade Thru Exmpt
12:50:04.812 PM ET,8.030,38,305,Bid,Cboe BZX,Inter Mkt Swp; Odd Lot; Trade Thru Exmpt
12:50:04.812 PM ET,8.030,38,305,Bid,Cboe EDGX,Inter Mkt Swp; Odd Lot; Trade Thru Exmpt
12:50:04.812 PM ET,8.030,38,305,Bid,MEMX,Inter Mkt Swp; Odd Lot; Trade Thru Exmpt
12:50:04.812 PM ET,8.035,38,305,Bid,Cboe BZX,Inter Mkt Swp; Odd Lot; Trade Thru Exmpt
12:50:04.812 PM ET,8.040,38,306,Bid,MEMX,Inter Mkt Swp; Odd Lot; Trade Thru Exmpt
12:50:04.812 PM ET,8.030,38,305,Bid,NYSE,Inter Mkt Swp; Odd Lot; Trade Thru Exmpt
12:50:04.813 PM ET,8.040,38,306,Bid,Off Exchange,Odd Lot
12:50:04.813 PM ET,8.050,38,306,Mid,Nasdaq GSM,Inter Mkt Swp; Odd Lot; Trade Thru Exmpt
12:50:04.850 PM ET,8.050,38,306,Ask,Cboe BZX,Inter Mkt Swp; Odd Lot; Trade Thru Exmpt
12:50:04.851 PM ET,8.050,38,306,Ask,Cboe BZX,Inter Mkt Swp; Odd Lot; Trade Thru Exmpt
12:50:46.067 PM ET,8.050,38,306,Mid,Nasdaq GSM,Inter Mkt Swp; Odd Lot; Trade Thru Exmpt
12:54:38.271 PM ET,8.075,38,307,Ask,IEX,Odd Lot
12:54:38.272 PM ET,8.075,38,307,Ask,IEX,Odd Lot
12:54:38.296 PM ET,8.075,38,307,Ask,MEMX,Inter Mkt Swp; Odd Lot; Trade Thru Exmpt
12:54:38.296 PM ET,8.070,38,307,Ask,MEMX,Inter Mkt Swp; Odd Lot; Trade Thru Exmpt
12:54:38.309 PM ET,8.070,38,307,Ask,Nasdaq GSM,Odd Lot
12:55:09.022 PM ET,8.070,38,307,Mid,IEX,Odd Lot
12:55:09.022 PM ET,8.070,38,307,Mid,MEMX,Inter Mkt Swp; Odd Lot; Trade Thru Exmpt
12:55:09.022 PM ET,8.070,38,307,Mid,Cboe EDGX,Inter Mkt Swp; Odd Lot; Trade Thru Exmpt
12:55:09.022 PM ET,8.070,38,307,Mid,Cboe BZX,Inter Mkt Swp; Odd Lot; Trade Thru Exmpt
12:55:09.022 PM ET,8.070,38,307,Mid,Nasdaq GSM,Inter Mkt Swp; Odd Lot; Trade Thru Exmpt
12:55:09.023 PM ET,8.070,38,307,Mid,Nasdaq GSM,Inter Mkt Swp; Odd Lot; Trade Thru Exmpt
12:55:09.023 PM ET,8.070,38,307,Mid,NYSE Arca,Inter Mkt Swp; Odd Lot; Trade Thru Exmpt
12:55:09.023 PM ET,8.070,38,307,Mid,Cboe BZX,Inter Mkt Swp; Odd Lot; Trade Thru Exmpt
12:55:09.023 PM ET,8.070,38,307,Mid,NYSE,Inter Mkt Swp; Odd Lot; Trade Thru Exmpt
01:03:32.697 PM ET,8.055,38,306,Mid,MEMX,Odd Lot
01:10:32.115 PM ET,8.050,38,306,Ask,IEX,Odd Lot
01:14:31.050 PM ET,8.070,38,307,Mid,IEX,Odd Lot
01:22:59.508 PM ET,8.070,38,307,Mid,MEMX,Inter Mkt Swp; Odd Lot; Trade Thru Exmpt
01:23:04.507 PM ET,8.070,38,307,Mid,MEMX,Inter Mkt Swp; Odd Lot; Trade Thru Exmpt
01:24:27.247 PM ET,8.060,38,306,Mid,MEMX,Inter Mkt Swp; Odd Lot; Trade Thru Exmpt
01:24:31.008 PM ET,8.060,38,306,Mid,MEMX,Inter Mkt Swp; Odd Lot; Trade Thru Exmpt
01:24:31.009 PM ET,8.060,38,306,Mid,MEMX,Inter Mkt Swp; Odd Lot; Trade Thru Exmpt
01:44:49.565 PM ET,8.070,38,307,Mid,Cboe BZX,Odd Lot
01:44:49.565 PM ET,8.070,38,307,Mid,NYSE Arca,Odd Lot
01:44:49.565 PM ET,8.075,38,307,Mid,IEX,Odd Lot
01:47:10.978 PM ET,8.065,38,306,Ask,MEMX,Inter Mkt Swp; Odd Lot; Trade Thru Exmpt
01:47:10.979 PM ET,8.060,38,306,Ask,MEMX,Inter Mkt Swp; Odd Lot; Trade Thru Exmpt
01:49:56.908 PM ET,8.050,38,306,Mid,Cboe BZX,Inter Mkt Swp; Odd Lot; Trade Thru Exmpt
01:49:56.909 PM ET,8.050,38,306,Mid,MEMX,Inter Mkt Swp; Odd Lot; Trade Thru Exmpt
01:50:00.985 PM ET,8.050,38,306,Mid,Cboe BZX,Inter Mkt Swp; Odd Lot; Trade Thru Exmpt
01:50:02.674 PM ET,8.050,38,306,Mid,MEMX,Inter Mkt Swp; Odd Lot; Trade Thru Exmpt
01:50:02.675 PM ET,8.050,38,306,Mid,MEMX,Inter Mkt Swp; Odd Lot; Trade Thru Exmpt
01:50:02.676 PM ET,8.050,38,306,Mid,MEMX,Inter Mkt Swp; Odd Lot; Trade Thru Exmpt
02:01:29.699 PM ET,8.060,38,306,Mid,MEMX,Inter Mkt Swp; Odd Lot; Trade Thru Exmpt
02:01:29.700 PM ET,8.060,38,306,Mid,NYSE Arca,Inter Mkt Swp; Odd Lot; Trade Thru Exmpt
02:20:06.894 PM ET,8.090,38,307,Mid,IEX,Odd Lot
02:20:39.218 PM ET,8.095,38,308,Mid,IEX,Odd Lot
02:20:39.219 PM ET,8.095,38,308,Mid,IEX,Odd Lot
02:37:45.609 PM ET,8.100,38,308,Mid,Nasdaq GSM,Odd Lot
02:42:55.407 PM ET,8.080,38,307,Mid,IEX,Odd Lot
02:43:58.626 PM ET,8.080,38,307,Mid,NYSE Arca,Inter Mkt Swp; Odd Lot; Trade Thru Exmpt
02:43:58.626 PM ET,8.080,38,307,Mid,NYSE,Inter Mkt Swp; Odd Lot; Trade Thru Exmpt
02:43:58.626 PM ET,8.080,38,307,Mid,IEX,Odd Lot
02:53:17.320 PM ET,8.085,38,307,Mid,Cboe BZX,Odd Lot
02:53:17.320 PM ET,8.085,38,307,Mid,MEMX,Odd Lot
02:55:18.263 PM ET,8.080,38,307,Bid,IEX,Odd Lot
03:00:32.048 PM ET,8.080,38,307,Bid,MEMX,Inter Mkt Swp; Odd Lot; Trade Thru Exmpt
03:00:47.621 PM ET,8.075,38,307,Mid,IEX,Odd Lot
03:05:02.732 PM ET,8.075,38,307,Mid,Nasdaq GSM,Odd Lot
03:05:02.733 PM ET,8.075,38,307,Mid,IEX,Odd Lot
03:06:07.281 PM ET,8.075,38,307,Mid,NYSE Arca,Odd Lot
03:11:55.394 PM ET,8.070,38,307,Ask,MEMX,Inter Mkt Swp; Odd Lot; Trade Thru Exmpt
03:11:55.409 PM ET,8.055,38,306,Mid,MEMX,Odd Lot
03:11:55.660 PM ET,8.055,38,306,Mid,MEMX,Inter Mkt Swp; Odd Lot; Trade Thru Exmpt
03:11:55.660 PM ET,8.050,38,306,Bid,MEMX,Inter Mkt Swp; Odd Lot; Trade Thru Exmpt
03:11:55.661 PM ET,8.050,38,306,Bid,MEMX,Inter Mkt Swp; Odd Lot; Trade Thru Exmpt
03:12:34.550 PM ET,8.050,38,306,Mid,Nasdaq GSM,Inter Mkt Swp; Odd Lot; Trade Thru Exmpt
03:16:09.956 PM ET,8.050,38,306,Mid,IEX,Odd Lot
03:16:09.957 PM ET,8.050,38,306,Mid,IEX,Odd Lot
03:19:46.483 PM ET,8.030,38,305,Ask,Nasdaq PHLX,Inter Mkt Swp; Odd Lot; Trade Thru Exmpt
03:19:46.484 PM ET,8.030,38,305,Ask,Cboe BZX,Inter Mkt Swp; Odd Lot; Trade Thru Exmpt
03:19:46.484 PM ET,8.030,38,305,Ask,Nasdaq PHLX,Inter Mkt Swp; Odd Lot; Trade Thru Exmpt
03:19:46.485 PM ET,8.030,38,305,Ask,Nasdaq PHLX,Inter Mkt Swp; Odd Lot; Trade Thru Exmpt
03:19:46.485 PM ET,8.030,38,305,Ask,Cboe BZX,Inter Mkt Swp; Odd Lot; Trade Thru Exmpt
03:19:46.551 PM ET,8.030,38,305,Bid,Nasdaq PHLX,Inter Mkt Swp; Odd Lot; Trade Thru Exmpt
03:19:46.551 PM ET,8.030,38,305,Bid,Cboe BZX,Inter Mkt Swp; Odd Lot; Trade Thru Exmpt
03:19:46.552 PM ET,8.030,38,305,Bid,Nasdaq PHLX,Inter Mkt Swp; Odd Lot; Trade Thru Exmpt
03:19:46.553 PM ET,8.030,38,305,Bid,Nasdaq PHLX,Inter Mkt Swp; Odd Lot; Trade Thru Exmpt
03:19:46.554 PM ET,8.030,38,305,Bid,Nasdaq PHLX,Inter Mkt Swp; Odd Lot; Trade Thru Exmpt
03:19:46.555 PM ET,8.030,38,305,Bid,Nasdaq PHLX,Inter Mkt Swp; Odd Lot; Trade Thru Exmpt
03:19:46.556 PM ET,8.030,38,305,Bid,Nasdaq PHLX,Inter Mkt Swp; Odd Lot; Trade Thru Exmpt
03:24:54.197 PM ET,8.060,38,306,Bid,Cboe EDGX,Inter Mkt Swp; Odd Lot; Trade Thru Exmpt
03:25:08.535 PM ET,8.060,38,306,Mid,IEX,Odd Lot
03:29:08.731 PM ET,8.040,38,306,Bid,IEX,Odd Lot
03:35:50.556 PM ET,8.010,38,304,Ask,MEMX,Inter Mkt Swp; Odd Lot; Trade Thru Exmpt
03:35:51.504 PM ET,7.980,38,303,Bid,Cboe EDGX,Inter Mkt Swp; Odd Lot; Trade Thru Exmpt
03:35:52.031 PM ET,7.990,38,304,Mid,Nasdaq GSM,Inter Mkt Swp; Odd Lot; Trade Thru Exmpt
03:35:52.031 PM ET,7.990,38,304,Mid,Cboe BZX,Inter Mkt Swp; Odd Lot; Trade Thru Exmpt
03:35:52.031 PM ET,7.990,38,304,Mid,Cboe EDGX,Inter Mkt Swp; Odd Lot; Trade Thru Exmpt
03:35:52.031 PM ET,7.990,38,304,Mid,MEMX,Inter Mkt Swp; Odd Lot; Trade Thru Exmpt
03:35:52.032 PM ET,7.990,38,304,Mid,NYSE,Inter Mkt Swp; Odd Lot; Trade Thru Exmpt
03:35:52.032 PM ET,7.990,38,304,Mid,NYSE Arca,Inter Mkt Swp; Odd Lot; Trade Thru Exmpt
03:36:09.153 PM ET,8.015,38,305,Bid,Cboe EDGX,Odd Lot
03:36:09.153 PM ET,8.015,38,305,Bid,NYSE Arca,Odd Lot
03:36:09.153 PM ET,8.015,38,305,Bid,MEMX,Odd Lot
03:36:09.154 PM ET,8.015,38,305,Bid,NYSE Arca,Odd Lot
03:36:09.154 PM ET,8.015,38,305,Bid,MEMX,Odd Lot
03:36:09.154 PM ET,8.015,38,305,Bid,Cboe EDGX,Odd Lot
03:36:09.157 PM ET,8.020,38,305,Bid,MEMX,Inter Mkt Swp; Odd Lot; Trade Thru Exmpt
03:40:58.073 PM ET,8.080,38,307,Bid,Cboe BZX,Inter Mkt Swp; Odd Lot; Trade Thru Exmpt
03:45:49.488 PM ET,8.070,38,307,Bid,IEX,Odd Lot
03:58:01.576 PM ET,8.095,38,308,Mid,Nasdaq GSM,Odd Lot
03:58:28.902 PM ET,8.105,38,308,Mid,IEX,Odd Lot
03:58:56.881 PM ET,8.100,38,308,Bid,IEX,Odd Lot
03:58:56.882 PM ET,8.100,38,308,Bid,IEX,Odd Lot
09:56:00.229 AM ET,8.130,37,301,Mid,Off Exchange,Odd Lot
09:57:55.029 AM ET,8.120,37,300,Bid,Nasdaq GSM,Odd Lot
01:59:13.954 PM ET,8.060,37,298,Ask,NYSE,Inter Mkt Swp; Odd Lot; Trade Thru Exmpt
03:26:58.247 PM ET,8.070,37,299,Mid,Off Exchange,Odd Lot
03:44:08.284 PM ET,8.070,37,299,Bid,Nasdaq GSM,Inter Mkt Swp; Odd Lot; Trade Thru Exmpt
03:49:31.558 PM ET,8.070,37,299,Mid,Nasdaq GSM,Odd Lot
03:59:57.007 PM ET,8.090,37,299,None,NYSE Arca,Inter Mkt Swp; Odd Lot; Trade Thru Exmpt
10:33:49.889 AM ET,8.060,36,290,Mid,Nasdaq GSM,Inter Mkt Swp; Odd Lot; Trade Thru Exmpt
11:51:44.931 AM ET,8.105,36,292,Mid,Off Exchange,Odd Lot
12:50:04.811 PM ET,8.040,36,289,Bid,Nasdaq GSM,Inter Mkt Swp; Odd Lot; Trade Thru Exmpt
01:10:56.348 PM ET,8.040,36,289,Mid,Off Exchange,Odd Lot
01:13:36.422 PM ET,8.065,36,290,Mid,Nasdaq GSM,Odd Lot
02:29:48.895 PM ET,8.110,36,292,Bid,Cboe BZX,Inter Mkt Swp; Odd Lot; Trade Thru Exmpt
02:53:28.129 PM ET,8.075,36,291,Mid,Cboe BZX,Odd Lot
03:47:25.127 PM ET,8.070,36,291,Ask,Nasdaq GSM,Odd Lot
03:47:30.630 PM ET,8.065,36,290,Mid,Cboe EDGX,Odd Lot
10:13:55.329 AM ET,8.090,35,283,Mid,Off Exchange,Odd Lot
10:24:32.879 AM ET,8.070,35,282,Bid,Cboe BZX,Odd Lot
10:33:49.888 AM ET,8.060,35,282,Mid,Nasdaq GSM,Inter Mkt Swp; Odd Lot; Trade Thru Exmpt
11:02:35.486 AM ET,8.080,35,283,Bid,NYSE Arca,Odd Lot
11:19:05.977 AM ET,8.080,35,283,Bid,NYSE Arca,Inter Mkt Swp; Odd Lot; Trade Thru Exmpt
11:20:33.415 AM ET,8.070,35,282,Mid,IEX,Odd Lot
12:36:57.253 PM ET,8.090,35,283,Bid,Cboe EDGX,Inter Mkt Swp; Odd Lot; Trade Thru Exmpt
12:52:15.097 PM ET,8.050,35,282,Mid,Off Exchange,Odd Lot
12:56:37.569 PM ET,8.050,35,282,Ask,Cboe BZX,Inter Mkt Swp; Odd Lot; Trade Thru Exmpt
01:26:50.539 PM ET,8.040,35,281,Mid,NYSE Arca,Odd Lot
02:53:17.336 PM ET,8.080,35,283,Bid,NYSE Arca,Inter Mkt Swp; Odd Lot; Trade Thru Exmpt
03:19:43.527 PM ET,8.030,35,281,Bid,NYSE Arca,Odd Lot
03:19:46.551 PM ET,8.030,35,281,Bid,Cboe BZX,Inter Mkt Swp; Odd Lot; Trade Thru Exmpt
03:24:54.196 PM ET,8.060,35,282,Bid,Nasdaq GSM,Inter Mkt Swp; Odd Lot; Trade Thru Exmpt
03:24:54.205 PM ET,8.060,35,282,Bid,Nasdaq GSM,Inter Mkt Swp; Odd Lot; Trade Thru Exmpt
03:36:09.147 PM ET,8.000,35,280,Bid,Nasdaq GSM,Inter Mkt Swp; Odd Lot; Trade Thru Exmpt
03:47:25.153 PM ET,8.060,35,282,Mid,NYSE Arca,Odd Lot
03:49:31.516 PM ET,8.070,35,282,Mid,Nasdaq GSM,Odd Lot
03:59:11.711 PM ET,8.110,35,284,None,Cboe BYX,Inter Mkt Swp; Odd Lot; Trade Thru Exmpt
03:59:23.108 PM ET,8.100,35,284,None,Nasdaq GSM,Inter Mkt Swp; Odd Lot; Trade Thru Exmpt
03:59:49.587 PM ET,8.100,35,284,None,IEX,Odd Lot
04:37:28.115 PM ET,8.080,35,283,Mid,NYSE Arca,Frm T Ext Hrs; Inter Mkt Swp; Odd Lot; Trade Thru Exmpt
09:40:43.301 AM ET,8.020,34,273,Mid,Nasdaq GSM,Inter Mkt Swp; Odd Lot; Trade Thru Exmpt
10:47:13.088 AM ET,8.130,34,276,Ask,NYSE Arca,Odd Lot
11:08:55.719 AM ET,8.095,34,275,Mid,IEX,Odd Lot
12:41:42.486 PM ET,8.060,34,274,Bid,IEX,Odd Lot
01:55:47.982 PM ET,8.048,34,274,Mid,Off Exchange,Deriv Priced; Odd Lot; Trade Thru Exmpt
03:35:50.556 PM ET,8.010,34,272,Ask,NYSE Arca,Inter Mkt Swp; Odd Lot; Trade Thru Exmpt
03:45:49.488 PM ET,8.070,34,274,Bid,IEX,Odd Lot
03:56:42.452 PM ET,8.076,34,275,Bid,Off Exchange,Odd Lot
12:23:26.910 PM ET,8.120,33,268,Mid,Off Exchange,Odd Lot
12:54:23.639 PM ET,8.049,33,266,Mid,Off Exchange,Odd Lot
02:53:17.336 PM ET,8.080,33,267,Bid,NYSE Arca,Inter Mkt Swp; Odd Lot; Trade Thru Exmpt
03:19:42.449 PM ET,8.040,33,265,Bid,Off Exchange,Odd Lot
03:22:43.122 PM ET,8.060,33,266,Mid,Nasdaq GSM,Odd Lot
03:24:54.190 PM ET,8.060,33,266,Bid,Off Exchange,Odd Lot
03:47:25.146 PM ET,8.060,33,266,Mid,Off Exchange,Odd Lot
09:45:32.447 AM ET,8.050,32,258,Mid,Off Exchange,Odd Lot
12:17:15.072 PM ET,8.110,32,260,Ask,Cboe BZX,Inter Mkt Swp; Odd Lot; Trade Thru Exmpt
01:04:20.850 PM ET,8.055,32,258,Mid,Off Exchange,Odd Lot
01:44:49.553 PM ET,8.080,32,259,Ask,NYSE Arca,Inter Mkt Swp; Odd Lot; Trade Thru Exmpt
01:49:56.908 PM ET,8.050,32,258,Mid,MEMX,Inter Mkt Swp; Odd Lot; Trade Thru Exmpt
03:13:34.403 PM ET,8.059,32,258,Mid,Off Exchange,Odd Lot
03:26:26.169 PM ET,8.070,32,258,Ask,IEX,Odd Lot
03:30:33.606 PM ET,8.058,32,258,Ask,Off Exchange,Odd Lot
09:49:37.917 AM ET,8.050,31,250,Mid,Nasdaq GSM,Inter Mkt Swp; Odd Lot; Trade Thru Exmpt
10:12:35.742 AM ET,8.080,31,250,Bid,Nasdaq GSM,Odd Lot
11:24:15.326 AM ET,8.080,31,250,Mid,Cboe BZX,Inter Mkt Swp; Odd Lot; Trade Thru Exmpt
03:21:22.871 PM ET,8.040,31,249,Ask,NYSE Arca,Inter Mkt Swp; Odd Lot; Trade Thru Exmpt
03:24:54.190 PM ET,8.060,31,250,Bid,Off Exchange,Odd Lot
03:36:09.225 PM ET,8.060,31,250,Ask,Nasdaq GSM,Inter Mkt Swp; Odd Lot; Trade Thru Exmpt
03:40:58.073 PM ET,8.080,31,250,Bid,Nasdaq GSM,Inter Mkt Swp; Odd Lot; Trade Thru Exmpt
03:47:25.128 PM ET,8.070,31,250,Ask,NYSE American,Odd Lot
03:55:07.091 PM ET,8.090,31,251,Mid,Nasdaq GSM,Odd Lot
03:58:27.586 PM ET,8.100,31,251,Bid,Nasdaq GSM,Inter Mkt Swp; Odd Lot; Trade Thru Exmpt
03:59:58.095 PM ET,8.090,31,251,None,Cboe BZX,Odd Lot
10:08:54.608 AM ET,8.080,30,242,Mid,Off Exchange,Odd Lot
10:11:50.424 AM ET,8.095,30,243,Mid,Off Exchange,Odd Lot
10:33:49.890 AM ET,8.060,30,242,Mid,Off Exchange,Odd Lot
10:47:12.485 AM ET,8.120,30,244,Mid,Off Exchange,Odd Lot
10:47:21.964 AM ET,8.115,30,243,Mid,Off Exchange,Odd Lot
10:47:26.647 AM ET,8.130,30,244,Mid,IEX,Odd Lot
11:02:35.485 AM ET,8.090,30,243,Bid,NYSE Arca,Odd Lot
11:06:17.346 AM ET,8.070,30,242,Mid,Off Exchange,Odd Lot
11:13:03.738 AM ET,8.093,30,243,Mid,Off Exchange,Odd Lot
11:19:05.923 AM ET,8.090,30,243,Bid,Cboe BZX,Odd Lot
11:44:50.393 AM ET,8.086,30,243,Mid,Off Exchange,Odd Lot
12:19:21.330 PM ET,8.120,30,244,Mid,Cboe EDGX,Inter Mkt Swp; Odd Lot; Trade Thru Exmpt
12:36:57.253 PM ET,8.090,30,243,Bid,Cboe EDGX,Inter Mkt Swp; Odd Lot; Trade Thru Exmpt
12:43:08.237 PM ET,8.060,30,242,Mid,Nasdaq GSM,Odd Lot
12:54:38.236 PM ET,8.050,30,242,Mid,Off Exchange,Odd Lot
12:56:37.568 PM ET,8.060,30,242,Ask,Nasdaq GSM,Inter Mkt Swp; Odd Lot; Trade Thru Exmpt
01:04:22.249 PM ET,8.055,30,242,Mid,Off Exchange,Odd Lot
01:07:27.441 PM ET,8.050,30,242,Bid,Nasdaq GSM,Inter Mkt Swp; Odd Lot; Trade Thru Exmpt
01:07:27.936 PM ET,8.040,30,241,Mid,NYSE Arca,Inter Mkt Swp; Odd Lot; Trade Thru Exmpt
01:13:00.501 PM ET,8.060,30,242,Ask,Off Exchange,Odd Lot
01:27:29.820 PM ET,8.030,30,241,Mid,Cboe BZX,Odd Lot
01:39:50.334 PM ET,8.070,30,242,Ask,NYSE Arca,Inter Mkt Swp; Odd Lot; Trade Thru Exmpt
01:47:10.975 PM ET,8.070,30,242,Ask,Cboe BZX,Odd Lot
01:47:10.978 PM ET,8.060,30,242,Ask,Cboe BZX,Inter Mkt Swp; Odd Lot; Trade Thru Exmpt
01:49:56.909 PM ET,8.050,30,242,Mid,MEMX,Inter Mkt Swp; Odd Lot; Trade Thru Exmpt
02:29:48.895 PM ET,8.110,30,243,Bid,Cboe BZX,Inter Mkt Swp; Odd Lot; Trade Thru Exmpt
02:36:02.041 PM ET,8.100,30,243,Mid,NYSE Arca,Odd Lot
02:36:02.041 PM ET,8.100,30,243,Mid,Cboe EDGX,Odd Lot
02:53:17.336 PM ET,8.080,30,242,Bid,NYSE Arca,Inter Mkt Swp; Odd Lot; Trade Thru Exmpt
02:55:18.266 PM ET,8.080,30,242,Bid,NYSE Arca,Odd Lot
02:56:17.869 PM ET,8.090,30,243,Ask,IEX,Odd Lot
03:21:22.871 PM ET,8.040,30,241,Ask,Cboe EDGX,Inter Mkt Swp; Odd Lot; Trade Thru Exmpt
03:27:02.438 PM ET,8.075,30,242,Mid,Cboe EDGX,Inter Mkt Swp; Odd Lot; Trade Thru Exmpt
03:46:44.873 PM ET,8.069,30,242,Bid,Off Exchange,Deriv Priced; Odd Lot; Trade Thru Exmpt
03:49:25.182 PM ET,8.068,30,242,Bid,Off Exchange,Deriv Priced; Odd Lot; Trade Thru Exmpt
03:53:50.732 PM ET,8.075,30,242,Mid,Off Exchange,Odd Lot
03:55:13.113 PM ET,8.082,30,242,Mid,Off Exchange,Odd Lot
03:58:47.380 PM ET,8.105,30,243,Mid,Cboe EDGX,Odd Lot
03:59:23.113 PM ET,8.100,30,243,None,NYSE Arca,Odd Lot
03:59:23.113 PM ET,8.100,30,243,None,Cboe BYX,Odd Lot
12:38:16.651 PM ET,8.090,29,235,Bid,Nasdaq GSM,Inter Mkt Swp; Odd Lot; Trade Thru Exmpt
12:38:49.928 PM ET,8.090,29,235,Ask,Nasdaq GSM,Odd Lot
12:50:04.801 PM ET,8.020,29,233,Bid,Nasdaq GSM,Odd Lot
03:29:08.731 PM ET,8.040,29,233,Bid,IEX,Odd Lot
03:55:05.552 PM ET,8.090,29,235,Ask,Off Exchange,Odd Lot
03:55:42.555 PM ET,8.090,29,235,Mid,Cboe EDGA,Odd Lot
10:30:07.351 AM ET,8.070,28,226,Mid,Nasdaq GSM,Odd Lot
11:33:33.191 AM ET,8.087,28,226,Mid,Off Exchange,Odd Lot
12:07:09.251 PM ET,8.101,28,227,Mid,Off Exchange,Odd Lot
12:19:21.330 PM ET,8.120,28,227,Mid,Cboe EDGX,Inter Mkt Swp; Odd Lot; Trade Thru Exmpt
12:43:08.237 PM ET,8.060,28,226,Mid,Nasdaq GSM,Odd Lot
01:24:11.904 PM ET,8.060,28,226,Bid,Off Exchange,Odd Lot
02:29:48.895 PM ET,8.110,28,227,Bid,Cboe EDGX,Inter Mkt Swp; Odd Lot; Trade Thru Exmpt
03:45:49.488 PM ET,8.070,28,226,Bid,IEX,Odd Lot
09:50:28.671 AM ET,8.050,27,217,Mid,Nasdaq GSM,Inter Mkt Swp; Odd Lot; Trade Thru Exmpt
09:50:45.092 AM ET,8.065,27,218,Mid,Nasdaq GSM,Odd Lot
11:16:36.046 AM ET,8.110,27,219,Ask,IEX,Odd Lot
11:23:16.212 AM ET,8.090,27,218,Ask,Off Exchange,Odd Lot
01:33:26.765 PM ET,8.050,27,217,Mid,MEMX,Inter Mkt Swp; Odd Lot; Trade Thru Exmpt
02:53:17.335 PM ET,8.080,27,218,Bid,Nasdaq GSM,Odd Lot
02:55:48.589 PM ET,8.085,27,218,Mid,Nasdaq GSM,Odd Lot
03:35:51.504 PM ET,7.980,27,215,Bid,Nasdaq GSM,Inter Mkt Swp; Odd Lot; Trade Thru Exmpt
03:36:09.175 PM ET,8.050,27,217,Bid,Nasdaq GSM,Inter Mkt Swp; Odd Lot; Trade Thru Exmpt
03:55:07.538 PM ET,8.104,27,219,Mid,Off Exchange,Odd Lot
03:59:30.363 PM ET,8.100,27,219,None,Off Exchange,Odd Lot
03:59:47.938 PM ET,8.100,27,219,None,Off Exchange,Odd Lot
10:47:14.515 AM ET,8.130,26,211,Ask,Off Exchange,Odd Lot
11:43:28.934 AM ET,8.090,26,210,Mid,Off Exchange,Odd Lot
12:55:06.088 PM ET,8.070,26,210,Bid,Nasdaq GSM,Inter Mkt Swp; Odd Lot; Trade Thru Exmpt
01:07:27.936 PM ET,8.040,26,209,Mid,Cboe BZX,Odd Lot
02:27:00.346 PM ET,8.120,26,211,Ask,NYSE Arca,Odd Lot
02:39:08.462 PM ET,8.100,26,211,Mid,Off Exchange,Odd Lot
02:58:49.020 PM ET,8.085,26,210,Mid,Nasdaq GSM,Odd Lot
03:19:46.483 PM ET,8.030,26,209,Ask,MEMX,Inter Mkt Swp; Odd Lot; Trade Thru Exmpt
03:53:52.154 PM ET,8.070,26,210,Bid,Off Exchange,Odd Lot
06:35:19.819 AM ET,8.100,25,203,Mid,Nasdaq GSM,Frm T Ext Hrs; Odd Lot
10:11:50.424 AM ET,8.095,25,202,Mid,IEX,Odd Lot
10:48:56.366 AM ET,8.130,25,203,Mid,Nasdaq GSM,Odd Lot
11:02:35.487 AM ET,8.075,25,202,Bid,IEX,Odd Lot
11:20:33.414 AM ET,8.070,25,202,Mid,Nasdaq GSM,Odd Lot
11:20:33.415 AM ET,8.070,25,202,Mid,IEX,Odd Lot
11:26:42.330 AM ET,8.099,25,202,Mid,Off Exchange,Odd Lot
11:27:12.974 AM ET,8.090,25,202,Mid,Off Exchange,Odd Lot
12:36:57.256 PM ET,8.080,25,202,Bid,IEX,Odd Lot
12:50:04.801 PM ET,8.030,25,201,Bid,Nasdaq GSM,Odd Lot
01:33:26.780 PM ET,8.060,25,202,Ask,Nasdaq GSM,Odd Lot
03:03:34.399 PM ET,8.081,25,202,Ask,Off Exchange,Odd Lot
03:19:04.842 PM ET,8.045,25,201,Mid,Nasdaq GSM,Odd Lot
03:19:44.836 PM ET,8.025,25,201,Mid,Nasdaq GSM,Odd Lot
03:24:54.205 PM ET,8.060,25,202,Bid,Nasdaq GSM,Inter Mkt Swp; Odd Lot; Trade Thru Exmpt
03:24:54.256 PM ET,8.060,25,202,Bid,Nasdaq GSM,Inter Mkt Swp; Odd Lot; Trade Thru Exmpt
03:35:51.502 PM ET,8.000,25,200,Bid,Nasdaq GSM,Inter Mkt Swp; Odd Lot; Trade Thru Exmpt
03:36:38.872 PM ET,8.026,25,201,Bid,Off Exchange,Odd Lot
03:49:31.517 PM ET,8.070,25,202,Mid,Nasdaq GSM,Inter Mkt Swp; Odd Lot; Trade Thru Exmpt
03:58:27.587 PM ET,8.100,25,203,Bid,Nasdaq GSM,Inter Mkt Swp; Odd Lot; Trade Thru Exmpt
03:59:20.561 PM ET,8.110,25,203,None,IEX,Odd Lot
03:59:20.561 PM ET,8.110,25,203,None,Nasdaq GSM,Inter Mkt Swp; Odd Lot; Trade Thru Exmpt
03:59:40.104 PM ET,8.100,25,203,None,Off Exchange,Odd Lot
09:41:26.463 AM ET,8.020,24,192,Mid,NYSE Arca,Inter Mkt Swp; Odd Lot; Trade Thru Exmpt
09:49:37.917 AM ET,8.050,24,193,Mid,Cboe BZX,Inter Mkt Swp; Odd Lot; Trade Thru Exmpt
10:29:53.312 AM ET,8.070,24,194,Ask,IEX,Odd Lot
10:32:25.909 AM ET,8.070,24,194,Mid,Off Exchange,Odd Lot
10:33:49.888 AM ET,8.060,24,193,Mid,Nasdaq GSM,Inter Mkt Swp; Odd Lot; Trade Thru Exmpt
10:47:12.461 AM ET,8.080,24,194,Bid,Nasdaq GSM,Inter Mkt Swp; Odd Lot; Trade Thru Exmpt
11:19:35.628 AM ET,8.070,24,194,Mid,Nasdaq GSM,Odd Lot
11:24:15.377 AM ET,8.100,24,194,Mid,IEX,Odd Lot
12:19:21.330 PM ET,8.120,24,195,Mid,Cboe EDGX,Inter Mkt Swp; Odd Lot; Trade Thru Exmpt
12:27:14.672 PM ET,8.110,24,195,Mid,Off Exchange,Odd Lot
12:50:04.812 PM ET,8.035,24,193,Bid,Cboe BZX,Inter Mkt Swp; Odd Lot; Trade Thru Exmpt
12:50:04.812 PM ET,8.040,24,193,Bid,MEMX,Inter Mkt Swp; Odd Lot; Trade Thru Exmpt
12:50:04.813 PM ET,8.040,24,193,Bid,NYSE,Inter Mkt Swp; Odd Lot; Trade Thru Exmpt
12:50:04.813 PM ET,8.050,24,193,Mid,Nasdaq GSM,Inter Mkt Swp; Odd Lot; Trade Thru Exmpt
12:54:38.296 PM ET,8.075,24,194,Ask,MEMX,Inter Mkt Swp; Odd Lot; Trade Thru Exmpt
12:55:09.023 PM ET,8.070,24,194,Mid,Nasdaq GSM,Odd Lot
01:49:56.909 PM ET,8.050,24,193,Mid,Cboe BZX,Inter Mkt Swp; Odd Lot; Trade Thru Exmpt
01:50:02.675 PM ET,8.050,24,193,Mid,MEMX,Inter Mkt Swp; Odd Lot; Trade Thru Exmpt
02:14:00.016 PM ET,8.070,24,194,Mid,MEMX,Odd Lot
02:53:17.320 PM ET,8.085,24,194,Mid,Cboe BZX,Odd Lot
02:53:17.335 PM ET,8.085,24,194,Mid,MEMX,Odd Lot
03:00:47.622 PM ET,8.075,24,194,Mid,IEX,Odd Lot
03:11:55.660 PM ET,8.050,24,193,Bid,MEMX,Inter Mkt Swp; Odd Lot; Trade Thru Exmpt
03:11:55.661 PM ET,8.050,24,193,Bid,MEMX,Inter Mkt Swp; Odd Lot; Trade Thru Exmpt
03:19:46.483 PM ET,8.030,24,193,Ask,MEMX,Inter Mkt Swp; Odd Lot; Trade Thru Exmpt
03:24:54.205 PM ET,8.060,24,193,Bid,Nasdaq GSM,Inter Mkt Swp; Odd Lot; Trade Thru Exmpt
03:55:05.548 PM ET,8.090,24,194,Ask,Off Exchange,Odd Lot
03:55:37.169 PM ET,8.095,24,194,Mid,Cboe BZX,Odd Lot
03:58:27.586 PM ET,8.100,24,194,Bid,Nasdaq GSM,Inter Mkt Swp; Odd Lot; Trade Thru Exmpt
04:17:59.431 PM ET,8.090,24,194,Mid,NYSE Arca,Frm T Ext Hrs; Inter Mkt Swp; Odd Lot; Trade Thru Exmpt
09:30:46.980 AM ET,8.030,23,185,Bid,Nasdaq GSM,Odd Lot
01:33:26.765 PM ET,8.050,23,185,Mid,MEMX,Inter Mkt Swp; Odd Lot; Trade Thru Exmpt
02:24:03.207 PM ET,8.120,23,187,Ask,NYSE Arca,Inter Mkt Swp; Odd Lot; Trade Thru Exmpt
03:03:34.398 PM ET,8.080,23,186,Ask,Off Exchange,Odd Lot
03:19:46.483 PM ET,8.030,23,185,Ask,Nasdaq GSM,Odd Lot
03:21:22.874 PM ET,8.045,23,185,Ask,Off Exchange,Odd Lot
03:24:54.190 PM ET,8.060,23,185,Bid,Off Exchange,Odd Lot
03:25:35.840 PM ET,8.060,23,185,Mid,NYSE National,Odd Lot
03:26:58.250 PM ET,8.070,23,186,Mid,Off Exchange,Odd Lot
03:36:09.174 PM ET,8.025,23,185,Bid,Off Exchange,Odd Lot
03:45:49.488 PM ET,8.070,23,186,Bid,Off Exchange,Odd Lot
03:47:52.577 PM ET,8.060,23,185,Bid,Off Exchange,Odd Lot
03:52:17.649 PM ET,8.070,23,186,Bid,Nasdaq GSM,Inter Mkt Swp; Odd Lot; Trade Thru Exmpt
11:19:31.663 AM ET,8.070,22,178,Mid,Off Exchange,Odd Lot
11:42:05.608 AM ET,8.090,22,178,Mid,IEX,Odd Lot
12:50:04.852 PM ET,8.050,22,177,Ask,Cboe BZX,Inter Mkt Swp; Odd Lot; Trade Thru Exmpt
02:20:06.866 PM ET,8.080,22,178,Bid,Nasdaq GSM,Inter Mkt Swp; Odd Lot; Trade Thru Exmpt
02:21:26.513 PM ET,8.110,22,178,Ask,NYSE Arca,Inter Mkt Swp; Odd Lot; Trade Thru Exmpt
02:22:23.226 PM ET,8.090,22,178,Bid,Off Exchange,Odd Lot
03:19:46.483 PM ET,8.030,22,177,Ask,Nasdaq GSM,Inter Mkt Swp; Odd Lot; Trade Thru Exmpt
03:27:02.438 PM ET,8.075,22,178,Mid,NYSE Arca,Inter Mkt Swp; Odd Lot; Trade Thru Exmpt
03:44:52.262 PM ET,8.060,22,177,Bid,IEX,Odd Lot
09:32:11.351 AM ET,8.090,21,170,Mid,Nasdaq GSM,Odd Lot
10:04:14.018 AM ET,8.100,21,170,Mid,Nasdaq GSM,Odd Lot
10:11:23.069 AM ET,8.090,21,170,Mid,Nasdaq GSM,Inter Mkt Swp; Odd Lot; Trade Thru Exmpt
11:19:05.924 AM ET,8.090,21,170,Bid,Cboe EDGX,Inter Mkt Swp; Odd Lot; Trade Thru Exmpt
03:00:32.048 PM ET,8.080,21,170,Bid,MEMX,Inter Mkt Swp; Odd Lot; Trade Thru Exmpt
03:36:09.226 PM ET,8.060,21,169,Ask,NYSE Arca,Inter Mkt Swp; Odd Lot; Trade Thru Exmpt
03:40:58.073 PM ET,8.080,21,170,Bid,NYSE Arca,Inter Mkt Swp; Odd Lot; Trade Thru Exmpt
03:45:37.621 PM ET,8.065,21,169,Mid,Nasdaq GSM,Odd Lot
09:04:19.190 AM ET,8.120,20,162,Ask,Off Exchange,Frm T Ext Hrs; Odd Lot
09:30:06.317 AM ET,8.040,20,161,Mid,Off Exchange,Odd Lot
10:11:23.069 AM ET,8.090,20,162,Mid,Nasdaq GSM,Inter Mkt Swp; Odd Lot; Trade Thru Exmpt
10:47:12.461 AM ET,8.080,20,162,Bid,Cboe BZX,Inter Mkt Swp; Odd Lot; Trade Thru Exmpt
10:47:12.484 AM ET,8.120,20,162,Mid,NYSE,Inter Mkt Swp; Odd Lot; Trade Thru Exmpt
11:02:35.479 AM ET,8.100,20,162,Bid,Nasdaq GSM,Odd Lot
11:19:05.924 AM ET,8.090,20,162,Bid,NYSE Arca,Odd Lot
11:19:05.924 AM ET,8.090,20,162,Bid,NYSE Arca,Inter Mkt Swp; Odd Lot; Trade Thru Exmpt
11:19:05.977 AM ET,8.080,20,162,Bid,NYSE Arca,Inter Mkt Swp; Odd Lot; Trade Thru Exmpt
12:19:21.330 PM ET,8.120,20,162,Mid,Nasdaq GSM,Odd Lot
12:19:21.330 PM ET,8.120,20,162,Mid,Cboe EDGX,Inter Mkt Swp; Odd Lot; Trade Thru Exmpt
12:28:44.131 PM ET,8.100,20,162,Mid,Off Exchange,Odd Lot
12:56:37.568 PM ET,8.060,20,161,Ask,Nasdaq GSM,Inter Mkt Swp; Odd Lot; Trade Thru Exmpt
01:02:22.104 PM ET,8.050,20,161,Ask,Nasdaq GSM,Inter Mkt Swp; Odd Lot; Trade Thru Exmpt
01:07:27.442 PM ET,8.050,20,161,Bid,NYSE Arca,Inter Mkt Swp; Odd Lot; Trade Thru Exmpt
01:24:11.899 PM ET,8.060,20,161,Bid,Nasdaq GSM,Odd Lot
01:24:11.899 PM ET,8.060,20,161,Bid,NYSE Arca,Odd Lot
01:39:50.632 PM ET,8.048,20,161,Bid,Off Exchange,Odd Lot
01:50:05.788 PM ET,8.040,20,161,Mid,Nasdaq GSM,Odd Lot
01:50:05.790 PM ET,8.040,20,161,Mid,Off Exchange,Odd Lot
02:14:42.346 PM ET,8.080,20,162,Ask,IEX,Odd Lot
02:20:06.866 PM ET,8.080,20,162,Bid,MIAX Pearl,Inter Mkt Swp; Odd Lot; Trade Thru Exmpt
02:52:10.362 PM ET,8.085,20,162,Mid,Off Exchange,Odd Lot
03:11:08.425 PM ET,8.080,20,162,Ask,Off Exchange,Odd Lot
03:11:55.394 PM ET,8.060,20,161,Ask,Nasdaq GSM,Inter Mkt Swp; Odd Lot; Trade Thru Exmpt
03:14:35.566 PM ET,8.050,20,161,Mid,MEMX,Odd Lot
03:19:42.450 PM ET,8.040,20,161,Bid,Cboe EDGX,Odd Lot
03:25:05.394 PM ET,8.060,20,161,Mid,IEX,Odd Lot
03:35:50.556 PM ET,8.010,20,160,Ask,Off Exchange,Odd Lot
03:36:09.175 PM ET,8.030,20,161,Bid,NYSE,Inter Mkt Swp; Odd Lot; Trade Thru Exmpt
03:49:42.171 PM ET,8.069,20,161,Mid,Off Exchange,Odd Lot
03:58:08.480 PM ET,8.095,20,162,Mid,Off Exchange,Odd Lot
03:58:27.587 PM ET,8.100,20,162,Bid,Cboe BZX,Inter Mkt Swp; Odd Lot; Trade Thru Exmpt
03:59:51.626 PM ET,8.080,20,162,None,IEX,Odd Lot
09:33:08.022 AM ET,8.070,19,153,Mid,Off Exchange,Odd Lot
09:45:03.091 AM ET,8.040,19,153,Mid,Off Exchange,Odd Lot
09:47:23.351 AM ET,8.035,19,153,Mid,Off Exchange,Odd Lot
09:56:00.226 AM ET,8.130,19,154,Mid,Cboe EDGX,Inter Mkt Swp; Odd Lot; Trade Thru Exmpt
10:39:19.820 AM ET,8.075,19,153,Mid,Off Exchange,Odd Lot
12:41:42.486 PM ET,8.060,19,153,Bid,IEX,Odd Lot
12:46:47.353 PM ET,8.060,19,153,Mid,Off Exchange,Odd Lot
12:46:47.356 PM ET,8.060,19,153,Mid,Off Exchange,Odd Lot
12:46:47.364 PM ET,8.060,19,153,Mid,Off Exchange,Odd Lot
12:46:47.370 PM ET,8.060,19,153,Mid,Off Exchange,Odd Lot
12:46:47.380 PM ET,8.060,19,153,Mid,Off Exchange,Odd Lot
12:47:32.852 PM ET,8.044,19,153,Mid,Off Exchange,Odd Lot
12:50:04.813 PM ET,8.040,19,153,Bid,Off Exchange,Odd Lot
12:50:04.814 PM ET,8.040,19,153,Bid,Off Exchange,Odd Lot
12:50:04.815 PM ET,8.040,19,153,Bid,Off Exchange,Odd Lot
12:50:21.142 PM ET,8.050,19,153,Mid,Off Exchange,Odd Lot
12:50:21.143 PM ET,8.050,19,153,Mid,Off Exchange,Odd Lot
12:54:38.236 PM ET,8.060,19,153,Ask,Off Exchange,Odd Lot
12:54:38.237 PM ET,8.060,19,153,Ask,Off Exchange,Odd Lot
12:54:38.240 PM ET,8.060,19,153,Ask,Off Exchange,Odd Lot
12:54:38.252 PM ET,8.060,19,153,Ask,Off Exchange,Odd Lot
01:55:06.820 PM ET,8.050,19,153,Ask,Off Exchange,Odd Lot
01:55:06.839 PM ET,8.050,19,153,Ask,Off Exchange,Odd Lot
01:55:06.842 PM ET,8.050,19,153,Ask,Off Exchange,Odd Lot
01:55:06.848 PM ET,8.050,19,153,Ask,Off Exchange,Odd Lot
01:55:14.478 PM ET,8.050,19,153,Ask,Off Exchange,Odd Lot
01:55:14.480 PM ET,8.050,19,153,Ask,Off Exchange,Odd Lot
01:55:14.481 PM ET,8.050,19,153,Ask,Off Exchange,Odd Lot
01:55:14.512 PM ET,8.050,19,153,Ask,Off Exchange,Odd Lot
01:57:43.028 PM ET,8.050,19,153,Ask,Cboe BZX,Odd Lot
02:13:49.748 PM ET,8.070,19,153,Mid,Off Exchange,Odd Lot
02:21:26.513 PM ET,8.110,19,154,Ask,NYSE Arca,Inter Mkt Swp; Odd Lot; Trade Thru Exmpt
02:27:00.348 PM ET,8.120,19,154,Ask,Off Exchange,Odd Lot
02:27:06.320 PM ET,8.120,19,154,Mid,Off Exchange,Odd Lot
02:29:48.914 PM ET,8.100,19,154,Bid,Off Exchange,Odd Lot
02:29:48.914 PM ET,8.110,19,154,Mid,Off Exchange,Odd Lot
02:29:48.915 PM ET,8.100,19,154,Bid,Off Exchange,Odd Lot
02:29:48.915 PM ET,8.110,19,154,Mid,Off Exchange,Odd Lot
02:32:35.459 PM ET,8.110,19,154,Mid,NYSE Arca,Inter Mkt Swp; Odd Lot; Trade Thru Exmpt
02:43:58.626 PM ET,8.080,19,154,Mid,Off Exchange,Odd Lot
02:43:58.627 PM ET,8.080,19,154,Mid,Off Exchange,Odd Lot
03:06:37.881 PM ET,8.070,19,153,Mid,NYSE Arca,Odd Lot
03:12:42.649 PM ET,8.050,19,153,Mid,Off Exchange,Odd Lot
03:19:46.483 PM ET,8.030,19,153,Ask,Nasdaq GSM,Inter Mkt Swp; Odd Lot; Trade Thru Exmpt
03:21:22.871 PM ET,8.040,19,153,Ask,Nasdaq GSM,Inter Mkt Swp; Odd Lot; Trade Thru Exmpt
03:24:54.200 PM ET,8.060,19,153,Bid,Off Exchange,Odd Lot
03:24:54.218 PM ET,8.060,19,153,Bid,Off Exchange,Odd Lot
03:25:08.522 PM ET,8.060,19,153,Mid,Off Exchange,Odd Lot
03:25:08.523 PM ET,8.060,19,153,Mid,Off Exchange,Odd Lot
03:25:08.524 PM ET,8.060,19,153,Mid,Off Exchange,Odd Lot
03:35:52.031 PM ET,7.990,19,152,Mid,Off Exchange,Odd Lot
03:35:52.032 PM ET,7.990,19,152,Mid,Off Exchange,Odd Lot
03:35:52.046 PM ET,7.990,19,152,Mid,Off Exchange,Odd Lot
03:36:09.156 PM ET,8.015,19,152,Bid,Off Exchange,Odd Lot
03:36:09.157 PM ET,8.015,19,152,Bid,Off Exchange,Odd Lot
03:36:09.158 PM ET,8.020,19,152,Bid,Off Exchange,Odd Lot
03:36:09.167 PM ET,8.015,19,152,Bid,Off Exchange,Odd Lot
03:36:09.182 PM ET,8.015,19,152,Bid,Off Exchange,Odd Lot
03:36:09.204 PM ET,8.015,19,152,Bid,Off Exchange,Odd Lot
03:45:49.489 PM ET,8.070,19,153,Bid,Off Exchange,Odd Lot
09:32:40.802 AM ET,8.070,18,145,Mid,Off Exchange,Odd Lot
09:38:17.707 AM ET,8.060,18,145,Mid,Off Exchange,Odd Lot
09:40:18.274 AM ET,8.000,18,144,Bid,IEX,Odd Lot
09:44:20.682 AM ET,8.038,18,145,Mid,Off Exchange,Odd Lot
10:40:05.415 AM ET,8.061,18,145,Mid,Off Exchange,Odd Lot
11:09:04.522 AM ET,8.100,18,146,Bid,Nasdaq GSM,Inter Mkt Swp; Odd Lot; Trade Thru Exmpt
12:05:07.093 PM ET,8.100,18,146,Mid,Off Exchange,Odd Lot
12:19:21.330 PM ET,8.120,18,146,Mid,Cboe EDGX,Inter Mkt Swp; Odd Lot; Trade Thru Exmpt
12:39:43.507 PM ET,8.080,18,145,Mid,Off Exchange,Odd Lot
12:54:38.236 PM ET,8.060,18,145,Ask,Nasdaq GSM,Inter Mkt Swp; Odd Lot; Trade Thru Exmpt
12:54:38.236 PM ET,8.050,18,145,Mid,Off Exchange,Odd Lot
01:23:04.507 PM ET,8.070,18,145,Mid,MEMX,Inter Mkt Swp; Odd Lot; Trade Thru Exmpt
01:24:31.009 PM ET,8.060,18,145,Mid,MEMX,Inter Mkt Swp; Odd Lot; Trade Thru Exmpt
01:27:42.307 PM ET,8.030,18,145,Mid,MEMX,Odd Lot
02:13:49.766 PM ET,8.070,18,145,Mid,Off Exchange,Odd Lot
02:20:06.869 PM ET,8.080,18,145,Bid,Off Exchange,Odd Lot
02:23:01.902 PM ET,8.090,18,146,Bid,Cboe BZX,Odd Lot
02:24:47.392 PM ET,8.111,18,146,Mid,Off Exchange,Odd Lot
02:31:31.202 PM ET,8.110,18,146,Ask,Off Exchange,Odd Lot
03:00:32.048 PM ET,8.080,18,145,Bid,NYSE Arca,Inter Mkt Swp; Odd Lot; Trade Thru Exmpt
03:03:34.391 PM ET,8.082,18,145,Ask,Off Exchange,Odd Lot
03:21:22.871 PM ET,8.040,18,145,Ask,Nasdaq GSM,Odd Lot
03:36:09.159 PM ET,8.015,18,144,Bid,Off Exchange,Odd Lot
03:37:02.747 PM ET,8.070,18,145,Ask,NYSE Arca,Odd Lot
03:45:49.488 PM ET,8.070,18,145,Bid,NYSE Arca,Inter Mkt Swp; Odd Lot; Trade Thru Exmpt
03:50:04.914 PM ET,8.080,18,145,Ask,IEX,Odd Lot
03:59:23.108 PM ET,8.110,18,146,None,Nasdaq GSM,Inter Mkt Swp; Odd Lot; Trade Thru Exmpt
09:30:00.761 AM ET,8.070,17,137,Ask,Nasdaq GSM,Frm T Ext Hrs; Odd Lot
10:47:12.465 AM ET,8.100,17,138,Bid,Off Exchange,Odd Lot
11:03:03.735 AM ET,8.093,17,138,Mid,Off Exchange,Odd Lot
11:54:16.271 AM ET,8.090,17,138,Mid,Off Exchange,Odd Lot
01:13:22.507 PM ET,8.060,17,137,Mid,NYSE Arca,Inter Mkt Swp; Odd Lot; Trade Thru Exmpt
02:29:13.904 PM ET,8.125,17,138,Mid,Off Exchange,Odd Lot
02:45:05.322 PM ET,8.077,17,137,Mid,Off Exchange,Odd Lot
02:55:18.262 PM ET,8.080,17,137,Bid,Nasdaq GSM,Inter Mkt Swp; Odd Lot; Trade Thru Exmpt
03:00:32.048 PM ET,8.080,17,137,Bid,NYSE Arca,Inter Mkt Swp; Odd Lot; Trade Thru Exmpt
03:22:03.579 PM ET,8.055,17,137,Mid,Off Exchange,Odd Lot
03:34:47.090 PM ET,8.020,17,136,Mid,Off Exchange,Odd Lot
03:35:51.504 PM ET,7.980,17,136,Bid,IEX,Odd Lot
03:40:30.468 PM ET,8.025,17,136,Bid,Off Exchange,Odd Lot
03:42:36.579 PM ET,8.075,17,137,Mid,Off Exchange,Odd Lot
03:42:58.070 PM ET,8.079,17,137,Mid,Off Exchange,Deriv Priced; Odd Lot; Trade Thru Exmpt
10:33:46.405 AM ET,8.070,16,129,Mid,Off Exchange,Odd Lot
10:59:48.375 AM ET,8.115,16,130,Mid,Off Exchange,Odd Lot
11:09:09.530 AM ET,8.105,16,130,Mid,IEX,Odd Lot
12:38:16.650 PM ET,8.090,16,129,Bid,NYSE American,Odd Lot
12:54:38.236 PM ET,8.060,16,129,Ask,Nasdaq GSM,Inter Mkt Swp; Odd Lot; Trade Thru Exmpt
12:54:38.245 PM ET,8.060,16,129,Ask,Off Exchange,Odd Lot
12:56:14.437 PM ET,8.065,16,129,Mid,Off Exchange,Odd Lot
02:22:31.464 PM ET,8.105,16,130,Mid,Off Exchange,Odd Lot
02:42:31.591 PM ET,8.080,16,129,Bid,NYSE Arca,Inter Mkt Swp; Odd Lot; Trade Thru Exmpt
02:53:17.336 PM ET,8.080,16,129,Bid,NYSE Arca,Odd Lot
02:53:17.336 PM ET,8.080,16,129,Bid,MEMX,Odd Lot
02:55:18.266 PM ET,8.080,16,129,Bid,Cboe BZX,Inter Mkt Swp; Odd Lot; Trade Thru Exmpt
03:06:39.127 PM ET,8.070,16,129,Mid,IEX,Odd Lot
03:11:55.409 PM ET,8.055,16,129,Mid,MEMX,Odd Lot
03:24:54.257 PM ET,8.060,16,129,Bid,NYSE Arca,Odd Lot
03:35:51.504 PM ET,7.970,16,128,Bid,Cboe EDGX,Inter Mkt Swp; Odd Lot; Trade Thru Exmpt
03:36:09.154 PM ET,8.010,16,128,Bid,IEX,Odd Lot
03:49:11.388 PM ET,8.075,16,129,Mid,Off Exchange,Odd Lot
03:59:51.907 PM ET,8.090,16,129,None,IEX,Odd Lot
10:24:32.879 AM ET,8.070,15,121,Bid,Cboe BZX,Odd Lot
10:47:12.975 AM ET,8.120,15,122,Mid,Nasdaq GSM,Odd Lot
11:02:35.479 AM ET,8.100,15,122,Bid,Nasdaq GSM,Odd Lot
11:02:35.480 AM ET,8.095,15,121,Bid,Off Exchange,Odd Lot
11:29:16.697 AM ET,8.090,15,121,Mid,Off Exchange,Odd Lot
11:39:16.388 AM ET,8.090,15,121,Mid,Off Exchange,Odd Lot
11:57:26.411 AM ET,8.110,15,122,Mid,Off Exchange,Odd Lot
12:38:16.652 PM ET,8.090,15,121,Bid,Nasdaq GSM,Inter Mkt Swp; Odd Lot; Trade Thru Exmpt
12:49:04.369 PM ET,8.055,15,121,Mid,Off Exchange,Odd Lot
12:54:38.270 PM ET,8.070,15,121,Ask,IEX,Odd Lot
01:13:22.507 PM ET,8.060,15,121,Mid,IEX,Odd Lot
01:21:47.314 PM ET,8.070,15,121,Mid,Off Exchange,Odd Lot
01:33:26.765 PM ET,8.050,15,121,Mid,MEMX,Inter Mkt Swp; Odd Lot; Trade Thru Exmpt
01:38:55.573 PM ET,8.060,15,121,Mid,MEMX,Odd Lot
01:57:43.029 PM ET,8.055,15,121,Ask,Off Exchange,Odd Lot
02:13:01.518 PM ET,8.060,15,121,Mid,Off Exchange,Odd Lot
02:42:31.593 PM ET,8.080,15,121,Bid,Off Exchange,Odd Lot
02:53:17.335 PM ET,8.080,15,121,Bid,Nasdaq GSM,Odd Lot
03:00:32.048 PM ET,8.080,15,121,Bid,NYSE Arca,Inter Mkt Swp; Odd Lot; Trade Thru Exmpt
03:06:37.881 PM ET,8.070,15,121,Mid,NYSE Arca,Odd Lot
03:11:40.887 PM ET,8.080,15,121,Ask,Cboe BYX,Inter Mkt Swp; Odd Lot; Trade Thru Exmpt
03:11:55.394 PM ET,8.060,15,121,Ask,NYSE Arca,Inter Mkt Swp; Odd Lot; Trade Thru Exmpt
03:21:23.286 PM ET,8.050,15,121,Ask,NYSE Arca,Odd Lot
03:26:18.832 PM ET,8.046,15,121,Bid,Off Exchange,Odd Lot
03:29:08.720 PM ET,8.060,15,121,Bid,NYSE Arca,Odd Lot
03:35:51.503 PM ET,7.990,15,120,Bid,Off Exchange,Odd Lot
03:49:31.558 PM ET,8.070,15,121,Mid,Nasdaq GSM,Odd Lot
03:49:31.558 PM ET,8.070,15,121,Mid,Nasdaq GSM,Inter Mkt Swp; Odd Lot; Trade Thru Exmpt
09:25:00.052 AM ET,8.050,14,113,Bid,Nasdaq GSM,Frm T Ext Hrs; Inter Mkt Swp; Odd Lot; Trade Thru Exmpt
09:56:32.806 AM ET,8.140,14,114,Mid,Nasdaq GSM,Odd Lot
11:24:15.447 AM ET,8.095,14,113,Mid,Cboe BZX,Odd Lot
11:47:42.308 AM ET,8.110,14,114,Ask,Cboe BYX,Inter Mkt Swp; Odd Lot; Trade Thru Exmpt
12:06:39.227 PM ET,8.100,14,113,Mid,IEX,Odd Lot
12:36:57.253 PM ET,8.090,14,113,Bid,Cboe EDGX,Inter Mkt Swp; Odd Lot; Trade Thru Exmpt
12:37:45.147 PM ET,8.090,14,113,Bid,Off Exchange,Odd Lot
12:37:47.261 PM ET,8.100,14,113,Mid,Off Exchange,Odd Lot
12:37:53.937 PM ET,8.090,14,113,Bid,Off Exchange,Odd Lot
12:37:55.627 PM ET,8.100,14,113,Mid,Off Exchange,Odd Lot
12:38:07.127 PM ET,8.090,14,113,Bid,Off Exchange,Odd Lot
12:38:08.090 PM ET,8.090,14,113,Bid,Off Exchange,Odd Lot
12:38:16.649 PM ET,8.090,14,113,Bid,Nasdaq GSM,Odd Lot
12:38:16.702 PM ET,8.090,14,113,Bid,Nasdaq GSM,Odd Lot
12:38:41.455 PM ET,8.090,14,113,Mid,Nasdaq GSM,Odd Lot
12:38:49.928 PM ET,8.090,14,113,Ask,Nasdaq GSM,Odd Lot
12:39:31.220 PM ET,8.070,14,113,Mid,Off Exchange,Odd Lot
12:50:04.794 PM ET,8.040,14,113,Bid,Cboe EDGX,Inter Mkt Swp; Odd Lot; Trade Thru Exmpt
12:54:38.240 PM ET,8.060,14,113,Ask,Off Exchange,Odd Lot
12:54:38.296 PM ET,8.075,14,113,Ask,MEMX,Inter Mkt Swp; Odd Lot; Trade Thru Exmpt
01:07:27.936 PM ET,8.040,14,113,Mid,Cboe BZX,Inter Mkt Swp; Odd Lot; Trade Thru Exmpt
01:26:50.539 PM ET,8.040,14,113,Mid,Cboe EDGX,Odd Lot
01:33:26.782 PM ET,8.060,14,113,Ask,Off Exchange,Odd Lot
01:33:34.227 PM ET,8.055,14,113,Mid,MEMX,Odd Lot
01:39:50.334 PM ET,8.065,14,113,Mid,Off Exchange,Odd Lot
01:44:49.552 PM ET,8.080,14,113,Ask,Nasdaq GSM,Inter Mkt Swp; Odd Lot; Trade Thru Exmpt
01:50:02.675 PM ET,8.050,14,113,Mid,MEMX,Inter Mkt Swp; Odd Lot; Trade Thru Exmpt
01:55:06.821 PM ET,8.050,14,113,Ask,Off Exchange,Odd Lot
01:55:14.481 PM ET,8.050,14,113,Ask,Off Exchange,Odd Lot
02:20:06.894 PM ET,8.090,14,113,Mid,Cboe EDGX,Odd Lot
02:53:17.336 PM ET,8.080,14,113,Bid,NYSE Arca,Inter Mkt Swp; Odd Lot; Trade Thru Exmpt
03:06:37.881 PM ET,8.070,14,113,Mid,NYSE Arca,Odd Lot
03:29:08.722 PM ET,8.050,14,113,Bid,Cboe BZX,Inter Mkt Swp; Odd Lot; Trade Thru Exmpt
03:35:51.503 PM ET,7.990,14,112,Bid,NYSE Arca,Inter Mkt Swp; Odd Lot; Trade Thru Exmpt
03:35:51.504 PM ET,7.970,14,112,Bid,Cboe BZX,Inter Mkt Swp; Odd Lot; Trade Thru Exmpt
03:40:31.242 PM ET,8.085,14,113,Mid,Off Exchange,Deriv Priced; Odd Lot; Trade Thru Exmpt
03:47:25.153 PM ET,8.060,14,113,Mid,NYSE Arca,Odd Lot
03:58:57.181 PM ET,8.110,14,114,Ask,Off Exchange,Odd Lot
03:59:20.561 PM ET,8.110,14,114,None,Nasdaq GSM,Inter Mkt Swp; Odd Lot; Trade Thru Exmpt
03:59:20.561 PM ET,8.110,14,114,None,Cboe BYX,Inter Mkt Swp; Odd Lot; Trade Thru Exmpt
10:47:12.481 AM ET,8.100,13,105,Bid,Nasdaq GSM,Odd Lot
11:20:32.620 AM ET,8.065,13,105,Mid,Off Exchange,Odd Lot
12:38:49.931 PM ET,8.090,13,105,Ask,Off Exchange,Odd Lot
12:50:04.811 PM ET,8.040,13,105,Bid,Nasdaq GSM,Inter Mkt Swp; Odd Lot; Trade Thru Exmpt
12:50:06.552 PM ET,8.060,13,105,Ask,Off Exchange,Odd Lot
12:54:38.237 PM ET,8.060,13,105,Ask,Off Exchange,Odd Lot
01:12:39.305 PM ET,8.040,13,105,Mid,Off Exchange,Odd Lot
01:22:59.508 PM ET,8.070,13,105,Mid,MEMX,Inter Mkt Swp; Odd Lot; Trade Thru Exmpt
01:27:16.178 PM ET,8.038,13,105,Mid,Off Exchange,Odd Lot
01:33:26.764 PM ET,8.050,13,105,Mid,NYSE Arca,Inter Mkt Swp; Odd Lot; Trade Thru Exmpt
01:40:00.832 PM ET,8.070,13,105,Mid,Nasdaq GSM,Inter Mkt Swp; Odd Lot; Trade Thru Exmpt
02:50:22.325 PM ET,8.085,13,105,Mid,Off Exchange,Odd Lot
03:00:48.332 PM ET,8.075,13,105,Mid,Nasdaq GSM,Odd Lot
03:11:55.760 PM ET,8.040,13,105,Bid,NYSE Arca,Odd Lot
03:21:23.286 PM ET,8.050,13,105,Ask,NYSE Arca,Odd Lot
03:26:58.248 PM ET,8.070,13,105,Mid,Cboe BZX,Odd Lot
03:36:26.892 PM ET,8.017,13,104,Bid,Off Exchange,Deriv Priced; Odd Lot; Trade Thru Exmpt
03:38:31.242 PM ET,8.079,13,105,Bid,Off Exchange,Deriv Priced; Odd Lot; Trade Thru Exmpt
03:56:52.168 PM ET,8.095,13,105,Mid,IEX,Odd Lot
03:59:20.557 PM ET,8.110,13,105,None,Off Exchange,Odd Lot
10:01:36.548 AM ET,8.100,12,97,Mid,Cboe EDGX,Inter Mkt Swp; Odd Lot; Trade Thru Exmpt
10:14:46.349 AM ET,8.090,12,97,Bid,IEX,Odd Lot
10:24:32.879 AM ET,8.070,12,97,Bid,Nasdaq GSM,Odd Lot
10:24:32.879 AM ET,8.070,12,97,Bid,Nasdaq GSM,Inter Mkt Swp; Odd Lot; Trade Thru Exmpt
10:33:49.889 AM ET,8.060,12,97,Mid,NYSE Arca,Inter Mkt Swp; Odd Lot; Trade Thru Exmpt
10:35:56.061 AM ET,8.070,12,97,Mid,NYSE Arca,Inter Mkt Swp; Odd Lot; Trade Thru Exmpt
10:41:10.848 AM ET,8.070,12,97,Mid,Off Exchange,Odd Lot
10:49:13.095 AM ET,8.140,12,98,Mid,Nasdaq GSM,Odd Lot
10:52:01.472 AM ET,8.115,12,97,Bid,Off Exchange,Odd Lot
10:53:28.806 AM ET,8.130,12,98,Ask,Off Exchange,Odd Lot
11:02:43.686 AM ET,8.080,12,97,Mid,IEX,Odd Lot
11:09:11.547 AM ET,8.105,12,97,Mid,Nasdaq GSM,Odd Lot
11:13:37.709 AM ET,8.105,12,97,Mid,Off Exchange,Odd Lot
11:19:05.923 AM ET,8.090,12,97,Bid,Cboe BZX,Odd Lot
11:19:05.977 AM ET,8.080,12,97,Bid,Nasdaq GSM,Inter Mkt Swp; Odd Lot; Trade Thru Exmpt
11:39:16.385 AM ET,8.090,12,97,Mid,Off Exchange,Odd Lot
11:40:48.539 AM ET,8.090,12,97,Mid,Off Exchange,Odd Lot
11:48:53.831 AM ET,8.109,12,97,Mid,Off Exchange,Odd Lot
11:49:12.238 AM ET,8.090,12,97,Mid,Off Exchange,Odd Lot
11:53:01.452 AM ET,8.093,12,97,Mid,Off Exchange,Odd Lot
11:59:40.751 AM ET,8.110,12,97,Ask,Cboe BZX,Inter Mkt Swp; Odd Lot; Trade Thru Exmpt
12:01:35.295 PM ET,8.105,12,97,Mid,Off Exchange,Odd Lot
12:19:21.330 PM ET,8.120,12,97,Mid,IEX,Odd Lot
12:19:21.333 PM ET,8.130,12,98,Mid,Off Exchange,Odd Lot
12:29:12.505 PM ET,8.120,12,97,Mid,Off Exchange,Odd Lot
12:36:57.255 PM ET,8.100,12,97,Mid,Off Exchange,Odd Lot
12:39:13.143 PM ET,8.080,12,97,Mid,Off Exchange,Odd Lot
12:48:08.508 PM ET,8.055,12,97,Mid,Off Exchange,Odd Lot
12:52:28.818 PM ET,8.050,12,97,Mid,Off Exchange,Odd Lot
12:56:37.568 PM ET,8.060,12,97,Ask,Nasdaq GSM,Inter Mkt Swp; Odd Lot; Trade Thru Exmpt
12:56:37.569 PM ET,8.050,12,97,Ask,Cboe EDGX,Inter Mkt Swp; Odd Lot; Trade Thru Exmpt
12:57:26.645 PM ET,8.025,12,96,Mid,Off Exchange,Odd Lot
01:05:58.344 PM ET,8.055,12,97,Mid,Off Exchange,Odd Lot
01:06:49.003 PM ET,8.059,12,97,Mid,Off Exchange,Odd Lot
01:07:27.936 PM ET,8.040,12,96,Mid,NYSE Arca,Inter Mkt Swp; Odd Lot; Trade Thru Exmpt
01:07:29.902 PM ET,8.040,12,96,Mid,Nasdaq GSM,Odd Lot
01:09:33.813 PM ET,8.050,12,97,Mid,Off Exchange,Odd Lot
01:10:32.116 PM ET,8.050,12,97,Ask,IEX,Odd Lot
01:21:01.126 PM ET,8.070,12,97,Mid,MEMX,Odd Lot
01:30:21.948 PM ET,8.030,12,96,Mid,MEMX,Odd Lot
01:32:33.698 PM ET,8.040,12,96,Ask,MEMX,Inter Mkt Swp; Odd Lot; Trade Thru Exmpt
01:49:08.986 PM ET,8.060,12,97,Ask,Off Exchange,Odd Lot
01:50:05.788 PM ET,8.040,12,96,Mid,Cboe BZX,Odd Lot
01:50:05.789 PM ET,8.040,12,96,Mid,Off Exchange,Odd Lot
01:55:06.832 PM ET,8.050,12,97,Ask,Off Exchange,Odd Lot
02:29:48.895 PM ET,8.110,12,97,Bid,Nasdaq GSM,Inter Mkt Swp; Odd Lot; Trade Thru Exmpt
02:32:24.416 PM ET,8.106,12,97,Mid,Off Exchange,Odd Lot
03:03:51.495 PM ET,8.075,12,97,Mid,Off Exchange,Odd Lot
03:19:53.388 PM ET,8.035,12,96,Mid,MEMX,Odd Lot
03:24:54.191 PM ET,8.060,12,97,Bid,Nasdaq GSM,Odd Lot
03:34:36.955 PM ET,8.032,12,96,Ask,Off Exchange,Deriv Priced; Odd Lot; Trade Thru Exmpt
03:35:51.502 PM ET,8.000,12,96,Bid,Nasdaq GSM,Inter Mkt Swp; Odd Lot; Trade Thru Exmpt
03:39:26.173 PM ET,8.025,12,96,Bid,Off Exchange,Odd Lot
03:40:10.968 PM ET,8.089,12,97,Mid,Off Exchange,Odd Lot
03:45:49.488 PM ET,8.070,12,97,Bid,NYSE Arca,Odd Lot
03:46:54.492 PM ET,8.080,12,97,Mid,Off Exchange,Odd Lot
03:47:29.628 PM ET,8.065,12,97,Mid,NYSE Arca,Odd Lot
03:48:58.017 PM ET,8.070,12,97,Bid,NYSE Arca,Inter Mkt Swp; Odd Lot; Trade Thru Exmpt
03:52:09.780 PM ET,8.070,12,97,Mid,Off Exchange,Odd Lot
03:52:33.285 PM ET,8.080,12,97,Mid,Nasdaq GSM,Odd Lot
03:58:00.012 PM ET,8.095,12,97,Mid,Off Exchange,Odd Lot
10:24:32.879 AM ET,8.070,11,89,Bid,Nasdaq GSM,Odd Lot
10:28:38.308 AM ET,8.060,11,89,Mid,Off Exchange,Odd Lot
10:40:09.552 AM ET,8.061,11,89,Mid,Off Exchange,Odd Lot
10:52:01.478 AM ET,8.130,11,89,Mid,Off Exchange,Odd Lot
10:54:44.744 AM ET,8.130,11,89,Ask,Off Exchange,Odd Lot
10:55:08.027 AM ET,8.130,11,89,Ask,IEX,Odd Lot
11:02:35.479 AM ET,8.100,11,89,Bid,Cboe BZX,Odd Lot
11:30:04.183 AM ET,8.090,11,89,Mid,Off Exchange,Odd Lot
12:04:24.847 PM ET,8.100,11,89,Mid,Off Exchange,Odd Lot
12:19:21.330 PM ET,8.130,11,89,Mid,Off Exchange,Odd Lot
12:39:55.330 PM ET,8.060,11,89,Bid,Cboe BYX,Inter Mkt Swp; Odd Lot; Trade Thru Exmpt
12:42:07.927 PM ET,8.070,11,89,Mid,Off Exchange,Odd Lot
01:08:28.037 PM ET,8.040,11,88,Mid,MEMX,Odd Lot
01:15:41.033 PM ET,8.078,11,89,Mid,Off Exchange,Odd Lot
01:18:57.985 PM ET,8.070,11,89,Mid,Off Exchange,Odd Lot
01:19:01.459 PM ET,8.070,11,89,Mid,Nasdaq GSM,Odd Lot
01:20:40.052 PM ET,8.070,11,89,Mid,MEMX,Odd Lot
01:26:50.691 PM ET,8.040,11,88,Mid,MEMX,Odd Lot
02:36:02.041 PM ET,8.100,11,89,Mid,NYSE Arca,Odd Lot
02:58:58.457 PM ET,8.085,11,89,Mid,Off Exchange,Odd Lot
03:05:46.594 PM ET,8.075,11,89,Mid,Off Exchange,Odd Lot
03:08:25.437 PM ET,8.070,11,89,Mid,Off Exchange,Odd Lot
03:19:46.551 PM ET,8.040,11,88,Ask,NYSE Arca,Inter Mkt Swp; Odd Lot; Trade Thru Exmpt
03:35:50.556 PM ET,8.010,11,88,Ask,NYSE Arca,Inter Mkt Swp; Odd Lot; Trade Thru Exmpt
03:35:51.503 PM ET,8.000,11,88,Bid,MIAX Pearl,Inter Mkt Swp; Odd Lot; Trade Thru Exmpt
03:37:13.014 PM ET,8.020,11,88,Bid,Off Exchange,Odd Lot
03:40:58.073 PM ET,8.080,11,89,Bid,Nasdaq GSM,Odd Lot
03:44:44.753 PM ET,8.030,11,88,Bid,Off Exchange,Odd Lot
03:44:52.578 PM ET,8.060,11,89,Bid,IEX,Odd Lot
03:47:25.155 PM ET,8.060,11,89,Mid,Off Exchange,Odd Lot
03:53:44.204 PM ET,8.080,11,89,Mid,Off Exchange,Odd Lot
03:58:56.880 PM ET,8.100,11,89,Bid,IEX,Odd Lot
07:31:10.554 AM ET,8.085,10,81,Mid,NYSE Arca,Frm T Ext Hrs; Odd Lot
09:40:17.885 AM ET,8.030,10,80,Ask,NYSE Arca,Inter Mkt Swp; Odd Lot; Trade Thru Exmpt
09:45:48.454 AM ET,8.040,10,80,Ask,NYSE Arca,Inter Mkt Swp; Odd Lot; Trade Thru Exmpt
09:48:51.971 AM ET,8.050,10,81,Ask,IEX,Odd Lot
09:50:39.050 AM ET,8.070,10,81,Ask,IEX,Odd Lot
09:53:59.012 AM ET,8.080,10,81,Mid,IEX,Odd Lot
09:56:00.125 AM ET,8.100,10,81,Ask,Cboe EDGX,Inter Mkt Swp; Odd Lot; Trade Thru Exmpt
09:56:00.138 AM ET,8.120,10,81,Ask,Cboe EDGX,Odd Lot
09:56:00.226 AM ET,8.130,10,81,Mid,Nasdaq GSM,Inter Mkt Swp; Odd Lot; Trade Thru Exmpt
09:56:00.226 AM ET,8.140,10,81,Ask,NYSE Arca,Inter Mkt Swp; Odd Lot; Trade Thru Exmpt
09:59:14.152 AM ET,8.120,10,81,Ask,NYSE Arca,Odd Lot
10:06:46.952 AM ET,8.100,10,81,Mid,NYSE Arca,Odd Lot
10:15:10.215 AM ET,8.090,10,81,Bid,Nasdaq GSM,Inter Mkt Swp; Odd Lot; Trade Thru Exmpt
10:24:32.879 AM ET,8.070,10,81,Bid,Nasdaq GSM,Inter Mkt Swp; Odd Lot; Trade Thru Exmpt
10:26:31.367 AM ET,8.080,10,81,Ask,Off Exchange,Odd Lot
10:33:49.888 AM ET,8.060,10,81,Mid,Nasdaq GSM,Inter Mkt Swp; Odd Lot; Trade Thru Exmpt
10:33:49.889 AM ET,8.060,10,81,Mid,NYSE Arca,Inter Mkt Swp; Odd Lot; Trade Thru Exmpt
10:36:22.980 AM ET,8.075,10,81,Mid,Off Exchange,Odd Lot
10:41:39.647 AM ET,8.070,10,81,Mid,Off Exchange,Odd Lot
10:46:32.553 AM ET,8.069,10,81,Mid,Off Exchange,Odd Lot
10:47:12.461 AM ET,8.080,10,81,Bid,NYSE Arca,Inter Mkt Swp; Odd Lot; Trade Thru Exmpt
10:49:13.094 AM ET,8.150,10,82,Ask,IEX,Odd Lot
10:52:01.472 AM ET,8.120,10,81,Bid,Nasdaq GSM,Inter Mkt Swp; Odd Lot; Trade Thru Exmpt
10:52:01.472 AM ET,8.120,10,81,Bid,Cboe BZX,Inter Mkt Swp; Odd Lot; Trade Thru Exmpt
10:52:01.472 AM ET,8.120,10,81,Bid,NYSE Arca,Inter Mkt Swp; Odd Lot; Trade Thru Exmpt
10:56:00.028 AM ET,8.115,10,81,Mid,Nasdaq GSM,Odd Lot
11:04:56.111 AM ET,8.080,10,81,Mid,IEX,Odd Lot
11:08:53.756 AM ET,8.100,10,81,Ask,Off Exchange,Odd Lot
11:16:30.619 AM ET,8.095,10,81,Mid,Off Exchange,Odd Lot
11:16:36.046 AM ET,8.110,10,81,Ask,IEX,Odd Lot
11:21:30.112 AM ET,8.070,10,81,Mid,Off Exchange,Odd Lot
11:24:15.377 AM ET,8.100,10,81,Mid,IEX,Odd Lot
12:02:22.500 PM ET,8.100,10,81,Mid,Off Exchange,Odd Lot
12:06:10.427 PM ET,8.110,10,81,Ask,IEX,Odd Lot
12:06:51.868 PM ET,8.100,10,81,Mid,IEX,Odd Lot
12:08:58.013 PM ET,8.100,10,81,Mid,NYSE Arca,Inter Mkt Swp; Odd Lot; Trade Thru Exmpt
12:09:34.335 PM ET,8.090,10,81,Bid,Off Exchange,Odd Lot
12:10:10.387 PM ET,8.110,10,81,Ask,IEX,Odd Lot
12:17:11.124 PM ET,8.110,10,81,Ask,Cboe BYX,Inter Mkt Swp; Odd Lot; Trade Thru Exmpt
12:17:26.158 PM ET,8.140,10,81,None,IEX,Odd Lot
12:19:21.330 PM ET,8.120,10,81,Mid,Cboe BZX,Inter Mkt Swp; Odd Lot; Trade Thru Exmpt
12:19:21.330 PM ET,8.120,10,81,Mid,Cboe EDGX,Inter Mkt Swp; Odd Lot; Trade Thru Exmpt
12:20:38.330 PM ET,8.090,10,81,Bid,Off Exchange,Odd Lot
12:26:39.854 PM ET,8.130,10,81,Ask,IEX,Odd Lot
12:27:31.148 PM ET,8.130,10,81,Ask,IEX,Odd Lot
12:28:18.331 PM ET,8.130,10,81,Ask,IEX,Odd Lot
12:28:35.792 PM ET,8.110,10,81,Mid,Nasdaq GSM,Inter Mkt Swp; Odd Lot; Trade Thru Exmpt
12:28:35.793 PM ET,8.110,10,81,Mid,Off Exchange,Odd Lot
12:29:10.587 PM ET,8.130,10,81,Ask,IEX,Odd Lot
12:29:39.293 PM ET,8.130,10,81,Ask,IEX,Odd Lot
12:33:08.388 PM ET,8.090,10,81,Bid,Off Exchange,Odd Lot
12:38:16.649 PM ET,8.090,10,81,Bid,Cboe EDGX,Odd Lot
12:48:05.945 PM ET,8.055,10,81,Mid,Off Exchange,Odd Lot
12:50:04.811 PM ET,8.040,10,80,Bid,Nasdaq GSM,Inter Mkt Swp; Odd Lot; Trade Thru Exmpt
12:50:04.812 PM ET,8.040,10,80,Bid,Nasdaq GSM,Inter Mkt Swp; Odd Lot; Trade Thru Exmpt
12:50:04.812 PM ET,8.030,10,80,Bid,NYSE Arca,Inter Mkt Swp; Odd Lot; Trade Thru Exmpt
12:50:04.812 PM ET,8.040,10,80,Bid,NYSE Arca,Inter Mkt Swp; Odd Lot; Trade Thru Exmpt
12:51:23.478 PM ET,8.050,10,81,Mid,Nasdaq GSM,Odd Lot
12:54:38.295 PM ET,8.070,10,81,Ask,Nasdaq GSM,Inter Mkt Swp; Odd Lot; Trade Thru Exmpt
12:56:37.568 PM ET,8.060,10,81,Ask,Nasdaq GSM,Inter Mkt Swp; Odd Lot; Trade Thru Exmpt
01:01:12.695 PM ET,8.035,10,80,Mid,IEX,Odd Lot
01:01:13.054 PM ET,8.035,10,80,Mid,Off Exchange,Odd Lot
01:03:06.566 PM ET,8.050,10,81,Ask,Nasdaq GSM,Inter Mkt Swp; Odd Lot; Trade Thru Exmpt
01:04:38.066 PM ET,8.055,10,81,Mid,IEX,Odd Lot
01:05:49.674 PM ET,8.055,10,81,Mid,MEMX,Odd Lot
01:06:00.847 PM ET,8.060,10,81,Ask,IEX,Odd Lot
01:07:27.441 PM ET,8.050,10,81,Bid,Nasdaq GSM,Inter Mkt Swp; Odd Lot; Trade Thru Exmpt
01:07:27.442 PM ET,8.050,10,81,Bid,Cboe BZX,Inter Mkt Swp; Odd Lot; Trade Thru Exmpt
01:07:27.442 PM ET,8.050,10,81,Bid,NYSE Arca,Inter Mkt Swp; Odd Lot; Trade Thru Exmpt
01:13:22.506 PM ET,8.060,10,81,Mid,IEX,Odd Lot
01:13:22.508 PM ET,8.060,10,81,Mid,Off Exchange,Odd Lot
01:14:58.066 PM ET,8.080,10,81,Ask,IEX,Odd Lot
01:16:37.806 PM ET,8.080,10,81,Ask,Nasdaq GSM,Inter Mkt Swp; Odd Lot; Trade Thru Exmpt
01:17:59.226 PM ET,8.080,10,81,Ask,IEX,Odd Lot
01:20:02.794 PM ET,8.080,10,81,Ask,IEX,Odd Lot
01:20:56.206 PM ET,8.080,10,81,Ask,IEX,Odd Lot
01:22:07.103 PM ET,8.070,10,81,Mid,Off Exchange,Odd Lot
01:22:30.286 PM ET,8.080,10,81,Ask,IEX,Odd Lot
01:24:11.899 PM ET,8.060,10,81,Bid,Cboe BZX,Odd Lot
01:24:11.899 PM ET,8.060,10,81,Bid,Nasdaq GSM,Odd Lot
01:26:07.561 PM ET,8.050,10,81,Bid,Nasdaq GSM,Inter Mkt Swp; Odd Lot; Trade Thru Exmpt
01:26:07.561 PM ET,8.050,10,81,Bid,Cboe BZX,Inter Mkt Swp; Odd Lot; Trade Thru Exmpt
01:29:08.856 PM ET,8.040,10,80,Ask,Nasdaq GSM,Inter Mkt Swp; Odd Lot; Trade Thru Exmpt
01:29:42.451 PM ET,8.040,10,80,Ask,IEX,Odd Lot
01:32:33.698 PM ET,8.040,10,80,Ask,NYSE Arca,Inter Mkt Swp; Odd Lot; Trade Thru Exmpt
01:32:36.387 PM ET,8.045,10,80,Mid,Off Exchange,Odd Lot
01:32:36.387 PM ET,8.040,10,80,Mid,Off Exchange,Odd Lot
01:36:47.426 PM ET,8.070,10,81,Ask,IEX,Odd Lot
01:38:21.266 PM ET,8.070,10,81,Ask,IEX,Odd Lot
01:39:34.986 PM ET,8.070,10,81,Ask,NYSE Arca,Inter Mkt Swp; Odd Lot; Trade Thru Exmpt
01:40:00.832 PM ET,8.070,10,81,Mid,Nasdaq GSM,Inter Mkt Swp; Odd Lot; Trade Thru Exmpt
01:41:06.666 PM ET,8.080,10,81,Ask,NYSE Arca,Inter Mkt Swp; Odd Lot; Trade Thru Exmpt
01:42:18.787 PM ET,8.080,10,81,Ask,NYSE Arca,Inter Mkt Swp; Odd Lot; Trade Thru Exmpt
01:44:06.527 PM ET,8.080,10,81,Ask,NYSE Arca,Inter Mkt Swp; Odd Lot; Trade Thru Exmpt
01:45:50.867 PM ET,8.080,10,81,Ask,IEX,Odd Lot
01:46:51.607 PM ET,8.080,10,81,Ask,IEX,Odd Lot
01:47:10.978 PM ET,8.060,10,81,Ask,Cboe EDGX,Inter Mkt Swp; Odd Lot; Trade Thru Exmpt
01:50:02.687 PM ET,8.050,10,81,Mid,MEMX,Odd Lot
01:50:05.788 PM ET,8.040,10,80,Mid,Cboe BZX,Odd Lot
01:50:05.789 PM ET,8.040,10,80,Mid,Off Exchange,Odd Lot
01:51:46.225 PM ET,8.050,10,81,Ask,Off Exchange,Odd Lot
01:52:06.107 PM ET,8.045,10,80,Mid,Off Exchange,Odd Lot
01:52:06.107 PM ET,8.045,10,80,Mid,IEX,Odd Lot
01:54:42.452 PM ET,8.047,10,80,Mid,Off Exchange,Odd Lot
01:55:47.627 PM ET,8.050,10,81,Ask,IEX,Odd Lot
01:56:59.512 PM ET,8.050,10,81,Mid,Off Exchange,Odd Lot
01:57:15.677 PM ET,8.050,10,81,Ask,IEX,Odd Lot
01:58:46.213 PM ET,8.060,10,81,Ask,IEX,Odd Lot
01:59:12.494 PM ET,8.060,10,81,Ask,IEX,Odd Lot
01:59:46.157 PM ET,8.060,10,81,Ask,NYSE Arca,Inter Mkt Swp; Odd Lot; Trade Thru Exmpt
02:00:05.533 PM ET,8.060,10,81,Bid,NYSE Arca,Inter Mkt Swp; Odd Lot; Trade Thru Exmpt
02:03:10.847 PM ET,8.070,10,81,Ask,IEX,Odd Lot
02:04:39.507 PM ET,8.070,10,81,Ask,IEX,Odd Lot
02:06:17.166 PM ET,8.070,10,81,Ask,IEX,Odd Lot
02:07:46.787 PM ET,8.070,10,81,Ask,IEX,Odd Lot
02:09:06.307 PM ET,8.070,10,81,Ask,IEX,Odd Lot
02:09:50.067 PM ET,8.060,10,81,Mid,Off Exchange,Odd Lot
02:10:35.267 PM ET,8.070,10,81,Ask,IEX,Odd Lot
02:12:10.126 PM ET,8.070,10,81,Ask,IEX,Odd Lot
02:13:49.746 PM ET,8.070,10,81,Mid,NYSE Arca,Inter Mkt Swp; Odd Lot; Trade Thru Exmpt
02:15:18.286 PM ET,8.080,10,81,Ask,IEX,Odd Lot
02:18:07.374 PM ET,8.080,10,81,Ask,IEX,Odd Lot
02:18:25.707 PM ET,8.080,10,81,Ask,IEX,Odd Lot
02:19:26.347 PM ET,8.070,10,81,Mid,Off Exchange,Odd Lot
02:19:26.347 PM ET,8.070,10,81,Mid,IEX,Odd Lot
02:19:53.847 PM ET,8.080,10,81,Ask,IEX,Odd Lot
02:20:06.868 PM ET,8.090,10,81,Mid,Off Exchange,Odd Lot
02:20:10.752 PM ET,8.100,10,81,Ask,IEX,Odd Lot
02:20:24.913 PM ET,8.081,10,81,Mid,Off Exchange,Odd Lot
02:21:15.566 PM ET,8.110,10,81,Ask,IEX,Odd Lot
02:21:21.907 PM ET,8.110,10,81,Ask,IEX,Odd Lot
02:22:38.275 PM ET,8.095,10,81,Mid,Off Exchange,Odd Lot
02:22:57.407 PM ET,8.110,10,81,Mid,Nasdaq PHLX,Inter Mkt Swp; Odd Lot; Trade Thru Exmpt
02:24:03.207 PM ET,8.120,10,81,Ask,IEX,Odd Lot
02:24:20.847 PM ET,8.120,10,81,Ask,NYSE Arca,Inter Mkt Swp; Odd Lot; Trade Thru Exmpt
02:25:52.207 PM ET,8.120,10,81,Ask,NYSE Arca,Inter Mkt Swp; Odd Lot; Trade Thru Exmpt
02:27:24.730 PM ET,8.130,10,81,Ask,IEX,Odd Lot
02:28:39.551 PM ET,8.140,10,81,Mid,TXSE,Inter Mkt Swp; Odd Lot; Trade Thru Exmpt
02:29:12.293 PM ET,8.130,10,81,Mid,IEX,Odd Lot
02:29:44.133 PM ET,8.130,10,81,Mid,IEX,Odd Lot
02:29:48.915 PM ET,8.100,10,81,Bid,Off Exchange,Odd Lot
02:29:48.916 PM ET,8.110,10,81,Mid,Off Exchange,Odd Lot
02:34:45.118 PM ET,8.110,10,81,Mid,IEX,Odd Lot
02:36:00.092 PM ET,8.120,10,81,Mid,IEX,Odd Lot
02:36:02.041 PM ET,8.100,10,81,Mid,NYSE Arca,Odd Lot
02:37:45.607 PM ET,8.100,10,81,Mid,IEX,Odd Lot
02:38:31.388 PM ET,8.100,10,81,Mid,Off Exchange,Odd Lot
02:39:39.330 PM ET,8.120,10,81,Ask,Off Exchange,Odd Lot
02:42:31.591 PM ET,8.080,10,81,Bid,Cboe EDGX,Inter Mkt Swp; Odd Lot; Trade Thru Exmpt
02:42:31.591 PM ET,8.080,10,81,Bid,NYSE Arca,Inter Mkt Swp; Odd Lot; Trade Thru Exmpt
02:44:13.705 PM ET,8.080,10,81,Mid,NYSE,Odd Lot
02:48:49.667 PM ET,8.090,10,81,Ask,IEX,Odd Lot
02:49:23.974 PM ET,8.080,10,81,Mid,NYSE,Odd Lot
02:49:33.242 PM ET,8.090,10,81,Ask,Nasdaq GSM,Inter Mkt Swp; Odd Lot; Trade Thru Exmpt
02:51:55.526 PM ET,8.090,10,81,Ask,IEX,Odd Lot
02:53:17.335 PM ET,8.080,10,81,Bid,Nasdaq GSM,Inter Mkt Swp; Odd Lot; Trade Thru Exmpt
02:53:22.406 PM ET,8.075,10,81,Mid,Cboe BZX,Odd Lot
02:53:36.628 PM ET,8.075,10,81,Mid,NYSE,Odd Lot
02:59:00.028 PM ET,8.090,10,81,Ask,IEX,Odd Lot
02:59:20.532 PM ET,8.090,10,81,Ask,IEX,Odd Lot
02:59:48.730 PM ET,8.090,10,81,Ask,NYSE Arca,Inter Mkt Swp; Odd Lot; Trade Thru Exmpt
03:00:32.047 PM ET,8.080,10,81,Bid,Nasdaq GSM,Inter Mkt Swp; Odd Lot; Trade Thru Exmpt
03:06:37.881 PM ET,8.070,10,81,Mid,NYSE Arca,Odd Lot
03:06:44.207 PM ET,8.070,10,81,Mid,IEX,Odd Lot
03:09:25.714 PM ET,8.070,10,81,Mid,Off Exchange,Odd Lot
03:11:00.987 PM ET,8.070,10,81,Mid,IEX,Odd Lot
03:11:55.394 PM ET,8.060,10,81,Ask,Nasdaq GSM,Inter Mkt Swp; Odd Lot; Trade Thru Exmpt
03:11:55.394 PM ET,8.070,10,81,Ask,NYSE Arca,Inter Mkt Swp; Odd Lot; Trade Thru Exmpt
03:12:10.483 PM ET,8.050,10,81,Mid,MEMX,Odd Lot
03:14:05.591 PM ET,8.040,10,80,Bid,Nasdaq GSM,Odd Lot
03:18:09.072 PM ET,8.045,10,80,Mid,NYSE Arca,Odd Lot
03:19:33.799 PM ET,8.049,10,80,Mid,Off Exchange,Odd Lot
03:21:29.122 PM ET,8.050,10,81,Mid,Cboe EDGX,Odd Lot
03:22:42.759 PM ET,8.060,10,81,Mid,Nasdaq GSM,Inter Mkt Swp; Odd Lot; Trade Thru Exmpt
03:24:04.066 PM ET,8.050,10,81,Bid,Nasdaq GSM,Odd Lot
03:24:54.191 PM ET,8.060,10,81,Bid,Nasdaq GSM,Odd Lot
03:24:54.196 PM ET,8.060,10,81,Bid,Nasdaq GSM,Inter Mkt Swp; Odd Lot; Trade Thru Exmpt
03:25:35.841 PM ET,8.070,10,81,Ask,IEX,Odd Lot
03:26:58.248 PM ET,8.070,10,81,Mid,Nasdaq GSM,Odd Lot
03:29:08.720 PM ET,8.060,10,81,Bid,Nasdaq GSM,Inter Mkt Swp; Odd Lot; Trade Thru Exmpt
03:29:08.720 PM ET,8.060,10,81,Bid,NYSE Arca,Odd Lot
03:29:08.720 PM ET,8.060,10,81,Bid,Cboe BZX,Inter Mkt Swp; Odd Lot; Trade Thru Exmpt
03:29:08.720 PM ET,8.060,10,81,Bid,NYSE Arca,Inter Mkt Swp; Odd Lot; Trade Thru Exmpt
03:29:08.721 PM ET,8.060,10,81,Bid,NYSE Arca,Inter Mkt Swp; Odd Lot; Trade Thru Exmpt
03:29:08.771 PM ET,8.030,10,80,Bid,NYSE Arca,Inter Mkt Swp; Odd Lot; Trade Thru Exmpt
03:35:41.487 PM ET,8.010,10,80,Bid,NYSE National,Inter Mkt Swp; Odd Lot; Trade Thru Exmpt
03:35:51.503 PM ET,8.000,10,80,Bid,Off Exchange,Odd Lot
03:35:51.504 PM ET,7.970,10,80,Bid,Cboe BZX,Inter Mkt Swp; Odd Lot; Trade Thru Exmpt
03:36:09.147 PM ET,8.010,10,80,Bid,Cboe EDGX,Inter Mkt Swp; Odd Lot; Trade Thru Exmpt
03:36:09.148 PM ET,8.010,10,80,Bid,NYSE Arca,Inter Mkt Swp; Odd Lot; Trade Thru Exmpt
03:36:09.154 PM ET,8.015,10,80,Bid,Cboe EDGX,Odd Lot
03:36:09.154 PM ET,8.015,10,80,Bid,NYSE Arca,Odd Lot
03:36:09.154 PM ET,8.015,10,80,Bid,MEMX,Odd Lot
03:36:09.157 PM ET,8.020,10,80,Bid,IEX,Odd Lot
03:36:09.175 PM ET,8.030,10,80,Bid,Cboe BZX,Odd Lot
03:40:58.073 PM ET,8.080,10,81,Bid,Nasdaq GSM,Inter Mkt Swp; Odd Lot; Trade Thru Exmpt
03:40:58.073 PM ET,8.080,10,81,Bid,NYSE Arca,Inter Mkt Swp; Odd Lot; Trade Thru Exmpt
03:44:08.284 PM ET,8.070,10,81,Bid,NYSE Arca,Inter Mkt Swp; Odd Lot; Trade Thru Exmpt
03:44:28.696 PM ET,8.060,10,81,Bid,Cboe BYX,Inter Mkt Swp; Odd Lot; Trade Thru Exmpt
03:45:49.487 PM ET,8.070,10,81,Bid,MEMX,Inter Mkt Swp; Odd Lot; Trade Thru Exmpt
03:47:25.128 PM ET,8.070,10,81,Ask,NYSE Arca,Odd Lot
03:47:25.153 PM ET,8.060,10,81,Mid,NYSE Arca,Odd Lot
03:49:31.516 PM ET,8.070,10,81,Mid,Nasdaq GSM,Odd Lot
03:49:31.516 PM ET,8.070,10,81,Mid,Cboe BZX,Odd Lot
03:49:31.517 PM ET,8.070,10,81,Mid,NYSE Arca,Odd Lot
03:49:31.558 PM ET,8.070,10,81,Mid,Nasdaq GSM,Odd Lot
03:52:33.285 PM ET,8.080,10,81,Mid,Nasdaq GSM,Odd Lot
03:55:36.838 PM ET,8.095,10,81,Mid,NYSE Arca,Odd Lot
03:57:04.347 PM ET,8.095,10,81,Mid,IEX,Odd Lot
03:57:04.402 PM ET,8.095,10,81,Mid,Off Exchange,Odd Lot
03:57:36.584 PM ET,8.090,10,81,Bid,IEX,Odd Lot
03:59:15.700 PM ET,8.110,10,81,None,Cboe BYX,Inter Mkt Swp; Odd Lot; Trade Thru Exmpt
03:59:20.561 PM ET,8.110,10,81,None,Cboe BYX,Inter Mkt Swp; Odd Lot; Trade Thru Exmpt
03:59:23.108 PM ET,8.100,10,81,None,Nasdaq GSM,Inter Mkt Swp; Odd Lot; Trade Thru Exmpt
03:59:23.109 PM ET,8.100,10,81,None,Cboe EDGX,Inter Mkt Swp; Odd Lot; Trade Thru Exmpt
03:59:23.125 PM ET,8.090,10,81,None,IEX,Odd Lot
03:59:50.406 PM ET,8.090,10,81,None,IEX,Odd Lot
03:59:50.606 PM ET,8.090,10,81,None,Nasdaq GSM,Odd Lot
05:41:04.355 PM ET,8.010,10,80,Mid,Off Exchange,Frm T Ext Hrs; Odd Lot
09:39:39.372 AM ET,8.050,9,72,Mid,MEMX,Odd Lot
10:33:49.914 AM ET,8.060,9,73,Mid,Off Exchange,Odd Lot
10:44:48.624 AM ET,8.060,9,73,Mid,Off Exchange,Odd Lot
10:47:12.465 AM ET,8.100,9,73,Bid,Off Exchange,Odd Lot
11:09:04.522 AM ET,8.100,9,73,Bid,Nasdaq GSM,Odd Lot
11:12:06.923 AM ET,8.105,9,73,Mid,Off Exchange,Odd Lot
11:53:05.833 AM ET,8.090,9,73,Mid,Off Exchange,Odd Lot
12:09:29.544 PM ET,8.100,9,73,Mid,Off Exchange,Odd Lot
12:17:11.151 PM ET,8.110,9,73,Ask,Nasdaq GSM,Inter Mkt Swp; Odd Lot; Trade Thru Exmpt
12:17:12.015 PM ET,8.103,9,73,Mid,Off Exchange,Odd Lot
12:17:16.196 PM ET,8.120,9,73,Ask,Cboe BZX,Odd Lot
12:33:00.013 PM ET,8.110,9,73,Mid,Off Exchange,Odd Lot
01:01:12.500 PM ET,8.030,9,72,Mid,Off Exchange,Odd Lot
01:22:07.105 PM ET,8.080,9,73,Ask,Off Exchange,Odd Lot
01:30:57.338 PM ET,8.030,9,72,Mid,Off Exchange,Odd Lot
01:36:38.856 PM ET,8.070,9,73,Ask,Off Exchange,Odd Lot
01:47:39.354 PM ET,8.058,9,73,Mid,Off Exchange,Odd Lot
01:50:05.788 PM ET,8.045,9,72,Mid,Off Exchange,Odd Lot
02:01:06.914 PM ET,8.060,9,73,Mid,Off Exchange,Odd Lot
02:14:51.317 PM ET,8.060,9,73,Bid,Off Exchange,Odd Lot
02:16:56.307 PM ET,8.080,9,73,Ask,IEX,Odd Lot
02:22:23.225 PM ET,8.090,9,73,Bid,Off Exchange,Odd Lot
02:24:03.206 PM ET,8.110,9,73,Mid,Nasdaq PHLX,Inter Mkt Swp; Odd Lot; Trade Thru Exmpt
02:30:18.811 PM ET,8.109,9,73,Mid,Off Exchange,Odd Lot
02:42:31.592 PM ET,8.080,9,73,Bid,Off Exchange,Odd Lot
03:00:32.047 PM ET,8.080,9,73,Bid,Nasdaq GSM,Inter Mkt Swp; Odd Lot; Trade Thru Exmpt
03:06:16.192 PM ET,8.080,9,73,Ask,IEX,Odd Lot
03:06:37.881 PM ET,8.070,9,73,Mid,NYSE Arca,Odd Lot
03:21:22.871 PM ET,8.040,9,72,Ask,Nasdaq GSM,Inter Mkt Swp; Odd Lot; Trade Thru Exmpt
03:24:54.190 PM ET,8.060,9,73,Bid,Off Exchange,Odd Lot
03:26:58.247 PM ET,8.070,9,73,Mid,Off Exchange,Odd Lot
03:29:08.720 PM ET,8.065,9,73,Mid,Off Exchange,Odd Lot
03:35:50.556 PM ET,8.010,9,72,Ask,MEMX,Inter Mkt Swp; Odd Lot; Trade Thru Exmpt
03:51:44.500 PM ET,8.070,9,73,Mid,Off Exchange,Odd Lot
03:55:08.085 PM ET,8.110,9,73,Ask,Off Exchange,Odd Lot
03:57:04.350 PM ET,8.095,9,73,Mid,Off Exchange,Odd Lot
09:30:10.652 AM ET,8.040,8,64,Bid,Nasdaq GSM,Odd Lot
09:40:43.301 AM ET,8.020,8,64,Mid,Nasdaq GSM,Inter Mkt Swp; Odd Lot; Trade Thru Exmpt
10:07:01.824 AM ET,8.116,8,65,Mid,Off Exchange,Odd Lot
10:30:06.087 AM ET,8.070,8,65,Mid,Nasdaq GSM,Odd Lot
10:33:50.892 AM ET,8.080,8,65,Ask,Off Exchange,Odd Lot
10:49:00.648 AM ET,8.135,8,65,Mid,Off Exchange,Odd Lot
11:16:36.046 AM ET,8.110,8,65,Ask,IEX,Odd Lot
11:19:05.923 AM ET,8.090,8,65,Bid,Cboe BZX,Odd Lot
11:24:15.377 AM ET,8.090,8,65,Mid,Cboe BZX,Inter Mkt Swp; Odd Lot; Trade Thru Exmpt
12:09:22.974 PM ET,8.100,8,65,Mid,Off Exchange,Odd Lot
12:17:15.072 PM ET,8.110,8,65,Ask,Cboe BYX,Inter Mkt Swp; Odd Lot; Trade Thru Exmpt
12:30:43.829 PM ET,8.110,8,65,Mid,Nasdaq GSM,Odd Lot
12:36:57.258 PM ET,8.100,8,65,Mid,Off Exchange,Odd Lot
12:38:42.614 PM ET,8.090,8,65,Mid,NYSE American,Inter Mkt Swp; Odd Lot; Trade Thru Exmpt
12:52:26.558 PM ET,8.060,8,64,Ask,Off Exchange,Odd Lot
12:54:23.639 PM ET,8.049,8,64,Mid,Off Exchange,Odd Lot
01:01:34.591 PM ET,8.040,8,64,Mid,Off Exchange,Odd Lot
01:19:58.992 PM ET,8.080,8,65,Ask,Off Exchange,Odd Lot
01:37:38.074 PM ET,8.070,8,65,Ask,Off Exchange,Odd Lot
01:39:43.550 PM ET,8.070,8,65,Ask,Off Exchange,Odd Lot
01:49:56.909 PM ET,8.050,8,64,Mid,MEMX,Inter Mkt Swp; Odd Lot; Trade Thru Exmpt
01:52:34.091 PM ET,8.046,8,64,Mid,Off Exchange,Odd Lot
01:57:01.150 PM ET,8.050,8,64,Mid,Off Exchange,Deriv Priced; Odd Lot; Trade Thru Exmpt
01:57:43.028 PM ET,8.050,8,64,Ask,Off Exchange,Odd Lot
01:58:37.986 PM ET,8.050,8,64,Mid,Off Exchange,Deriv Priced; Odd Lot; Trade Thru Exmpt
02:00:12.926 PM ET,8.060,8,64,Mid,Off Exchange,Deriv Priced; Odd Lot; Trade Thru Exmpt
02:01:49.960 PM ET,8.060,8,64,Mid,Off Exchange,Deriv Priced; Odd Lot; Trade Thru Exmpt
02:03:29.523 PM ET,8.060,8,64,Mid,Off Exchange,Deriv Priced; Odd Lot; Trade Thru Exmpt
02:05:08.758 PM ET,8.064,8,65,Mid,Off Exchange,Deriv Priced; Odd Lot; Trade Thru Exmpt
02:06:49.849 PM ET,8.066,8,65,Mid,Off Exchange,Deriv Priced; Odd Lot; Trade Thru Exmpt
02:08:27.971 PM ET,8.062,8,65,Mid,Off Exchange,Deriv Priced; Odd Lot; Trade Thru Exmpt
02:10:08.479 PM ET,8.060,8,64,Mid,Off Exchange,Deriv Priced; Odd Lot; Trade Thru Exmpt
02:11:45.426 PM ET,8.062,8,65,Mid,Off Exchange,Deriv Priced; Odd Lot; Trade Thru Exmpt
02:13:27.435 PM ET,8.062,8,65,Mid,Off Exchange,Deriv Priced; Odd Lot; Trade Thru Exmpt
02:13:49.746 PM ET,8.070,8,65,Mid,NYSE Arca,Inter Mkt Swp; Odd Lot; Trade Thru Exmpt
02:15:01.518 PM ET,8.062,8,65,Mid,Off Exchange,Deriv Priced; Odd Lot; Trade Thru Exmpt
02:16:37.264 PM ET,8.072,8,65,Mid,Off Exchange,Deriv Priced; Odd Lot; Trade Thru Exmpt
02:17:46.178 PM ET,8.070,8,65,Mid,Off Exchange,Odd Lot
02:18:12.192 PM ET,8.076,8,65,Mid,Off Exchange,Deriv Priced; Odd Lot; Trade Thru Exmpt
02:18:44.204 PM ET,8.070,8,65,Mid,Off Exchange,Odd Lot
02:19:03.558 PM ET,8.070,8,65,Mid,Off Exchange,Odd Lot
02:19:46.178 PM ET,8.071,8,65,Mid,Off Exchange,Deriv Priced; Odd Lot; Trade Thru Exmpt
02:20:06.867 PM ET,8.080,8,65,Bid,NYSE Arca,Inter Mkt Swp; Odd Lot; Trade Thru Exmpt
02:20:39.219 PM ET,8.095,8,65,Mid,IEX,Odd Lot
02:21:25.139 PM ET,8.090,8,65,Mid,Off Exchange,Deriv Priced; Odd Lot; Trade Thru Exmpt
02:22:59.502 PM ET,8.106,8,65,Mid,Off Exchange,Deriv Priced; Odd Lot; Trade Thru Exmpt
02:24:03.207 PM ET,8.120,8,65,Ask,NYSE Arca,Inter Mkt Swp; Odd Lot; Trade Thru Exmpt
02:26:01.313 PM ET,8.120,8,65,Ask,Nasdaq GSM,Inter Mkt Swp; Odd Lot; Trade Thru Exmpt
02:30:00.788 PM ET,8.110,8,65,Ask,Off Exchange,Odd Lot
02:44:13.387 PM ET,8.080,8,65,Mid,IEX,Odd Lot
02:50:10.828 PM ET,8.090,8,65,Ask,IEX,Odd Lot
02:53:17.336 PM ET,8.080,8,65,Bid,NYSE Arca,Odd Lot
03:24:54.190 PM ET,8.055,8,64,Bid,Off Exchange,Odd Lot
03:24:54.190 PM ET,8.060,8,64,Bid,Off Exchange,Odd Lot
03:35:51.503 PM ET,7.990,8,64,Bid,Off Exchange,Odd Lot
03:56:39.975 PM ET,8.095,8,65,Mid,Off Exchange,Odd Lot
03:59:50.109 PM ET,8.100,8,65,None,Off Exchange,Odd Lot
09:32:17.822 AM ET,8.093,7,57,Mid,Off Exchange,Odd Lot
09:49:28.677 AM ET,8.050,7,56,Mid,Nasdaq GSM,Odd Lot
10:03:56.679 AM ET,8.090,7,57,Mid,Cboe BZX,Inter Mkt Swp; Odd Lot; Trade Thru Exmpt
10:08:53.621 AM ET,8.090,7,57,Mid,Cboe BZX,Inter Mkt Swp; Odd Lot; Trade Thru Exmpt
10:12:01.526 AM ET,8.095,7,57,Mid,Nasdaq GSM,Odd Lot
10:15:10.215 AM ET,8.090,7,57,Bid,Cboe BZX,Inter Mkt Swp; Odd Lot; Trade Thru Exmpt
10:24:32.879 AM ET,8.070,7,56,Bid,Cboe BZX,Odd Lot
10:42:23.690 AM ET,8.070,7,56,Mid,Off Exchange,Odd Lot
10:57:26.736 AM ET,8.115,7,57,Mid,Nasdaq GSM,Odd Lot
11:08:53.756 AM ET,8.100,7,57,Ask,Off Exchange,Odd Lot
11:26:49.519 AM ET,8.090,7,57,Mid,Off Exchange,Odd Lot
12:17:15.072 PM ET,8.110,7,57,Ask,Cboe EDGX,Inter Mkt Swp; Odd Lot; Trade Thru Exmpt
12:56:19.406 PM ET,8.070,7,56,Ask,Off Exchange,Odd Lot
01:00:43.171 PM ET,8.057,7,56,Ask,Off Exchange,Odd Lot
01:13:47.448 PM ET,8.070,7,56,Mid,Off Exchange,Odd Lot
01:14:31.051 PM ET,8.070,7,56,Mid,IEX,Odd Lot
01:17:22.041 PM ET,8.080,7,57,Ask,Off Exchange,Odd Lot
01:35:20.146 PM ET,8.060,7,56,Mid,Cboe EDGX,Inter Mkt Swp; Odd Lot; Trade Thru Exmpt
01:38:38.951 PM ET,8.070,7,56,Ask,Off Exchange,Odd Lot
01:55:06.819 PM ET,8.050,7,56,Ask,Off Exchange,Odd Lot
01:57:43.028 PM ET,8.050,7,56,Ask,IEX,Odd Lot
01:57:44.119 PM ET,8.050,7,56,Mid,Off Exchange,Odd Lot
02:07:30.625 PM ET,8.060,7,56,Mid,Off Exchange,Odd Lot
02:17:28.075 PM ET,8.070,7,56,Mid,Off Exchange,Odd Lot
02:20:06.867 PM ET,8.080,7,57,Bid,Off Exchange,Odd Lot
02:31:31.202 PM ET,8.110,7,57,Ask,Off Exchange,Odd Lot
02:36:02.041 PM ET,8.100,7,57,Mid,NYSE Arca,Odd Lot
02:42:31.591 PM ET,8.090,7,57,Mid,MEMX,Inter Mkt Swp; Odd Lot; Trade Thru Exmpt
02:42:31.591 PM ET,8.080,7,57,Bid,Nasdaq GSM,Inter Mkt Swp; Odd Lot; Trade Thru Exmpt
02:53:17.317 PM ET,8.085,7,57,Mid,MEMX,Odd Lot
02:55:18.305 PM ET,8.085,7,57,Mid,IEX,Odd Lot
03:06:39.133 PM ET,8.070,7,56,Mid,Off Exchange,Odd Lot
03:11:40.890 PM ET,8.080,7,57,Ask,Off Exchange,Odd Lot
03:19:04.758 PM ET,8.045,7,56,Mid,Nasdaq GSM,Odd Lot
03:19:42.454 PM ET,8.040,7,56,Bid,Off Exchange,Odd Lot
03:23:48.196 PM ET,8.063,7,56,Mid,Off Exchange,Deriv Priced; Odd Lot; Trade Thru Exmpt
03:24:54.190 PM ET,8.060,7,56,Bid,Off Exchange,Odd Lot
03:26:04.067 PM ET,8.060,7,56,Mid,Off Exchange,Deriv Priced; Odd Lot; Trade Thru Exmpt
03:26:20.014 PM ET,8.059,7,56,Mid,Off Exchange,Odd Lot
03:35:51.503 PM ET,7.990,7,56,Bid,Nasdaq GSM,Inter Mkt Swp; Odd Lot; Trade Thru Exmpt
03:39:03.648 PM ET,8.095,7,57,Mid,Off Exchange,Odd Lot
03:45:37.622 PM ET,8.065,7,56,Mid,Off Exchange,Odd Lot
03:55:42.557 PM ET,8.100,7,57,Ask,Off Exchange,Odd Lot
03:58:27.587 PM ET,8.100,7,57,Bid,Off Exchange,Odd Lot
03:59:39.365 PM ET,8.090,7,57,None,Nasdaq GSM,Odd Lot
09:25:00.052 AM ET,8.050,6,48,Bid,Nasdaq GSM,Frm T Ext Hrs; Inter Mkt Swp; Odd Lot; Trade Thru Exmpt
09:30:48.185 AM ET,8.030,6,48,Bid,Nasdaq GSM,Odd Lot
09:31:01.028 AM ET,8.090,6,49,Mid,Off Exchange,Odd Lot
09:41:26.457 AM ET,8.035,6,48,Mid,NYSE,Odd Lot
09:56:00.125 AM ET,8.110,6,49,Ask,Nasdaq GSM,Odd Lot
09:56:00.138 AM ET,8.110,6,49,Ask,Cboe BZX,Odd Lot
09:56:00.138 AM ET,8.120,6,49,Ask,Cboe BZX,Odd Lot
10:24:32.879 AM ET,8.070,6,48,Bid,Nasdaq GSM,Inter Mkt Swp; Odd Lot; Trade Thru Exmpt
10:34:10.372 AM ET,8.060,6,48,Mid,Off Exchange,Odd Lot
10:44:28.346 AM ET,8.060,6,48,Mid,Nasdaq GSM,Odd Lot
10:47:12.461 AM ET,8.080,6,48,Bid,Cboe BZX,Inter Mkt Swp; Odd Lot; Trade Thru Exmpt
10:47:12.461 AM ET,8.080,6,48,Bid,Cboe EDGX,Inter Mkt Swp; Odd Lot; Trade Thru Exmpt
10:47:12.461 AM ET,8.080,6,48,Bid,NYSE Arca,Inter Mkt Swp; Odd Lot; Trade Thru Exmpt
10:56:38.740 AM ET,8.115,6,49,Mid,Nasdaq GSM,Odd Lot
10:57:23.092 AM ET,8.120,6,49,Mid,Off Exchange,Odd Lot
10:59:22.115 AM ET,8.100,6,49,Bid,IEX,Odd Lot
11:02:04.614 AM ET,8.100,6,49,Bid,Cboe BYX,Inter Mkt Swp; Odd Lot; Trade Thru Exmpt
11:04:45.730 AM ET,8.080,6,48,Mid,IEX,Odd Lot
11:09:11.547 AM ET,8.105,6,49,Mid,Nasdaq GSM,Odd Lot
11:10:29.566 AM ET,8.105,6,49,Mid,Nasdaq GSM,Odd Lot
11:12:06.923 AM ET,8.100,6,49,Mid,Nasdaq GSM,Odd Lot
11:18:26.397 AM ET,8.100,6,49,Mid,Nasdaq GSM,Odd Lot
11:24:15.377 AM ET,8.090,6,49,Mid,NYSE Arca,Inter Mkt Swp; Odd Lot; Trade Thru Exmpt
11:24:15.378 AM ET,8.090,6,49,Mid,NYSE Arca,Inter Mkt Swp; Odd Lot; Trade Thru Exmpt
11:31:27.223 AM ET,8.090,6,49,Mid,Nasdaq GSM,Odd Lot
11:33:30.927 AM ET,8.090,6,49,Mid,Nasdaq GSM,Odd Lot
11:34:39.997 AM ET,8.090,6,49,Mid,Off Exchange,Odd Lot
11:34:45.007 AM ET,8.090,6,49,Mid,IEX,Odd Lot
11:36:20.086 AM ET,8.090,6,49,Mid,IEX,Odd Lot
11:37:44.680 AM ET,8.090,6,49,Mid,Nasdaq GSM,Odd Lot
11:38:10.166 AM ET,8.110,6,49,Ask,IEX,Odd Lot
11:39:40.546 AM ET,8.090,6,49,Mid,IEX,Odd Lot
11:41:44.126 AM ET,8.110,6,49,Ask,Cboe BYX,Inter Mkt Swp; Odd Lot; Trade Thru Exmpt
11:43:21.527 AM ET,8.110,6,49,Ask,Cboe BYX,Inter Mkt Swp; Odd Lot; Trade Thru Exmpt
11:43:45.148 AM ET,8.090,6,49,Mid,IEX,Odd Lot
11:45:11.826 AM ET,8.110,6,49,Ask,Cboe BYX,Inter Mkt Swp; Odd Lot; Trade Thru Exmpt
11:47:03.887 AM ET,8.110,6,49,Ask,Cboe BYX,Inter Mkt Swp; Odd Lot; Trade Thru Exmpt
11:50:30.686 AM ET,8.110,6,49,Ask,NYSE Arca,Inter Mkt Swp; Odd Lot; Trade Thru Exmpt
11:52:25.387 AM ET,8.110,6,49,Ask,NYSE Arca,Inter Mkt Swp; Odd Lot; Trade Thru Exmpt
11:54:08.493 AM ET,8.110,6,49,Ask,NYSE Arca,Inter Mkt Swp; Odd Lot; Trade Thru Exmpt
11:54:22.706 AM ET,8.110,6,49,Ask,Cboe BZX,Inter Mkt Swp; Odd Lot; Trade Thru Exmpt
11:55:07.711 AM ET,8.098,6,49,Mid,Off Exchange,Odd Lot
11:56:06.673 AM ET,8.110,6,49,Ask,Cboe BZX,Inter Mkt Swp; Odd Lot; Trade Thru Exmpt
11:57:09.131 AM ET,8.104,6,49,Mid,Off Exchange,Odd Lot
11:58:02.894 AM ET,8.110,6,49,Ask,NYSE Arca,Inter Mkt Swp; Odd Lot; Trade Thru Exmpt
11:58:50.212 AM ET,8.110,6,49,Ask,Cboe BZX,Inter Mkt Swp; Odd Lot; Trade Thru Exmpt
12:04:46.044 PM ET,8.100,6,49,Mid,Off Exchange,Odd Lot
12:17:15.072 PM ET,8.110,6,49,Ask,Cboe EDGX,Inter Mkt Swp; Odd Lot; Trade Thru Exmpt
12:17:15.078 PM ET,8.120,6,49,Ask,Off Exchange,Odd Lot
12:17:37.643 PM ET,8.140,6,49,None,Nasdaq GSM,Inter Mkt Swp; Odd Lot; Trade Thru Exmpt
12:17:54.047 PM ET,8.142,6,49,None,Off Exchange,Odd Lot
12:19:21.330 PM ET,8.120,6,49,Mid,Cboe EDGX,Inter Mkt Swp; Odd Lot; Trade Thru Exmpt
12:29:51.511 PM ET,8.110,6,49,Mid,Nasdaq GSM,Inter Mkt Swp; Odd Lot; Trade Thru Exmpt
12:36:57.253 PM ET,8.090,6,49,Bid,Cboe EDGX,Inter Mkt Swp; Odd Lot; Trade Thru Exmpt
12:37:34.260 PM ET,8.110,6,49,Ask,Off Exchange,Odd Lot
12:38:42.614 PM ET,8.090,6,49,Mid,Cboe EDGX,Inter Mkt Swp; Odd Lot; Trade Thru Exmpt
12:39:13.517 PM ET,8.080,6,48,Mid,Off Exchange,Odd Lot
12:43:08.237 PM ET,8.060,6,48,Mid,Cboe EDGX,Odd Lot
12:45:09.768 PM ET,8.055,6,48,Mid,Off Exchange,Odd Lot
12:50:04.794 PM ET,8.040,6,48,Bid,Cboe EDGX,Inter Mkt Swp; Odd Lot; Trade Thru Exmpt
12:50:04.812 PM ET,8.040,6,48,Bid,NYSE Arca,Inter Mkt Swp; Odd Lot; Trade Thru Exmpt
12:54:11.567 PM ET,8.050,6,48,Mid,Off Exchange,Odd Lot
12:54:38.271 PM ET,8.070,6,48,Ask,Cboe BZX,Odd Lot
12:56:37.568 PM ET,8.060,6,48,Ask,Nasdaq GSM,Inter Mkt Swp; Odd Lot; Trade Thru Exmpt
01:00:04.548 PM ET,8.035,6,48,Mid,IEX,Odd Lot
01:02:33.330 PM ET,8.050,6,48,Ask,IEX,Odd Lot
01:03:32.697 PM ET,8.055,6,48,Mid,MEMX,Odd Lot
01:04:01.995 PM ET,8.053,6,48,Mid,Off Exchange,Deriv Priced; Odd Lot; Trade Thru Exmpt
01:07:27.543 PM ET,8.040,6,48,Mid,IEX,Odd Lot
01:13:39.647 PM ET,8.070,6,48,Mid,NYSE Arca,Inter Mkt Swp; Odd Lot; Trade Thru Exmpt
01:14:31.050 PM ET,8.070,6,48,Mid,Cboe BZX,Inter Mkt Swp; Odd Lot; Trade Thru Exmpt
01:14:31.050 PM ET,8.070,6,48,Mid,Cboe EDGX,Inter Mkt Swp; Odd Lot; Trade Thru Exmpt
01:14:31.051 PM ET,8.070,6,48,Mid,IEX,Odd Lot
01:21:37.031 PM ET,8.070,6,48,Mid,Off Exchange,Odd Lot
01:21:47.364 PM ET,8.070,6,48,Mid,Nasdaq GSM,Odd Lot
01:23:04.506 PM ET,8.070,6,48,Mid,MEMX,Odd Lot
01:23:04.507 PM ET,8.060,6,48,Bid,IEX,Odd Lot
01:24:31.008 PM ET,8.060,6,48,Mid,MEMX,Odd Lot
01:27:30.822 PM ET,8.020,6,48,Bid,IEX,Odd Lot
01:32:38.858 PM ET,8.050,6,48,Mid,NYSE Arca,Odd Lot
01:33:26.779 PM ET,8.060,6,48,Ask,IEX,Odd Lot
01:35:15.130 PM ET,8.060,6,48,Mid,Off Exchange,Odd Lot
01:35:43.158 PM ET,8.060,6,48,Mid,Off Exchange,Odd Lot
01:35:44.267 PM ET,8.060,6,48,Mid,MEMX,Odd Lot
01:36:42.517 PM ET,8.050,6,48,Bid,Nasdaq GSM,Odd Lot
01:38:26.214 PM ET,8.060,6,48,Mid,MEMX,Odd Lot
01:47:10.978 PM ET,8.060,6,48,Ask,Off Exchange,Odd Lot
01:49:56.908 PM ET,8.050,6,48,Mid,MEMX,Inter Mkt Swp; Odd Lot; Trade Thru Exmpt
01:55:47.627 PM ET,8.045,6,48,Mid,Off Exchange,Odd Lot
01:56:23.424 PM ET,8.048,6,48,Mid,Off Exchange,Odd Lot
02:00:51.587 PM ET,8.060,6,48,Mid,Off Exchange,Odd Lot
02:03:29.219 PM ET,8.060,6,48,Mid,IEX,Odd Lot
02:03:34.223 PM ET,8.060,6,48,Mid,IEX,Odd Lot
02:03:53.194 PM ET,8.060,6,48,Mid,IEX,Odd Lot
02:04:12.419 PM ET,8.060,6,48,Mid,Off Exchange,Odd Lot
02:08:08.478 PM ET,8.060,6,48,Mid,Off Exchange,Odd Lot
02:09:23.464 PM ET,8.060,6,48,Mid,Off Exchange,Odd Lot
02:10:48.703 PM ET,8.060,6,48,Mid,Off Exchange,Odd Lot
02:11:27.434 PM ET,8.060,6,48,Mid,Off Exchange,Odd Lot
02:13:01.517 PM ET,8.060,6,48,Mid,Off Exchange,Odd Lot
02:13:49.753 PM ET,8.070,6,48,Mid,IEX,Odd Lot
02:14:18.024 PM ET,8.070,6,48,Mid,Off Exchange,Odd Lot
02:14:37.263 PM ET,8.070,6,48,Mid,Off Exchange,Odd Lot
02:15:53.604 PM ET,8.070,6,48,Mid,Off Exchange,Odd Lot
02:26:12.270 PM ET,8.120,6,49,Ask,NYSE Arca,Inter Mkt Swp; Odd Lot; Trade Thru Exmpt
02:30:32.075 PM ET,8.110,6,49,Ask,Off Exchange,Odd Lot
02:32:24.206 PM ET,8.110,6,49,Ask,NYSE National,Inter Mkt Swp; Odd Lot; Trade Thru Exmpt
02:32:24.423 PM ET,8.115,6,49,Mid,IEX,Odd Lot
02:32:35.458 PM ET,8.120,6,49,Mid,IEX,Odd Lot
02:36:02.041 PM ET,8.100,6,49,Mid,Cboe EDGX,Odd Lot
02:42:32.647 PM ET,8.080,6,48,Mid,IEX,Odd Lot
02:55:18.266 PM ET,8.080,6,48,Bid,Cboe BZX,Inter Mkt Swp; Odd Lot; Trade Thru Exmpt
03:00:32.047 PM ET,8.080,6,48,Bid,Cboe EDGX,Inter Mkt Swp; Odd Lot; Trade Thru Exmpt
03:03:09.418 PM ET,8.075,6,48,Mid,Off Exchange,Odd Lot
03:06:37.881 PM ET,8.070,6,48,Mid,NYSE Arca,Odd Lot
03:10:46.597 PM ET,8.070,6,48,Mid,Off Exchange,Odd Lot
03:11:08.434 PM ET,8.070,6,48,Mid,Off Exchange,Odd Lot
03:11:55.757 PM ET,8.040,6,48,Bid,Off Exchange,Odd Lot
03:12:12.387 PM ET,8.040,6,48,Bid,IEX,Odd Lot
03:12:42.651 PM ET,8.050,6,48,Mid,Off Exchange,Odd Lot
03:14:05.594 PM ET,8.060,6,48,Ask,Off Exchange,Odd Lot
03:16:35.606 PM ET,8.050,6,48,Mid,MEMX,Odd Lot
03:19:43.526 PM ET,8.030,6,48,Bid,IEX,Odd Lot
03:19:46.484 PM ET,8.030,6,48,Ask,MEMX,Odd Lot
03:21:22.871 PM ET,8.040,6,48,Ask,Nasdaq GSM,Inter Mkt Swp; Odd Lot; Trade Thru Exmpt
03:22:42.759 PM ET,8.060,6,48,Mid,Nasdaq GSM,Inter Mkt Swp; Odd Lot; Trade Thru Exmpt
03:26:58.248 PM ET,8.070,6,48,Mid,Nasdaq GSM,Odd Lot
03:30:36.949 PM ET,8.049,6,48,Ask,Off Exchange,Deriv Priced; Odd Lot; Trade Thru Exmpt
03:32:28.913 PM ET,8.010,6,48,Bid,IEX,Odd Lot
03:35:51.503 PM ET,8.000,6,48,Bid,NYSE Arca,Inter Mkt Swp; Odd Lot; Trade Thru Exmpt
03:36:09.157 PM ET,8.020,6,48,Bid,IEX,Odd Lot
03:36:09.158 PM ET,8.020,6,48,Bid,MEMX,Inter Mkt Swp; Odd Lot; Trade Thru Exmpt
03:36:09.175 PM ET,8.030,6,48,Bid,Cboe BZX,Odd Lot
03:36:09.179 PM ET,8.040,6,48,Bid,NYSE Arca,Odd Lot
03:37:18.186 PM ET,8.080,6,48,Mid,NYSE Arca,Odd Lot
03:37:18.187 PM ET,8.080,6,48,Mid,IEX,Odd Lot
03:40:58.073 PM ET,8.080,6,48,Bid,NYSE Arca,Inter Mkt Swp; Odd Lot; Trade Thru Exmpt
03:42:07.130 PM ET,8.070,6,48,Bid,IEX,Odd Lot
03:43:00.449 PM ET,8.070,6,48,Bid,IEX,Odd Lot
03:43:44.434 PM ET,8.070,6,48,Bid,IEX,Odd Lot
03:43:56.611 PM ET,8.070,6,48,Bid,IEX,Odd Lot
03:44:08.284 PM ET,8.070,6,48,Bid,NYSE Arca,Inter Mkt Swp; Odd Lot; Trade Thru Exmpt
03:44:26.181 PM ET,8.060,6,48,Bid,Cboe BYX,Inter Mkt Swp; Odd Lot; Trade Thru Exmpt
03:48:58.017 PM ET,8.070,6,48,Bid,NYSE Arca,Inter Mkt Swp; Odd Lot; Trade Thru Exmpt
03:52:17.650 PM ET,8.080,6,48,Bid,Nasdaq GSM,Odd Lot
03:52:17.650 PM ET,8.080,6,48,Bid,NYSE Arca,Inter Mkt Swp; Odd Lot; Trade Thru Exmpt
03:55:05.552 PM ET,8.090,6,49,Ask,Nasdaq GSM,Inter Mkt Swp; Odd Lot; Trade Thru Exmpt
03:55:05.552 PM ET,8.090,6,49,Ask,Cboe EDGX,Inter Mkt Swp; Odd Lot; Trade Thru Exmpt
03:55:42.556 PM ET,8.090,6,49,Mid,Off Exchange,Odd Lot
03:56:52.172 PM ET,8.095,6,49,Mid,IEX,Odd Lot
03:58:06.778 PM ET,8.095,6,49,Mid,Off Exchange,Odd Lot
03:58:27.586 PM ET,8.100,6,49,Bid,Nasdaq GSM,Inter Mkt Swp; Odd Lot; Trade Thru Exmpt
03:58:30.676 PM ET,8.100,6,49,Bid,IEX,Odd Lot
03:58:56.872 PM ET,8.094,6,49,Bid,Off Exchange,Odd Lot
03:59:20.557 PM ET,8.110,6,49,None,Off Exchange,Odd Lot
03:59:20.560 PM ET,8.110,6,49,None,IEX,Odd Lot
04:22:11.043 PM ET,8.100,6,49,Mid,NYSE Arca,Frm T Ext Hrs; Inter Mkt Swp; Odd Lot; Trade Thru Exmpt
04:22:11.044 PM ET,8.100,6,49,Mid,NYSE Arca,Frm T Ext Hrs; Inter Mkt Swp; Odd Lot; Trade Thru Exmpt
05:05:07.169 AM ET,8.120,5,41,Mid,Cboe EDGX,Frm T Ext Hrs; Odd Lot
05:05:07.172 AM ET,8.160,5,41,Ask,Off Exchange,Frm T Ext Hrs; Odd Lot
09:32:54.910 AM ET,8.071,5,40,Mid,Off Exchange,Odd Lot
09:34:30.825 AM ET,8.071,5,40,Mid,Off Exchange,Odd Lot
09:36:38.569 AM ET,8.066,5,40,Mid,Off Exchange,Odd Lot
09:38:46.105 AM ET,8.066,5,40,Mid,Off Exchange,Odd Lot
09:40:53.648 AM ET,8.041,5,40,Mid,Off Exchange,Odd Lot
09:43:01.374 AM ET,8.046,5,40,Mid,Off Exchange,Odd Lot
09:44:37.133 AM ET,8.046,5,40,Mid,Off Exchange,Odd Lot
09:46:44.668 AM ET,8.036,5,40,Mid,Off Exchange,Odd Lot
09:48:52.368 AM ET,8.036,5,40,Mid,Off Exchange,Odd Lot
09:51:00.129 AM ET,8.066,5,40,Mid,Off Exchange,Odd Lot
09:51:13.820 AM ET,8.060,5,40,Mid,Off Exchange,Odd Lot
09:52:30.325 AM ET,8.060,5,40,Mid,Off Exchange,Odd Lot
09:52:35.899 AM ET,8.071,5,40,Mid,Off Exchange,Odd Lot
09:54:43.579 AM ET,8.076,5,40,Mid,Off Exchange,Odd Lot
09:56:00.138 AM ET,8.120,5,41,Ask,NYSE Arca,Odd Lot
09:56:00.226 AM ET,8.140,5,41,Ask,Cboe BZX,Inter Mkt Swp; Odd Lot; Trade Thru Exmpt
09:56:51.269 AM ET,8.140,5,41,Mid,Off Exchange,Odd Lot
09:58:58.861 AM ET,8.111,5,41,Mid,Off Exchange,Odd Lot
10:00:34.605 AM ET,8.111,5,41,Mid,Off Exchange,Odd Lot
10:11:50.411 AM ET,8.090,5,40,Mid,Off Exchange,Deriv Priced; Odd Lot; Trade Thru Exmpt
10:26:17.915 AM ET,8.065,5,40,Mid,Off Exchange,Odd Lot
10:35:56.061 AM ET,8.070,5,40,Mid,Cboe EDGA,Inter Mkt Swp; Odd Lot; Trade Thru Exmpt
10:47:13.513 AM ET,8.130,5,41,Ask,IEX,Odd Lot
10:48:56.366 AM ET,8.130,5,41,Mid,NYSE Arca,Odd Lot
10:55:01.586 AM ET,8.100,5,41,Bid,Off Exchange,Odd Lot
11:21:30.112 AM ET,8.070,5,40,Mid,Off Exchange,Odd Lot
11:24:15.326 AM ET,8.080,5,40,Mid,Cboe BZX,Inter Mkt Swp; Odd Lot; Trade Thru Exmpt
11:24:15.326 AM ET,8.080,5,40,Mid,NYSE Arca,Inter Mkt Swp; Odd Lot; Trade Thru Exmpt
11:58:17.043 AM ET,8.090,5,40,Mid,Off Exchange,Odd Lot
11:59:29.087 AM ET,8.110,5,41,Ask,Cboe BZX,Inter Mkt Swp; Odd Lot; Trade Thru Exmpt
12:17:15.075 PM ET,8.120,5,41,Ask,IEX,Odd Lot
12:22:49.978 PM ET,8.110,5,41,Mid,Off Exchange,Odd Lot
12:25:46.867 PM ET,8.130,5,41,Ask,Cboe BYX,Inter Mkt Swp; Odd Lot; Trade Thru Exmpt
12:25:46.867 PM ET,8.110,5,41,Mid,IEX,Odd Lot
12:36:57.257 PM ET,8.100,5,41,Mid,Off Exchange,Odd Lot
12:36:57.258 PM ET,8.100,5,41,Mid,Off Exchange,Odd Lot
12:39:13.516 PM ET,8.085,5,40,Mid,Off Exchange,Odd Lot
12:39:35.637 PM ET,8.090,5,40,Mid,Off Exchange,Odd Lot
12:46:47.355 PM ET,8.060,5,40,Mid,Off Exchange,Odd Lot
12:54:06.974 PM ET,8.052,5,40,Mid,Off Exchange,Odd Lot
12:54:38.243 PM ET,8.060,5,40,Ask,Off Exchange,Odd Lot
12:56:10.644 PM ET,8.070,5,40,Mid,Off Exchange,Odd Lot
01:06:48.335 PM ET,8.060,5,40,Mid,Off Exchange,Odd Lot
01:10:32.116 PM ET,8.050,5,40,Ask,IEX,Odd Lot
01:11:36.067 PM ET,8.040,5,40,Mid,Off Exchange,Odd Lot
01:18:57.978 PM ET,8.070,5,40,Mid,Off Exchange,Odd Lot
01:24:19.177 PM ET,8.055,5,40,Mid,Off Exchange,Odd Lot
01:24:47.524 PM ET,8.060,5,40,Mid,Off Exchange,Odd Lot
01:32:26.071 PM ET,8.032,5,40,Mid,Off Exchange,Odd Lot
01:34:06.586 PM ET,8.060,5,40,Mid,Cboe EDGX,Inter Mkt Swp; Odd Lot; Trade Thru Exmpt
01:36:38.853 PM ET,8.050,5,40,Bid,Off Exchange,Odd Lot
01:55:06.821 PM ET,8.050,5,40,Ask,Off Exchange,Odd Lot
01:55:06.822 PM ET,8.050,5,40,Ask,Off Exchange,Odd Lot
01:55:14.480 PM ET,8.050,5,40,Ask,Off Exchange,Odd Lot
02:01:29.699 PM ET,8.060,5,40,Mid,Nasdaq GSM,Inter Mkt Swp; Odd Lot; Trade Thru Exmpt
02:04:31.280 PM ET,8.060,5,40,Mid,Off Exchange,Odd Lot
02:04:49.848 PM ET,8.060,5,40,Mid,Off Exchange,Odd Lot
02:06:04.896 PM ET,8.060,5,40,Mid,Off Exchange,Odd Lot
02:06:21.513 PM ET,8.060,5,40,Mid,Off Exchange,Odd Lot
02:07:46.788 PM ET,8.060,5,40,Mid,Off Exchange,Odd Lot
02:08:11.912 PM ET,8.064,5,40,Mid,Off Exchange,Odd Lot
02:09:02.690 PM ET,8.060,5,40,Mid,Off Exchange,Odd Lot
02:09:42.271 PM ET,8.060,5,40,Mid,Off Exchange,Odd Lot
02:10:29.725 PM ET,8.060,5,40,Mid,Off Exchange,Odd Lot
02:11:08.512 PM ET,8.060,5,40,Mid,Off Exchange,Odd Lot
02:11:53.699 PM ET,8.060,5,40,Mid,Off Exchange,Odd Lot
02:12:42.964 PM ET,8.060,5,40,Mid,Off Exchange,Odd Lot
02:13:54.776 PM ET,8.070,5,40,Mid,IEX,Odd Lot
02:15:34.155 PM ET,8.070,5,40,Mid,Off Exchange,Odd Lot
02:16:12.191 PM ET,8.070,5,40,Mid,Off Exchange,Odd Lot
02:17:09.234 PM ET,8.070,5,40,Mid,Off Exchange,Odd Lot
02:18:25.708 PM ET,8.070,5,40,Mid,Off Exchange,Odd Lot
02:19:12.994 PM ET,8.070,5,40,Mid,Off Exchange,Odd Lot
02:32:14.845 PM ET,8.090,5,40,Bid,Off Exchange,Odd Lot
02:32:21.979 PM ET,8.100,5,41,Mid,Off Exchange,Odd Lot
02:37:35.915 PM ET,8.080,5,40,Bid,Off Exchange,Odd Lot
02:53:02.772 PM ET,8.085,5,40,Mid,Off Exchange,Odd Lot
02:58:26.403 PM ET,8.085,5,40,Mid,MEMX,Odd Lot
03:04:55.357 PM ET,8.079,5,40,Mid,Off Exchange,Deriv Priced; Odd Lot; Trade Thru Exmpt
03:11:55.409 PM ET,8.055,5,40,Mid,MEMX,Odd Lot
03:14:08.540 PM ET,8.050,5,40,Mid,Off Exchange,Odd Lot
03:16:01.434 PM ET,8.050,5,40,Mid,Off Exchange,Odd Lot
03:19:42.450 PM ET,8.040,5,40,Bid,Off Exchange,Odd Lot
03:19:46.483 PM ET,8.030,5,40,Ask,Cboe BZX,Odd Lot
03:19:46.483 PM ET,8.030,5,40,Ask,Cboe BZX,Inter Mkt Swp; Odd Lot; Trade Thru Exmpt
03:19:46.551 PM ET,8.030,5,40,Bid,Cboe BZX,Inter Mkt Swp; Odd Lot; Trade Thru Exmpt
03:19:48.001 PM ET,8.035,5,40,Mid,Off Exchange,Odd Lot
03:20:31.086 PM ET,8.035,5,40,Mid,Off Exchange,Odd Lot
03:21:22.871 PM ET,8.040,5,40,Ask,Nasdaq GSM,Inter Mkt Swp; Odd Lot; Trade Thru Exmpt
03:21:22.871 PM ET,8.040,5,40,Ask,Cboe BZX,Odd Lot
03:21:22.871 PM ET,8.040,5,40,Ask,Nasdaq GSM,Odd Lot
03:24:54.190 PM ET,8.060,5,40,Bid,Off Exchange,Odd Lot
03:25:15.368 PM ET,8.060,5,40,Mid,Off Exchange,Odd Lot
03:26:58.247 PM ET,8.070,5,40,Mid,Off Exchange,Odd Lot
03:29:47.870 PM ET,8.025,5,40,Mid,Nasdaq GSM,Inter Mkt Swp; Odd Lot; Trade Thru Exmpt
03:29:47.870 PM ET,8.040,5,40,Ask,IEX,Odd Lot
03:30:33.071 PM ET,8.025,5,40,Mid,Off Exchange,Odd Lot
03:35:51.503 PM ET,8.000,5,40,Bid,NYSE Arca,Inter Mkt Swp; Odd Lot; Trade Thru Exmpt
03:35:51.504 PM ET,7.980,5,40,Bid,IEX,Odd Lot
03:36:09.175 PM ET,8.030,5,40,Bid,NYSE Arca,Inter Mkt Swp; Odd Lot; Trade Thru Exmpt
03:36:09.226 PM ET,8.060,5,40,Ask,NYSE Arca,Inter Mkt Swp; Odd Lot; Trade Thru Exmpt
03:55:37.169 PM ET,8.095,5,40,Mid,Off Exchange,Odd Lot
03:58:27.586 PM ET,8.100,5,41,Bid,Nasdaq GSM,Inter Mkt Swp; Odd Lot; Trade Thru Exmpt
03:58:27.587 PM ET,8.100,5,41,Bid,NYSE Arca,Inter Mkt Swp; Odd Lot; Trade Thru Exmpt
03:59:04.042 PM ET,8.105,5,41,Mid,Off Exchange,Odd Lot
03:59:11.714 PM ET,8.110,5,41,None,Off Exchange,Odd Lot
03:59:21.361 PM ET,8.110,5,41,None,Off Exchange,Odd Lot
03:59:27.783 PM ET,8.085,5,40,None,Off Exchange,Odd Lot
03:59:43.360 PM ET,8.085,5,40,None,Off Exchange,Odd Lot
03:59:56.026 PM ET,8.090,5,40,None,NYSE Arca,Inter Mkt Swp; Odd Lot; Trade Thru Exmpt
09:30:58.915 AM ET,8.030,4,32,Bid,Nasdaq GSM,Odd Lot
09:31:51.139 AM ET,8.066,4,32,Mid,Off Exchange,Odd Lot
09:33:58.717 AM ET,8.071,4,32,Mid,Off Exchange,Odd Lot
09:35:34.563 AM ET,8.071,4,32,Mid,Off Exchange,Odd Lot
09:37:42.111 AM ET,8.066,4,32,Mid,Off Exchange,Odd Lot
09:39:49.861 AM ET,8.061,4,32,Mid,Off Exchange,Odd Lot
09:41:57.391 AM ET,8.041,4,32,Mid,Off Exchange,Odd Lot
09:43:33.190 AM ET,8.046,4,32,Mid,Off Exchange,Odd Lot
09:45:40.988 AM ET,8.056,4,32,Mid,Off Exchange,Odd Lot
09:47:48.610 AM ET,8.036,4,32,Mid,Off Exchange,Odd Lot
09:49:56.195 AM ET,8.056,4,32,Mid,Off Exchange,Odd Lot
09:51:32.122 AM ET,8.076,4,32,Mid,Off Exchange,Odd Lot
09:53:39.547 AM ET,8.071,4,32,Mid,Off Exchange,Odd Lot
09:55:47.313 AM ET,8.081,4,32,Mid,Off Exchange,Odd Lot
09:57:54.896 AM ET,8.131,4,33,Mid,Off Exchange,Odd Lot
09:59:30.640 AM ET,8.111,4,32,Mid,Off Exchange,Odd Lot
10:00:42.544 AM ET,8.105,4,32,Mid,Off Exchange,Odd Lot
10:27:24.273 AM ET,8.050,4,32,Bid,Off Exchange,Odd Lot
10:30:06.087 AM ET,8.070,4,32,Mid,Nasdaq GSM,Odd Lot
10:38:29.364 AM ET,8.075,4,32,Mid,Off Exchange,Odd Lot
10:44:01.303 AM ET,8.060,4,32,Mid,Off Exchange,Odd Lot
10:50:08.286 AM ET,8.140,4,33,Mid,Off Exchange,Odd Lot
10:54:34.247 AM ET,8.115,4,32,Mid,Off Exchange,Odd Lot
11:00:20.105 AM ET,8.109,4,32,Mid,Off Exchange,Odd Lot
11:01:04.596 AM ET,8.100,4,32,Bid,Off Exchange,Odd Lot
11:09:57.993 AM ET,8.105,4,32,Mid,Off Exchange,Odd Lot
11:11:59.250 AM ET,8.105,4,32,Mid,Off Exchange,Odd Lot
11:12:23.875 AM ET,8.105,4,32,Mid,Off Exchange,Odd Lot
11:13:06.432 AM ET,8.100,4,32,Mid,IEX,Odd Lot
11:14:56.288 AM ET,8.105,4,32,Mid,Off Exchange,Odd Lot
11:19:05.923 AM ET,8.095,4,32,Mid,IEX,Odd Lot
11:31:35.799 AM ET,8.090,4,32,Mid,Off Exchange,Odd Lot
11:32:20.653 AM ET,8.090,4,32,Mid,Off Exchange,Odd Lot
11:38:12.568 AM ET,8.090,4,32,Mid,Off Exchange,Odd Lot
11:44:17.073 AM ET,8.090,4,32,Mid,IEX,Odd Lot
11:44:32.218 AM ET,8.090,4,32,Mid,IEX,Odd Lot
11:48:44.686 AM ET,8.110,4,32,Ask,IEX,Odd Lot
11:59:49.391 AM ET,8.110,4,32,Ask,NYSE Arca,Inter Mkt Swp; Odd Lot; Trade Thru Exmpt
12:00:49.997 PM ET,8.100,4,32,Mid,Off Exchange,Odd Lot
12:38:10.685 PM ET,8.100,4,32,Mid,IEX,Odd Lot
12:38:16.704 PM ET,8.090,4,32,Bid,Off Exchange,Odd Lot
12:38:49.929 PM ET,8.090,4,32,Ask,NYSE American,Inter Mkt Swp; Odd Lot; Trade Thru Exmpt
12:44:52.442 PM ET,8.055,4,32,Mid,Off Exchange,Odd Lot
12:48:05.945 PM ET,8.040,4,32,Bid,Off Exchange,Odd Lot
12:50:04.812 PM ET,8.030,4,32,Bid,NYSE Arca,Inter Mkt Swp; Odd Lot; Trade Thru Exmpt
12:50:04.812 PM ET,8.040,4,32,Bid,NYSE Arca,Inter Mkt Swp; Odd Lot; Trade Thru Exmpt
12:50:05.550 PM ET,8.050,4,32,Mid,Cboe EDGX,Odd Lot
12:50:06.605 PM ET,8.050,4,32,Mid,Off Exchange,Odd Lot
12:59:46.722 PM ET,8.040,4,32,Mid,Off Exchange,Odd Lot
12:59:49.812 PM ET,8.050,4,32,Mid,NYSE Arca,Inter Mkt Swp; Odd Lot; Trade Thru Exmpt
01:07:27.936 PM ET,8.040,4,32,Mid,Cboe BZX,Inter Mkt Swp; Odd Lot; Trade Thru Exmpt
01:14:22.538 PM ET,8.070,4,32,Mid,Off Exchange,Odd Lot
01:24:06.213 PM ET,8.062,4,32,Mid,Off Exchange,Odd Lot
01:29:42.451 PM ET,8.030,4,32,Mid,Off Exchange,Odd Lot
01:34:45.392 PM ET,8.052,4,32,Mid,Off Exchange,Odd Lot
01:41:58.792 PM ET,8.071,4,32,Mid,Off Exchange,Odd Lot
01:43:34.110 PM ET,8.060,4,32,Bid,Off Exchange,Odd Lot
01:49:58.118 PM ET,8.050,4,32,Mid,Off Exchange,Odd Lot
01:59:13.954 PM ET,8.060,4,32,Ask,IEX,Odd Lot
02:01:29.522 PM ET,8.060,4,32,Mid,Nasdaq GSM,Inter Mkt Swp; Odd Lot; Trade Thru Exmpt
02:02:43.289 PM ET,8.060,4,32,Mid,Off Exchange,Odd Lot
02:07:04.824 PM ET,8.060,4,32,Mid,Off Exchange,Odd Lot
02:12:23.353 PM ET,8.060,4,32,Mid,Off Exchange,Odd Lot
02:16:50.368 PM ET,8.070,4,32,Mid,Off Exchange,Odd Lot
02:18:14.754 PM ET,8.070,4,32,Mid,Off Exchange,Odd Lot
02:19:25.139 PM ET,8.070,4,32,Mid,Off Exchange,Odd Lot
02:44:24.903 PM ET,8.080,4,32,Mid,Off Exchange,Odd Lot
02:45:30.476 PM ET,8.080,4,32,Mid,Off Exchange,Odd Lot
02:53:02.771 PM ET,8.085,4,32,Mid,Off Exchange,Odd Lot
02:53:17.336 PM ET,8.080,4,32,Bid,NYSE Arca,Odd Lot
02:57:36.357 PM ET,8.085,4,32,Mid,Off Exchange,Odd Lot
03:19:04.754 PM ET,8.045,4,32,Mid,Off Exchange,Odd Lot
03:21:22.871 PM ET,8.040,4,32,Ask,Nasdaq GSM,Inter Mkt Swp; Odd Lot; Trade Thru Exmpt
03:21:22.871 PM ET,8.040,4,32,Ask,Nasdaq GSM,Odd Lot
03:23:35.676 PM ET,8.035,4,32,Bid,Off Exchange,Odd Lot
03:26:00.486 PM ET,8.050,4,32,Bid,Off Exchange,Odd Lot
03:30:36.943 PM ET,8.049,4,32,Ask,Off Exchange,Deriv Priced; Odd Lot; Trade Thru Exmpt
03:33:41.391 PM ET,8.059,4,32,Ask,Off Exchange,Odd Lot
03:35:50.556 PM ET,8.010,4,32,Ask,NYSE Arca,Inter Mkt Swp; Odd Lot; Trade Thru Exmpt
03:35:50.556 PM ET,8.000,4,32,Bid,NYSE Arca,Inter Mkt Swp; Odd Lot; Trade Thru Exmpt
03:36:09.159 PM ET,8.020,4,32,Bid,Off Exchange,Odd Lot
03:37:00.144 PM ET,8.065,4,32,Mid,IEX,Odd Lot
03:38:46.277 PM ET,8.080,4,32,Bid,Off Exchange,Odd Lot
03:40:58.459 PM ET,8.075,4,32,Mid,Off Exchange,Odd Lot
03:41:47.448 PM ET,8.075,4,32,Mid,Off Exchange,Odd Lot
03:43:43.994 PM ET,8.029,4,32,Bid,Off Exchange,Odd Lot
03:48:58.017 PM ET,8.060,4,32,Bid,Off Exchange,Odd Lot
03:50:04.914 PM ET,8.070,4,32,Mid,Off Exchange,Odd Lot
03:53:50.733 PM ET,8.080,4,32,Mid,Off Exchange,Odd Lot
03:54:56.011 PM ET,8.080,4,32,Mid,Off Exchange,Odd Lot
03:55:56.272 PM ET,8.090,4,32,Mid,Off Exchange,Odd Lot
03:57:12.264 PM ET,8.095,4,32,Mid,Off Exchange,Odd Lot
03:57:30.582 PM ET,8.095,4,32,Mid,Off Exchange,Odd Lot
03:58:27.586 PM ET,8.095,4,32,Bid,IEX,Odd Lot
03:58:27.586 PM ET,8.100,4,32,Bid,Nasdaq GSM,Inter Mkt Swp; Odd Lot; Trade Thru Exmpt
03:59:06.905 PM ET,8.105,4,32,None,Off Exchange,Odd Lot
03:59:15.700 PM ET,8.105,4,32,None,Off Exchange,Odd Lot
03:59:34.588 PM ET,8.100,4,32,None,Off Exchange,Odd Lot
04:37:28.115 PM ET,7.980,4,32,Mid,Cboe BZX,Frm T Ext Hrs; Inter Mkt Swp; Odd Lot; Trade Thru Exmpt
09:30:04.233 AM ET,8.140,3,24,Ask,Off Exchange,Odd Lot
09:30:48.185 AM ET,8.030,3,24,Bid,Nasdaq GSM,Odd Lot
09:32:44.299 AM ET,8.055,3,24,Mid,Off Exchange,Odd Lot
09:35:03.295 AM ET,8.055,3,24,Mid,Off Exchange,Odd Lot
09:44:01.157 AM ET,8.040,3,24,Mid,Cboe BZX,Odd Lot
09:56:00.226 AM ET,8.130,3,24,Mid,Cboe BZX,Inter Mkt Swp; Odd Lot; Trade Thru Exmpt
10:31:59.833 AM ET,8.070,3,24,Mid,Off Exchange,Odd Lot
10:33:49.889 AM ET,8.060,3,24,Mid,Cboe BZX,Inter Mkt Swp; Odd Lot; Trade Thru Exmpt
10:47:12.483 AM ET,8.120,3,24,Mid,Nasdaq GSM,Inter Mkt Swp; Odd Lot; Trade Thru Exmpt
10:57:54.917 AM ET,8.115,3,24,Mid,Off Exchange,Odd Lot
10:59:01.204 AM ET,8.115,3,24,Mid,Off Exchange,Odd Lot
10:59:01.653 AM ET,8.120,3,24,Mid,Off Exchange,Odd Lot
10:59:20.338 AM ET,8.115,3,24,Mid,Off Exchange,Odd Lot
11:09:21.650 AM ET,8.105,3,24,Mid,Off Exchange,Odd Lot
11:12:06.923 AM ET,8.105,3,24,Mid,Off Exchange,Odd Lot
11:25:04.932 AM ET,8.088,3,24,Mid,Off Exchange,Odd Lot
11:35:16.474 AM ET,8.090,3,24,Mid,Off Exchange,Odd Lot
11:39:16.384 AM ET,8.090,3,24,Mid,Off Exchange,Odd Lot
11:39:53.847 AM ET,8.090,3,24,Mid,IEX,Odd Lot
11:42:54.346 AM ET,8.090,3,24,Mid,Off Exchange,Odd Lot
11:46:24.332 AM ET,8.086,3,24,Mid,Off Exchange,Odd Lot
11:56:28.212 AM ET,8.096,3,24,Mid,Off Exchange,Odd Lot
12:06:36.111 PM ET,8.101,3,24,Mid,Off Exchange,Odd Lot
12:09:22.974 PM ET,8.100,3,24,Mid,Off Exchange,Odd Lot
12:17:11.124 PM ET,8.110,3,24,Ask,Cboe BYX,Inter Mkt Swp; Odd Lot; Trade Thru Exmpt
12:17:15.072 PM ET,8.110,3,24,Ask,Cboe BZX,Inter Mkt Swp; Odd Lot; Trade Thru Exmpt
12:20:46.353 PM ET,8.116,3,24,Mid,Off Exchange,Odd Lot
12:31:31.241 PM ET,8.110,3,24,Mid,Off Exchange,Odd Lot
12:35:01.152 PM ET,8.110,3,24,Mid,Off Exchange,Odd Lot
12:36:08.062 PM ET,8.110,3,24,Mid,Off Exchange,Odd Lot
12:39:17.518 PM ET,8.060,3,24,Bid,Off Exchange,Odd Lot
12:40:02.884 PM ET,8.060,3,24,Bid,Off Exchange,Odd Lot
12:46:47.352 PM ET,8.060,3,24,Mid,Off Exchange,Odd Lot
12:46:47.353 PM ET,8.060,3,24,Mid,Off Exchange,Odd Lot
12:50:58.207 PM ET,8.050,3,24,Mid,Off Exchange,Odd Lot
12:54:38.237 PM ET,8.060,3,24,Ask,Off Exchange,Odd Lot
12:54:38.243 PM ET,8.060,3,24,Ask,Off Exchange,Odd Lot
12:54:38.296 PM ET,8.070,3,24,Ask,MEMX,Inter Mkt Swp; Odd Lot; Trade Thru Exmpt
12:55:12.763 PM ET,8.070,3,24,Mid,IEX,Odd Lot
12:55:19.460 PM ET,8.070,3,24,Mid,Off Exchange,Odd Lot
12:56:05.544 PM ET,8.070,3,24,Mid,IEX,Odd Lot
12:56:34.581 PM ET,8.070,3,24,Mid,Off Exchange,Odd Lot
01:14:03.340 PM ET,8.060,3,24,Mid,Off Exchange,Odd Lot
01:15:44.071 PM ET,8.070,3,24,Mid,Off Exchange,Odd Lot
01:22:50.990 PM ET,8.070,3,24,Mid,IEX,Odd Lot
01:23:08.507 PM ET,8.070,3,24,Mid,Off Exchange,Odd Lot
01:23:48.853 PM ET,8.070,3,24,Mid,Off Exchange,Odd Lot
01:26:07.617 PM ET,8.050,3,24,Bid,Off Exchange,Odd Lot
01:29:42.451 PM ET,8.020,3,24,Bid,Off Exchange,Odd Lot
01:33:33.384 PM ET,8.055,3,24,Mid,Off Exchange,Odd Lot
01:33:53.265 PM ET,8.055,3,24,Mid,Off Exchange,Odd Lot
01:34:10.168 PM ET,8.060,3,24,Mid,Off Exchange,Odd Lot
01:34:38.093 PM ET,8.060,3,24,Mid,Off Exchange,Odd Lot
01:34:58.664 PM ET,8.060,3,24,Mid,Off Exchange,Odd Lot
01:35:15.131 PM ET,8.060,3,24,Mid,Off Exchange,Odd Lot
01:35:20.146 PM ET,8.070,3,24,Ask,IEX,Odd Lot
01:35:37.385 PM ET,8.060,3,24,Mid,Off Exchange,Odd Lot
01:40:26.655 PM ET,8.070,3,24,Mid,Off Exchange,Odd Lot
01:40:45.497 PM ET,8.070,3,24,Mid,Off Exchange,Odd Lot
01:43:08.171 PM ET,8.080,3,24,Mid,Off Exchange,Odd Lot
01:45:10.770 PM ET,8.070,3,24,Mid,Off Exchange,Odd Lot
01:52:43.161 PM ET,8.045,3,24,Mid,Off Exchange,Odd Lot
01:56:42.393 PM ET,8.045,3,24,Mid,Off Exchange,Odd Lot
01:57:43.028 PM ET,8.050,3,24,Ask,Off Exchange,Odd Lot
01:59:52.274 PM ET,8.060,3,24,Mid,Off Exchange,Odd Lot
02:05:28.204 PM ET,8.060,3,24,Mid,Off Exchange,Odd Lot
02:05:46.489 PM ET,8.060,3,24,Mid,Off Exchange,Odd Lot
02:06:31.887 PM ET,8.050,3,24,Bid,Off Exchange,Odd Lot
02:06:49.085 PM ET,8.050,3,24,Bid,Off Exchange,Odd Lot
02:13:49.747 PM ET,8.070,3,24,Mid,Off Exchange,Odd Lot
02:14:00.017 PM ET,8.070,3,24,Mid,Off Exchange,Odd Lot
02:14:51.028 PM ET,8.070,3,24,Mid,Off Exchange,Odd Lot
02:15:15.350 PM ET,8.070,3,24,Mid,Off Exchange,Odd Lot
02:17:04.831 PM ET,8.070,3,24,Mid,Off Exchange,Odd Lot
02:18:02.533 PM ET,8.063,3,24,Mid,Off Exchange,Odd Lot
02:18:52.188 PM ET,8.070,3,24,Mid,Off Exchange,Odd Lot
02:19:39.984 PM ET,8.060,3,24,Bid,Off Exchange,Odd Lot
02:19:50.592 PM ET,8.070,3,24,Mid,Off Exchange,Odd Lot
02:24:43.191 PM ET,8.110,3,24,Mid,Off Exchange,Odd Lot
02:27:17.104 PM ET,8.120,3,24,Mid,Off Exchange,Odd Lot
02:30:24.916 PM ET,8.100,3,24,Mid,Off Exchange,Odd Lot
02:33:45.312 PM ET,8.120,3,24,Mid,Off Exchange,Odd Lot
02:36:29.413 PM ET,8.080,3,24,Bid,Off Exchange,Odd Lot
02:42:31.593 PM ET,8.080,3,24,Bid,Off Exchange,Odd Lot
02:44:47.051 PM ET,8.086,3,24,Mid,Off Exchange,Odd Lot
02:53:12.519 PM ET,8.090,3,24,Ask,Off Exchange,Odd Lot
02:55:18.266 PM ET,8.080,3,24,Bid,NYSE Arca,Inter Mkt Swp; Odd Lot; Trade Thru Exmpt
02:57:36.357 PM ET,8.085,3,24,Mid,Off Exchange,Odd Lot
02:58:55.712 PM ET,8.081,3,24,Mid,Off Exchange,Odd Lot
02:59:04.817 PM ET,8.090,3,24,Ask,Off Exchange,Odd Lot
02:59:48.732 PM ET,8.090,3,24,Ask,Off Exchange,Odd Lot
03:00:31.967 PM ET,8.085,3,24,Mid,Nasdaq GSM,Odd Lot
03:13:34.669 PM ET,8.059,3,24,Mid,Off Exchange,Odd Lot
03:14:45.954 PM ET,8.050,3,24,Mid,Off Exchange,Odd Lot
03:16:48.007 PM ET,8.050,3,24,Mid,Off Exchange,Odd Lot
03:18:16.803 PM ET,8.049,3,24,Mid,Off Exchange,Deriv Priced; Odd Lot; Trade Thru Exmpt
03:18:54.160 PM ET,8.045,3,24,Mid,Off Exchange,Odd Lot
03:19:42.454 PM ET,8.040,3,24,Bid,Off Exchange,Odd Lot
03:19:46.483 PM ET,8.030,3,24,Ask,MEMX,Odd Lot
03:19:46.483 PM ET,8.030,3,24,Ask,MEMX,Inter Mkt Swp; Odd Lot; Trade Thru Exmpt
03:21:22.871 PM ET,8.040,3,24,Ask,Nasdaq GSM,Inter Mkt Swp; Odd Lot; Trade Thru Exmpt
03:21:22.871 PM ET,8.040,3,24,Ask,Nasdaq GSM,Odd Lot
03:22:52.139 PM ET,8.060,3,24,Mid,Off Exchange,Odd Lot
03:28:14.844 PM ET,8.075,3,24,Mid,Off Exchange,Odd Lot
03:35:08.848 PM ET,8.020,3,24,Mid,Off Exchange,Odd Lot
03:35:50.556 PM ET,8.000,3,24,Bid,NYSE Arca,Inter Mkt Swp; Odd Lot; Trade Thru Exmpt
03:35:51.504 PM ET,7.970,3,24,Bid,IEX,Odd Lot
03:36:09.157 PM ET,8.020,3,24,Bid,Cboe BZX,Inter Mkt Swp; Odd Lot; Trade Thru Exmpt
03:37:11.757 PM ET,8.080,3,24,Mid,Off Exchange,Odd Lot
03:40:21.810 PM ET,8.080,3,24,Bid,Off Exchange,Odd Lot
03:40:51.566 PM ET,8.080,3,24,Bid,IEX,Odd Lot
03:42:44.838 PM ET,8.075,3,24,Mid,Off Exchange,Odd Lot
03:43:31.733 PM ET,8.075,3,24,Mid,Off Exchange,Odd Lot
03:45:04.044 PM ET,8.060,3,24,Bid,Off Exchange,Odd Lot
03:45:31.335 PM ET,8.060,3,24,Bid,IEX,Odd Lot
03:46:19.786 PM ET,8.080,3,24,Mid,Off Exchange,Odd Lot
03:46:54.492 PM ET,8.080,3,24,Mid,Off Exchange,Odd Lot
03:48:03.518 PM ET,8.065,3,24,Mid,Off Exchange,Odd Lot
03:50:53.733 PM ET,8.070,3,24,Mid,Off Exchange,Odd Lot
03:51:31.542 PM ET,8.070,3,24,Mid,Off Exchange,Odd Lot
03:52:17.645 PM ET,8.060,3,24,Bid,Off Exchange,Odd Lot
03:52:56.400 PM ET,8.080,3,24,Mid,Off Exchange,Odd Lot
03:55:12.086 PM ET,8.095,3,24,Mid,Off Exchange,Odd Lot
03:55:38.170 PM ET,8.095,3,24,Mid,Off Exchange,Odd Lot
03:55:48.383 PM ET,8.090,3,24,Mid,Off Exchange,Odd Lot
03:56:06.888 PM ET,8.090,3,24,Mid,Off Exchange,Odd Lot
03:56:21.033 PM ET,8.090,3,24,Bid,Off Exchange,Odd Lot
03:56:37.391 PM ET,8.095,3,24,Mid,Nasdaq GSM,Odd Lot
03:56:37.392 PM ET,8.100,3,24,Ask,Off Exchange,Odd Lot
03:56:45.206 PM ET,8.095,3,24,Mid,Off Exchange,Odd Lot
03:56:52.168 PM ET,8.095,3,24,Mid,Off Exchange,Odd Lot
03:56:59.297 PM ET,8.095,3,24,Mid,Off Exchange,Odd Lot
03:57:04.347 PM ET,8.095,3,24,Mid,Off Exchange,Odd Lot
03:57:12.262 PM ET,8.095,3,24,Mid,Off Exchange,Odd Lot
03:57:45.055 PM ET,8.095,3,24,Mid,Off Exchange,Odd Lot
03:58:08.481 PM ET,8.090,3,24,Bid,Off Exchange,Odd Lot
03:58:27.587 PM ET,8.090,3,24,Bid,Off Exchange,Odd Lot
03:58:32.677 PM ET,8.105,3,24,Mid,Off Exchange,Odd Lot
03:58:47.380 PM ET,8.105,3,24,Mid,Off Exchange,Odd Lot
03:58:47.380 PM ET,8.110,3,24,Ask,Off Exchange,Odd Lot
03:58:59.182 PM ET,8.105,3,24,Mid,Off Exchange,Odd Lot
03:59:04.038 PM ET,8.105,3,24,Mid,Off Exchange,Odd Lot
03:59:09.632 PM ET,8.105,3,24,None,Off Exchange,Odd Lot
03:59:18.417 PM ET,8.105,3,24,None,Off Exchange,Odd Lot
03:59:19.463 PM ET,8.105,3,24,None,Off Exchange,Odd Lot
03:59:20.561 PM ET,8.110,3,24,None,IEX,Odd Lot
03:59:50.107 PM ET,8.100,3,24,None,Off Exchange,Odd Lot
06:30:01.370 AM ET,8.070,2,16,Mid,Cboe EDGX,Frm T Ext Hrs; Odd Lot
06:30:47.554 AM ET,8.070,2,16,Mid,MEMX,Frm T Ext Hrs; Odd Lot
09:30:01.776 AM ET,8.050,2,16,Mid,Off Exchange,Deriv Priced; Odd Lot; Trade Thru Exmpt
09:30:48.185 AM ET,8.030,2,16,Bid,Cboe BZX,Odd Lot
09:30:48.185 AM ET,8.030,2,16,Bid,NYSE Arca,Odd Lot
09:36:38.490 AM ET,8.046,2,16,Mid,Off Exchange,Odd Lot
09:56:00.228 AM ET,8.130,2,16,Mid,Off Exchange,Odd Lot
10:07:22.517 AM ET,8.105,2,16,Mid,Off Exchange,Odd Lot
10:13:55.330 AM ET,8.110,2,16,Ask,Off Exchange,Odd Lot
10:20:49.917 AM ET,8.085,2,16,Mid,Off Exchange,Odd Lot
10:22:24.769 AM ET,8.074,2,16,Mid,Off Exchange,Odd Lot
10:23:34.132 AM ET,8.085,2,16,Mid,Off Exchange,Deriv Priced; Odd Lot; Trade Thru Exmpt
10:27:57.917 AM ET,8.070,2,16,Ask,Off Exchange,Odd Lot
10:28:38.307 AM ET,8.060,2,16,Mid,Off Exchange,Odd Lot
10:30:16.807 AM ET,8.070,2,16,Mid,Off Exchange,Odd Lot
10:33:49.890 AM ET,8.060,2,16,Mid,NYSE Arca,Odd Lot
10:35:56.060 AM ET,8.080,2,16,Ask,Off Exchange,Odd Lot
10:43:44.825 AM ET,8.070,2,16,Mid,Off Exchange,Odd Lot
10:44:20.208 AM ET,8.050,2,16,Mid,Off Exchange,Odd Lot
10:45:24.246 AM ET,8.080,2,16,Ask,Off Exchange,Odd Lot
10:56:21.413 AM ET,8.115,2,16,Mid,Off Exchange,Odd Lot
10:58:14.169 AM ET,8.115,2,16,Mid,IEX,Odd Lot
10:58:23.805 AM ET,8.115,2,16,Mid,IEX,Odd Lot
10:58:42.084 AM ET,8.115,2,16,Mid,Off Exchange,Odd Lot
10:59:30.844 AM ET,8.122,2,16,Mid,Off Exchange,Odd Lot
10:59:39.573 AM ET,8.115,2,16,Mid,IEX,Odd Lot
10:59:48.375 AM ET,8.130,2,16,Ask,Off Exchange,Odd Lot
11:04:19.976 AM ET,8.089,2,16,Mid,Off Exchange,Odd Lot
11:07:33.920 AM ET,8.080,2,16,Mid,Off Exchange,Odd Lot
11:09:09.530 AM ET,8.105,2,16,Mid,IEX,Odd Lot
11:10:13.128 AM ET,8.105,2,16,Mid,IEX,Odd Lot
11:10:23.225 AM ET,8.105,2,16,Mid,IEX,Odd Lot
11:10:47.342 AM ET,8.105,2,16,Mid,IEX,Odd Lot
11:11:16.422 AM ET,8.105,2,16,Mid,IEX,Odd Lot
11:11:21.427 AM ET,8.105,2,16,Mid,IEX,Odd Lot
11:12:11.887 AM ET,8.105,2,16,Mid,Off Exchange,Odd Lot
11:13:16.518 AM ET,8.100,2,16,Mid,IEX,Odd Lot
11:13:37.941 AM ET,8.105,2,16,Mid,IEX,Odd Lot
11:13:52.036 AM ET,8.105,2,16,Mid,IEX,Odd Lot
11:14:02.009 AM ET,8.105,2,16,Mid,IEX,Odd Lot
11:15:01.288 AM ET,8.105,2,16,Mid,Off Exchange,Odd Lot
11:15:17.910 AM ET,8.105,2,16,Mid,Off Exchange,Odd Lot
11:15:37.258 AM ET,8.105,2,16,Mid,IEX,Odd Lot
11:15:56.489 AM ET,8.105,2,16,Mid,IEX,Odd Lot
11:16:15.045 AM ET,8.100,2,16,Mid,Off Exchange,Odd Lot
11:16:34.559 AM ET,8.100,2,16,Mid,IEX,Odd Lot
11:16:58.090 AM ET,8.100,2,16,Mid,IEX,Odd Lot
11:17:12.219 AM ET,8.100,2,16,Mid,Off Exchange,Odd Lot
11:17:31.827 AM ET,8.100,2,16,Mid,IEX,Odd Lot
11:19:10.466 AM ET,8.070,2,16,Mid,MEMX,Odd Lot
11:19:18.978 AM ET,8.070,2,16,Mid,Off Exchange,Odd Lot
11:26:05.889 AM ET,8.090,2,16,Mid,Off Exchange,Odd Lot
11:26:20.758 AM ET,8.090,2,16,Mid,Off Exchange,Odd Lot
11:26:42.331 AM ET,8.090,2,16,Mid,Off Exchange,Odd Lot
11:27:03.131 AM ET,8.090,2,16,Mid,Off Exchange,Odd Lot
11:27:21.603 AM ET,8.090,2,16,Mid,Off Exchange,Odd Lot
11:27:41.037 AM ET,8.090,2,16,Mid,Off Exchange,Odd Lot
11:28:00.615 AM ET,8.090,2,16,Mid,Off Exchange,Odd Lot
11:28:20.232 AM ET,8.090,2,16,Mid,Off Exchange,Odd Lot
11:28:48.525 AM ET,8.090,2,16,Mid,Off Exchange,Odd Lot
11:29:07.604 AM ET,8.090,2,16,Mid,Off Exchange,Odd Lot
11:29:26.583 AM ET,8.090,2,16,Mid,Off Exchange,Odd Lot
11:29:45.885 AM ET,8.090,2,16,Mid,Off Exchange,Odd Lot
11:30:04.182 AM ET,8.090,2,16,Mid,Off Exchange,Odd Lot
11:30:23.527 AM ET,8.090,2,16,Mid,Off Exchange,Odd Lot
11:32:13.904 AM ET,8.110,2,16,Ask,Off Exchange,Odd Lot
11:32:26.544 AM ET,8.090,2,16,Mid,Off Exchange,Odd Lot
11:33:57.240 AM ET,8.090,2,16,Mid,Off Exchange,Odd Lot
11:34:11.235 AM ET,8.090,2,16,Mid,Off Exchange,Odd Lot
11:34:39.793 AM ET,8.090,2,16,Mid,Off Exchange,Odd Lot
11:34:59.028 AM ET,8.090,2,16,Mid,Off Exchange,Odd Lot
11:35:16.476 AM ET,8.090,2,16,Mid,Off Exchange,Odd Lot
11:35:36.200 AM ET,8.090,2,16,Mid,Off Exchange,Odd Lot
11:35:54.908 AM ET,8.090,2,16,Mid,Off Exchange,Odd Lot
11:36:04.295 AM ET,8.090,2,16,Mid,Off Exchange,Odd Lot
11:36:15.466 AM ET,8.090,2,16,Mid,Off Exchange,Odd Lot
11:36:20.087 AM ET,8.090,2,16,Mid,Off Exchange,Odd Lot
11:36:32.214 AM ET,8.090,2,16,Mid,Off Exchange,Odd Lot
11:36:51.025 AM ET,8.090,2,16,Mid,Off Exchange,Odd Lot
11:37:00.532 AM ET,8.090,2,16,Mid,IEX,Odd Lot
11:38:37.053 AM ET,8.090,2,16,Mid,IEX,Odd Lot
11:38:42.057 AM ET,8.090,2,16,Mid,IEX,Odd Lot
11:38:52.794 AM ET,8.090,2,16,Mid,Off Exchange,Odd Lot
11:39:05.242 AM ET,8.090,2,16,Mid,Off Exchange,Odd Lot
11:39:33.602 AM ET,8.090,2,16,Mid,IEX,Odd Lot
11:39:38.606 AM ET,8.090,2,16,Mid,IEX,Odd Lot
11:40:12.927 AM ET,8.090,2,16,Mid,Off Exchange,Odd Lot
11:40:22.718 AM ET,8.090,2,16,Mid,Off Exchange,Odd Lot
11:40:41.748 AM ET,8.090,2,16,Mid,Off Exchange,Odd Lot
11:40:49.540 AM ET,8.090,2,16,Mid,Off Exchange,Odd Lot
11:41:09.446 AM ET,8.090,2,16,Mid,Off Exchange,Odd Lot
11:41:18.759 AM ET,8.070,2,16,Bid,Off Exchange,Odd Lot
11:41:18.760 AM ET,8.090,2,16,Mid,Off Exchange,Odd Lot
11:41:38.329 AM ET,8.090,2,16,Mid,Off Exchange,Odd Lot
11:41:47.719 AM ET,8.090,2,16,Mid,Off Exchange,Odd Lot
11:42:05.609 AM ET,8.090,2,16,Mid,Off Exchange,Odd Lot
11:42:16.155 AM ET,8.090,2,16,Mid,IEX,Odd Lot
11:42:35.189 AM ET,8.090,2,16,Mid,Off Exchange,Odd Lot
11:43:04.187 AM ET,8.090,2,16,Mid,Off Exchange,Odd Lot
11:43:21.532 AM ET,8.090,2,16,Mid,IEX,Odd Lot
11:43:32.843 AM ET,8.090,2,16,Mid,Off Exchange,Odd Lot
11:44:49.123 AM ET,8.090,2,16,Mid,IEX,Odd Lot
11:47:18.137 AM ET,8.090,2,16,Mid,Off Exchange,Odd Lot
11:48:44.686 AM ET,8.110,2,16,Ask,NYSE Arca,Inter Mkt Swp; Odd Lot; Trade Thru Exmpt
12:14:54.520 PM ET,8.100,2,16,Mid,Off Exchange,Odd Lot
12:27:20.673 PM ET,8.110,2,16,Mid,IEX,Odd Lot
12:31:08.126 PM ET,8.110,2,16,Mid,Off Exchange,Odd Lot
12:32:14.255 PM ET,8.110,2,16,Mid,IEX,Odd Lot
12:32:36.819 PM ET,8.110,2,16,Mid,IEX,Odd Lot
12:32:56.921 PM ET,8.110,2,16,Mid,IEX,Odd Lot
12:33:24.722 PM ET,8.110,2,16,Mid,Off Exchange,Odd Lot
12:33:43.832 PM ET,8.110,2,16,Mid,Off Exchange,Odd Lot
12:34:02.866 PM ET,8.110,2,16,Mid,Off Exchange,Odd Lot
12:34:10.663 PM ET,8.110,2,16,Mid,Off Exchange,Odd Lot
12:35:19.918 PM ET,8.110,2,16,Mid,IEX,Odd Lot
12:35:44.287 PM ET,8.110,2,16,Mid,IEX,Odd Lot
12:36:22.938 PM ET,8.110,2,16,Mid,Off Exchange,Odd Lot
12:36:55.155 PM ET,8.110,2,16,Mid,Off Exchange,Odd Lot
12:36:57.255 PM ET,8.100,2,16,Mid,Off Exchange,Odd Lot
12:37:10.264 PM ET,8.095,2,16,Mid,IEX,Odd Lot
12:38:16.649 PM ET,8.090,2,16,Bid,Cboe EDGX,Odd Lot
12:38:16.703 PM ET,8.100,2,16,Mid,Nasdaq GSM,Odd Lot
12:38:21.709 PM ET,8.100,2,16,Mid,IEX,Odd Lot
12:39:08.158 PM ET,8.085,2,16,Mid,Off Exchange,Odd Lot
12:40:24.025 PM ET,8.080,2,16,Ask,Off Exchange,Odd Lot
12:46:47.352 PM ET,8.060,2,16,Mid,Off Exchange,Odd Lot
12:54:16.567 PM ET,8.050,2,16,Mid,Off Exchange,Odd Lot
12:54:38.271 PM ET,8.070,2,16,Ask,Nasdaq GSM,Odd Lot
01:00:43.172 PM ET,8.057,2,16,Ask,Off Exchange,Odd Lot
01:02:33.340 PM ET,8.050,2,16,Ask,Nasdaq GSM,Inter Mkt Swp; Odd Lot; Trade Thru Exmpt
01:04:58.908 PM ET,8.054,2,16,Mid,Off Exchange,Deriv Priced; Odd Lot; Trade Thru Exmpt
01:06:20.850 PM ET,8.056,2,16,Mid,Off Exchange,Deriv Priced; Odd Lot; Trade Thru Exmpt
01:07:39.573 PM ET,8.049,2,16,Mid,Off Exchange,Deriv Priced; Odd Lot; Trade Thru Exmpt
01:08:38.894 PM ET,8.040,2,16,Mid,Off Exchange,Odd Lot
01:10:20.078 PM ET,8.044,2,16,Mid,Off Exchange,Deriv Priced; Odd Lot; Trade Thru Exmpt
01:10:28.038 PM ET,8.047,2,16,Mid,Off Exchange,Deriv Priced; Odd Lot; Trade Thru Exmpt
01:12:43.192 PM ET,8.050,2,16,Mid,Off Exchange,Odd Lot
01:12:51.887 PM ET,8.048,2,16,Mid,Off Exchange,Deriv Priced; Odd Lot; Trade Thru Exmpt
01:13:22.507 PM ET,8.060,2,16,Mid,IEX,Odd Lot
01:14:03.340 PM ET,8.065,2,16,Mid,IEX,Odd Lot
01:14:25.898 PM ET,8.057,2,16,Mid,Off Exchange,Deriv Priced; Odd Lot; Trade Thru Exmpt
01:15:16.036 PM ET,8.070,2,16,Mid,Off Exchange,Odd Lot
01:15:44.072 PM ET,8.070,2,16,Mid,IEX,Odd Lot
01:18:13.916 PM ET,8.073,2,16,Mid,Off Exchange,Deriv Priced; Odd Lot; Trade Thru Exmpt
01:22:02.246 PM ET,8.070,2,16,Mid,Off Exchange,Deriv Priced; Odd Lot; Trade Thru Exmpt
01:24:01.310 PM ET,8.070,2,16,Mid,Off Exchange,Odd Lot
01:24:27.247 PM ET,8.060,2,16,Mid,MEMX,Odd Lot
01:25:57.585 PM ET,8.060,2,16,Mid,Nasdaq GSM,Odd Lot
01:26:07.612 PM ET,8.050,2,16,Bid,Nasdaq GSM,Odd Lot
01:30:26.898 PM ET,8.030,2,16,Mid,MEMX,Odd Lot
01:33:26.780 PM ET,8.060,2,16,Ask,Nasdaq GSM,Odd Lot
01:33:34.288 PM ET,8.040,2,16,Bid,Off Exchange,Odd Lot
01:36:20.568 PM ET,8.060,2,16,Mid,MEMX,Odd Lot
01:37:25.003 PM ET,8.060,2,16,Mid,Off Exchange,Odd Lot
01:41:15.246 PM ET,8.070,2,16,Mid,Off Exchange,Odd Lot
01:47:01.671 PM ET,8.070,2,16,Mid,Off Exchange,Odd Lot
01:49:56.904 PM ET,8.050,2,16,Mid,Off Exchange,Odd Lot
01:55:06.826 PM ET,8.050,2,16,Ask,Off Exchange,Odd Lot
01:57:42.828 PM ET,8.050,2,16,Ask,Off Exchange,Odd Lot
01:57:43.034 PM ET,8.050,2,16,Ask,Off Exchange,Odd Lot
01:59:53.744 PM ET,8.055,2,16,Mid,IEX,Odd Lot
02:02:43.289 PM ET,8.060,2,16,Mid,Off Exchange,Odd Lot
02:05:46.489 PM ET,8.060,2,16,Mid,Off Exchange,Odd Lot
02:08:46.112 PM ET,8.060,2,16,Mid,Off Exchange,Odd Lot
02:12:04.872 PM ET,8.060,2,16,Mid,Off Exchange,Odd Lot
02:12:23.353 PM ET,8.060,2,16,Mid,Off Exchange,Odd Lot
02:13:39.066 PM ET,8.060,2,16,Mid,Off Exchange,Odd Lot
02:13:49.763 PM ET,8.070,2,16,Mid,Off Exchange,Odd Lot
02:20:16.010 PM ET,8.100,2,16,Ask,Off Exchange,Odd Lot
02:21:01.094 PM ET,8.110,2,16,Ask,Off Exchange,Odd Lot
02:24:03.207 PM ET,8.110,2,16,Mid,Off Exchange,Odd Lot
02:27:00.393 PM ET,8.120,2,16,Ask,Off Exchange,Odd Lot
02:32:35.458 PM ET,8.120,2,16,Mid,Off Exchange,Odd Lot
02:32:48.627 PM ET,8.120,2,16,Mid,Off Exchange,Odd Lot
02:33:08.275 PM ET,8.120,2,16,Mid,Off Exchange,Odd Lot
02:33:26.464 PM ET,8.120,2,16,Mid,Off Exchange,Odd Lot
02:34:04.685 PM ET,8.120,2,16,Mid,Off Exchange,Odd Lot
02:34:22.418 PM ET,8.120,2,16,Mid,Off Exchange,Odd Lot
02:34:33.445 PM ET,8.120,2,16,Mid,Off Exchange,Odd Lot
02:42:52.591 PM ET,8.080,2,16,Mid,Off Exchange,Odd Lot
02:50:10.827 PM ET,8.090,2,16,Ask,NYSE Arca,Inter Mkt Swp; Odd Lot; Trade Thru Exmpt
02:50:22.325 PM ET,8.085,2,16,Mid,Off Exchange,Odd Lot
02:52:26.479 PM ET,8.090,2,16,Ask,Off Exchange,Odd Lot
02:53:17.337 PM ET,8.070,2,16,Bid,Cboe BZX,Odd Lot
02:53:17.352 PM ET,8.075,2,16,Bid,Off Exchange,Odd Lot
02:53:56.337 PM ET,8.075,2,16,Mid,Off Exchange,Odd Lot
03:03:33.918 PM ET,8.075,2,16,Mid,Nasdaq GSM,Odd Lot
03:04:53.520 PM ET,8.075,2,16,Mid,MEMX,Odd Lot
03:04:55.353 PM ET,8.079,2,16,Mid,Off Exchange,Deriv Priced; Odd Lot; Trade Thru Exmpt
03:05:35.398 PM ET,8.075,2,16,Mid,Off Exchange,Deriv Priced; Odd Lot; Trade Thru Exmpt
03:05:51.496 PM ET,8.075,2,16,Mid,Off Exchange,Deriv Priced; Odd Lot; Trade Thru Exmpt
03:06:37.897 PM ET,8.070,2,16,Mid,Off Exchange,Odd Lot
03:07:10.733 PM ET,8.071,2,16,Mid,Off Exchange,Deriv Priced; Odd Lot; Trade Thru Exmpt
03:07:25.919 PM ET,8.071,2,16,Mid,Off Exchange,Deriv Priced; Odd Lot; Trade Thru Exmpt
03:08:45.897 PM ET,8.070,2,16,Mid,Off Exchange,Deriv Priced; Odd Lot; Trade Thru Exmpt
03:08:54.541 PM ET,8.070,2,16,Mid,Off Exchange,Deriv Priced; Odd Lot; Trade Thru Exmpt
03:10:17.221 PM ET,8.071,2,16,Mid,Off Exchange,Deriv Priced; Odd Lot; Trade Thru Exmpt
03:10:39.667 PM ET,8.061,2,16,Mid,Off Exchange,Deriv Priced; Odd Lot; Trade Thru Exmpt
03:11:42.874 PM ET,8.061,2,16,Mid,Off Exchange,Deriv Priced; Odd Lot; Trade Thru Exmpt
03:11:55.394 PM ET,8.060,2,16,Ask,Nasdaq GSM,Inter Mkt Swp; Odd Lot; Trade Thru Exmpt
03:13:02.987 PM ET,8.056,2,16,Mid,Off Exchange,Deriv Priced; Odd Lot; Trade Thru Exmpt
03:13:03.913 PM ET,8.050,2,16,Mid,Off Exchange,Odd Lot
03:14:28.761 PM ET,8.050,2,16,Mid,Off Exchange,Deriv Priced; Odd Lot; Trade Thru Exmpt
03:14:33.797 PM ET,8.050,2,16,Mid,IEX,Odd Lot
03:14:48.137 PM ET,8.060,2,16,Ask,Off Exchange,Odd Lot
03:15:47.595 PM ET,8.050,2,16,Mid,Nasdaq GSM,Odd Lot
03:16:09.956 PM ET,8.050,2,16,Mid,IEX,Odd Lot
03:16:11.447 PM ET,8.050,2,16,Mid,Off Exchange,Odd Lot
03:16:48.013 PM ET,8.050,2,16,Mid,Off Exchange,Odd Lot
03:17:08.002 PM ET,8.045,2,16,Mid,Off Exchange,Odd Lot
03:21:17.296 PM ET,8.030,2,16,Bid,Off Exchange,Odd Lot
03:21:22.871 PM ET,8.040,2,16,Ask,Nasdaq GSM,Inter Mkt Swp; Odd Lot; Trade Thru Exmpt
03:21:22.871 PM ET,8.040,2,16,Ask,Nasdaq GSM,Odd Lot
03:24:54.190 PM ET,8.055,2,16,Bid,Off Exchange,Odd Lot
03:25:18.084 PM ET,8.060,2,16,Mid,Off Exchange,Odd Lot
03:25:19.184 PM ET,8.060,2,16,Mid,Off Exchange,Odd Lot
03:25:20.284 PM ET,8.060,2,16,Mid,Off Exchange,Odd Lot
03:28:33.819 PM ET,8.071,2,16,Mid,Off Exchange,Deriv Priced; Odd Lot; Trade Thru Exmpt
03:31:09.772 PM ET,8.030,2,16,Mid,Off Exchange,Deriv Priced; Odd Lot; Trade Thru Exmpt
03:31:44.797 PM ET,8.035,2,16,Mid,Off Exchange,Deriv Priced; Odd Lot; Trade Thru Exmpt
03:32:36.943 PM ET,8.052,2,16,Ask,Off Exchange,Deriv Priced; Odd Lot; Trade Thru Exmpt
03:32:36.949 PM ET,8.052,2,16,Ask,Off Exchange,Deriv Priced; Odd Lot; Trade Thru Exmpt
03:35:51.503 PM ET,8.000,2,16,Bid,Nasdaq GSM,Inter Mkt Swp; Odd Lot; Trade Thru Exmpt
03:35:51.507 PM ET,7.985,2,16,Bid,Off Exchange,Odd Lot
03:35:51.690 PM ET,7.990,2,16,Mid,Off Exchange,Odd Lot
03:36:09.148 PM ET,8.005,2,16,Bid,Off Exchange,Odd Lot
03:36:22.202 PM ET,8.065,2,16,Mid,Off Exchange,Odd Lot
03:37:06.500 PM ET,8.080,2,16,Mid,Off Exchange,Odd Lot
03:38:23.362 PM ET,8.080,2,16,Bid,Off Exchange,Odd Lot
03:39:38.519 PM ET,8.090,2,16,Mid,Off Exchange,Odd Lot
03:40:43.860 PM ET,8.090,2,16,Mid,Off Exchange,Odd Lot
03:40:50.114 PM ET,8.090,2,16,Mid,Off Exchange,Odd Lot
03:41:40.605 PM ET,8.075,2,16,Mid,Off Exchange,Odd Lot
03:42:36.579 PM ET,8.075,2,16,Mid,Off Exchange,Odd Lot
03:43:09.087 PM ET,8.075,2,16,Mid,Off Exchange,Odd Lot
03:43:31.733 PM ET,8.070,2,16,Bid,Off Exchange,Odd Lot
03:43:32.960 PM ET,8.070,2,16,Bid,Off Exchange,Odd Lot
03:44:26.182 PM ET,8.065,2,16,Mid,Off Exchange,Odd Lot
03:44:28.697 PM ET,8.065,2,16,Mid,Off Exchange,Odd Lot
03:44:48.795 PM ET,8.065,2,16,Mid,Off Exchange,Odd Lot
03:44:49.336 PM ET,8.065,2,16,Mid,Off Exchange,Odd Lot
03:45:29.708 PM ET,8.065,2,16,Mid,Off Exchange,Odd Lot
03:45:49.488 PM ET,8.070,2,16,Bid,Off Exchange,Odd Lot
03:46:28.006 PM ET,8.080,2,16,Mid,Off Exchange,Odd Lot
03:47:20.557 PM ET,8.080,2,16,Mid,Off Exchange,Odd Lot
03:47:25.154 PM ET,8.060,2,16,Mid,IEX,Odd Lot
03:47:53.088 PM ET,8.065,2,16,Mid,Off Exchange,Odd Lot
03:47:53.906 PM ET,8.060,2,16,Bid,Off Exchange,Odd Lot
03:48:17.732 PM ET,8.065,2,16,Mid,Off Exchange,Odd Lot
03:49:11.389 PM ET,8.060,2,16,Bid,Off Exchange,Odd Lot
03:49:45.687 PM ET,8.070,2,16,Mid,Off Exchange,Odd Lot
03:50:04.914 PM ET,8.070,2,16,Mid,Off Exchange,Odd Lot
03:50:35.156 PM ET,8.070,2,16,Mid,Off Exchange,Odd Lot
03:50:35.157 PM ET,8.070,2,16,Mid,Off Exchange,Odd Lot
03:51:14.712 PM ET,8.070,2,16,Mid,Off Exchange,Odd Lot
03:51:54.750 PM ET,8.070,2,16,Mid,Off Exchange,Odd Lot
03:52:38.325 PM ET,8.080,2,16,Mid,Off Exchange,Odd Lot
03:53:24.537 PM ET,8.080,2,16,Mid,Off Exchange,Odd Lot
03:54:02.547 PM ET,8.080,2,16,Mid,Off Exchange,Odd Lot
03:54:16.233 PM ET,8.080,2,16,Mid,Off Exchange,Odd Lot
03:54:16.235 PM ET,8.078,2,16,Mid,Off Exchange,Odd Lot
03:54:30.040 PM ET,8.080,2,16,Mid,Off Exchange,Odd Lot
03:54:30.049 PM ET,8.080,2,16,Mid,Off Exchange,Odd Lot
03:54:50.040 PM ET,8.080,2,16,Mid,Off Exchange,Odd Lot
03:55:01.012 PM ET,8.080,2,16,Mid,IEX,Odd Lot
03:55:10.095 PM ET,8.095,2,16,Mid,Off Exchange,Odd Lot
03:55:35.040 PM ET,8.095,2,16,Mid,Off Exchange,Odd Lot
03:55:42.556 PM ET,8.090,2,16,Mid,Nasdaq GSM,Odd Lot
03:55:42.556 PM ET,8.090,2,16,Mid,Off Exchange,Odd Lot
03:55:48.383 PM ET,8.080,2,16,Bid,IEX,Odd Lot
03:55:52.538 PM ET,8.090,2,16,Mid,Off Exchange,Odd Lot
03:55:52.539 PM ET,8.090,2,16,Mid,Off Exchange,Odd Lot
03:55:56.273 PM ET,8.090,2,16,Mid,Off Exchange,Odd Lot
03:56:00.001 PM ET,8.090,2,16,Mid,Off Exchange,Odd Lot
03:56:00.002 PM ET,8.090,2,16,Mid,Off Exchange,Odd Lot
03:56:09.344 PM ET,8.090,2,16,Mid,Off Exchange,Odd Lot
03:56:10.344 PM ET,8.090,2,16,Mid,Off Exchange,Odd Lot
03:56:11.344 PM ET,8.090,2,16,Mid,Off Exchange,Odd Lot
03:56:16.312 PM ET,8.095,2,16,Mid,Off Exchange,Odd Lot
03:56:21.032 PM ET,8.095,2,16,Mid,Off Exchange,Odd Lot
03:56:25.835 PM ET,8.095,2,16,Mid,Off Exchange,Odd Lot
03:56:30.124 PM ET,8.100,2,16,Ask,Off Exchange,Odd Lot
03:56:30.125 PM ET,8.095,2,16,Mid,Off Exchange,Odd Lot
03:56:34.742 PM ET,8.095,2,16,Mid,Off Exchange,Odd Lot
03:56:39.975 PM ET,8.095,2,16,Mid,Off Exchange,Odd Lot
03:56:39.976 PM ET,8.095,2,16,Mid,Off Exchange,Odd Lot
03:56:52.169 PM ET,8.095,2,16,Mid,Off Exchange,Odd Lot
03:56:52.173 PM ET,8.095,2,16,Mid,Off Exchange,Odd Lot
03:56:55.081 PM ET,8.095,2,16,Mid,Off Exchange,Odd Lot
03:56:59.297 PM ET,8.095,2,16,Mid,Off Exchange,Odd Lot
03:57:08.086 PM ET,8.095,2,16,Mid,Off Exchange,Odd Lot
03:57:12.267 PM ET,8.095,2,16,Mid,Off Exchange,Odd Lot
03:57:14.502 PM ET,8.090,2,16,Bid,Off Exchange,Odd Lot
03:57:15.502 PM ET,8.095,2,16,Mid,Off Exchange,Odd Lot
03:57:24.268 PM ET,8.095,2,16,Mid,Off Exchange,Odd Lot
03:57:33.285 PM ET,8.095,2,16,Mid,Off Exchange,Odd Lot
03:57:42.675 PM ET,8.095,2,16,Mid,Off Exchange,Odd Lot
03:57:49.393 PM ET,8.095,2,16,Mid,Off Exchange,Odd Lot
03:58:00.005 PM ET,8.095,2,16,Mid,Off Exchange,Odd Lot
03:58:01.567 PM ET,8.095,2,16,Mid,Off Exchange,Odd Lot
03:58:06.779 PM ET,8.090,2,16,Bid,Off Exchange,Odd Lot
03:58:17.092 PM ET,8.095,2,16,Mid,Off Exchange,Odd Lot
03:58:17.093 PM ET,8.095,2,16,Mid,Off Exchange,Odd Lot
03:58:22.067 PM ET,8.095,2,16,Mid,Off Exchange,Odd Lot
03:58:29.908 PM ET,8.105,2,16,Mid,Off Exchange,Odd Lot
03:58:43.114 PM ET,8.105,2,16,Mid,Off Exchange,Odd Lot
03:58:55.480 PM ET,8.105,2,16,Mid,Off Exchange,Odd Lot
03:59:04.048 PM ET,8.105,2,16,Mid,Off Exchange,Odd Lot
03:59:11.712 PM ET,8.105,2,16,None,Off Exchange,Odd Lot
03:59:11.713 PM ET,8.105,2,16,None,Off Exchange,Odd Lot
03:59:15.702 PM ET,8.105,2,16,None,Off Exchange,Odd Lot
03:59:17.026 PM ET,8.100,2,16,None,Off Exchange,Odd Lot
03:59:20.569 PM ET,8.105,2,16,None,Off Exchange,Odd Lot
03:59:23.112 PM ET,8.100,2,16,None,Off Exchange,Odd Lot
03:59:24.081 PM ET,8.085,2,16,None,Off Exchange,Odd Lot
03:59:29.085 PM ET,8.085,2,16,None,Off Exchange,Odd Lot
03:59:29.086 PM ET,8.085,2,16,None,Off Exchange,Odd Lot
03:59:33.068 PM ET,8.085,2,16,None,Off Exchange,Odd Lot
03:59:37.039 PM ET,8.085,2,16,None,Off Exchange,Odd Lot
03:59:37.042 PM ET,8.085,2,16,None,Off Exchange,Odd Lot
03:59:40.085 PM ET,8.085,2,16,None,Off Exchange,Odd Lot
03:59:40.104 PM ET,8.100,2,16,None,Off Exchange,Odd Lot
03:59:43.228 PM ET,8.085,2,16,None,Off Exchange,Odd Lot
03:59:44.983 PM ET,8.085,2,16,None,Off Exchange,Odd Lot
03:59:47.760 PM ET,8.085,2,16,None,Off Exchange,Odd Lot
03:59:56.706 PM ET,8.080,2,16,None,IEX,Odd Lot
04:22:11.044 PM ET,8.100,2,16,Mid,NYSE Arca,Frm T Ext Hrs; Inter Mkt Swp; Odd Lot; Trade Thru Exmpt
06:31:41.127 AM ET,8.090,1,8,Mid,MEMX,Frm T Ext Hrs; Odd Lot
09:30:14.144 AM ET,8.030,1,8,None,Nasdaq GSM,Odd Lot
09:30:24.336 AM ET,8.030,1,8,None,Nasdaq GSM,Odd Lot
09:30:49.170 AM ET,8.030,1,8,Bid,Nasdaq GSM,Odd Lot
09:33:24.381 AM ET,8.070,1,8,Mid,Off Exchange,Odd Lot
09:40:17.884 AM ET,8.030,1,8,Ask,Nasdaq GSM,Odd Lot
09:40:42.603 AM ET,8.020,1,8,Mid,Off Exchange,Odd Lot
09:45:18.268 AM ET,8.050,1,8,Bid,Nasdaq GSM,Inter Mkt Swp; Odd Lot; Trade Thru Exmpt
09:45:24.363 AM ET,8.050,1,8,Bid,Nasdaq GSM,Inter Mkt Swp; Odd Lot; Trade Thru Exmpt
09:48:12.989 AM ET,8.021,1,8,Mid,Off Exchange,Odd Lot
09:48:51.971 AM ET,8.050,1,8,Ask,IEX,Odd Lot
09:49:10.864 AM ET,8.043,1,8,Mid,Off Exchange,Odd Lot
09:50:07.455 AM ET,8.040,1,8,Bid,Off Exchange,Odd Lot
09:53:35.105 AM ET,8.067,1,8,Mid,Off Exchange,Odd Lot
09:54:09.740 AM ET,8.100,1,8,Ask,Off Exchange,Odd Lot
09:57:31.963 AM ET,8.140,1,8,Ask,Off Exchange,Odd Lot
10:00:42.543 AM ET,8.120,1,8,Ask,Off Exchange,Odd Lot
10:08:08.426 AM ET,8.094,1,8,Mid,Off Exchange,Odd Lot
10:09:36.347 AM ET,8.090,1,8,Mid,Off Exchange,Odd Lot
10:10:51.108 AM ET,8.090,1,8,Mid,Off Exchange,Odd Lot
10:12:07.749 AM ET,8.095,1,8,Mid,Off Exchange,Deriv Priced; Odd Lot; Trade Thru Exmpt
10:12:30.749 AM ET,8.095,1,8,Mid,Off Exchange,Deriv Priced; Odd Lot; Trade Thru Exmpt
10:13:00.209 AM ET,8.094,1,8,Mid,Off Exchange,Deriv Priced; Odd Lot; Trade Thru Exmpt
10:13:05.673 AM ET,8.090,1,8,Mid,Off Exchange,Odd Lot
10:13:23.070 AM ET,8.095,1,8,Mid,Off Exchange,Deriv Priced; Odd Lot; Trade Thru Exmpt
10:13:50.411 AM ET,8.095,1,8,Mid,Off Exchange,Deriv Priced; Odd Lot; Trade Thru Exmpt
10:14:07.749 AM ET,8.086,1,8,Mid,Off Exchange,Deriv Priced; Odd Lot; Trade Thru Exmpt
10:14:30.750 AM ET,8.086,1,8,Mid,Off Exchange,Deriv Priced; Odd Lot; Trade Thru Exmpt
10:15:00.209 AM ET,8.090,1,8,Mid,Off Exchange,Deriv Priced; Odd Lot; Trade Thru Exmpt
10:15:23.071 AM ET,8.090,1,8,Mid,Off Exchange,Deriv Priced; Odd Lot; Trade Thru Exmpt
10:15:50.411 AM ET,8.090,1,8,Mid,Off Exchange,Deriv Priced; Odd Lot; Trade Thru Exmpt
10:16:07.749 AM ET,8.089,1,8,Mid,Off Exchange,Deriv Priced; Odd Lot; Trade Thru Exmpt
10:16:37.470 AM ET,8.089,1,8,Mid,Off Exchange,Deriv Priced; Odd Lot; Trade Thru Exmpt
10:17:00.209 AM ET,8.088,1,8,Mid,Off Exchange,Deriv Priced; Odd Lot; Trade Thru Exmpt
10:17:23.071 AM ET,8.085,1,8,Mid,Off Exchange,Deriv Priced; Odd Lot; Trade Thru Exmpt
10:17:50.411 AM ET,8.085,1,8,Mid,Off Exchange,Deriv Priced; Odd Lot; Trade Thru Exmpt
10:18:12.152 AM ET,8.085,1,8,Mid,Off Exchange,Deriv Priced; Odd Lot; Trade Thru Exmpt
10:18:37.470 AM ET,8.085,1,8,Mid,Off Exchange,Deriv Priced; Odd Lot; Trade Thru Exmpt
10:18:40.796 AM ET,8.085,1,8,Mid,Off Exchange,Deriv Priced; Odd Lot; Trade Thru Exmpt
10:18:40.801 AM ET,8.085,1,8,Mid,Off Exchange,Deriv Priced; Odd Lot; Trade Thru Exmpt
10:19:00.209 AM ET,8.085,1,8,Mid,Off Exchange,Deriv Priced; Odd Lot; Trade Thru Exmpt
10:19:23.071 AM ET,8.085,1,8,Mid,Off Exchange,Deriv Priced; Odd Lot; Trade Thru Exmpt
10:19:50.411 AM ET,8.085,1,8,Mid,Off Exchange,Deriv Priced; Odd Lot; Trade Thru Exmpt
10:20:12.152 AM ET,8.085,1,8,Mid,Off Exchange,Deriv Priced; Odd Lot; Trade Thru Exmpt
10:20:37.470 AM ET,8.085,1,8,Mid,Off Exchange,Deriv Priced; Odd Lot; Trade Thru Exmpt
10:21:05.086 AM ET,8.085,1,8,Mid,Off Exchange,Deriv Priced; Odd Lot; Trade Thru Exmpt
10:21:34.126 AM ET,8.085,1,8,Mid,Off Exchange,Deriv Priced; Odd Lot; Trade Thru Exmpt
10:21:34.132 AM ET,8.085,1,8,Mid,Off Exchange,Deriv Priced; Odd Lot; Trade Thru Exmpt
10:23:34.132 AM ET,8.085,1,8,Mid,Off Exchange,Deriv Priced; Odd Lot; Trade Thru Exmpt
10:23:57.337 AM ET,8.085,1,8,Mid,Off Exchange,Deriv Priced; Odd Lot; Trade Thru Exmpt
10:23:57.342 AM ET,8.085,1,8,Mid,Off Exchange,Deriv Priced; Odd Lot; Trade Thru Exmpt
10:29:53.315 AM ET,8.070,1,8,Ask,Off Exchange,Odd Lot
10:32:21.636 AM ET,8.070,1,8,Mid,Off Exchange,Odd Lot
10:39:19.821 AM ET,8.075,1,8,Mid,Off Exchange,Odd Lot
10:39:22.883 AM ET,8.060,1,8,Mid,Off Exchange,Odd Lot
10:41:36.796 AM ET,8.070,1,8,Mid,Off Exchange,Odd Lot
10:43:44.162 AM ET,8.060,1,8,Bid,NYSE American,Odd Lot
10:47:12.133 AM ET,8.080,1,8,Ask,IEX,Odd Lot
10:47:12.461 AM ET,8.080,1,8,Bid,NYSE Arca,Inter Mkt Swp; Odd Lot; Trade Thru Exmpt
10:47:12.465 AM ET,8.100,1,8,Bid,Off Exchange,Odd Lot
10:47:12.473 AM ET,8.090,1,8,Bid,NYSE Arca,Odd Lot
10:47:12.692 AM ET,8.120,1,8,Mid,Nasdaq GSM,Odd Lot
10:49:13.094 AM ET,8.140,1,8,Mid,NYSE Arca,Inter Mkt Swp; Odd Lot; Trade Thru Exmpt
10:50:20.643 AM ET,8.140,1,8,Mid,Off Exchange,Odd Lot
10:57:38.034 AM ET,8.115,1,8,Mid,IEX,Odd Lot
11:00:51.864 AM ET,8.104,1,8,Mid,Off Exchange,Odd Lot
11:01:21.689 AM ET,8.115,1,8,Mid,Off Exchange,Odd Lot
11:14:54.172 AM ET,8.093,1,8,Mid,Off Exchange,Odd Lot
11:19:05.924 AM ET,8.090,1,8,Bid,NYSE Arca,Inter Mkt Swp; Odd Lot; Trade Thru Exmpt
11:21:29.116 AM ET,8.080,1,8,Ask,Off Exchange,Odd Lot
11:24:15.377 AM ET,8.090,1,8,Mid,Cboe BZX,Inter Mkt Swp; Odd Lot; Trade Thru Exmpt
11:36:21.873 AM ET,8.090,1,8,Mid,Off Exchange,Odd Lot
11:44:49.123 AM ET,8.090,1,8,Mid,Off Exchange,Odd Lot
11:44:49.438 AM ET,8.110,1,8,Ask,Off Exchange,Odd Lot
11:55:55.044 AM ET,8.090,1,8,Mid,Off Exchange,Odd Lot
11:59:29.087 AM ET,8.110,1,8,Ask,Cboe BZX,Inter Mkt Swp; Odd Lot; Trade Thru Exmpt
12:02:04.987 PM ET,8.110,1,8,Mid,Off Exchange,Odd Lot
12:10:43.091 PM ET,8.100,1,8,Mid,Off Exchange,Odd Lot
12:15:23.254 PM ET,8.105,1,8,Mid,Off Exchange,Odd Lot
12:17:18.855 PM ET,8.130,1,8,None,IEX,Odd Lot
12:17:26.159 PM ET,8.140,1,8,None,Nasdaq GSM,Odd Lot
12:20:03.449 PM ET,8.090,1,8,Bid,Off Exchange,Odd Lot
12:31:49.947 PM ET,8.110,1,8,Mid,IEX,Odd Lot
12:33:09.391 PM ET,8.110,1,8,Mid,IEX,Odd Lot
12:34:31.531 PM ET,8.110,1,8,Mid,IEX,Odd Lot
12:34:41.340 PM ET,8.110,1,8,Mid,IEX,Odd Lot
12:35:01.152 PM ET,8.110,1,8,Mid,IEX,Odd Lot
12:35:09.932 PM ET,8.110,1,8,Mid,IEX,Odd Lot
12:36:45.414 PM ET,8.110,1,8,Mid,Off Exchange,Odd Lot
12:38:29.272 PM ET,8.100,1,8,Mid,Off Exchange,Odd Lot
12:38:49.928 PM ET,8.090,1,8,Ask,Nasdaq GSM,Odd Lot
12:39:35.627 PM ET,8.090,1,8,Mid,Off Exchange,Odd Lot
12:42:53.956 PM ET,8.060,1,8,Bid,NYSE Arca,Inter Mkt Swp; Odd Lot; Trade Thru Exmpt
12:43:08.237 PM ET,8.060,1,8,Mid,NYSE Arca,Odd Lot
12:46:47.352 PM ET,8.060,1,8,Mid,Off Exchange,Odd Lot
12:50:04.811 PM ET,8.040,1,8,Bid,Nasdaq GSM,Inter Mkt Swp; Odd Lot; Trade Thru Exmpt
12:50:04.814 PM ET,8.040,1,8,Bid,Cboe BZX,Odd Lot
12:50:06.552 PM ET,8.060,1,8,Ask,Off Exchange,Odd Lot
12:52:26.558 PM ET,8.060,1,8,Ask,Off Exchange,Odd Lot
12:55:13.483 PM ET,8.070,1,8,Mid,Off Exchange,Odd Lot
01:06:49.008 PM ET,8.060,1,8,Mid,Off Exchange,Odd Lot
01:11:05.730 PM ET,8.050,1,8,Ask,Off Exchange,Odd Lot
01:15:44.088 PM ET,8.070,1,8,Mid,IEX,Odd Lot
01:18:57.977 PM ET,8.070,1,8,Mid,Off Exchange,Odd Lot
01:18:58.393 PM ET,8.070,1,8,Mid,Off Exchange,Odd Lot
01:19:27.937 PM ET,8.070,1,8,Mid,Off Exchange,Odd Lot
01:19:58.992 PM ET,8.080,1,8,Ask,Off Exchange,Odd Lot
01:20:15.095 PM ET,8.070,1,8,Mid,Off Exchange,Odd Lot
01:20:38.409 PM ET,8.070,1,8,Mid,Off Exchange,Odd Lot
01:20:44.147 PM ET,8.070,1,8,Mid,Off Exchange,Odd Lot
01:21:23.747 PM ET,8.070,1,8,Mid,Off Exchange,Odd Lot
01:22:04.703 PM ET,8.070,1,8,Mid,Off Exchange,Odd Lot
01:22:48.047 PM ET,8.070,1,8,Mid,Off Exchange,Odd Lot
01:25:07.550 PM ET,8.060,1,8,Mid,Off Exchange,Odd Lot
01:25:34.007 PM ET,8.060,1,8,Mid,Off Exchange,Odd Lot
01:26:13.839 PM ET,8.045,1,8,Mid,MEMX,Odd Lot
01:26:50.644 PM ET,8.040,1,8,Mid,Off Exchange,Odd Lot
01:27:45.114 PM ET,8.030,1,8,Mid,MEMX,Odd Lot
01:28:24.776 PM ET,8.030,1,8,Mid,Off Exchange,Odd Lot
01:28:51.033 PM ET,8.030,1,8,Mid,Off Exchange,Odd Lot
01:29:30.213 PM ET,8.055,1,8,Ask,Off Exchange,Odd Lot
01:30:37.371 PM ET,8.030,1,8,Mid,Off Exchange,Odd Lot
01:30:48.808 PM ET,8.030,1,8,Mid,Off Exchange,Odd Lot
01:32:34.787 PM ET,8.045,1,8,Mid,Nasdaq GSM,Odd Lot
01:33:26.764 PM ET,8.050,1,8,Mid,NYSE Arca,Inter Mkt Swp; Odd Lot; Trade Thru Exmpt
01:34:38.092 PM ET,8.047,1,8,Bid,Off Exchange,Odd Lot
01:36:20.477 PM ET,8.059,1,8,Mid,Off Exchange,Odd Lot
01:38:38.951 PM ET,8.070,1,8,Ask,Off Exchange,Odd Lot
01:38:43.114 PM ET,8.062,1,8,Mid,Off Exchange,Odd Lot
01:39:43.542 PM ET,8.070,1,8,Ask,Off Exchange,Odd Lot
01:39:49.488 PM ET,8.070,1,8,Ask,Cboe EDGA,Odd Lot
01:39:50.378 PM ET,8.065,1,8,Mid,MEMX,Odd Lot
01:39:50.379 PM ET,8.065,1,8,Mid,IEX,Odd Lot
01:41:54.047 PM ET,8.070,1,8,Mid,Off Exchange,Odd Lot
01:41:54.047 PM ET,8.070,1,8,Mid,IEX,Odd Lot
01:42:04.908 PM ET,8.070,1,8,Mid,Off Exchange,Odd Lot
01:42:53.572 PM ET,8.071,1,8,Mid,Off Exchange,Odd Lot
01:46:44.525 PM ET,8.070,1,8,Mid,Off Exchange,Odd Lot
01:47:04.828 PM ET,8.070,1,8,Mid,Off Exchange,Odd Lot
01:47:04.973 PM ET,8.074,1,8,Mid,Off Exchange,Odd Lot
01:47:10.984 PM ET,8.050,1,8,Bid,Cboe BZX,Odd Lot
01:47:10.985 PM ET,8.060,1,8,Ask,Off Exchange,Odd Lot
01:47:13.339 PM ET,8.050,1,8,Mid,IEX,Odd Lot
01:47:13.382 PM ET,8.050,1,8,Mid,Off Exchange,Odd Lot
01:49:08.986 PM ET,8.060,1,8,Ask,Off Exchange,Odd Lot
01:51:09.272 PM ET,8.050,1,8,Ask,Off Exchange,Odd Lot
01:52:04.819 PM ET,8.045,1,8,Mid,Off Exchange,Odd Lot
01:52:39.606 PM ET,8.049,1,8,Mid,Off Exchange,Odd Lot
01:52:39.814 PM ET,8.045,1,8,Mid,Off Exchange,Odd Lot
01:52:39.866 PM ET,8.049,1,8,Mid,Off Exchange,Odd Lot
01:52:40.065 PM ET,8.045,1,8,Mid,Off Exchange,Odd Lot
01:55:19.312 PM ET,8.047,1,8,Mid,Off Exchange,Odd Lot
01:57:04.857 PM ET,8.045,1,8,Mid,Off Exchange,Odd Lot
01:57:43.028 PM ET,8.050,1,8,Ask,Off Exchange,Odd Lot
01:59:29.051 PM ET,8.051,1,8,Mid,Off Exchange,Odd Lot
02:00:58.091 PM ET,8.060,1,8,Mid,Nasdaq GSM,Odd Lot
02:03:41.771 PM ET,8.060,1,8,Mid,Off Exchange,Odd Lot
02:06:24.366 PM ET,8.068,1,8,Mid,Off Exchange,Odd Lot
02:07:04.823 PM ET,8.060,1,8,Mid,Off Exchange,Odd Lot
02:07:55.849 PM ET,8.064,1,8,Mid,Off Exchange,Odd Lot
02:12:04.871 PM ET,8.060,1,8,Mid,Off Exchange,Odd Lot
02:13:49.747 PM ET,8.070,1,8,Mid,Off Exchange,Odd Lot
02:13:49.747 PM ET,8.070,1,8,Mid,Nasdaq GSM,Odd Lot
02:13:49.772 PM ET,8.070,1,8,Mid,Off Exchange,Odd Lot
02:16:56.307 PM ET,8.080,1,8,Ask,IEX,Odd Lot
02:17:04.831 PM ET,8.070,1,8,Mid,Off Exchange,Odd Lot
02:19:25.139 PM ET,8.070,1,8,Mid,Off Exchange,Odd Lot
02:20:06.866 PM ET,8.080,1,8,Bid,Nasdaq GSM,Inter Mkt Swp; Odd Lot; Trade Thru Exmpt
02:20:06.868 PM ET,8.080,1,8,Bid,Off Exchange,Odd Lot
02:20:38.747 PM ET,8.100,1,8,Ask,Cboe BZX,Odd Lot
02:20:51.583 PM ET,8.095,1,8,Mid,Off Exchange,Odd Lot
02:21:01.100 PM ET,8.095,1,8,Mid,Off Exchange,Odd Lot
02:21:15.674 PM ET,8.095,1,8,Mid,Off Exchange,Odd Lot
02:22:04.878 PM ET,8.105,1,8,Mid,Off Exchange,Odd Lot
02:22:07.374 PM ET,8.090,1,8,Mid,Off Exchange,Odd Lot
02:24:28.747 PM ET,8.110,1,8,Mid,Off Exchange,Odd Lot
02:26:13.633 PM ET,8.109,1,8,Bid,Off Exchange,Odd Lot
02:28:17.392 PM ET,8.125,1,8,Mid,Nasdaq GSM,Odd Lot
02:30:32.072 PM ET,8.109,1,8,Mid,Off Exchange,Odd Lot
02:32:04.849 PM ET,8.100,1,8,Mid,Off Exchange,Odd Lot
02:34:22.417 PM ET,8.120,1,8,Mid,Off Exchange,Odd Lot
02:34:38.371 PM ET,8.119,1,8,Mid,Off Exchange,Odd Lot
02:34:49.086 PM ET,8.140,1,8,Ask,Off Exchange,Odd Lot
02:34:49.086 PM ET,8.130,1,8,Mid,Off Exchange,Odd Lot
02:48:50.154 PM ET,8.080,1,8,Mid,Off Exchange,Odd Lot
02:49:25.997 PM ET,8.080,1,8,Mid,NYSE,Odd Lot
02:52:26.481 PM ET,8.090,1,8,Ask,Off Exchange,Odd Lot
02:53:17.349 PM ET,8.080,1,8,Bid,Off Exchange,Odd Lot
02:55:18.266 PM ET,8.080,1,8,Bid,MEMX,Odd Lot
03:00:32.048 PM ET,8.080,1,8,Bid,Off Exchange,Odd Lot
03:00:32.053 PM ET,8.080,1,8,Bid,Off Exchange,Odd Lot
03:00:32.056 PM ET,8.080,1,8,Bid,Off Exchange,Odd Lot
03:00:32.058 PM ET,8.080,1,8,Bid,Off Exchange,Odd Lot
03:00:32.060 PM ET,8.080,1,8,Bid,Off Exchange,Odd Lot
03:00:32.918 PM ET,8.080,1,8,Mid,Off Exchange,Odd Lot
03:03:06.019 PM ET,8.075,1,8,Mid,Nasdaq GSM,Odd Lot
03:03:34.400 PM ET,8.081,1,8,Ask,Off Exchange,Odd Lot
03:05:09.287 PM ET,8.075,1,8,Mid,MEMX,Odd Lot
03:06:37.897 PM ET,8.070,1,8,Mid,Off Exchange,Odd Lot
03:07:44.136 PM ET,8.070,1,8,Mid,NYSE Arca,Odd Lot
03:11:05.424 PM ET,8.070,1,8,Mid,IEX,Odd Lot
03:11:55.399 PM ET,8.055,1,8,Mid,IEX,Odd Lot
03:14:00.922 PM ET,8.040,1,8,Bid,Nasdaq GSM,Odd Lot
03:14:05.594 PM ET,8.060,1,8,Ask,Off Exchange,Odd Lot
03:14:38.801 PM ET,8.050,1,8,Mid,IEX,Odd Lot
03:14:39.273 PM ET,8.050,1,8,Mid,Off Exchange,Odd Lot
03:14:48.566 PM ET,8.050,1,8,Mid,Off Exchange,Odd Lot
03:16:40.987 PM ET,8.050,1,8,Mid,NYSE Arca,Odd Lot
03:16:48.006 PM ET,8.050,1,8,Mid,Off Exchange,Odd Lot
03:18:16.811 PM ET,8.049,1,8,Mid,Off Exchange,Deriv Priced; Odd Lot; Trade Thru Exmpt
03:18:48.006 PM ET,8.048,1,8,Mid,Off Exchange,Deriv Priced; Odd Lot; Trade Thru Exmpt
03:19:27.394 PM ET,8.046,1,8,Mid,Off Exchange,Deriv Priced; Odd Lot; Trade Thru Exmpt
03:19:35.030 PM ET,8.045,1,8,Mid,Off Exchange,Odd Lot
03:19:42.451 PM ET,8.040,1,8,Bid,MEMX,Odd Lot
03:20:16.803 PM ET,8.033,1,8,Mid,Off Exchange,Deriv Priced; Odd Lot; Trade Thru Exmpt
03:20:48.006 PM ET,8.033,1,8,Mid,Off Exchange,Deriv Priced; Odd Lot; Trade Thru Exmpt
03:21:22.871 PM ET,8.040,1,8,Ask,Nasdaq GSM,Inter Mkt Swp; Odd Lot; Trade Thru Exmpt
03:21:22.871 PM ET,8.040,1,8,Ask,Nasdaq GSM,Odd Lot
03:21:32.014 PM ET,8.034,1,8,Bid,Off Exchange,Deriv Priced; Odd Lot; Trade Thru Exmpt
03:22:10.304 PM ET,8.043,1,8,Mid,Off Exchange,Deriv Priced; Odd Lot; Trade Thru Exmpt
03:22:42.787 PM ET,8.060,1,8,Mid,Off Exchange,Odd Lot
03:22:42.838 PM ET,8.060,1,8,Mid,Off Exchange,Odd Lot
03:23:08.183 PM ET,8.047,1,8,Bid,Off Exchange,Deriv Priced; Odd Lot; Trade Thru Exmpt
03:23:31.872 PM ET,8.062,1,8,Mid,Off Exchange,Deriv Priced; Odd Lot; Trade Thru Exmpt
03:24:12.651 PM ET,8.036,1,8,Bid,Off Exchange,Odd Lot
03:24:23.829 PM ET,8.055,1,8,Mid,Off Exchange,Odd Lot
03:24:33.297 PM ET,8.055,1,8,Mid,Off Exchange,Deriv Priced; Odd Lot; Trade Thru Exmpt
03:25:02.749 PM ET,8.060,1,8,Mid,Off Exchange,Deriv Priced; Odd Lot; Trade Thru Exmpt
03:25:15.007 PM ET,8.060,1,8,Mid,Off Exchange,Odd Lot
03:25:16.983 PM ET,8.060,1,8,Mid,Off Exchange,Odd Lot
03:25:18.083 PM ET,8.060,1,8,Mid,Off Exchange,Odd Lot
03:25:19.183 PM ET,8.060,1,8,Mid,Off Exchange,Odd Lot
03:25:20.283 PM ET,8.060,1,8,Mid,Off Exchange,Odd Lot
03:25:20.284 PM ET,8.060,1,8,Mid,Off Exchange,Odd Lot
03:25:21.384 PM ET,8.060,1,8,Mid,Off Exchange,Odd Lot
03:25:22.284 PM ET,8.060,1,8,Mid,Off Exchange,Odd Lot
03:26:28.644 PM ET,8.060,1,8,Mid,Off Exchange,Deriv Priced; Odd Lot; Trade Thru Exmpt
03:26:46.839 PM ET,8.060,1,8,Mid,Off Exchange,Deriv Priced; Odd Lot; Trade Thru Exmpt
03:26:47.564 PM ET,8.060,1,8,Mid,Off Exchange,Odd Lot
03:27:02.749 PM ET,8.067,1,8,Mid,Off Exchange,Deriv Priced; Odd Lot; Trade Thru Exmpt
03:28:04.067 PM ET,8.070,1,8,Mid,Off Exchange,Deriv Priced; Odd Lot; Trade Thru Exmpt
03:29:08.720 PM ET,8.060,1,8,Bid,Cboe EDGX,Inter Mkt Swp; Odd Lot; Trade Thru Exmpt
03:29:18.959 PM ET,8.052,1,8,Ask,Off Exchange,Odd Lot
03:30:09.013 PM ET,8.056,1,8,Ask,Off Exchange,Odd Lot
03:30:58.023 PM ET,8.020,1,8,Mid,Nasdaq GSM,Odd Lot
03:32:27.911 PM ET,8.020,1,8,Mid,Nasdaq GSM,Odd Lot
03:32:36.948 PM ET,8.020,1,8,Mid,Off Exchange,Deriv Priced; Odd Lot; Trade Thru Exmpt
03:32:36.954 PM ET,8.020,1,8,Mid,Off Exchange,Deriv Priced; Odd Lot; Trade Thru Exmpt
03:33:22.399 PM ET,8.020,1,8,Mid,Off Exchange,Odd Lot
03:35:33.883 PM ET,8.025,1,8,Mid,Off Exchange,Odd Lot
03:35:50.556 PM ET,8.000,1,8,Bid,NYSE Arca,Inter Mkt Swp; Odd Lot; Trade Thru Exmpt
03:35:51.503 PM ET,8.000,1,8,Bid,Nasdaq GSM,Inter Mkt Swp; Odd Lot; Trade Thru Exmpt
03:35:51.504 PM ET,7.980,1,8,Bid,Nasdaq GSM,Inter Mkt Swp; Odd Lot; Trade Thru Exmpt
03:35:52.102 PM ET,7.998,1,8,Mid,Off Exchange,Odd Lot
03:36:09.148 PM ET,8.005,1,8,Bid,Off Exchange,Odd Lot
03:36:09.155 PM ET,8.015,1,8,Bid,Off Exchange,Odd Lot
03:36:14.373 PM ET,8.065,1,8,Mid,Off Exchange,Odd Lot
03:37:02.747 PM ET,8.070,1,8,Ask,Off Exchange,Odd Lot
03:37:04.118 PM ET,8.075,1,8,Mid,Off Exchange,Odd Lot
03:40:58.069 PM ET,8.080,1,8,Bid,IEX,Odd Lot
03:40:58.073 PM ET,8.080,1,8,Bid,Nasdaq GSM,Inter Mkt Swp; Odd Lot; Trade Thru Exmpt
03:43:09.089 PM ET,8.070,1,8,Bid,Off Exchange,Odd Lot
03:43:09.090 PM ET,8.070,1,8,Bid,Off Exchange,Odd Lot
03:43:21.490 PM ET,8.070,1,8,Bid,Off Exchange,Odd Lot
03:43:32.958 PM ET,8.070,1,8,Bid,Off Exchange,Odd Lot
03:44:17.035 PM ET,8.060,1,8,Bid,Off Exchange,Odd Lot
03:45:49.487 PM ET,8.070,1,8,Bid,Off Exchange,Odd Lot
03:45:49.488 PM ET,8.070,1,8,Bid,Off Exchange,Odd Lot
03:46:54.492 PM ET,8.080,1,8,Mid,Off Exchange,Odd Lot
03:47:25.409 PM ET,8.069,1,8,Mid,Off Exchange,Deriv Priced; Odd Lot; Trade Thru Exmpt
03:49:31.516 PM ET,8.070,1,8,Mid,Nasdaq GSM,Odd Lot
03:50:38.368 PM ET,8.080,1,8,Ask,Off Exchange,Odd Lot
03:51:44.234 PM ET,8.070,1,8,Mid,Off Exchange,Odd Lot
03:52:11.238 PM ET,8.070,1,8,Mid,Off Exchange,Odd Lot
03:52:17.650 PM ET,8.070,1,8,Bid,Off Exchange,Odd Lot
03:55:01.012 PM ET,8.080,1,8,Mid,IEX,Odd Lot
03:55:01.013 PM ET,8.080,1,8,Mid,IEX,Odd Lot
03:55:05.546 PM ET,8.085,1,8,Mid,IEX,Odd Lot
03:55:38.170 PM ET,8.095,1,8,Mid,Off Exchange,Odd Lot
03:55:56.273 PM ET,8.090,1,8,Mid,Off Exchange,Odd Lot
03:56:06.887 PM ET,8.090,1,8,Mid,Off Exchange,Odd Lot
03:56:16.311 PM ET,8.095,1,8,Mid,Off Exchange,Odd Lot
03:56:16.312 PM ET,8.095,1,8,Mid,Off Exchange,Odd Lot
03:56:21.033 PM ET,8.095,1,8,Mid,Off Exchange,Odd Lot
03:56:25.834 PM ET,8.095,1,8,Mid,Off Exchange,Odd Lot
03:56:34.742 PM ET,8.095,1,8,Mid,Off Exchange,Odd Lot
03:56:45.205 PM ET,8.095,1,8,Mid,Off Exchange,Odd Lot
03:56:55.080 PM ET,8.095,1,8,Mid,Off Exchange,Odd Lot
03:56:59.298 PM ET,8.095,1,8,Mid,Off Exchange,Odd Lot
03:57:04.348 PM ET,8.095,1,8,Mid,Off Exchange,Odd Lot
03:57:08.087 PM ET,8.095,1,8,Mid,Off Exchange,Odd Lot
03:57:12.268 PM ET,8.095,1,8,Mid,Off Exchange,Odd Lot
03:57:15.503 PM ET,8.095,1,8,Mid,Off Exchange,Odd Lot
03:57:15.504 PM ET,8.095,1,8,Mid,Off Exchange,Odd Lot
03:57:18.158 PM ET,8.095,1,8,Mid,Off Exchange,Odd Lot
03:57:24.269 PM ET,8.095,1,8,Mid,Off Exchange,Odd Lot
03:57:30.582 PM ET,8.095,1,8,Mid,Off Exchange,Odd Lot
03:57:30.583 PM ET,8.095,1,8,Mid,Off Exchange,Odd Lot
03:57:33.284 PM ET,8.095,1,8,Mid,Off Exchange,Odd Lot
03:57:36.584 PM ET,8.095,1,8,Mid,Off Exchange,Odd Lot
03:57:42.674 PM ET,8.095,1,8,Mid,Off Exchange,Odd Lot
03:57:49.394 PM ET,8.095,1,8,Mid,Off Exchange,Odd Lot
03:57:51.780 PM ET,8.095,1,8,Mid,Off Exchange,Odd Lot
03:58:00.003 PM ET,8.095,1,8,Mid,Off Exchange,Odd Lot
03:58:01.566 PM ET,8.095,1,8,Mid,Off Exchange,Odd Lot
03:58:06.779 PM ET,8.095,1,8,Mid,Off Exchange,Odd Lot
03:58:08.481 PM ET,8.095,1,8,Mid,Off Exchange,Odd Lot
03:58:11.313 PM ET,8.095,1,8,Mid,Off Exchange,Odd Lot
03:58:17.094 PM ET,8.095,1,8,Mid,Off Exchange,Odd Lot
03:58:20.512 PM ET,8.089,1,8,Bid,Off Exchange,Odd Lot
03:58:20.513 PM ET,8.095,1,8,Mid,Off Exchange,Odd Lot
03:58:21.566 PM ET,8.095,1,8,Mid,Off Exchange,Odd Lot
03:59:04.039 PM ET,8.105,1,8,Mid,Off Exchange,Odd Lot
03:59:04.040 PM ET,8.105,1,8,Mid,Off Exchange,Odd Lot
03:59:06.906 PM ET,8.105,1,8,None,Off Exchange,Odd Lot
03:59:06.907 PM ET,8.105,1,8,None,Off Exchange,Odd Lot
03:59:08.726 PM ET,8.105,1,8,None,Off Exchange,Odd Lot
03:59:11.713 PM ET,8.105,1,8,None,Off Exchange,Odd Lot
03:59:15.701 PM ET,8.105,1,8,None,Off Exchange,Odd Lot
03:59:17.027 PM ET,8.105,1,8,None,Off Exchange,Odd Lot
03:59:18.007 PM ET,8.105,1,8,None,Off Exchange,Odd Lot
03:59:19.457 PM ET,8.105,1,8,None,Off Exchange,Odd Lot
03:59:20.557 PM ET,8.110,1,8,None,Off Exchange,Odd Lot
03:59:20.561 PM ET,8.110,1,8,None,IEX,Odd Lot
03:59:23.112 PM ET,8.100,1,8,None,Off Exchange,Odd Lot
03:59:24.409 PM ET,8.085,1,8,None,Off Exchange,Odd Lot
03:59:24.409 PM ET,8.085,1,8,None,IEX,Odd Lot
03:59:30.363 PM ET,8.100,1,8,None,Off Exchange,Odd Lot
03:59:31.787 PM ET,8.085,1,8,None,Off Exchange,Odd Lot
03:59:37.306 PM ET,8.085,1,8,None,IEX,Odd Lot
03:59:40.104 PM ET,8.100,1,8,None,Off Exchange,Odd Lot
03:59:46.969 PM ET,8.085,1,8,None,Off Exchange,Odd Lot
03:59:46.988 PM ET,8.085,1,8,None,Off Exchange,Odd Lot
03:59:47.938 PM ET,8.100,1,8,None,Off Exchange,Odd Lot
03:59:50.106 PM ET,8.080,1,8,None,IEX,Odd Lot
03:59:51.907 PM ET,8.080,1,8,None,Nasdaq GSM,Odd Lot
03:59:54.612 PM ET,8.080,1,8,None,Nasdaq GSM,Odd Lot
03:59:54.919 PM ET,8.080,1,8,None,Nasdaq GSM,Odd Lot
03:59:55.886 PM ET,8.080,1,8,None,Nasdaq GSM,Odd Lot
03:59:58.092 PM ET,8.080,1,8,None,Nasdaq GSM,Odd Lot
03:59:59.040 PM ET,8.080,1,8,None,Nasdaq GSM,Odd Lot
04:00:09.906 PM ET,8.080,1,8,None,Off Exchange,Frm T Ext Hrs; Odd Lot
04:00:13.936 PM ET,8.080,1,8,None,Off Exchange,Frm T Ext Hrs; Odd Lot
04:04:03.289 PM ET,8.080,1,8,Mid,Off Exchange,Frm T Ext Hrs; Odd Lot
04:04:04.783 PM ET,8.080,1,8,Mid,Off Exchange,Frm T Ext Hrs; Odd Lot
04:10:03.773 PM ET,8.080,1,8,Mid,Off Exchange,Frm T Ext Hrs; Odd Lot
04:22:11.044 PM ET,8.100,1,8,Mid,NYSE Arca,Frm T Ext Hrs; Inter Mkt Swp; Odd Lot; Trade Thru Exmpt
04:34:16.607 PM ET,8.240,1,8,Mid,Off Exchange,Frm T Ext Hrs; Odd Lot
07:06:54.364 PM ET,8.030,1,8,Mid,Off Exchange,Frm T Ext Hrs; Odd Lot
