Time,Price,Size,Premium,Side,Exchange,Conditions
04:12:19.290 PM ET,5.080,"250,000",1.27M,Mid,Off Exchange,Avg Price; Frm T Ext Hrs
04:00:00.430 PM ET,5.080,"153,309",778.81K,None,Nasdaq GSM,Close; Cross; Trade Thru Exmpt
10:55:45.229 AM ET,5.110,"23,573",120.46K,Bid,Off Exchange,
10:35:00.647 AM ET,5.300,"14,824",78.57K,Ask,Nasdaq GSM,Inter Mkt Swp; Trade Thru Exmpt
09:30:00.629 AM ET,5.140,"11,852",60.92K,Mid,Nasdaq GSM,Cross; Mkt Cntr Open; Trade Thru Exmpt
10:54:32.862 AM ET,5.249,"10,000",52.49K,Bid,Off Exchange,
10:55:44.552 AM ET,5.210,"8,572",44.66K,Bid,Off Exchange,
10:35:00.647 AM ET,5.300,"6,196",32.84K,Ask,Nasdaq GSM,Inter Mkt Swp; Trade Thru Exmpt
10:35:00.558 AM ET,5.300,"6,016",31.88K,Ask,Nasdaq GSM,Inter Mkt Swp; Trade Thru Exmpt
10:37:01.835 AM ET,5.300,"5,174",27.42K,Ask,Nasdaq GSM,Inter Mkt Swp; Trade Thru Exmpt
10:35:00.647 AM ET,5.300,"5,003",26.52K,Ask,Nasdaq GSM,Inter Mkt Swp; Trade Thru Exmpt
09:57:34.911 AM ET,5.250,"5,000",26.25K,Mid,NYSE Arca,Inter Mkt Swp; Trade Thru Exmpt
10:35:00.647 AM ET,5.300,"4,477",23.73K,Ask,Nasdaq GSM,Inter Mkt Swp; Trade Thru Exmpt
09:42:56.837 AM ET,5.199,"4,000",20.79K,Mid,Off Exchange,
11:07:59.741 AM ET,5.050,"4,000",20.20K,Ask,Cboe EDGX,
11:27:02.630 AM ET,5.000,"4,000",20.00K,Mid,Off Exchange,
02:02:33.550 PM ET,5.050,"3,800",19.19K,Mid,Off Exchange,
11:53:59.198 AM ET,5.025,"3,500",17.59K,Ask,Off Exchange,
11:31:40.184 AM ET,4.990,"3,400",16.97K,Mid,Off Exchange,
11:40:13.228 AM ET,5.010,"3,400",17.03K,Bid,Off Exchange,
09:32:03.161 AM ET,5.150,"2,767",14.25K,Mid,NYSE Arca,Inter Mkt Swp; Trade Thru Exmpt
10:23:54.784 AM ET,5.260,"2,618",13.77K,Mid,Off Exchange,
10:55:44.760 AM ET,5.101,"2,547",12.99K,Ask,Off Exchange,
10:55:44.662 AM ET,5.140,"2,500",12.85K,Bid,Off Exchange,
10:55:44.662 AM ET,5.160,"2,500",12.90K,Ask,Off Exchange,
10:55:44.663 AM ET,5.160,"2,500",12.90K,Ask,Off Exchange,
10:55:44.663 AM ET,5.140,"2,500",12.85K,Bid,Off Exchange,
10:55:44.664 AM ET,5.160,"2,500",12.90K,Ask,Off Exchange,
10:55:44.727 AM ET,5.115,"2,500",12.79K,Ask,Off Exchange,
10:55:44.728 AM ET,5.100,"2,500",12.75K,Ask,Off Exchange,
09:36:19.875 AM ET,5.200,"2,341",12.17K,Mid,Off Exchange,
10:55:44.576 AM ET,5.200,"2,100",10.92K,Bid,Cboe BZX,Inter Mkt Swp; Trade Thru Exmpt
09:32:12.084 AM ET,5.200,"2,000",10.40K,Mid,NYSE Arca,Inter Mkt Swp; Trade Thru Exmpt
09:58:44.079 AM ET,5.270,"2,000",10.54K,Ask,Off Exchange,
10:18:09.578 AM ET,5.250,"2,000",10.50K,Bid,Nasdaq GSM,Inter Mkt Swp; Trade Thru Exmpt
10:35:00.647 AM ET,5.298,"2,000",10.60K,Mid,Off Exchange,
10:55:44.620 AM ET,5.200,"2,000",10.40K,Mid,Off Exchange,
10:55:44.662 AM ET,5.141,"2,000",10.28K,Bid,Off Exchange,
10:57:30.453 AM ET,5.140,"2,000",10.28K,Mid,Off Exchange,
11:01:54.796 AM ET,5.100,"2,000",10.20K,Mid,Cboe EDGX,
11:03:33.521 AM ET,5.050,"2,000",10.10K,Mid,MEMX,
11:31:29.696 AM ET,5.000,"2,000",10.00K,Bid,Cboe EDGX,
03:48:33.763 PM ET,5.050,"2,000",10.10K,Ask,Off Exchange,
03:54:38.372 PM ET,4.995,"2,000",9.99K,Mid,Off Exchange,
03:55:20.322 PM ET,5.070,"2,000",10.14K,Ask,Off Exchange,
03:49:50.172 PM ET,5.030,"1,935",9.73K,Mid,Off Exchange,
09:57:34.911 AM ET,5.240,"1,910",10.01K,Bid,Cboe EDGX,Inter Mkt Swp; Trade Thru Exmpt
10:18:22.670 AM ET,5.275,"1,904",10.04K,Mid,Off Exchange,
10:55:44.728 AM ET,5.100,"1,600",8.16K,Ask,Off Exchange,
10:55:44.777 AM ET,5.103,"1,526",7.79K,Ask,Off Exchange,
10:55:44.778 AM ET,5.103,"1,526",7.79K,Ask,Off Exchange,
09:57:35.120 AM ET,5.280,"1,500",7.92K,Ask,Off Exchange,
10:35:10.939 AM ET,5.320,"1,500",7.98K,Mid,Off Exchange,
10:36:33.447 AM ET,5.290,"1,500",7.93K,Bid,Cboe EDGX,Inter Mkt Swp; Trade Thru Exmpt
10:38:01.606 AM ET,5.275,"1,500",7.91K,Mid,Off Exchange,
10:38:03.870 AM ET,5.270,"1,500",7.91K,Mid,Off Exchange,
10:55:44.662 AM ET,5.150,"1,500",7.72K,Bid,Off Exchange,
10:55:44.727 AM ET,5.107,"1,500",7.66K,Ask,Off Exchange,
11:31:01.281 AM ET,5.010,"1,500",7.51K,Mid,Off Exchange,
10:55:44.588 AM ET,5.200,"1,400",7.28K,Mid,Off Exchange,
10:55:44.695 AM ET,5.141,"1,400",7.20K,Bid,Off Exchange,
10:55:44.575 AM ET,5.200,"1,362",7.08K,Bid,NYSE Arca,Inter Mkt Swp; Trade Thru Exmpt
03:01:01.965 PM ET,5.010,"1,300",6.51K,Mid,Off Exchange,
10:39:46.867 AM ET,5.278,"1,260",6.65K,Mid,Off Exchange,
10:53:26.952 AM ET,5.238,"1,224",6.41K,Mid,Off Exchange,
07:15:07.090 AM ET,5.090,"1,200",6.11K,Mid,Nasdaq GSM,Frm T Ext Hrs; Inter Mkt Swp; Trade Thru Exmpt
10:55:44.639 AM ET,5.190,"1,200",6.23K,Ask,Cboe BZX,Inter Mkt Swp; Trade Thru Exmpt
03:50:41.505 PM ET,5.010,"1,166",5.84K,Mid,Cboe EDGX,
10:55:44.575 AM ET,5.200,"1,128",5.87K,Bid,Nasdaq GSM,Inter Mkt Swp; Trade Thru Exmpt
03:50:41.506 PM ET,5.020,"1,100",5.52K,Ask,Off Exchange,
03:59:56.235 PM ET,5.090,"1,066",5.43K,None,Nasdaq GSM,Inter Mkt Swp; Trade Thru Exmpt
02:34:47.488 PM ET,5.050,"1,045",5.28K,Mid,Off Exchange,
10:55:44.778 AM ET,5.103,"1,026",5.24K,Bid,Off Exchange,
09:44:33.830 AM ET,5.215,"1,000",5.21K,Mid,Off Exchange,
10:08:40.641 AM ET,5.233,"1,000",5.23K,Mid,Off Exchange,
10:40:40.492 AM ET,5.279,"1,000",5.28K,Mid,Off Exchange,
10:41:54.704 AM ET,5.240,"1,000",5.24K,Ask,Off Exchange,
10:55:44.708 AM ET,5.160,"1,000",5.16K,Ask,Off Exchange,
11:07:59.741 AM ET,5.050,"1,000",5.05K,Ask,Cboe EDGX,
11:50:44.464 AM ET,5.030,"1,000",5.03K,Mid,Off Exchange,
12:49:41.873 PM ET,5.011,"1,000",5.01K,Mid,Off Exchange,
02:31:51.279 PM ET,5.045,"1,000",5.04K,Mid,Off Exchange,
03:00:17.522 PM ET,5.011,"1,000",5.01K,Mid,Off Exchange,
03:50:07.988 PM ET,5.050,"1,000",5.05K,Ask,Nasdaq GSM,Inter Mkt Swp; Trade Thru Exmpt
03:52:04.882 PM ET,5.000,"1,000",5.00K,Mid,Off Exchange,
03:54:38.860 PM ET,5.000,"1,000",5.00K,Mid,MEMX,
11:50:32.873 AM ET,5.035,992,5.00K,Mid,Off Exchange,
10:54:32.863 AM ET,5.250,986,5.18K,Bid,Nasdaq GSM,Inter Mkt Swp; Trade Thru Exmpt
09:47:51.662 AM ET,5.201,957,4.98K,Mid,Off Exchange,
10:03:55.980 AM ET,5.240,957,5.01K,Mid,Off Exchange,
12:09:30.527 PM ET,5.030,952,4.79K,Mid,Off Exchange,
11:03:18.584 AM ET,5.080,944,4.80K,Mid,Off Exchange,
10:35:19.363 AM ET,5.320,932,4.96K,Mid,Off Exchange,
10:55:44.638 AM ET,5.190,900,4.67K,Ask,Nasdaq GSM,Inter Mkt Swp; Trade Thru Exmpt
10:18:09.578 AM ET,5.250,842,4.42K,Bid,Cboe EDGX,Inter Mkt Swp; Trade Thru Exmpt
03:50:41.505 PM ET,5.010,834,4.18K,Mid,Cboe EDGX,Inter Mkt Swp; Trade Thru Exmpt
11:18:44.472 AM ET,5.040,800,4.03K,Mid,Off Exchange,
03:59:14.586 PM ET,5.070,800,4.06K,None,Off Exchange,
10:35:00.651 AM ET,5.308,790,4.19K,Ask,Off Exchange,
03:58:28.625 PM ET,5.050,766,3.87K,Bid,Nasdaq GSM,Inter Mkt Swp; Trade Thru Exmpt
09:42:48.577 AM ET,5.191,750,3.89K,Mid,Off Exchange,
10:35:00.648 AM ET,5.300,700,3.71K,Ask,NYSE Arca,Inter Mkt Swp; Trade Thru Exmpt
10:55:44.637 AM ET,5.190,700,3.63K,Ask,NYSE Arca,Inter Mkt Swp; Trade Thru Exmpt
12:40:04.684 PM ET,5.060,700,3.54K,Mid,Off Exchange,
10:54:32.863 AM ET,5.250,682,3.58K,Bid,Nasdaq GSM,Inter Mkt Swp; Trade Thru Exmpt
04:02:37.836 AM ET,5.060,632,3.20K,Mid,Off Exchange,Frm T Ext Hrs
11:03:18.583 AM ET,5.070,616,3.12K,Bid,Off Exchange,
11:53:59.162 AM ET,5.020,609,3.06K,Ask,Cboe EDGX,Inter Mkt Swp; Trade Thru Exmpt
10:20:20.578 AM ET,5.270,606,3.19K,Mid,NYSE Arca,Inter Mkt Swp; Trade Thru Exmpt
10:07:56.409 AM ET,5.240,600,3.14K,Mid,Off Exchange,
10:41:29.078 AM ET,5.270,600,3.16K,Mid,Off Exchange,
10:41:37.787 AM ET,5.264,600,3.16K,Mid,Off Exchange,
12:13:15.471 PM ET,5.050,600,3.03K,Ask,Nasdaq GSM,Inter Mkt Swp; Trade Thru Exmpt
03:49:41.181 PM ET,5.030,600,3.02K,Mid,Off Exchange,
03:50:41.505 PM ET,5.010,600,3.01K,Mid,Off Exchange,
03:59:09.977 PM ET,5.065,600,3.04K,None,NYSE,
10:11:27.568 AM ET,5.212,590,3.07K,Bid,Off Exchange,
09:40:19.242 AM ET,5.185,582,3.02K,Mid,Off Exchange,
09:40:19.245 AM ET,5.190,582,3.02K,Mid,Off Exchange,
10:55:44.651 AM ET,5.173,573,2.96K,Ask,Off Exchange,
10:33:33.258 AM ET,5.280,568,3.00K,Mid,Off Exchange,
09:57:35.418 AM ET,5.250,556,2.92K,Mid,Nasdaq GSM,
10:01:18.003 AM ET,5.270,551,2.90K,Mid,Off Exchange,
09:57:34.911 AM ET,5.250,538,2.82K,Mid,MEMX,Inter Mkt Swp; Trade Thru Exmpt
11:03:30.700 AM ET,5.040,520,2.62K,Bid,NYSE Arca,
10:31:24.891 AM ET,5.290,517,2.73K,Ask,Off Exchange,
10:31:51.475 AM ET,5.285,510,2.70K,Bid,Off Exchange,
09:54:58.054 AM ET,5.220,500,2.61K,Mid,Off Exchange,
09:57:34.911 AM ET,5.250,500,2.63K,Mid,Cboe EDGX,Inter Mkt Swp; Trade Thru Exmpt
10:34:24.657 AM ET,5.285,500,2.64K,Mid,Off Exchange,
10:35:00.647 AM ET,5.300,500,2.65K,Ask,Nasdaq GSM,Inter Mkt Swp; Trade Thru Exmpt
10:35:00.647 AM ET,5.300,500,2.65K,Ask,NYSE Arca,Inter Mkt Swp; Trade Thru Exmpt
10:36:33.447 AM ET,5.290,500,2.65K,Bid,NYSE Arca,
10:41:47.161 AM ET,5.260,500,2.63K,Bid,Off Exchange,
10:55:44.645 AM ET,5.190,500,2.60K,Ask,Off Exchange,
10:55:44.666 AM ET,5.150,500,2.58K,Bid,NYSE Arca,Inter Mkt Swp; Trade Thru Exmpt
10:55:44.691 AM ET,5.140,500,2.57K,Bid,Nasdaq GSM,
11:03:18.583 AM ET,5.070,500,2.54K,Bid,Nasdaq GSM,Inter Mkt Swp; Trade Thru Exmpt
11:24:58.499 AM ET,5.025,500,2.51K,Mid,Off Exchange,
11:53:49.474 AM ET,5.020,500,2.51K,Ask,Off Exchange,
03:25:41.199 PM ET,5.035,500,2.52K,Mid,Off Exchange,
09:57:41.886 AM ET,5.270,475,2.50K,Mid,Off Exchange,
03:59:42.115 PM ET,5.070,469,2.38K,None,Nasdaq GSM,Inter Mkt Swp; Trade Thru Exmpt
11:16:22.477 AM ET,5.030,468,2.35K,Bid,Off Exchange,
09:57:34.911 AM ET,5.250,462,2.43K,Mid,MEMX,Inter Mkt Swp; Trade Thru Exmpt
03:59:45.440 PM ET,5.080,453,2.30K,None,Nasdaq GSM,Inter Mkt Swp; Trade Thru Exmpt
03:59:56.235 PM ET,5.080,451,2.29K,None,Nasdaq GSM,Inter Mkt Swp; Trade Thru Exmpt
10:37:01.835 AM ET,5.300,442,2.34K,Ask,Nasdaq GSM,
09:58:06.287 AM ET,5.240,400,2.10K,Bid,Nasdaq GSM,Inter Mkt Swp; Trade Thru Exmpt
10:01:18.196 AM ET,5.260,400,2.10K,Mid,Off Exchange,
10:07:56.596 AM ET,5.240,400,2.10K,Mid,Off Exchange,
10:20:30.109 AM ET,5.260,400,2.10K,Mid,Cboe EDGX,Inter Mkt Swp; Trade Thru Exmpt
10:41:42.573 AM ET,5.260,400,2.10K,Bid,Off Exchange,
10:55:44.575 AM ET,5.200,400,2.08K,Bid,Cboe EDGX,Inter Mkt Swp; Trade Thru Exmpt
11:26:44.698 AM ET,5.020,400,2.01K,Mid,Cboe BZX,Inter Mkt Swp; Trade Thru Exmpt
11:26:44.703 AM ET,5.000,400,2.00K,Bid,Nasdaq GSM,
01:30:05.197 PM ET,5.065,400,2.03K,Mid,Off Exchange,
01:40:05.351 PM ET,5.050,400,2.02K,Mid,IEX,
01:40:05.357 PM ET,5.050,400,2.02K,Mid,Off Exchange,
01:40:05.369 PM ET,5.050,400,2.02K,Mid,Off Exchange,
10:38:15.411 AM ET,5.270,399,2.10K,Bid,Cboe EDGX,Inter Mkt Swp; Trade Thru Exmpt
10:57:47.171 AM ET,5.140,395,2.03K,Bid,Cboe EDGX,Inter Mkt Swp; Trade Thru Exmpt
02:03:11.188 PM ET,5.055,395,2.00K,Mid,Off Exchange,
11:20:25.041 AM ET,5.030,392,1.97K,Bid,Nasdaq GSM,Inter Mkt Swp; Trade Thru Exmpt
01:40:05.351 PM ET,5.050,383,1.93K,Mid,Off Exchange,
10:18:39.230 AM ET,5.254,380,2.00K,Mid,Off Exchange,
10:30:45.320 AM ET,5.270,379,2.00K,Mid,Off Exchange,
04:02:45.014 AM ET,5.060,368,1.86K,Mid,Off Exchange,Frm T Ext Hrs
03:59:41.784 PM ET,5.080,353,1.79K,None,Nasdaq GSM,Inter Mkt Swp; Trade Thru Exmpt
10:28:15.208 AM ET,5.278,350,1.85K,Mid,Off Exchange,
10:55:44.734 AM ET,5.120,350,1.79K,Ask,Off Exchange,
11:20:09.574 AM ET,5.032,350,1.76K,Mid,Off Exchange,
11:26:44.707 AM ET,4.981,344,1.71K,Mid,Off Exchange,
03:58:02.086 PM ET,5.050,335,1.69K,Bid,Nasdaq GSM,
10:37:01.835 AM ET,5.300,334,1.77K,Ask,Nasdaq GSM,Inter Mkt Swp; Trade Thru Exmpt
10:25:09.374 AM ET,5.279,333,1.76K,Mid,Off Exchange,
10:25:25.064 AM ET,5.280,333,1.76K,Mid,Off Exchange,
10:55:44.638 AM ET,5.190,328,1.70K,Ask,Nasdaq GSM,Inter Mkt Swp; Trade Thru Exmpt
10:00:21.790 AM ET,5.269,323,1.70K,Mid,Off Exchange,
01:29:18.680 PM ET,5.053,323,1.63K,Mid,Off Exchange,
10:55:44.728 AM ET,5.107,305,1.56K,Ask,Off Exchange,
02:12:18.078 PM ET,5.060,302,1.53K,Mid,IEX,
09:30:38.035 AM ET,5.120,300,1.54K,Bid,Nasdaq GSM,
09:32:41.910 AM ET,5.218,300,1.57K,Mid,Off Exchange,
09:44:15.027 AM ET,5.210,300,1.56K,Ask,Nasdaq GSM,Inter Mkt Swp; Trade Thru Exmpt
09:58:11.538 AM ET,5.250,300,1.57K,Mid,Off Exchange,
10:23:54.776 AM ET,5.260,300,1.58K,Mid,Off Exchange,
10:36:33.447 AM ET,5.290,300,1.59K,Bid,Nasdaq GSM,Inter Mkt Swp; Trade Thru Exmpt
10:36:33.562 AM ET,5.300,300,1.59K,Mid,Off Exchange,
10:37:01.835 AM ET,5.300,300,1.59K,Ask,Nasdaq GSM,Inter Mkt Swp; Trade Thru Exmpt
10:37:01.838 AM ET,5.290,300,1.59K,Ask,NYSE Arca,
10:41:42.588 AM ET,5.260,300,1.58K,Bid,Off Exchange,
10:41:54.671 AM ET,5.240,300,1.57K,Ask,Off Exchange,
10:55:44.538 AM ET,5.235,300,1.57K,Ask,IEX,
10:55:44.658 AM ET,5.160,300,1.55K,Ask,Nasdaq GSM,
10:55:44.658 AM ET,5.160,300,1.55K,Ask,Cboe EDGX,
10:55:44.659 AM ET,5.160,300,1.55K,Ask,NYSE Arca,
10:55:44.723 AM ET,5.130,300,1.54K,Bid,Nasdaq GSM,Inter Mkt Swp; Trade Thru Exmpt
10:55:44.800 AM ET,5.095,300,1.53K,Bid,Off Exchange,
10:56:07.918 AM ET,5.150,300,1.54K,Mid,Off Exchange,
11:01:54.797 AM ET,5.100,300,1.53K,Mid,Off Exchange,
11:26:45.142 AM ET,4.995,300,1.50K,Mid,Off Exchange,
11:53:59.188 AM ET,5.015,300,1.50K,Mid,Off Exchange,
02:02:33.531 PM ET,5.050,300,1.51K,Mid,Off Exchange,
02:02:33.531 PM ET,5.050,300,1.51K,Mid,IEX,
02:20:08.129 PM ET,5.050,300,1.51K,Mid,Off Exchange,
02:29:23.538 PM ET,5.040,300,1.51K,Mid,IEX,
02:29:28.759 PM ET,5.045,300,1.51K,Mid,Off Exchange,
03:01:49.714 PM ET,5.020,300,1.51K,Mid,IEX,
03:09:41.514 PM ET,5.020,300,1.51K,Mid,Off Exchange,
03:09:41.515 PM ET,5.020,300,1.51K,Mid,IEX,
03:12:17.585 PM ET,5.030,300,1.51K,Mid,Off Exchange,
03:18:50.905 PM ET,5.020,300,1.51K,Mid,Off Exchange,
03:18:50.906 PM ET,5.020,300,1.51K,Mid,Off Exchange,
03:18:57.934 PM ET,5.020,300,1.51K,Mid,Off Exchange,
03:23:23.969 PM ET,5.020,300,1.51K,Mid,Off Exchange,
03:23:23.969 PM ET,5.020,300,1.51K,Mid,IEX,
03:31:04.320 PM ET,5.025,300,1.51K,Mid,Off Exchange,
03:40:26.824 PM ET,5.030,300,1.51K,Ask,Nasdaq GSM,Inter Mkt Swp; Trade Thru Exmpt
03:50:41.504 PM ET,5.010,300,1.50K,Mid,Off Exchange,
03:58:02.716 PM ET,5.050,300,1.51K,Ask,Nasdaq GSM,Inter Mkt Swp; Trade Thru Exmpt
03:58:28.625 PM ET,5.050,300,1.51K,Bid,Nasdaq GSM,Inter Mkt Swp; Trade Thru Exmpt
03:58:29.097 PM ET,5.050,300,1.51K,Ask,Nasdaq GSM,
03:59:41.784 PM ET,5.080,300,1.52K,None,Nasdaq GSM,Inter Mkt Swp; Trade Thru Exmpt
03:59:42.115 PM ET,5.070,300,1.52K,None,Nasdaq GSM,
03:59:43.065 PM ET,5.070,300,1.52K,None,Nasdaq GSM,
03:59:56.235 PM ET,5.080,300,1.52K,None,Nasdaq GSM,Inter Mkt Swp; Trade Thru Exmpt
10:23:54.776 AM ET,5.260,298,1.57K,Mid,Off Exchange,
01:25:55.038 PM ET,5.058,293,1.48K,Bid,Off Exchange,
10:51:40.108 AM ET,5.230,290,1.52K,Bid,Nasdaq GSM,Inter Mkt Swp; Trade Thru Exmpt
03:59:48.423 PM ET,5.080,284,1.44K,None,Nasdaq GSM,Inter Mkt Swp; Trade Thru Exmpt
03:58:38.532 PM ET,5.050,263,1.33K,Bid,Nasdaq GSM,Inter Mkt Swp; Trade Thru Exmpt
03:50:41.505 PM ET,5.010,262,1.31K,Mid,Nasdaq GSM,
09:57:34.911 AM ET,5.240,257,1.35K,Bid,NYSE Arca,Inter Mkt Swp; Trade Thru Exmpt
09:32:22.142 AM ET,5.202,256,1.33K,Mid,Off Exchange,
03:59:56.235 PM ET,5.080,251,1.28K,None,Nasdaq GSM,Inter Mkt Swp; Trade Thru Exmpt
10:32:54.832 AM ET,5.280,250,1.32K,Mid,Off Exchange,
11:36:32.733 AM ET,5.000,250,1.25K,Bid,Nasdaq GSM,Inter Mkt Swp; Trade Thru Exmpt
01:12:26.995 PM ET,5.070,250,1.27K,Ask,MIAX Pearl,Inter Mkt Swp; Trade Thru Exmpt
03:50:41.505 PM ET,5.010,250,1.25K,Mid,Nasdaq GSM,Inter Mkt Swp; Trade Thru Exmpt
03:53:38.020 PM ET,5.000,250,1.25K,Mid,Nasdaq GSM,
03:50:26.614 PM ET,5.036,248,1.25K,Ask,Off Exchange,Avg Price; Deriv Priced; Trade Thru Exmpt
10:04:55.835 AM ET,5.223,246,1.28K,Mid,Off Exchange,
09:30:38.035 AM ET,5.110,242,1.24K,Bid,Nasdaq GSM,
03:58:28.625 PM ET,5.050,242,1.22K,Bid,Nasdaq GSM,Inter Mkt Swp; Trade Thru Exmpt
03:58:38.126 PM ET,5.050,235,1.19K,Bid,NYSE Arca,
11:03:33.520 AM ET,5.050,234,1.18K,Mid,Off Exchange,
01:25:55.039 PM ET,5.055,232,1.17K,Bid,Off Exchange,
12:03:54.028 PM ET,5.050,231,1.17K,Mid,Off Exchange,
03:57:56.340 PM ET,5.040,224,1.13K,Bid,Nasdaq GSM,Inter Mkt Swp; Trade Thru Exmpt
09:44:58.483 AM ET,5.230,220,1.15K,Mid,Off Exchange,
03:45:32.440 PM ET,5.030,220,1.11K,Mid,Off Exchange,
01:40:05.333 PM ET,5.055,217,1.10K,Mid,Off Exchange,
10:35:00.647 AM ET,5.300,215,1.14K,Ask,Nasdaq GSM,Inter Mkt Swp; Trade Thru Exmpt
10:55:44.768 AM ET,5.090,215,1.09K,Bid,Nasdaq GSM,Inter Mkt Swp; Trade Thru Exmpt
10:55:44.853 AM ET,5.140,215,1.11K,Bid,Nasdaq GSM,Inter Mkt Swp; Trade Thru Exmpt
11:16:41.583 AM ET,5.048,210,1.06K,Mid,Off Exchange,
03:58:38.532 PM ET,5.050,209,1.06K,Bid,Nasdaq GSM,Inter Mkt Swp; Trade Thru Exmpt
01:12:02.885 PM ET,5.040,206,1.04K,Mid,Off Exchange,
11:10:39.947 AM ET,5.045,203,1.02K,Mid,Off Exchange,
09:30:38.035 AM ET,5.120,200,1.02K,Bid,Nasdaq BX,
09:30:44.663 AM ET,5.130,200,1.03K,Bid,Nasdaq GSM,Inter Mkt Swp; Trade Thru Exmpt
09:32:12.184 AM ET,5.220,200,1.04K,Mid,NYSE Arca,Inter Mkt Swp; Trade Thru Exmpt
09:40:27.138 AM ET,5.210,200,1.04K,Ask,NYSE Arca,Inter Mkt Swp; Trade Thru Exmpt
09:41:41.663 AM ET,5.208,200,1.04K,Mid,Off Exchange,
09:44:15.018 AM ET,5.240,200,1.05K,Ask,NYSE Arca,Inter Mkt Swp; Trade Thru Exmpt
09:45:49.088 AM ET,5.220,200,1.04K,Mid,Nasdaq GSM,
09:45:49.088 AM ET,5.220,200,1.04K,Mid,Cboe EDGX,
09:53:53.683 AM ET,5.210,200,1.04K,Ask,Off Exchange,
09:58:06.287 AM ET,5.240,200,1.05K,Bid,Nasdaq GSM,Inter Mkt Swp; Trade Thru Exmpt
09:58:40.324 AM ET,5.240,200,1.05K,Bid,IEX,
10:01:42.360 AM ET,5.250,200,1.05K,Ask,Cboe BZX,Inter Mkt Swp; Trade Thru Exmpt
10:02:16.495 AM ET,5.240,200,1.05K,Ask,Nasdaq GSM,Inter Mkt Swp; Trade Thru Exmpt
10:15:03.966 AM ET,5.240,200,1.05K,Ask,IEX,
10:18:20.252 AM ET,5.258,200,1.05K,Mid,Off Exchange,
10:18:24.120 AM ET,5.270,200,1.05K,Ask,Nasdaq GSM,Inter Mkt Swp; Trade Thru Exmpt
10:18:32.952 AM ET,5.240,200,1.05K,Mid,Nasdaq GSM,Inter Mkt Swp; Trade Thru Exmpt
10:20:09.353 AM ET,5.270,200,1.05K,Mid,Nasdaq GSM,Inter Mkt Swp; Trade Thru Exmpt
10:24:11.297 AM ET,5.260,200,1.05K,Bid,Cboe BZX,
10:32:05.402 AM ET,5.290,200,1.06K,Ask,Nasdaq GSM,Inter Mkt Swp; Trade Thru Exmpt
10:37:01.851 AM ET,5.305,200,1.06K,Ask,Off Exchange,
10:37:35.970 AM ET,5.280,200,1.06K,Bid,Nasdaq GSM,Inter Mkt Swp; Trade Thru Exmpt
10:41:33.404 AM ET,5.270,200,1.05K,Mid,Off Exchange,
10:41:33.404 AM ET,5.263,200,1.05K,Mid,Off Exchange,
10:41:47.162 AM ET,5.260,200,1.05K,Bid,NYSE Arca,Inter Mkt Swp; Trade Thru Exmpt
10:54:04.411 AM ET,5.250,200,1.05K,Ask,IEX,
10:54:04.411 AM ET,5.250,200,1.05K,Ask,Nasdaq GSM,Inter Mkt Swp; Trade Thru Exmpt
10:55:44.531 AM ET,5.240,200,1.05K,Ask,IEX,
10:55:44.549 AM ET,5.220,200,1.04K,Ask,IEX,
10:55:44.558 AM ET,5.220,200,1.04K,Ask,NYSE Arca,
10:55:44.558 AM ET,5.220,200,1.04K,Ask,Nasdaq GSM,Inter Mkt Swp; Trade Thru Exmpt
10:55:44.575 AM ET,5.200,200,1.04K,Bid,Cboe BZX,Inter Mkt Swp; Trade Thru Exmpt
10:55:44.576 AM ET,5.200,200,1.04K,Bid,NYSE Arca,Inter Mkt Swp; Trade Thru Exmpt
10:55:44.626 AM ET,5.200,200,1.04K,Ask,Nasdaq GSM,Inter Mkt Swp; Trade Thru Exmpt
10:55:44.631 AM ET,5.195,200,1.04K,Ask,Off Exchange,
10:55:44.634 AM ET,5.190,200,1.04K,Ask,Nasdaq GSM,Inter Mkt Swp; Trade Thru Exmpt
10:55:44.635 AM ET,5.190,200,1.04K,Ask,Cboe EDGX,Inter Mkt Swp; Trade Thru Exmpt
10:55:44.638 AM ET,5.190,200,1.04K,Ask,Nasdaq GSM,Inter Mkt Swp; Trade Thru Exmpt
10:55:44.646 AM ET,5.180,200,1.04K,Ask,NYSE,Inter Mkt Swp; Trade Thru Exmpt
10:55:44.653 AM ET,5.170,200,1.03K,Ask,NYSE Arca,Inter Mkt Swp; Trade Thru Exmpt
10:55:44.655 AM ET,5.170,200,1.03K,Ask,NYSE,Inter Mkt Swp; Trade Thru Exmpt
10:55:44.658 AM ET,5.160,200,1.03K,Ask,IEX,
10:55:44.658 AM ET,5.160,200,1.03K,Ask,Nasdaq GSM,
10:55:44.658 AM ET,5.160,200,1.03K,Ask,Cboe BZX,
10:55:44.658 AM ET,5.160,200,1.03K,Ask,Cboe EDGX,
10:55:44.659 AM ET,5.160,200,1.03K,Ask,NYSE Arca,
10:55:44.666 AM ET,5.140,200,1.03K,Bid,NYSE Arca,Inter Mkt Swp; Trade Thru Exmpt
10:55:44.671 AM ET,5.140,200,1.03K,Bid,Off Exchange,
10:55:44.675 AM ET,5.160,200,1.03K,Ask,IEX,
10:55:44.677 AM ET,5.160,200,1.03K,Ask,Nasdaq GSM,Inter Mkt Swp; Trade Thru Exmpt
10:55:44.685 AM ET,5.150,200,1.03K,Bid,NYSE Arca,Inter Mkt Swp; Trade Thru Exmpt
10:55:44.691 AM ET,5.140,200,1.03K,Bid,Nasdaq GSM,
10:55:44.698 AM ET,5.140,200,1.03K,Bid,IEX,
10:55:44.702 AM ET,5.140,200,1.03K,Bid,IEX,
10:55:44.706 AM ET,5.140,200,1.03K,Bid,IEX,
10:55:44.714 AM ET,5.140,200,1.03K,Bid,Nasdaq GSM,Inter Mkt Swp; Trade Thru Exmpt
10:55:44.721 AM ET,5.130,200,1.03K,Bid,IEX,
10:55:44.722 AM ET,5.130,200,1.03K,Bid,Cboe EDGX,Inter Mkt Swp; Trade Thru Exmpt
10:55:44.731 AM ET,5.100,200,1.02K,Ask,IEX,
10:55:44.731 AM ET,5.100,200,1.02K,Ask,Off Exchange,
10:55:44.732 AM ET,5.100,200,1.02K,Ask,NYSE Arca,Inter Mkt Swp; Trade Thru Exmpt
10:55:44.732 AM ET,5.120,200,1.02K,Ask,Nasdaq GSM,
10:55:44.735 AM ET,5.130,200,1.03K,Ask,Nasdaq GSM,Inter Mkt Swp; Trade Thru Exmpt
10:55:44.736 AM ET,5.130,200,1.03K,Ask,NYSE Arca,Inter Mkt Swp; Trade Thru Exmpt
10:55:44.740 AM ET,5.120,200,1.02K,Ask,NYSE Arca,Inter Mkt Swp; Trade Thru Exmpt
10:55:44.742 AM ET,5.120,200,1.02K,Ask,Nasdaq GSM,Inter Mkt Swp; Trade Thru Exmpt
10:55:44.744 AM ET,5.120,200,1.02K,Ask,Nasdaq GSM,Inter Mkt Swp; Trade Thru Exmpt
10:55:44.757 AM ET,5.100,200,1.02K,Ask,NYSE Arca,Inter Mkt Swp; Trade Thru Exmpt
10:55:44.768 AM ET,5.090,200,1.02K,Bid,Nasdaq GSM,Inter Mkt Swp; Trade Thru Exmpt
11:01:56.105 AM ET,5.080,200,1.02K,Mid,Nasdaq GSM,Inter Mkt Swp; Trade Thru Exmpt
11:01:56.106 AM ET,5.080,200,1.02K,Mid,IEX,
11:03:18.583 AM ET,5.070,200,1.01K,Bid,Off Exchange,
11:03:30.700 AM ET,5.040,200,1.01K,Bid,NYSE Arca,
11:04:55.151 AM ET,5.040,200,1.01K,Mid,Nasdaq GSM,Inter Mkt Swp; Trade Thru Exmpt
11:07:31.951 AM ET,5.060,200,1.01K,Mid,Nasdaq GSM,Inter Mkt Swp; Trade Thru Exmpt
11:16:52.260 AM ET,5.049,200,1.01K,Mid,Off Exchange,
11:24:16.695 AM ET,5.025,200,1.00K,Mid,Off Exchange,
11:26:44.703 AM ET,5.000,200,1.00K,Mid,NYSE Arca,
11:27:02.631 AM ET,5.000,200,1.00K,Mid,NYSE Arca,
11:37:47.901 AM ET,5.010,200,1.00K,Mid,IEX,
11:40:13.229 AM ET,5.020,200,1.00K,Mid,NYSE Arca,Inter Mkt Swp; Trade Thru Exmpt
11:40:33.747 AM ET,5.035,200,1.01K,Mid,Off Exchange,
11:53:13.071 AM ET,5.030,200,1.01K,Mid,Off Exchange,
11:53:35.163 AM ET,5.015,200,1.00K,Mid,Off Exchange,
11:53:49.461 AM ET,5.015,200,1.00K,Mid,IEX,
11:53:49.466 AM ET,5.020,200,1.00K,Ask,Cboe EDGX,Inter Mkt Swp; Trade Thru Exmpt
12:10:41.921 PM ET,5.045,200,1.01K,Mid,Off Exchange,
12:12:49.042 PM ET,5.045,200,1.01K,Mid,Off Exchange,
12:13:15.481 PM ET,5.040,200,1.01K,Mid,IEX,
12:15:00.046 PM ET,5.060,200,1.01K,Mid,Off Exchange,
12:17:39.117 PM ET,5.090,200,1.02K,None,Off Exchange,
12:17:39.117 PM ET,5.100,200,1.02K,None,IEX,
12:17:39.124 PM ET,5.090,200,1.02K,None,Off Exchange,
12:21:31.776 PM ET,5.070,200,1.01K,Mid,Off Exchange,
12:24:07.481 PM ET,5.065,200,1.01K,Mid,Off Exchange,
12:27:54.778 PM ET,5.065,200,1.01K,Mid,Off Exchange,
12:35:01.088 PM ET,5.065,200,1.01K,Mid,Off Exchange,
12:40:20.285 PM ET,5.045,200,1.01K,Mid,Off Exchange,
12:44:53.888 PM ET,5.045,200,1.01K,Mid,Off Exchange,
12:47:29.871 PM ET,5.045,200,1.01K,Mid,Off Exchange,
01:02:19.945 PM ET,5.030,200,1.01K,Mid,Off Exchange,
01:02:20.917 PM ET,5.030,200,1.01K,Mid,Off Exchange,
01:02:20.917 PM ET,5.030,200,1.01K,Mid,IEX,
01:02:20.918 PM ET,5.030,200,1.01K,Mid,Off Exchange,
01:03:19.051 PM ET,5.030,200,1.01K,Mid,Off Exchange,
01:04:10.369 PM ET,5.040,200,1.01K,Mid,Off Exchange,
01:06:15.636 PM ET,5.045,200,1.01K,Mid,Off Exchange,
01:12:02.885 PM ET,5.040,200,1.01K,Mid,Off Exchange,
01:12:02.886 PM ET,5.040,200,1.01K,Mid,IEX,
01:12:02.892 PM ET,5.040,200,1.01K,Mid,Off Exchange,
01:25:55.004 PM ET,5.060,200,1.01K,Bid,Nasdaq GSM,Inter Mkt Swp; Trade Thru Exmpt
01:25:55.038 PM ET,5.060,200,1.01K,Bid,IEX,
01:25:55.038 PM ET,5.055,200,1.01K,Bid,Off Exchange,
01:25:55.045 PM ET,5.055,200,1.01K,Bid,Off Exchange,
01:25:55.049 PM ET,5.055,200,1.01K,Bid,Off Exchange,
01:31:20.906 PM ET,5.060,200,1.01K,Mid,Off Exchange,
01:40:05.334 PM ET,5.055,200,1.01K,Mid,IEX,
01:40:05.336 PM ET,5.055,200,1.01K,Mid,Off Exchange,
01:40:05.340 PM ET,5.055,200,1.01K,Mid,Off Exchange,
02:02:33.042 PM ET,5.055,200,1.01K,Mid,Off Exchange,
02:02:33.532 PM ET,5.050,200,1.01K,Mid,Off Exchange,
02:03:11.189 PM ET,5.060,200,1.01K,Ask,Nasdaq GSM,Inter Mkt Swp; Trade Thru Exmpt
02:03:11.191 PM ET,5.060,200,1.01K,Ask,Nasdaq GSM,Inter Mkt Swp; Trade Thru Exmpt
02:12:15.513 PM ET,5.060,200,1.01K,Mid,IEX,
02:21:05.251 PM ET,5.050,200,1.01K,Mid,IEX,
02:23:50.344 PM ET,5.050,200,1.01K,Mid,NYSE Arca,Inter Mkt Swp; Trade Thru Exmpt
02:51:37.975 PM ET,5.040,200,1.01K,Mid,Off Exchange,
02:59:03.219 PM ET,5.030,200,1.01K,Mid,Nasdaq GSM,Inter Mkt Swp; Trade Thru Exmpt
02:59:25.685 PM ET,5.020,200,1.00K,Mid,Off Exchange,
03:01:01.943 PM ET,5.010,200,1.00K,Mid,Off Exchange,
03:09:40.499 PM ET,5.020,200,1.00K,Mid,Off Exchange,
03:23:24.735 PM ET,5.020,200,1.00K,Mid,Off Exchange,
03:33:04.452 PM ET,5.010,200,1.00K,Bid,Off Exchange,
03:34:33.697 PM ET,5.025,200,1.00K,Mid,Off Exchange,
03:40:01.583 PM ET,5.030,200,1.01K,Mid,Off Exchange,
03:49:29.455 PM ET,5.030,200,1.01K,Ask,NYSE Arca,Inter Mkt Swp; Trade Thru Exmpt
03:49:41.180 PM ET,5.030,200,1.01K,Mid,Off Exchange,
03:50:13.738 PM ET,5.041,200,1.01K,Mid,Off Exchange,
03:50:13.739 PM ET,5.041,200,1.01K,Mid,Off Exchange,
03:50:13.761 PM ET,5.025,200,1.00K,Bid,Off Exchange,
03:50:13.761 PM ET,5.025,200,1.00K,Bid,Cboe BZX,
03:50:13.774 PM ET,5.010,200,1.00K,Bid,Off Exchange,
03:50:41.505 PM ET,5.010,200,1.00K,Mid,Nasdaq GSM,
03:52:50.351 PM ET,5.015,200,1.00K,Mid,NYSE,
03:53:38.020 PM ET,5.000,200,1.00K,Mid,Cboe EDGX,Inter Mkt Swp; Trade Thru Exmpt
03:55:00.063 PM ET,5.020,200,1.00K,Ask,NYSE Arca,Inter Mkt Swp; Trade Thru Exmpt
03:55:39.951 PM ET,5.050,200,1.01K,Mid,NYSE,
03:57:03.350 PM ET,5.050,200,1.01K,Mid,NYSE,
03:57:56.481 PM ET,5.040,200,1.01K,Mid,Nasdaq GSM,
03:57:57.779 PM ET,5.040,200,1.01K,Mid,Nasdaq GSM,
03:58:14.061 PM ET,5.050,200,1.01K,Ask,Nasdaq GSM,
03:58:28.572 PM ET,5.055,200,1.01K,Ask,IEX,
03:58:28.625 PM ET,5.050,200,1.01K,Bid,NYSE Arca,Inter Mkt Swp; Trade Thru Exmpt
03:58:38.532 PM ET,5.055,200,1.01K,Mid,NYSE Arca,
03:58:38.532 PM ET,5.050,200,1.01K,Bid,NYSE Arca,
03:58:38.532 PM ET,5.055,200,1.01K,Mid,Nasdaq GSM,Inter Mkt Swp; Trade Thru Exmpt
03:58:38.532 PM ET,5.050,200,1.01K,Bid,Nasdaq GSM,
03:59:01.401 PM ET,5.060,200,1.01K,Mid,IEX,
03:59:07.600 PM ET,5.065,200,1.01K,None,Nasdaq GSM,
03:59:07.631 PM ET,5.065,200,1.01K,None,Nasdaq GSM,
03:59:09.976 PM ET,5.065,200,1.01K,None,NYSE,
03:59:41.784 PM ET,5.080,200,1.02K,None,Nasdaq GSM,
09:50:29.553 AM ET,5.215,199,1.04K,Mid,Off Exchange,
10:18:24.120 AM ET,5.270,199,1.05K,Ask,Nasdaq GSM,Inter Mkt Swp; Trade Thru Exmpt
12:59:20.280 PM ET,5.030,199,1.00K,Mid,IEX,
02:45:59.501 PM ET,5.060,199,1.01K,Ask,Off Exchange,
09:44:56.305 AM ET,5.230,198,1.04K,Ask,Off Exchange,
11:26:44.996 AM ET,4.995,198,989,Mid,Off Exchange,
02:58:36.514 PM ET,5.030,198,996,Ask,Nasdaq GSM,Inter Mkt Swp; Trade Thru Exmpt
03:37:43.371 PM ET,5.020,198,994,Mid,IEX,
03:39:02.653 PM ET,5.030,198,996,Ask,Off Exchange,
11:24:48.696 AM ET,5.025,197,990,Mid,Off Exchange,
03:58:02.716 PM ET,5.050,197,995,Ask,Nasdaq GSM,Inter Mkt Swp; Trade Thru Exmpt
10:18:24.135 AM ET,5.250,196,1.03K,Bid,Nasdaq GSM,Inter Mkt Swp; Trade Thru Exmpt
10:23:41.403 AM ET,5.250,196,1.03K,Mid,Nasdaq GSM,Inter Mkt Swp; Trade Thru Exmpt
03:27:17.108 PM ET,5.035,196,987,Mid,Off Exchange,
09:36:12.612 AM ET,5.202,195,1.01K,Mid,Off Exchange,
03:59:42.115 PM ET,5.070,195,989,None,Nasdaq GSM,Inter Mkt Swp; Trade Thru Exmpt
03:40:26.823 PM ET,5.030,194,976,Ask,Nasdaq GSM,Inter Mkt Swp; Trade Thru Exmpt
01:34:22.652 PM ET,5.050,191,965,Mid,Nasdaq GSM,Inter Mkt Swp; Trade Thru Exmpt
10:55:44.525 AM ET,5.250,190,998,Ask,Nasdaq GSM,Inter Mkt Swp; Trade Thru Exmpt
11:40:13.229 AM ET,5.020,190,954,Mid,NYSE Arca,Inter Mkt Swp; Trade Thru Exmpt
03:59:10.840 PM ET,5.070,190,963,None,Nasdaq GSM,
03:59:37.873 PM ET,5.080,190,965,None,Off Exchange,
04:00:13.165 PM ET,5.080,190,965,None,Off Exchange,Frm T Ext Hrs; Prior Ref Price
09:58:49.622 AM ET,5.270,188,991,Mid,IEX,
03:37:43.357 PM ET,5.020,188,944,Mid,Off Exchange,
12:49:05.017 PM ET,5.030,187,941,Bid,Nasdaq GSM,Inter Mkt Swp; Trade Thru Exmpt
03:50:07.988 PM ET,5.040,187,942,Bid,Nasdaq GSM,Inter Mkt Swp; Trade Thru Exmpt
03:56:59.148 PM ET,5.050,187,944,Mid,Off Exchange,
12:01:40.952 PM ET,5.070,186,943,Mid,Nasdaq GSM,Inter Mkt Swp; Trade Thru Exmpt
03:50:41.506 PM ET,5.010,184,922,Mid,NYSE Arca,
10:55:44.658 AM ET,5.180,181,938,Ask,IEX,
09:43:16.525 AM ET,5.210,180,938,Ask,NYSE Arca,
01:12:26.996 PM ET,5.070,180,913,Ask,NYSE Arca,Inter Mkt Swp; Trade Thru Exmpt
09:36:31.190 AM ET,5.200,179,931,Mid,Nasdaq GSM,Inter Mkt Swp; Trade Thru Exmpt
04:00:14.003 PM ET,5.080,178,904,None,Off Exchange,Frm T Ext Hrs; Prior Ref Price
03:59:41.784 PM ET,5.080,177,899,None,Nasdaq GSM,Inter Mkt Swp; Trade Thru Exmpt
10:55:44.691 AM ET,5.140,172,884,Bid,Nasdaq GSM,Inter Mkt Swp; Trade Thru Exmpt
10:55:44.768 AM ET,5.090,172,875,Bid,Nasdaq GSM,Inter Mkt Swp; Trade Thru Exmpt
03:58:38.532 PM ET,5.050,172,869,Bid,Nasdaq GSM,Inter Mkt Swp; Trade Thru Exmpt
03:59:56.236 PM ET,5.080,172,874,None,Nasdaq GSM,
10:01:42.375 AM ET,5.250,171,898,Ask,Nasdaq GSM,Inter Mkt Swp; Trade Thru Exmpt
03:59:56.236 PM ET,5.080,170,864,None,Nasdaq GSM,Inter Mkt Swp; Trade Thru Exmpt
10:55:44.852 AM ET,5.140,168,864,Bid,NYSE American,Inter Mkt Swp; Trade Thru Exmpt
01:25:00.597 PM ET,5.070,165,837,Bid,Cboe EDGA,Inter Mkt Swp; Trade Thru Exmpt
11:26:44.698 AM ET,5.020,164,823,Mid,NYSE American,Inter Mkt Swp; Trade Thru Exmpt
10:55:44.566 AM ET,5.213,163,850,Mid,Off Exchange,
02:03:11.189 PM ET,5.060,162,820,Ask,Nasdaq GSM,Inter Mkt Swp; Trade Thru Exmpt
03:58:38.533 PM ET,5.050,162,818,Bid,IEX,
02:03:11.189 PM ET,5.060,160,810,Ask,Nasdaq GSM,
03:38:14.743 PM ET,5.020,160,803,Mid,NYSE,
03:58:02.817 PM ET,5.040,157,791,Bid,Nasdaq GSM,
03:57:56.347 PM ET,5.040,156,786,Bid,Nasdaq GSM,Inter Mkt Swp; Trade Thru Exmpt
11:01:55.420 AM ET,5.080,154,782,Mid,NYSE Arca,Inter Mkt Swp; Trade Thru Exmpt
02:05:49.571 PM ET,5.070,153,776,Mid,Off Exchange,
02:58:36.514 PM ET,5.030,152,765,Ask,Nasdaq GSM,Inter Mkt Swp; Trade Thru Exmpt
09:43:16.500 AM ET,5.210,150,782,Ask,MEMX,Inter Mkt Swp; Trade Thru Exmpt
09:47:22.548 AM ET,5.210,150,782,Mid,Off Exchange,
11:43:54.866 AM ET,5.035,150,755,Mid,Off Exchange,
03:30:01.431 PM ET,5.020,150,753,Mid,Off Exchange,
03:50:13.761 PM ET,5.025,150,754,Bid,Nasdaq GSM,
10:55:44.734 AM ET,5.120,149,763,Ask,Nasdaq GSM,Inter Mkt Swp; Trade Thru Exmpt
12:12:43.051 PM ET,5.050,149,752,Mid,Off Exchange,
03:56:54.144 PM ET,5.045,148,747,Mid,Off Exchange,
01:40:05.358 PM ET,5.050,145,732,Mid,Off Exchange,
03:50:13.761 PM ET,5.025,144,724,Bid,Cboe EDGX,
03:40:26.823 PM ET,5.030,142,714,Ask,Cboe EDGX,Inter Mkt Swp; Trade Thru Exmpt
10:41:54.703 AM ET,5.240,141,739,Ask,Off Exchange,
11:53:59.151 AM ET,5.020,140,703,Ask,Cboe EDGX,Inter Mkt Swp; Trade Thru Exmpt
12:17:41.579 PM ET,5.100,140,714,None,Off Exchange,
01:02:19.944 PM ET,5.030,140,704,Mid,Off Exchange,
10:56:34.537 AM ET,5.140,138,709,Ask,Nasdaq GSM,Inter Mkt Swp; Trade Thru Exmpt
03:59:42.115 PM ET,5.070,138,700,None,Nasdaq GSM,Inter Mkt Swp; Trade Thru Exmpt
10:56:34.537 AM ET,5.140,137,704,Ask,Nasdaq GSM,Inter Mkt Swp; Trade Thru Exmpt
03:59:41.784 PM ET,5.080,136,691,None,Nasdaq GSM,Inter Mkt Swp; Trade Thru Exmpt
10:55:44.526 AM ET,5.250,133,698,Ask,Nasdaq GSM,Inter Mkt Swp; Trade Thru Exmpt
10:55:44.534 AM ET,5.240,133,697,Ask,Nasdaq GSM,Inter Mkt Swp; Trade Thru Exmpt
03:24:14.685 PM ET,5.050,132,667,Ask,Off Exchange,
11:42:36.425 AM ET,5.030,131,659,Mid,Nasdaq GSM,Inter Mkt Swp; Trade Thru Exmpt
09:53:54.277 AM ET,5.190,129,670,Ask,Nasdaq GSM,Inter Mkt Swp; Trade Thru Exmpt
10:18:20.700 AM ET,5.270,126,664,Bid,Nasdaq GSM,
10:18:21.676 AM ET,5.270,126,664,Bid,Nasdaq GSM,
01:50:20.512 PM ET,5.065,124,628,Mid,Off Exchange,
09:30:38.035 AM ET,5.110,121,618,Bid,Nasdaq GSM,
10:03:59.187 AM ET,5.240,120,629,Bid,Cboe BYX,Inter Mkt Swp; Trade Thru Exmpt
10:41:33.404 AM ET,5.261,120,631,Mid,Nasdaq BX,
11:03:18.581 AM ET,5.071,120,609,Mid,Nasdaq BX,
11:03:18.582 AM ET,5.071,120,609,Mid,Cboe BYX,
02:59:03.219 PM ET,5.030,120,604,Mid,Nasdaq GSM,Inter Mkt Swp; Trade Thru Exmpt
03:01:06.611 PM ET,5.020,120,602,Bid,Nasdaq GSM,Inter Mkt Swp; Trade Thru Exmpt
09:58:06.387 AM ET,5.250,119,625,Mid,Nasdaq GSM,
10:41:47.161 AM ET,5.260,119,626,Bid,Cboe EDGX,Inter Mkt Swp; Trade Thru Exmpt
11:20:07.034 AM ET,5.032,119,599,Mid,Off Exchange,
02:10:30.328 PM ET,5.078,118,599,Mid,Off Exchange,
02:07:29.071 PM ET,5.070,117,593,Mid,Off Exchange,
10:35:01.148 AM ET,5.290,115,608,Mid,Nasdaq GSM,Inter Mkt Swp; Trade Thru Exmpt
10:55:44.771 AM ET,5.090,115,585,Bid,Nasdaq GSM,Inter Mkt Swp; Trade Thru Exmpt
10:55:44.772 AM ET,5.100,115,587,Ask,Nasdaq GSM,Inter Mkt Swp; Trade Thru Exmpt
11:31:29.696 AM ET,5.000,115,575,Bid,Nasdaq GSM,
01:34:22.651 PM ET,5.050,114,576,Mid,Nasdaq GSM,Inter Mkt Swp; Trade Thru Exmpt
03:49:24.340 PM ET,5.030,114,573,Mid,Nasdaq GSM,Inter Mkt Swp; Trade Thru Exmpt
12:49:05.017 PM ET,5.030,113,568,Bid,Nasdaq GSM,Inter Mkt Swp; Trade Thru Exmpt
02:44:13.116 PM ET,5.050,113,571,Mid,Off Exchange,
10:08:41.343 AM ET,5.230,112,586,Ask,Nasdaq GSM,Inter Mkt Swp; Trade Thru Exmpt
11:36:32.733 AM ET,5.000,112,560,Bid,Nasdaq GSM,Inter Mkt Swp; Trade Thru Exmpt
03:50:13.740 PM ET,5.040,112,564,Bid,Nasdaq GSM,
11:07:59.741 AM ET,5.050,111,561,Ask,Nasdaq GSM,
11:20:25.041 AM ET,5.030,111,558,Bid,Nasdaq GSM,Inter Mkt Swp; Trade Thru Exmpt
03:49:29.454 PM ET,5.020,111,557,Bid,Nasdaq GSM,Inter Mkt Swp; Trade Thru Exmpt
10:20:20.595 AM ET,5.270,110,580,Mid,Off Exchange,
01:18:08.542 PM ET,5.061,110,557,Mid,Off Exchange,
01:23:32.359 PM ET,5.090,110,560,Ask,Off Exchange,
02:49:01.913 PM ET,5.050,110,556,Mid,Off Exchange,
03:28:20.781 PM ET,5.035,110,554,Mid,Off Exchange,
09:36:19.875 AM ET,5.200,109,567,Mid,Nasdaq GSM,Inter Mkt Swp; Trade Thru Exmpt
03:53:38.020 PM ET,5.000,109,545,Mid,Nasdaq GSM,
03:58:38.532 PM ET,5.050,109,550,Bid,Nasdaq GSM,
03:59:22.734 PM ET,5.080,109,554,None,Off Exchange,
09:36:44.197 AM ET,5.190,108,561,Ask,Nasdaq GSM,Inter Mkt Swp; Trade Thru Exmpt
03:58:38.126 PM ET,5.050,108,545,Bid,NYSE Arca,
09:58:40.324 AM ET,5.240,107,561,Bid,Nasdaq GSM,Inter Mkt Swp; Trade Thru Exmpt
10:55:44.736 AM ET,5.130,107,549,Ask,NYSE Arca,Inter Mkt Swp; Trade Thru Exmpt
12:43:12.876 PM ET,5.045,107,540,Mid,Off Exchange,
02:29:23.276 PM ET,5.040,107,539,Mid,Nasdaq GSM,Inter Mkt Swp; Trade Thru Exmpt
03:30:01.432 PM ET,5.020,107,537,Mid,Nasdaq GSM,Inter Mkt Swp; Trade Thru Exmpt
09:30:38.035 AM ET,5.110,106,542,Bid,Nasdaq GSM,
09:57:35.125 AM ET,5.260,106,558,Mid,IEX,
09:57:35.131 AM ET,5.260,106,558,Mid,IEX,
09:58:06.287 AM ET,5.240,106,555,Bid,Nasdaq GSM,Inter Mkt Swp; Trade Thru Exmpt
10:08:41.329 AM ET,5.230,106,554,Ask,Nasdaq GSM,Inter Mkt Swp; Trade Thru Exmpt
12:01:40.952 PM ET,5.070,106,537,Mid,Nasdaq GSM,Inter Mkt Swp; Trade Thru Exmpt
10:55:44.525 AM ET,5.250,105,551,Ask,Nasdaq GSM,Inter Mkt Swp; Trade Thru Exmpt
11:28:03.621 AM ET,5.016,105,527,Mid,Off Exchange,
03:47:51.336 PM ET,5.050,105,530,Ask,Off Exchange,
03:25:25.653 PM ET,5.040,104,524,Ask,Nasdaq GSM,
09:58:40.338 AM ET,5.240,103,540,Bid,Nasdaq GSM,Inter Mkt Swp; Trade Thru Exmpt
10:35:01.148 AM ET,5.290,103,545,Mid,Nasdaq GSM,Inter Mkt Swp; Trade Thru Exmpt
11:26:44.703 AM ET,5.000,103,515,Bid,Nasdaq GSM,
11:26:44.707 AM ET,4.981,103,513,Mid,Off Exchange,
01:12:27.016 PM ET,5.100,103,525,Ask,Off Exchange,
02:02:33.550 PM ET,5.040,103,519,Bid,Nasdaq GSM,
03:49:29.454 PM ET,5.020,103,517,Bid,Nasdaq GSM,Inter Mkt Swp; Trade Thru Exmpt
10:01:42.360 AM ET,5.250,102,536,Ask,Nasdaq GSM,Inter Mkt Swp; Trade Thru Exmpt
10:18:24.120 AM ET,5.270,102,538,Ask,Nasdaq GSM,Inter Mkt Swp; Trade Thru Exmpt
01:24:49.358 PM ET,5.080,102,518,Ask,Off Exchange,
03:50:41.505 PM ET,5.010,102,511,Bid,Nasdaq GSM,Inter Mkt Swp; Trade Thru Exmpt
03:58:49.079 PM ET,5.060,102,516,Ask,Off Exchange,
10:02:59.567 AM ET,5.240,101,529,Bid,Nasdaq GSM,Inter Mkt Swp; Trade Thru Exmpt
10:55:44.551 AM ET,5.220,101,527,Ask,Nasdaq GSM,
10:55:44.551 AM ET,5.215,101,527,Mid,Nasdaq GSM,
11:08:04.809 AM ET,5.050,101,510,Mid,Off Exchange,
11:26:44.703 AM ET,5.000,101,505,Bid,Nasdaq GSM,
03:58:02.716 PM ET,5.050,101,510,Ask,Nasdaq GSM,Inter Mkt Swp; Trade Thru Exmpt
09:30:38.035 AM ET,5.120,100,512,Bid,Nasdaq GSM,
09:30:38.035 AM ET,5.120,100,512,Bid,Off Exchange,
09:30:38.035 AM ET,5.120,100,512,Bid,NYSE,
09:30:38.036 AM ET,5.130,100,513,Bid,Nasdaq GSM,Inter Mkt Swp; Trade Thru Exmpt
09:30:44.663 AM ET,5.130,100,513,Bid,Nasdaq GSM,Inter Mkt Swp; Trade Thru Exmpt
09:32:02.981 AM ET,5.160,100,516,Ask,Nasdaq GSM,Inter Mkt Swp; Trade Thru Exmpt
09:32:02.982 AM ET,5.160,100,516,Ask,Cboe EDGX,Inter Mkt Swp; Trade Thru Exmpt
09:32:02.982 AM ET,5.160,100,516,Ask,Cboe BZX,Inter Mkt Swp; Trade Thru Exmpt
09:32:02.982 AM ET,5.160,100,516,Ask,NYSE,Inter Mkt Swp; Trade Thru Exmpt
09:32:02.982 AM ET,5.160,100,516,Ask,NYSE Arca,Inter Mkt Swp; Trade Thru Exmpt
09:32:12.083 AM ET,5.190,100,519,Mid,Cboe BZX,Inter Mkt Swp; Trade Thru Exmpt
09:32:12.083 AM ET,5.180,100,518,Bid,Nasdaq GSM,Inter Mkt Swp; Trade Thru Exmpt
09:32:12.083 AM ET,5.180,100,518,Bid,Cboe BZX,Inter Mkt Swp; Trade Thru Exmpt
09:32:12.083 AM ET,5.180,100,518,Bid,Off Exchange,
09:32:12.084 AM ET,5.190,100,519,Mid,NYSE Arca,Inter Mkt Swp; Trade Thru Exmpt
09:32:20.978 AM ET,5.230,100,523,Mid,Nasdaq GSM,Inter Mkt Swp; Trade Thru Exmpt
09:32:20.978 AM ET,5.215,100,522,Mid,Nasdaq GSM,Inter Mkt Swp; Trade Thru Exmpt
09:32:20.979 AM ET,5.210,100,521,Mid,Cboe BZX,
09:32:20.979 AM ET,5.210,100,521,Mid,Off Exchange,
09:32:20.979 AM ET,5.210,100,521,Mid,Nasdaq GSM,Inter Mkt Swp; Trade Thru Exmpt
09:32:30.358 AM ET,5.210,100,521,Mid,Nasdaq GSM,
09:33:11.349 AM ET,5.210,100,521,Mid,Off Exchange,
09:35:00.051 AM ET,5.210,100,521,Mid,IEX,
09:35:00.051 AM ET,5.210,100,521,Mid,Off Exchange,
09:36:12.631 AM ET,5.210,100,521,Mid,Off Exchange,
09:36:17.104 AM ET,5.210,100,521,Mid,Nasdaq GSM,
09:36:19.875 AM ET,5.200,100,520,Mid,Nasdaq GSM,Inter Mkt Swp; Trade Thru Exmpt
09:36:19.876 AM ET,5.200,100,520,Mid,NYSE Arca,Inter Mkt Swp; Trade Thru Exmpt
09:36:31.190 AM ET,5.200,100,520,Mid,Nasdaq GSM,Inter Mkt Swp; Trade Thru Exmpt
09:36:31.190 AM ET,5.200,100,520,Mid,Cboe BZX,Inter Mkt Swp; Trade Thru Exmpt
09:36:44.198 AM ET,5.190,100,519,Ask,NYSE Arca,Inter Mkt Swp; Trade Thru Exmpt
09:36:44.213 AM ET,5.190,100,519,Ask,Off Exchange,
09:40:05.000 AM ET,5.185,100,519,Mid,Off Exchange,
09:40:27.136 AM ET,5.210,100,521,Ask,Nasdaq GSM,Inter Mkt Swp; Trade Thru Exmpt
09:40:27.136 AM ET,5.210,100,521,Ask,Cboe BZX,Inter Mkt Swp; Trade Thru Exmpt
09:40:27.136 AM ET,5.220,100,522,Ask,Cboe EDGX,Inter Mkt Swp; Trade Thru Exmpt
09:40:27.138 AM ET,5.210,100,521,Ask,Nasdaq GSM,Inter Mkt Swp; Trade Thru Exmpt
09:42:57.143 AM ET,5.205,100,521,Mid,Off Exchange,
09:43:16.516 AM ET,5.210,100,521,Ask,Off Exchange,
09:44:15.017 AM ET,5.230,100,523,Ask,Nasdaq GSM,Inter Mkt Swp; Trade Thru Exmpt
09:44:15.017 AM ET,5.230,100,523,Ask,Cboe EDGX,Inter Mkt Swp; Trade Thru Exmpt
09:44:15.018 AM ET,5.220,100,522,Ask,Nasdaq GSM,
09:44:15.018 AM ET,5.220,100,522,Ask,Cboe BZX,
09:44:15.018 AM ET,5.240,100,524,Ask,NYSE Arca,Inter Mkt Swp; Trade Thru Exmpt
09:44:15.018 AM ET,5.230,100,523,Ask,NYSE Arca,Inter Mkt Swp; Trade Thru Exmpt
09:44:15.018 AM ET,5.230,100,523,Ask,NYSE Arca,
09:44:15.018 AM ET,5.220,100,522,Ask,NYSE Arca,
09:44:15.027 AM ET,5.210,100,521,Ask,Nasdaq GSM,Inter Mkt Swp; Trade Thru Exmpt
09:44:15.126 AM ET,5.205,100,521,Mid,Nasdaq GSM,
09:44:15.126 AM ET,5.205,100,521,Mid,MEMX,
09:44:15.126 AM ET,5.200,100,520,Bid,Nasdaq GSM,Inter Mkt Swp; Trade Thru Exmpt
09:44:15.126 AM ET,5.205,100,521,Mid,NYSE Arca,
09:44:15.127 AM ET,5.200,100,520,Bid,NYSE Arca,Inter Mkt Swp; Trade Thru Exmpt
09:44:15.143 AM ET,5.200,100,520,Bid,Nasdaq GSM,
09:44:15.143 AM ET,5.200,100,520,Bid,Cboe BZX,Inter Mkt Swp; Trade Thru Exmpt
09:44:15.143 AM ET,5.200,100,520,Bid,NYSE Arca,Inter Mkt Swp; Trade Thru Exmpt
09:45:47.458 AM ET,5.230,100,523,Mid,NYSE Arca,
09:45:50.755 AM ET,5.210,100,521,Mid,Off Exchange,
09:51:56.678 AM ET,5.203,100,520,Mid,Off Exchange,
09:53:54.276 AM ET,5.200,100,520,Ask,Nasdaq GSM,
09:53:54.277 AM ET,5.190,100,519,Ask,Nasdaq GSM,
09:53:54.278 AM ET,5.190,100,519,Ask,NYSE Arca,Inter Mkt Swp; Trade Thru Exmpt
09:54:32.841 AM ET,5.200,100,520,Bid,Nasdaq GSM,Inter Mkt Swp; Trade Thru Exmpt
09:54:32.842 AM ET,5.220,100,522,Bid,Cboe BZX,Inter Mkt Swp; Trade Thru Exmpt
09:54:32.843 AM ET,5.220,100,522,Bid,Nasdaq GSM,
09:56:53.962 AM ET,5.230,100,523,Mid,Nasdaq GSM,
09:57:34.911 AM ET,5.250,100,525,Mid,IEX,
09:57:34.911 AM ET,5.250,100,525,Mid,Cboe EDGX,Inter Mkt Swp; Trade Thru Exmpt
09:57:34.911 AM ET,5.240,100,524,Bid,NYSE Arca,Inter Mkt Swp; Trade Thru Exmpt
09:57:35.119 AM ET,5.260,100,526,Mid,IEX,
09:58:06.287 AM ET,5.240,100,524,Bid,Nasdaq GSM,Inter Mkt Swp; Trade Thru Exmpt
09:58:06.287 AM ET,5.240,100,524,Bid,NYSE Arca,Inter Mkt Swp; Trade Thru Exmpt
09:58:06.289 AM ET,5.250,100,525,Mid,Nasdaq GSM,Inter Mkt Swp; Trade Thru Exmpt
09:58:06.439 AM ET,5.250,100,525,Mid,Nasdaq GSM,
09:58:27.000 AM ET,5.250,100,525,Mid,Off Exchange,
09:58:40.324 AM ET,5.240,100,524,Bid,NYSE Arca,Inter Mkt Swp; Trade Thru Exmpt
10:00:36.785 AM ET,5.260,100,526,Mid,NYSE Arca,
10:01:42.360 AM ET,5.250,100,525,Ask,Nasdaq GSM,Inter Mkt Swp; Trade Thru Exmpt
10:01:42.361 AM ET,5.250,100,525,Ask,NYSE Arca,Inter Mkt Swp; Trade Thru Exmpt
10:02:16.495 AM ET,5.240,100,524,Ask,Nasdaq GSM,Inter Mkt Swp; Trade Thru Exmpt
10:02:19.790 AM ET,5.240,100,524,Mid,Nasdaq GSM,Inter Mkt Swp; Trade Thru Exmpt
10:02:19.790 AM ET,5.240,100,524,Mid,NYSE Arca,Inter Mkt Swp; Trade Thru Exmpt
10:02:59.567 AM ET,5.240,100,524,Bid,Nasdaq GSM,Inter Mkt Swp; Trade Thru Exmpt
10:02:59.567 AM ET,5.240,100,524,Bid,NYSE Arca,Inter Mkt Swp; Trade Thru Exmpt
10:03:09.967 AM ET,5.230,100,523,Bid,Nasdaq GSM,Inter Mkt Swp; Trade Thru Exmpt
10:03:09.967 AM ET,5.230,100,523,Bid,Nasdaq GSM,
10:03:09.967 AM ET,5.240,100,524,Mid,Nasdaq GSM,Inter Mkt Swp; Trade Thru Exmpt
10:03:09.967 AM ET,5.230,100,523,Bid,NYSE Arca,Inter Mkt Swp; Trade Thru Exmpt
10:03:09.967 AM ET,5.240,100,524,Mid,NYSE,
10:04:01.536 AM ET,5.240,100,524,Bid,Nasdaq GSM,Inter Mkt Swp; Trade Thru Exmpt
10:04:21.669 AM ET,5.235,100,524,Mid,IEX,
10:08:41.329 AM ET,5.230,100,523,Ask,Nasdaq GSM,Inter Mkt Swp; Trade Thru Exmpt
10:08:41.329 AM ET,5.230,100,523,Ask,NYSE Arca,Inter Mkt Swp; Trade Thru Exmpt
10:08:41.343 AM ET,5.230,100,523,Ask,NYSE Arca,Inter Mkt Swp; Trade Thru Exmpt
10:08:49.713 AM ET,5.220,100,522,Bid,Nasdaq GSM,Inter Mkt Swp; Trade Thru Exmpt
10:08:49.714 AM ET,5.220,100,522,Bid,Cboe EDGX,
10:09:06.462 AM ET,5.210,100,521,Bid,NYSE,Inter Mkt Swp; Trade Thru Exmpt
10:11:27.593 AM ET,5.240,100,524,Mid,Nasdaq GSM,Inter Mkt Swp; Trade Thru Exmpt
10:11:30.599 AM ET,5.235,100,524,Mid,Off Exchange,
10:12:03.104 AM ET,5.235,100,524,Mid,Off Exchange,
10:17:57.850 AM ET,5.250,100,525,Ask,Off Exchange,
10:17:57.856 AM ET,5.250,100,525,Ask,Cboe EDGX,Inter Mkt Swp; Trade Thru Exmpt
10:17:57.908 AM ET,5.240,100,524,Mid,Off Exchange,
10:18:20.657 AM ET,5.260,100,526,Bid,Nasdaq GSM,
10:18:20.658 AM ET,5.270,100,527,Bid,Cboe EDGX,Inter Mkt Swp; Trade Thru Exmpt
10:18:20.674 AM ET,5.275,100,528,Mid,Off Exchange,
10:18:20.700 AM ET,5.270,100,527,Bid,Nasdaq GSM,
10:18:24.120 AM ET,5.270,100,527,Ask,NYSE Arca,Inter Mkt Swp; Trade Thru Exmpt
10:18:32.952 AM ET,5.250,100,525,Ask,Cboe EDGX,
10:18:32.952 AM ET,5.240,100,524,Mid,Nasdaq GSM,Inter Mkt Swp; Trade Thru Exmpt
10:20:57.726 AM ET,5.257,100,526,Mid,Off Exchange,
10:23:41.403 AM ET,5.250,100,525,Mid,Nasdaq GSM,Inter Mkt Swp; Trade Thru Exmpt
10:23:54.776 AM ET,5.260,100,526,Mid,Off Exchange,
10:23:54.781 AM ET,5.260,100,526,Mid,Off Exchange,
10:24:11.297 AM ET,5.260,100,526,Bid,NYSE Arca,
10:27:06.706 AM ET,5.270,100,527,Mid,Off Exchange,
10:30:04.111 AM ET,5.270,100,527,Mid,IEX,
10:31:24.884 AM ET,5.290,100,529,Ask,Off Exchange,
10:31:24.885 AM ET,5.290,100,529,Ask,Off Exchange,
10:31:51.471 AM ET,5.290,100,529,Bid,Nasdaq GSM,Inter Mkt Swp; Trade Thru Exmpt
10:31:51.472 AM ET,5.290,100,529,Bid,NYSE Arca,
10:31:51.473 AM ET,5.290,100,529,Bid,Nasdaq GSM,Inter Mkt Swp; Trade Thru Exmpt
10:32:05.389 AM ET,5.290,100,529,Ask,Nasdaq GSM,Inter Mkt Swp; Trade Thru Exmpt
10:32:05.402 AM ET,5.290,100,529,Ask,Nasdaq GSM,Inter Mkt Swp; Trade Thru Exmpt
10:32:32.896 AM ET,5.280,100,528,Mid,Off Exchange,
10:33:05.153 AM ET,5.290,100,529,Ask,Off Exchange,
10:33:37.491 AM ET,5.290,100,529,Mid,Nasdaq GSM,Inter Mkt Swp; Trade Thru Exmpt
10:34:12.557 AM ET,5.285,100,529,Mid,Off Exchange,
10:35:00.647 AM ET,5.300,100,530,Ask,Nasdaq GSM,Inter Mkt Swp; Trade Thru Exmpt
10:35:00.647 AM ET,5.300,100,530,Ask,NYSE Arca,Inter Mkt Swp; Trade Thru Exmpt
10:35:00.648 AM ET,5.300,100,530,Ask,NYSE Arca,Inter Mkt Swp; Trade Thru Exmpt
10:35:00.648 AM ET,5.300,100,530,Ask,Cboe BZX,Inter Mkt Swp; Trade Thru Exmpt
10:35:00.648 AM ET,5.300,100,530,Ask,Cboe EDGX,Inter Mkt Swp; Trade Thru Exmpt
10:35:00.677 AM ET,5.310,100,531,Ask,Cboe BZX,Inter Mkt Swp; Trade Thru Exmpt
10:35:00.677 AM ET,5.310,100,531,Ask,Cboe EDGX,Inter Mkt Swp; Trade Thru Exmpt
10:35:00.696 AM ET,5.300,100,530,Ask,Nasdaq GSM,Inter Mkt Swp; Trade Thru Exmpt
10:35:01.148 AM ET,5.290,100,529,Mid,Nasdaq GSM,Inter Mkt Swp; Trade Thru Exmpt
10:35:01.148 AM ET,5.290,100,529,Mid,Cboe BZX,Inter Mkt Swp; Trade Thru Exmpt
10:35:01.148 AM ET,5.290,100,529,Mid,NYSE Arca,Inter Mkt Swp; Trade Thru Exmpt
10:35:01.155 AM ET,5.290,100,529,Mid,Off Exchange,
10:36:33.447 AM ET,5.290,100,529,Bid,Cboe BZX,Inter Mkt Swp; Trade Thru Exmpt
10:36:33.448 AM ET,5.300,100,530,Mid,Nasdaq GSM,Inter Mkt Swp; Trade Thru Exmpt
10:36:33.448 AM ET,5.300,100,530,Mid,Nasdaq GSM,
10:36:33.553 AM ET,5.300,100,530,Mid,Off Exchange,
10:36:33.561 AM ET,5.300,100,530,Mid,Off Exchange,
10:37:01.835 AM ET,5.300,100,530,Ask,Nasdaq GSM,Inter Mkt Swp; Trade Thru Exmpt
10:37:01.836 AM ET,5.300,100,530,Ask,NYSE Arca,
10:37:01.837 AM ET,5.300,100,530,Ask,Nasdaq GSM,Inter Mkt Swp; Trade Thru Exmpt
10:37:01.837 AM ET,5.300,100,530,Ask,IEX,
10:37:01.838 AM ET,5.290,100,529,Ask,Nasdaq GSM,Inter Mkt Swp; Trade Thru Exmpt
10:37:01.844 AM ET,5.300,100,530,Ask,Off Exchange,
10:37:05.602 AM ET,5.298,100,530,Mid,Off Exchange,
10:37:25.519 AM ET,5.280,100,528,Bid,NYSE Arca,Inter Mkt Swp; Trade Thru Exmpt
10:38:15.411 AM ET,5.270,100,527,Bid,NYSE Arca,Inter Mkt Swp; Trade Thru Exmpt
10:41:33.404 AM ET,5.262,100,526,Mid,Off Exchange,
10:41:35.530 AM ET,5.280,100,528,Mid,Off Exchange,
10:41:47.161 AM ET,5.260,100,526,Bid,Nasdaq GSM,Inter Mkt Swp; Trade Thru Exmpt
10:41:47.162 AM ET,5.260,100,526,Bid,Off Exchange,
10:41:54.669 AM ET,5.250,100,525,Ask,Nasdaq GSM,Inter Mkt Swp; Trade Thru Exmpt
10:44:04.095 AM ET,5.230,100,523,Mid,Off Exchange,
10:50:27.040 AM ET,5.250,100,525,Mid,IEX,
10:50:27.047 AM ET,5.250,100,525,Mid,IEX,
10:50:27.056 AM ET,5.250,100,525,Mid,IEX,
10:50:27.063 AM ET,5.250,100,525,Mid,IEX,
10:51:05.965 AM ET,5.230,100,523,Bid,Off Exchange,
10:51:16.582 AM ET,5.240,100,524,Mid,Off Exchange,
10:51:16.666 AM ET,5.240,100,524,Mid,Off Exchange,
10:54:04.411 AM ET,5.250,100,525,Ask,IEX,
10:54:32.863 AM ET,5.250,100,525,Bid,Nasdaq GSM,Inter Mkt Swp; Trade Thru Exmpt
10:54:32.863 AM ET,5.250,100,525,Bid,NYSE Arca,
10:55:44.525 AM ET,5.250,100,525,Ask,Nasdaq GSM,Inter Mkt Swp; Trade Thru Exmpt
10:55:44.525 AM ET,5.250,100,525,Ask,NYSE Arca,Inter Mkt Swp; Trade Thru Exmpt
10:55:44.529 AM ET,5.245,100,525,Ask,NYSE Arca,
10:55:44.531 AM ET,5.245,100,525,Ask,IEX,
10:55:44.532 AM ET,5.240,100,524,Ask,IEX,
10:55:44.533 AM ET,5.240,100,524,Ask,NYSE Arca,Inter Mkt Swp; Trade Thru Exmpt
10:55:44.538 AM ET,5.235,100,524,Ask,Nasdaq GSM,
10:55:44.538 AM ET,5.235,100,524,Ask,Cboe BZX,
10:55:44.538 AM ET,5.235,100,524,Ask,Cboe EDGX,
10:55:44.538 AM ET,5.235,100,524,Ask,NYSE Arca,
10:55:44.542 AM ET,5.230,100,523,Ask,IEX,
10:55:44.543 AM ET,5.230,100,523,Ask,Nasdaq GSM,
10:55:44.545 AM ET,5.225,100,523,Ask,Nasdaq GSM,
10:55:44.545 AM ET,5.225,100,523,Ask,Cboe BZX,
10:55:44.546 AM ET,5.225,100,523,Ask,NYSE Arca,
10:55:44.549 AM ET,5.220,100,522,Ask,IEX,
10:55:44.549 AM ET,5.221,100,522,Ask,Off Exchange,
10:55:44.551 AM ET,5.220,100,522,Ask,Nasdaq GSM,
10:55:44.551 AM ET,5.220,100,522,Ask,NYSE Arca,Inter Mkt Swp; Trade Thru Exmpt
10:55:44.551 AM ET,5.210,100,521,Bid,Cboe EDGX,
10:55:44.551 AM ET,5.220,100,522,Ask,Cboe EDGX,
10:55:44.551 AM ET,5.220,100,522,Ask,Cboe BZX,
10:55:44.551 AM ET,5.210,100,521,Bid,Cboe BZX,
10:55:44.552 AM ET,5.220,100,522,Ask,IEX,
10:55:44.552 AM ET,5.210,100,521,Bid,NYSE Arca,
10:55:44.552 AM ET,5.210,100,521,Bid,IEX,
10:55:44.553 AM ET,5.220,100,522,Ask,Nasdaq GSM,Inter Mkt Swp; Trade Thru Exmpt
10:55:44.553 AM ET,5.210,100,521,Bid,Off Exchange,
10:55:44.558 AM ET,5.220,100,522,Ask,NYSE Arca,
10:55:44.558 AM ET,5.220,100,522,Ask,Nasdaq GSM,Inter Mkt Swp; Trade Thru Exmpt
10:55:44.558 AM ET,5.220,100,522,Ask,Cboe BZX,Inter Mkt Swp; Trade Thru Exmpt
10:55:44.569 AM ET,5.211,100,521,Mid,Off Exchange,
10:55:44.573 AM ET,5.210,100,521,Ask,Cboe BYX,Inter Mkt Swp; Trade Thru Exmpt
10:55:44.575 AM ET,5.200,100,520,Bid,Nasdaq GSM,Inter Mkt Swp; Trade Thru Exmpt
10:55:44.575 AM ET,5.200,100,520,Bid,Nasdaq GSM,
10:55:44.575 AM ET,5.200,100,520,Bid,MEMX,Inter Mkt Swp; Trade Thru Exmpt
10:55:44.575 AM ET,5.200,100,520,Bid,Cboe BZX,Inter Mkt Swp; Trade Thru Exmpt
10:55:44.575 AM ET,5.210,100,521,Ask,MEMX,Inter Mkt Swp; Trade Thru Exmpt
10:55:44.575 AM ET,5.200,100,520,Bid,NYSE,Inter Mkt Swp; Trade Thru Exmpt
10:55:44.575 AM ET,5.210,100,521,Ask,NYSE,Inter Mkt Swp; Trade Thru Exmpt
10:55:44.576 AM ET,5.200,100,520,Bid,NYSE Arca,Inter Mkt Swp; Trade Thru Exmpt
10:55:44.576 AM ET,5.200,100,520,Bid,Nasdaq GSM,Inter Mkt Swp; Trade Thru Exmpt
10:55:44.578 AM ET,5.235,100,524,Ask,Off Exchange,
10:55:44.583 AM ET,5.210,100,521,Ask,Off Exchange,
10:55:44.589 AM ET,5.201,100,520,Mid,Off Exchange,
10:55:44.589 AM ET,5.200,100,520,Mid,Off Exchange,
10:55:44.595 AM ET,5.200,100,520,Bid,Cboe EDGA,Inter Mkt Swp; Trade Thru Exmpt
10:55:44.598 AM ET,5.200,100,520,Bid,IEX,
10:55:44.599 AM ET,5.201,100,520,Mid,Off Exchange,
10:55:44.600 AM ET,5.200,100,520,Bid,Cboe EDGX,Inter Mkt Swp; Trade Thru Exmpt
10:55:44.603 AM ET,5.200,100,520,Bid,Nasdaq GSM,Inter Mkt Swp; Trade Thru Exmpt
10:55:44.611 AM ET,5.200,100,520,Bid,Nasdaq GSM,
10:55:44.619 AM ET,5.201,100,520,Mid,Off Exchange,
10:55:44.623 AM ET,5.200,100,520,Bid,IEX,
10:55:44.624 AM ET,5.200,100,520,Ask,MEMX,Inter Mkt Swp; Trade Thru Exmpt
10:55:44.625 AM ET,5.200,100,520,Ask,Cboe EDGX,Inter Mkt Swp; Trade Thru Exmpt
10:55:44.626 AM ET,5.200,100,520,Ask,Nasdaq GSM,Inter Mkt Swp; Trade Thru Exmpt
10:55:44.627 AM ET,5.200,100,520,Ask,Off Exchange,
10:55:44.629 AM ET,5.201,100,520,Ask,Off Exchange,
10:55:44.630 AM ET,5.201,100,520,Ask,Off Exchange,
10:55:44.630 AM ET,5.200,100,520,Ask,Off Exchange,
10:55:44.634 AM ET,5.190,100,519,Ask,Nasdaq GSM,
10:55:44.638 AM ET,5.190,100,519,Ask,Nasdaq GSM,Inter Mkt Swp; Trade Thru Exmpt
10:55:44.639 AM ET,5.190,100,519,Ask,Cboe BZX,Inter Mkt Swp; Trade Thru Exmpt
10:55:44.640 AM ET,5.191,100,519,Ask,Off Exchange,
10:55:44.650 AM ET,5.181,100,518,Ask,Off Exchange,
10:55:44.651 AM ET,5.170,100,517,Ask,Off Exchange,
10:55:44.655 AM ET,5.170,100,517,Ask,NYSE,Inter Mkt Swp; Trade Thru Exmpt
10:55:44.658 AM ET,5.160,100,516,Ask,Cboe BZX,
10:55:44.660 AM ET,5.171,100,517,Ask,Off Exchange,
10:55:44.664 AM ET,5.160,100,516,Ask,Off Exchange,
10:55:44.666 AM ET,5.160,100,516,Ask,NYSE Arca,
10:55:44.670 AM ET,5.143,100,514,Bid,Off Exchange,
10:55:44.670 AM ET,5.145,100,515,Bid,Off Exchange,
10:55:44.670 AM ET,5.144,100,514,Bid,Off Exchange,
10:55:44.673 AM ET,5.160,100,516,Ask,Nasdaq GSM,Inter Mkt Swp; Trade Thru Exmpt
10:55:44.677 AM ET,5.160,100,516,Ask,Nasdaq GSM,Inter Mkt Swp; Trade Thru Exmpt
10:55:44.680 AM ET,5.162,100,516,Ask,Off Exchange,
10:55:44.685 AM ET,5.150,100,515,Bid,NYSE Arca,Inter Mkt Swp; Trade Thru Exmpt
10:55:44.686 AM ET,5.150,100,515,Bid,Nasdaq GSM,Inter Mkt Swp; Trade Thru Exmpt
10:55:44.687 AM ET,5.150,100,515,Bid,Cboe BZX,Inter Mkt Swp; Trade Thru Exmpt
10:55:44.690 AM ET,5.151,100,515,Mid,Off Exchange,
10:55:44.690 AM ET,5.152,100,515,Mid,Off Exchange,
10:55:44.691 AM ET,5.140,100,514,Bid,Nasdaq GSM,Inter Mkt Swp; Trade Thru Exmpt
10:55:44.698 AM ET,5.140,100,514,Bid,IEX,
10:55:44.699 AM ET,5.140,100,514,Bid,Cboe EDGX,Inter Mkt Swp; Trade Thru Exmpt
10:55:44.700 AM ET,5.141,100,514,Bid,Off Exchange,
10:55:44.700 AM ET,5.140,100,514,Bid,Cboe EDGX,Inter Mkt Swp; Trade Thru Exmpt
10:55:44.703 AM ET,5.140,100,514,Bid,Cboe EDGX,Inter Mkt Swp; Trade Thru Exmpt
10:55:44.704 AM ET,5.140,100,514,Bid,Cboe EDGX,Inter Mkt Swp; Trade Thru Exmpt
10:55:44.705 AM ET,5.140,100,514,Bid,Cboe EDGX,Inter Mkt Swp; Trade Thru Exmpt
10:55:44.707 AM ET,5.140,100,514,Bid,Cboe EDGX,Inter Mkt Swp; Trade Thru Exmpt
10:55:44.709 AM ET,5.140,100,514,Bid,NYSE Arca,Inter Mkt Swp; Trade Thru Exmpt
10:55:44.710 AM ET,5.140,100,514,Bid,Nasdaq GSM,Inter Mkt Swp; Trade Thru Exmpt
10:55:44.712 AM ET,5.140,100,514,Bid,Cboe BZX,Inter Mkt Swp; Trade Thru Exmpt
10:55:44.712 AM ET,5.140,100,514,Bid,Nasdaq GSM,Inter Mkt Swp; Trade Thru Exmpt
10:55:44.713 AM ET,5.140,100,514,Bid,NYSE Arca,Inter Mkt Swp; Trade Thru Exmpt
10:55:44.714 AM ET,5.140,100,514,Bid,NYSE Arca,
10:55:44.714 AM ET,5.140,100,514,Bid,Nasdaq GSM,Inter Mkt Swp; Trade Thru Exmpt
10:55:44.720 AM ET,5.131,100,513,Bid,Off Exchange,
10:55:44.721 AM ET,5.130,100,513,Bid,IEX,
10:55:44.723 AM ET,5.130,100,513,Bid,Nasdaq GSM,Inter Mkt Swp; Trade Thru Exmpt
10:55:44.730 AM ET,5.104,100,510,Ask,Off Exchange,
10:55:44.730 AM ET,5.103,100,510,Ask,Off Exchange,
10:55:44.730 AM ET,5.102,100,510,Ask,Off Exchange,
10:55:44.731 AM ET,5.100,100,510,Ask,IEX,
10:55:44.732 AM ET,5.100,100,510,Ask,NYSE Arca,Inter Mkt Swp; Trade Thru Exmpt
10:55:44.732 AM ET,5.120,100,512,Ask,Nasdaq GSM,
10:55:44.733 AM ET,5.120,100,512,Ask,NYSE Arca,Inter Mkt Swp; Trade Thru Exmpt
10:55:44.734 AM ET,5.120,100,512,Ask,Cboe BZX,Inter Mkt Swp; Trade Thru Exmpt
10:55:44.734 AM ET,5.130,100,513,Ask,Nasdaq GSM,Inter Mkt Swp; Trade Thru Exmpt
10:55:44.735 AM ET,5.130,100,513,Ask,Nasdaq GSM,Inter Mkt Swp; Trade Thru Exmpt
10:55:44.735 AM ET,5.130,100,513,Ask,Cboe BZX,Inter Mkt Swp; Trade Thru Exmpt
10:55:44.740 AM ET,5.121,100,512,Ask,Off Exchange,
10:55:44.741 AM ET,5.120,100,512,Ask,Nasdaq GSM,Inter Mkt Swp; Trade Thru Exmpt
10:55:44.742 AM ET,5.120,100,512,Ask,Nasdaq GSM,Inter Mkt Swp; Trade Thru Exmpt
10:55:44.744 AM ET,5.120,100,512,Ask,Nasdaq GSM,Inter Mkt Swp; Trade Thru Exmpt
10:55:44.750 AM ET,5.111,100,511,Ask,Off Exchange,
10:55:44.751 AM ET,5.110,100,511,Ask,Nasdaq GSM,Inter Mkt Swp; Trade Thru Exmpt
10:55:44.757 AM ET,5.100,100,510,Ask,NYSE Arca,Inter Mkt Swp; Trade Thru Exmpt
10:55:44.759 AM ET,5.100,100,510,Ask,Cboe BZX,Inter Mkt Swp; Trade Thru Exmpt
10:55:44.759 AM ET,5.100,100,510,Ask,NYSE Arca,Inter Mkt Swp; Trade Thru Exmpt
10:55:44.762 AM ET,5.100,100,510,Ask,NYSE Arca,Inter Mkt Swp; Trade Thru Exmpt
10:55:44.764 AM ET,5.100,100,510,Ask,Nasdaq GSM,
10:55:44.768 AM ET,5.090,100,509,Bid,Nasdaq GSM,Inter Mkt Swp; Trade Thru Exmpt
10:55:44.771 AM ET,5.090,100,509,Bid,Nasdaq GSM,Inter Mkt Swp; Trade Thru Exmpt
10:55:44.772 AM ET,5.100,100,510,Ask,Nasdaq GSM,Inter Mkt Swp; Trade Thru Exmpt
10:55:44.772 AM ET,5.100,100,510,Ask,Nasdaq PHLX,Inter Mkt Swp; Trade Thru Exmpt
10:55:44.772 AM ET,5.100,100,510,Ask,Cboe EDGX,Inter Mkt Swp; Trade Thru Exmpt
10:55:44.772 AM ET,5.100,100,510,Ask,Cboe BZX,Inter Mkt Swp; Trade Thru Exmpt
10:55:44.772 AM ET,5.100,100,510,Ask,MEMX,Inter Mkt Swp; Trade Thru Exmpt
10:55:44.772 AM ET,5.100,100,510,Ask,NYSE Arca,Inter Mkt Swp; Trade Thru Exmpt
10:55:44.774 AM ET,5.100,100,510,Ask,Off Exchange,
10:55:44.778 AM ET,5.110,100,511,Bid,Nasdaq GSM,
10:55:44.782 AM ET,5.110,100,511,Bid,MEMX,Inter Mkt Swp; Trade Thru Exmpt
10:55:44.783 AM ET,5.110,100,511,Bid,Cboe EDGX,Inter Mkt Swp; Trade Thru Exmpt
10:55:44.785 AM ET,5.110,100,511,Bid,NYSE Arca,Inter Mkt Swp; Trade Thru Exmpt
10:55:44.801 AM ET,5.120,100,512,Bid,Nasdaq GSM,Inter Mkt Swp; Trade Thru Exmpt
10:55:44.801 AM ET,5.120,100,512,Bid,NYSE Arca,Inter Mkt Swp; Trade Thru Exmpt
10:55:44.801 AM ET,5.130,100,513,Bid,Nasdaq GSM,
10:55:44.802 AM ET,5.130,100,513,Bid,NYSE Arca,
10:55:44.851 AM ET,5.140,100,514,Bid,Off Exchange,
10:55:44.852 AM ET,5.140,100,514,Bid,Nasdaq GSM,
10:55:44.853 AM ET,5.140,100,514,Bid,Nasdaq GSM,
10:55:44.853 AM ET,5.140,100,514,Bid,Cboe BZX,Inter Mkt Swp; Trade Thru Exmpt
10:55:44.854 AM ET,5.140,100,514,Bid,NYSE Arca,
10:55:45.252 AM ET,5.145,100,515,Mid,Nasdaq GSM,
10:55:47.651 AM ET,5.145,100,515,Mid,Off Exchange,
10:55:48.582 AM ET,5.145,100,515,Mid,Off Exchange,
10:55:49.081 AM ET,5.145,100,515,Mid,Off Exchange,
10:55:49.570 AM ET,5.150,100,515,Ask,Off Exchange,
10:55:50.621 AM ET,5.145,100,515,Mid,Off Exchange,
10:55:51.482 AM ET,5.145,100,515,Mid,Off Exchange,
10:55:51.807 AM ET,5.145,100,515,Mid,NYSE Arca,
10:55:52.181 AM ET,5.145,100,515,Mid,Off Exchange,
10:55:52.782 AM ET,5.145,100,515,Mid,Off Exchange,
10:55:53.831 AM ET,5.145,100,515,Mid,Off Exchange,
10:55:55.182 AM ET,5.145,100,515,Mid,Off Exchange,
10:55:55.781 AM ET,5.145,100,515,Mid,Off Exchange,
10:55:56.255 AM ET,5.145,100,515,Mid,NYSE Arca,
10:55:56.979 AM ET,5.150,100,515,Ask,Off Exchange,
10:55:58.653 AM ET,5.150,100,515,Mid,Off Exchange,
10:56:34.537 AM ET,5.140,100,514,Ask,Nasdaq GSM,Inter Mkt Swp; Trade Thru Exmpt
10:56:34.537 AM ET,5.140,100,514,Ask,Cboe BZX,Inter Mkt Swp; Trade Thru Exmpt
10:56:34.537 AM ET,5.140,100,514,Ask,IEX,
10:56:34.580 AM ET,5.130,100,513,Mid,Off Exchange,
10:57:03.071 AM ET,5.130,100,513,Bid,Nasdaq GSM,Inter Mkt Swp; Trade Thru Exmpt
10:57:15.242 AM ET,5.150,100,515,Mid,Off Exchange,
10:57:47.181 AM ET,5.150,100,515,Mid,Off Exchange,
10:57:47.341 AM ET,5.140,100,514,Mid,Off Exchange,
10:58:09.218 AM ET,5.140,100,514,Bid,Cboe EDGX,
11:00:46.949 AM ET,5.140,100,514,Ask,Nasdaq GSM,
11:00:46.950 AM ET,5.130,100,513,Ask,Cboe BZX,Inter Mkt Swp; Trade Thru Exmpt
11:00:46.951 AM ET,5.120,100,512,Mid,Cboe BZX,
11:01:54.795 AM ET,5.110,100,511,Ask,Nasdaq GSM,Inter Mkt Swp; Trade Thru Exmpt
11:01:54.796 AM ET,5.100,100,510,Mid,Cboe BZX,
11:01:55.420 AM ET,5.080,100,508,Mid,IEX,
11:01:56.103 AM ET,5.080,100,508,Mid,Nasdaq GSM,Inter Mkt Swp; Trade Thru Exmpt
11:03:18.593 AM ET,5.050,100,505,Bid,Off Exchange,
11:03:18.717 AM ET,5.040,100,504,Bid,Off Exchange,
11:03:30.712 AM ET,5.050,100,505,Ask,Nasdaq GSM,
11:03:51.060 AM ET,5.060,100,506,Ask,NYSE Arca,Inter Mkt Swp; Trade Thru Exmpt
11:03:51.060 AM ET,5.060,100,506,Ask,Nasdaq GSM,Inter Mkt Swp; Trade Thru Exmpt
11:07:31.951 AM ET,5.058,100,506,Mid,Off Exchange,
11:07:31.953 AM ET,5.060,100,506,Mid,Off Exchange,
11:07:31.975 AM ET,5.060,100,506,Mid,Nasdaq GSM,
11:07:59.741 AM ET,5.050,100,505,Ask,Nasdaq GSM,Inter Mkt Swp; Trade Thru Exmpt
11:07:59.741 AM ET,5.050,100,505,Ask,NYSE Arca,Inter Mkt Swp; Trade Thru Exmpt
11:07:59.772 AM ET,5.045,100,505,Mid,Off Exchange,
11:08:29.290 AM ET,5.050,100,505,Mid,Cboe EDGX,Inter Mkt Swp; Trade Thru Exmpt
11:12:01.850 AM ET,5.040,100,504,Ask,NYSE Arca,
11:12:01.850 AM ET,5.040,100,504,Ask,Cboe EDGX,
11:12:01.850 AM ET,5.040,100,504,Ask,IEX,
11:12:02.813 AM ET,5.040,100,504,Mid,Off Exchange,
11:12:15.416 AM ET,5.050,100,505,Mid,Nasdaq GSM,Inter Mkt Swp; Trade Thru Exmpt
11:15:59.148 AM ET,5.050,100,505,Mid,Off Exchange,
11:16:22.475 AM ET,5.040,100,504,Bid,Off Exchange,
11:16:22.476 AM ET,5.040,100,504,Bid,Nasdaq GSM,Inter Mkt Swp; Trade Thru Exmpt
11:16:22.476 AM ET,5.040,100,504,Bid,NYSE Arca,Inter Mkt Swp; Trade Thru Exmpt
11:17:38.744 AM ET,5.040,100,504,Mid,Off Exchange,
11:20:25.041 AM ET,5.030,100,503,Bid,IEX,
11:20:25.041 AM ET,5.030,100,503,Bid,Nasdaq GSM,Inter Mkt Swp; Trade Thru Exmpt
11:20:25.041 AM ET,5.030,100,503,Bid,NYSE Arca,
11:22:01.144 AM ET,5.025,100,503,Mid,IEX,
11:22:01.148 AM ET,5.025,100,503,Mid,Off Exchange,
11:22:57.705 AM ET,5.025,100,503,Mid,IEX,
11:24:16.695 AM ET,5.025,100,503,Mid,Off Exchange,
11:25:56.831 AM ET,5.025,100,503,Mid,IEX,
11:26:35.695 AM ET,5.010,100,501,Mid,IEX,
11:26:38.696 AM ET,5.010,100,501,Mid,Off Exchange,
11:26:38.696 AM ET,5.010,100,501,Mid,IEX,
11:26:44.698 AM ET,5.020,100,502,Mid,Cboe BZX,Inter Mkt Swp; Trade Thru Exmpt
11:26:44.703 AM ET,5.000,100,500,Bid,Nasdaq GSM,
11:26:44.703 AM ET,5.000,100,500,Bid,Cboe BZX,
11:26:44.703 AM ET,5.000,100,500,Bid,NYSE Arca,
11:28:12.687 AM ET,5.010,100,501,Ask,Nasdaq GSM,Inter Mkt Swp; Trade Thru Exmpt
11:28:12.689 AM ET,5.010,100,501,Ask,Nasdaq GSM,Inter Mkt Swp; Trade Thru Exmpt
11:28:13.651 AM ET,5.010,100,501,Mid,Nasdaq GSM,Inter Mkt Swp; Trade Thru Exmpt
11:28:14.930 AM ET,5.010,100,501,Mid,Nasdaq GSM,Inter Mkt Swp; Trade Thru Exmpt
11:28:15.229 AM ET,5.010,100,501,Mid,Nasdaq GSM,Inter Mkt Swp; Trade Thru Exmpt
11:28:16.952 AM ET,5.010,100,501,Mid,Nasdaq GSM,Inter Mkt Swp; Trade Thru Exmpt
11:28:17.248 AM ET,5.010,100,501,Mid,Nasdaq GSM,Inter Mkt Swp; Trade Thru Exmpt
11:31:29.696 AM ET,5.000,100,500,Bid,Nasdaq GSM,
11:31:29.697 AM ET,5.000,100,500,Bid,NYSE Arca,Inter Mkt Swp; Trade Thru Exmpt
11:31:29.712 AM ET,4.990,100,499,Bid,IEX,
11:31:41.611 AM ET,5.000,100,500,Mid,NYSE Arca,Inter Mkt Swp; Trade Thru Exmpt
11:31:53.146 AM ET,5.010,100,501,Bid,Nasdaq GSM,Inter Mkt Swp; Trade Thru Exmpt
11:32:08.244 AM ET,5.015,100,502,Mid,Off Exchange,
11:33:36.799 AM ET,5.010,100,501,Mid,Cboe EDGX,Inter Mkt Swp; Trade Thru Exmpt
11:36:32.733 AM ET,5.000,100,500,Bid,Nasdaq GSM,Inter Mkt Swp; Trade Thru Exmpt
11:36:32.733 AM ET,5.000,100,500,Bid,NYSE Arca,
11:40:13.228 AM ET,5.020,100,502,Mid,Nasdaq GSM,Inter Mkt Swp; Trade Thru Exmpt
11:40:13.228 AM ET,5.020,100,502,Mid,Cboe EDGX,Inter Mkt Swp; Trade Thru Exmpt
11:40:13.230 AM ET,5.020,100,502,Mid,Nasdaq PHLX,Inter Mkt Swp; Trade Thru Exmpt
11:40:13.320 AM ET,5.025,100,503,Mid,Off Exchange,
11:40:13.368 AM ET,5.025,100,503,Mid,Off Exchange,
11:41:23.290 AM ET,5.035,100,504,Mid,Off Exchange,
11:42:09.611 AM ET,5.030,100,503,Mid,Off Exchange,
11:42:36.111 AM ET,5.030,100,503,Mid,Cboe EDGX,Inter Mkt Swp; Trade Thru Exmpt
11:42:36.121 AM ET,5.030,100,503,Mid,Off Exchange,
11:42:36.351 AM ET,5.020,100,502,Bid,Nasdaq GSM,Inter Mkt Swp; Trade Thru Exmpt
11:42:36.351 AM ET,5.020,100,502,Bid,Nasdaq GSM,
11:42:36.352 AM ET,5.020,100,502,Bid,NYSE Arca,Inter Mkt Swp; Trade Thru Exmpt
11:42:36.425 AM ET,5.030,100,503,Mid,Nasdaq GSM,Inter Mkt Swp; Trade Thru Exmpt
11:49:25.067 AM ET,5.035,100,504,Mid,IEX,
11:49:25.092 AM ET,5.035,100,504,Mid,Off Exchange,
11:53:35.148 AM ET,5.020,100,502,Ask,Nasdaq GSM,Inter Mkt Swp; Trade Thru Exmpt
11:53:35.148 AM ET,5.020,100,502,Ask,NYSE Arca,Inter Mkt Swp; Trade Thru Exmpt
11:53:35.162 AM ET,5.030,100,503,Ask,Off Exchange,
11:53:49.467 AM ET,5.020,100,502,Ask,IEX,
11:59:31.047 AM ET,5.080,100,508,Ask,Off Exchange,
11:59:31.135 AM ET,5.080,100,508,Mid,Cboe EDGX,
12:01:40.952 PM ET,5.070,100,507,Mid,Cboe BZX,Inter Mkt Swp; Trade Thru Exmpt
12:01:40.952 PM ET,5.070,100,507,Mid,NYSE Arca,Inter Mkt Swp; Trade Thru Exmpt
12:12:45.564 PM ET,5.045,100,505,Mid,Off Exchange,
12:13:15.471 PM ET,5.050,100,505,Ask,NYSE Arca,
12:13:15.487 PM ET,5.050,100,505,Mid,Nasdaq GSM,Inter Mkt Swp; Trade Thru Exmpt
12:17:36.755 PM ET,5.100,100,510,None,IEX,
12:17:36.755 PM ET,5.100,100,510,None,NYSE Arca,
12:18:25.642 PM ET,5.080,100,508,None,Off Exchange,
12:18:41.285 PM ET,5.070,100,507,Mid,Nasdaq GSM,Inter Mkt Swp; Trade Thru Exmpt
12:22:57.876 PM ET,5.060,100,506,Bid,Cboe BZX,Inter Mkt Swp; Trade Thru Exmpt
12:41:20.217 PM ET,5.045,100,505,Mid,IEX,
12:42:52.281 PM ET,5.045,100,505,Mid,IEX,
12:43:12.876 PM ET,5.045,100,505,Mid,Off Exchange,
12:48:04.858 PM ET,5.030,100,503,Bid,Nasdaq GSM,
12:49:19.611 PM ET,5.025,100,503,Mid,Off Exchange,
12:50:11.294 PM ET,5.025,100,503,Mid,Off Exchange,
01:00:07.921 PM ET,5.030,100,503,Mid,Off Exchange,
01:01:32.151 PM ET,5.030,100,503,Mid,IEX,
01:01:32.308 PM ET,5.030,100,503,Mid,Off Exchange,
01:02:19.625 PM ET,5.035,100,504,Mid,IEX,
01:02:19.626 PM ET,5.035,100,504,Mid,Off Exchange,
01:02:19.638 PM ET,5.035,100,504,Mid,IEX,
01:02:19.649 PM ET,5.035,100,504,Mid,Off Exchange,
01:02:19.944 PM ET,5.030,100,503,Mid,IEX,
01:03:44.516 PM ET,5.045,100,505,Ask,IEX,
01:03:44.522 PM ET,5.045,100,505,Ask,Off Exchange,
01:03:44.535 PM ET,5.045,100,505,Ask,Off Exchange,
01:03:44.541 PM ET,5.045,100,505,Ask,Off Exchange,
01:08:54.280 PM ET,5.060,100,506,Ask,Off Exchange,
01:12:26.994 PM ET,5.060,100,506,Ask,Nasdaq GSM,Inter Mkt Swp; Trade Thru Exmpt
01:12:26.995 PM ET,5.070,100,507,Ask,Nasdaq GSM,Inter Mkt Swp; Trade Thru Exmpt
01:12:27.015 PM ET,5.100,100,510,Ask,Off Exchange,
01:12:27.036 PM ET,5.080,100,508,Mid,Nasdaq GSM,
01:12:27.041 PM ET,5.080,100,508,Mid,Off Exchange,
01:12:31.299 PM ET,5.080,100,508,Mid,Off Exchange,
01:12:33.591 PM ET,5.080,100,508,Mid,Off Exchange,
01:12:33.592 PM ET,5.080,100,508,Mid,Off Exchange,
01:13:26.119 PM ET,5.080,100,508,Mid,Off Exchange,
01:18:08.543 PM ET,5.061,100,506,Mid,Off Exchange,
01:19:51.513 PM ET,5.090,100,509,Ask,Off Exchange,
01:23:32.358 PM ET,5.090,100,509,Ask,Off Exchange,
01:25:00.592 PM ET,5.075,100,508,Mid,NYSE National,
01:25:00.597 PM ET,5.070,100,507,Bid,NYSE Arca,Inter Mkt Swp; Trade Thru Exmpt
01:25:00.597 PM ET,5.070,100,507,Bid,Nasdaq GSM,Inter Mkt Swp; Trade Thru Exmpt
01:25:14.823 PM ET,5.070,100,507,Mid,IEX,
01:25:14.840 PM ET,5.070,100,507,Mid,Off Exchange,
01:25:55.002 PM ET,5.060,100,506,Bid,Off Exchange,
01:25:55.003 PM ET,5.060,100,506,Mid,Off Exchange,
01:25:55.004 PM ET,5.060,100,506,Bid,Nasdaq GSM,Inter Mkt Swp; Trade Thru Exmpt
01:25:55.005 PM ET,5.060,100,506,Bid,NYSE Arca,Inter Mkt Swp; Trade Thru Exmpt
01:29:45.219 PM ET,5.065,100,507,Mid,Off Exchange,
01:29:45.276 PM ET,5.050,100,505,Mid,Off Exchange,
01:31:31.154 PM ET,5.060,100,506,Mid,Nasdaq GSM,
01:34:22.652 PM ET,5.050,100,505,Mid,IEX,
01:45:06.246 PM ET,5.070,100,507,Mid,Off Exchange,
01:50:20.510 PM ET,5.070,100,507,Mid,NYSE Arca,Inter Mkt Swp; Trade Thru Exmpt
01:54:28.308 PM ET,5.065,100,507,Mid,Off Exchange,
01:55:33.283 PM ET,5.070,100,507,Mid,Off Exchange,
01:55:43.774 PM ET,5.070,100,507,Mid,IEX,
01:55:48.422 PM ET,5.080,100,508,Mid,Off Exchange,
01:55:48.480 PM ET,5.080,100,508,Mid,Off Exchange,
01:59:22.671 PM ET,5.080,100,508,Mid,Off Exchange,
02:01:27.877 PM ET,5.070,100,507,Mid,Off Exchange,
02:02:33.026 PM ET,5.060,100,506,Ask,Nasdaq GSM,Inter Mkt Swp; Trade Thru Exmpt
02:02:33.026 PM ET,5.060,100,506,Ask,NYSE Arca,Inter Mkt Swp; Trade Thru Exmpt
02:02:33.071 PM ET,5.060,100,506,Ask,Nasdaq GSM,Inter Mkt Swp; Trade Thru Exmpt
02:02:33.073 PM ET,5.060,100,506,Ask,IEX,
02:02:33.074 PM ET,5.060,100,506,Ask,Nasdaq GSM,
02:02:33.075 PM ET,5.060,100,506,Ask,NYSE,Inter Mkt Swp; Trade Thru Exmpt
02:02:33.551 PM ET,5.040,100,504,Bid,IEX,
02:02:33.551 PM ET,5.050,100,505,Mid,Nasdaq GSM,Inter Mkt Swp; Trade Thru Exmpt
02:02:33.551 PM ET,5.050,100,505,Mid,NYSE Arca,Inter Mkt Swp; Trade Thru Exmpt
02:02:33.553 PM ET,5.060,100,506,Ask,Nasdaq GSM,Inter Mkt Swp; Trade Thru Exmpt
02:02:33.554 PM ET,5.060,100,506,Ask,Nasdaq GSM,
02:02:51.298 PM ET,5.050,100,505,Mid,Nasdaq GSM,
02:03:11.188 PM ET,5.060,100,506,Ask,Nasdaq GSM,Inter Mkt Swp; Trade Thru Exmpt
02:03:11.191 PM ET,5.060,100,506,Ask,Nasdaq GSM,Inter Mkt Swp; Trade Thru Exmpt
02:03:11.191 PM ET,5.060,100,506,Ask,Nasdaq GSM,
02:03:11.192 PM ET,5.060,100,506,Ask,Off Exchange,
02:03:11.297 PM ET,5.060,100,506,Mid,Off Exchange,
02:03:11.307 PM ET,5.060,100,506,Mid,Off Exchange,
02:03:11.327 PM ET,5.060,100,506,Mid,Off Exchange,
02:03:12.311 PM ET,5.060,100,506,Mid,IEX,
02:03:12.312 PM ET,5.060,100,506,Mid,Off Exchange,
02:03:13.325 PM ET,5.060,100,506,Mid,IEX,
02:03:13.333 PM ET,5.060,100,506,Mid,IEX,
02:03:13.340 PM ET,5.060,100,506,Mid,IEX,
02:03:13.348 PM ET,5.060,100,506,Mid,IEX,
02:03:13.355 PM ET,5.060,100,506,Mid,IEX,
02:03:13.453 PM ET,5.065,100,507,Mid,Nasdaq GSM,
02:03:13.458 PM ET,5.065,100,507,Mid,Nasdaq GSM,
02:04:23.232 PM ET,5.070,100,507,Mid,Off Exchange,
02:10:06.809 PM ET,5.070,100,507,Mid,Off Exchange,
02:25:10.639 PM ET,5.060,100,506,Ask,Off Exchange,
02:29:23.008 PM ET,5.050,100,505,Mid,Off Exchange,
02:29:23.276 PM ET,5.040,100,504,Mid,NYSE Arca,Inter Mkt Swp; Trade Thru Exmpt
02:29:23.276 PM ET,5.040,100,504,Mid,Nasdaq GSM,Inter Mkt Swp; Trade Thru Exmpt
02:29:23.299 PM ET,5.040,100,504,Mid,Nasdaq GSM,
02:29:23.537 PM ET,5.040,100,504,Mid,NYSE,
02:36:52.307 PM ET,5.060,100,506,Ask,Off Exchange,
02:37:31.036 PM ET,5.050,100,505,Mid,Off Exchange,
02:37:33.633 PM ET,5.050,100,505,Mid,Off Exchange,
02:37:34.358 PM ET,5.050,100,505,Mid,Off Exchange,
02:38:29.770 PM ET,5.050,100,505,Mid,Off Exchange,
02:40:09.891 PM ET,5.060,100,506,Ask,Off Exchange,
02:40:12.405 PM ET,5.050,100,505,Mid,Off Exchange,
02:41:03.745 PM ET,5.050,100,505,Mid,Off Exchange,
02:43:48.371 PM ET,5.050,100,505,Mid,NYSE,
02:44:13.105 PM ET,5.060,100,506,Ask,Off Exchange,
02:49:01.876 PM ET,5.060,100,506,Ask,Off Exchange,
02:50:30.071 PM ET,5.060,100,506,Ask,Off Exchange,
02:50:30.072 PM ET,5.060,100,506,Ask,Off Exchange,
02:51:10.317 PM ET,5.040,100,504,Bid,Nasdaq GSM,Inter Mkt Swp; Trade Thru Exmpt
02:51:11.580 PM ET,5.040,100,504,Mid,NYSE Arca,Inter Mkt Swp; Trade Thru Exmpt
02:51:11.634 PM ET,5.040,100,504,Mid,Off Exchange,
02:51:11.641 PM ET,5.040,100,504,Mid,Off Exchange,
02:51:37.975 PM ET,5.040,100,504,Mid,Off Exchange,
02:54:26.535 PM ET,5.040,100,504,Mid,Off Exchange,
02:56:18.615 PM ET,5.030,100,503,Mid,Off Exchange,
02:56:18.616 PM ET,5.030,100,503,Mid,Off Exchange,
02:57:48.393 PM ET,5.040,100,504,Mid,IEX,
02:57:48.393 PM ET,5.040,100,504,Mid,Off Exchange,
02:58:36.529 PM ET,5.030,100,503,Ask,Off Exchange,
02:58:36.530 PM ET,5.025,100,503,Mid,Nasdaq GSM,
02:58:36.530 PM ET,5.025,100,503,Mid,Off Exchange,
02:59:03.219 PM ET,5.030,100,503,Mid,Cboe EDGA,Inter Mkt Swp; Trade Thru Exmpt
02:59:25.705 PM ET,5.020,100,502,Mid,Off Exchange,
03:00:17.522 PM ET,5.010,100,501,Bid,Nasdaq GSM,Inter Mkt Swp; Trade Thru Exmpt
03:00:17.523 PM ET,5.010,100,501,Bid,NYSE Arca,Inter Mkt Swp; Trade Thru Exmpt
03:01:06.611 PM ET,5.020,100,502,Bid,IEX,
03:01:06.611 PM ET,5.020,100,502,Bid,Nasdaq GSM,Inter Mkt Swp; Trade Thru Exmpt
03:01:06.611 PM ET,5.020,100,502,Bid,NYSE Arca,Inter Mkt Swp; Trade Thru Exmpt
03:13:37.141 PM ET,5.030,100,503,Mid,Off Exchange,
03:13:37.155 PM ET,5.030,100,503,Mid,Off Exchange,
03:13:37.159 PM ET,5.030,100,503,Mid,Off Exchange,
03:14:06.723 PM ET,5.030,100,503,Mid,IEX,
03:14:06.723 PM ET,5.030,100,503,Mid,Off Exchange,
03:14:17.363 PM ET,5.030,100,503,Mid,Off Exchange,
03:14:18.017 PM ET,5.030,100,503,Mid,Off Exchange,
03:15:03.312 PM ET,5.030,100,503,Mid,Off Exchange,
03:15:41.252 PM ET,5.020,100,502,Mid,Nasdaq GSM,Inter Mkt Swp; Trade Thru Exmpt
03:15:46.273 PM ET,5.020,100,502,Mid,IEX,
03:15:46.273 PM ET,5.020,100,502,Mid,NYSE,
03:15:46.892 PM ET,5.020,100,502,Mid,Nasdaq GSM,
03:15:52.752 PM ET,5.020,100,502,Mid,Nasdaq GSM,
03:20:27.332 PM ET,5.028,100,503,Mid,Off Exchange,
03:23:08.378 PM ET,5.030,100,503,Ask,IEX,
03:24:14.674 PM ET,5.030,100,503,Ask,IEX,
03:24:14.674 PM ET,5.030,100,503,Ask,Cboe EDGX,Inter Mkt Swp; Trade Thru Exmpt
03:24:14.674 PM ET,5.030,100,503,Ask,NYSE Arca,Inter Mkt Swp; Trade Thru Exmpt
03:24:14.683 PM ET,5.040,100,504,Ask,Nasdaq GSM,
03:24:14.700 PM ET,5.050,100,505,Ask,Off Exchange,
03:24:14.791 PM ET,5.050,100,505,Mid,Nasdaq GSM,
03:24:28.371 PM ET,5.050,100,505,Mid,NYSE,
03:25:25.653 PM ET,5.040,100,504,Ask,IEX,
03:25:25.653 PM ET,5.040,100,504,Ask,NYSE Arca,Inter Mkt Swp; Trade Thru Exmpt
03:25:25.654 PM ET,5.030,100,503,Mid,Nasdaq GSM,Inter Mkt Swp; Trade Thru Exmpt
03:25:28.231 PM ET,5.030,100,503,Mid,Off Exchange,
03:28:20.780 PM ET,5.035,100,504,Mid,IEX,
03:29:33.625 PM ET,5.035,100,504,Mid,IEX,
03:30:01.432 PM ET,5.020,100,502,Mid,Nasdaq GSM,Inter Mkt Swp; Trade Thru Exmpt
03:30:01.432 PM ET,5.020,100,502,Mid,NYSE Arca,Inter Mkt Swp; Trade Thru Exmpt
03:30:01.432 PM ET,5.020,100,502,Mid,IEX,
03:30:01.439 PM ET,5.020,100,502,Mid,Off Exchange,
03:33:04.452 PM ET,5.011,100,501,Mid,Off Exchange,
03:34:33.705 PM ET,5.010,100,501,Bid,Off Exchange,
03:34:33.706 PM ET,5.010,100,501,Bid,Off Exchange,
03:34:33.707 PM ET,5.010,100,501,Bid,Off Exchange,
03:34:34.092 PM ET,5.020,100,502,Ask,Nasdaq GSM,Inter Mkt Swp; Trade Thru Exmpt
03:34:34.093 PM ET,5.020,100,502,Ask,Nasdaq GSM,
03:34:34.093 PM ET,5.020,100,502,Ask,NYSE,Inter Mkt Swp; Trade Thru Exmpt
03:34:34.093 PM ET,5.020,100,502,Ask,NYSE Arca,Inter Mkt Swp; Trade Thru Exmpt
03:34:34.093 PM ET,5.020,100,502,Ask,Cboe BZX,Inter Mkt Swp; Trade Thru Exmpt
03:34:34.093 PM ET,5.020,100,502,Ask,Cboe EDGX,Inter Mkt Swp; Trade Thru Exmpt
03:39:13.478 PM ET,5.030,100,503,Mid,Off Exchange,
03:39:13.492 PM ET,5.030,100,503,Mid,Off Exchange,
03:40:09.452 PM ET,5.040,100,504,Ask,MEMX,
03:40:26.823 PM ET,5.030,100,503,Ask,NYSE Arca,Inter Mkt Swp; Trade Thru Exmpt
03:40:26.824 PM ET,5.030,100,503,Ask,NYSE Arca,
03:40:26.824 PM ET,5.030,100,503,Ask,Cboe EDGX,
03:40:26.833 PM ET,5.030,100,503,Ask,Off Exchange,
03:40:26.834 PM ET,5.030,100,503,Ask,Off Exchange,
03:49:24.340 PM ET,5.030,100,503,Mid,NYSE Arca,Inter Mkt Swp; Trade Thru Exmpt
03:49:29.454 PM ET,5.020,100,502,Bid,Nasdaq GSM,
03:49:29.455 PM ET,5.030,100,503,Ask,Cboe BZX,
03:49:29.455 PM ET,5.020,100,502,Bid,MEMX,Inter Mkt Swp; Trade Thru Exmpt
03:49:29.455 PM ET,5.020,100,502,Bid,NYSE Arca,Inter Mkt Swp; Trade Thru Exmpt
03:50:07.988 PM ET,5.045,100,505,Mid,Nasdaq GSM,Inter Mkt Swp; Trade Thru Exmpt
03:50:07.988 PM ET,5.050,100,505,Ask,Nasdaq GSM,Inter Mkt Swp; Trade Thru Exmpt
03:50:07.988 PM ET,5.040,100,504,Bid,NYSE Arca,
03:50:07.988 PM ET,5.050,100,505,Ask,Cboe BYX,Inter Mkt Swp; Trade Thru Exmpt
03:50:07.988 PM ET,5.050,100,505,Ask,Cboe EDGX,Inter Mkt Swp; Trade Thru Exmpt
03:50:07.988 PM ET,5.050,100,505,Ask,IEX,
03:50:13.740 PM ET,5.040,100,504,Bid,Nasdaq GSM,
03:50:13.740 PM ET,5.040,100,504,Bid,Cboe EDGX,
03:50:13.740 PM ET,5.040,100,504,Bid,NYSE Arca,
03:50:13.740 PM ET,5.040,100,504,Bid,IEX,
03:50:30.922 PM ET,5.030,100,503,Ask,IEX,
03:50:41.490 PM ET,5.020,100,502,Mid,Nasdaq GSM,
03:50:41.490 PM ET,5.020,100,502,Mid,Off Exchange,
03:50:41.505 PM ET,5.010,100,501,Mid,Nasdaq GSM,Inter Mkt Swp; Trade Thru Exmpt
03:50:41.506 PM ET,5.010,100,501,Mid,NYSE Arca,Inter Mkt Swp; Trade Thru Exmpt
03:50:41.506 PM ET,5.010,100,501,Mid,IEX,
03:50:42.614 PM ET,5.015,100,502,Mid,Nasdaq GSM,
03:50:57.313 PM ET,5.015,100,502,Mid,NYSE,
03:51:57.764 PM ET,5.021,100,502,Mid,Off Exchange,Avg Price
03:52:14.215 PM ET,5.015,100,502,Mid,Cboe EDGX,
03:53:38.020 PM ET,5.000,100,500,Mid,Nasdaq GSM,
03:53:38.020 PM ET,5.000,100,500,Mid,Off Exchange,
03:53:38.020 PM ET,5.000,100,500,Mid,NYSE Arca,Inter Mkt Swp; Trade Thru Exmpt
03:55:00.062 PM ET,5.020,100,502,Ask,Nasdaq GSM,Inter Mkt Swp; Trade Thru Exmpt
03:55:00.063 PM ET,5.020,100,502,Ask,Cboe EDGX,Inter Mkt Swp; Trade Thru Exmpt
03:55:00.063 PM ET,5.020,100,502,Ask,Cboe BZX,Inter Mkt Swp; Trade Thru Exmpt
03:55:00.063 PM ET,5.020,100,502,Ask,NYSE Arca,Inter Mkt Swp; Trade Thru Exmpt
03:55:00.063 PM ET,5.020,100,502,Ask,NYSE Arca,
03:55:00.064 PM ET,5.020,100,502,Ask,Off Exchange,
03:55:08.038 PM ET,5.040,100,504,Mid,NYSE,
03:55:18.087 PM ET,5.045,100,505,Mid,Nasdaq GSM,
03:55:44.874 PM ET,5.050,100,505,Mid,Nasdaq GSM,
03:56:01.097 PM ET,5.045,100,505,Mid,Off Exchange,
03:56:09.177 PM ET,5.045,100,505,Mid,IEX,
03:56:09.177 PM ET,5.045,100,505,Mid,Off Exchange,
03:56:29.011 PM ET,5.050,100,505,Mid,NYSE,
03:56:54.545 PM ET,5.050,100,505,Mid,IEX,
03:57:18.056 PM ET,5.050,100,505,Mid,IEX,
03:57:18.056 PM ET,5.050,100,505,Mid,Off Exchange,
03:57:39.706 PM ET,5.050,100,505,Mid,Cboe EDGX,
03:57:39.747 PM ET,5.050,100,505,Mid,IEX,
03:57:39.747 PM ET,5.050,100,505,Mid,Off Exchange,
03:58:00.673 PM ET,5.030,100,503,Bid,Off Exchange,
03:58:02.817 PM ET,5.040,100,504,Bid,Nasdaq GSM,
03:58:14.061 PM ET,5.050,100,505,Ask,Nasdaq GSM,
03:58:28.047 PM ET,5.045,100,505,Mid,Nasdaq GSM,
03:58:28.570 PM ET,5.050,100,505,Ask,NYSE Arca,
03:58:28.625 PM ET,5.050,100,505,Bid,Nasdaq GSM,
03:58:28.625 PM ET,5.050,100,505,Bid,NYSE Arca,Inter Mkt Swp; Trade Thru Exmpt
03:58:38.125 PM ET,5.050,100,505,Bid,IEX,
03:58:38.126 PM ET,5.050,100,505,Bid,NYSE Arca,
03:58:38.532 PM ET,5.050,100,505,Bid,Nasdaq GSM,
03:58:38.532 PM ET,5.050,100,505,Bid,NYSE Arca,
03:58:38.533 PM ET,5.050,100,505,Bid,NYSE Arca,
03:58:42.860 PM ET,5.060,100,506,Ask,IEX,
03:59:02.406 PM ET,5.060,100,506,Bid,NYSE Arca,
03:59:10.840 PM ET,5.070,100,507,None,IEX,
03:59:20.976 PM ET,5.080,100,508,None,IEX,
03:59:29.214 PM ET,5.080,100,508,None,Off Exchange,
03:59:41.784 PM ET,5.080,100,508,None,Nasdaq GSM,Inter Mkt Swp; Trade Thru Exmpt
03:59:41.785 PM ET,5.070,100,507,None,IEX,
03:59:42.115 PM ET,5.070,100,507,None,Nasdaq GSM,
03:59:45.440 PM ET,5.080,100,508,None,Cboe BZX,Inter Mkt Swp; Trade Thru Exmpt
03:59:45.440 PM ET,5.080,100,508,None,Nasdaq GSM,Inter Mkt Swp; Trade Thru Exmpt
03:59:45.441 PM ET,5.080,100,508,None,IEX,
03:59:52.212 PM ET,5.080,100,508,None,IEX,
03:59:56.132 PM ET,5.080,100,508,None,IEX,
03:59:56.235 PM ET,5.080,100,508,None,Nasdaq GSM,Inter Mkt Swp; Trade Thru Exmpt
03:59:56.236 PM ET,5.090,100,509,None,Cboe BZX,Inter Mkt Swp; Trade Thru Exmpt
07:36:57.434 AM ET,5.209,99,516,Mid,Off Exchange,Frm T Ext Hrs; Odd Lot
09:43:16.500 AM ET,5.205,99,515,Mid,Nasdaq GSM,Inter Mkt Swp; Odd Lot; Trade Thru Exmpt
09:44:15.016 AM ET,5.210,99,516,Ask,Nasdaq GSM,Odd Lot
09:57:34.913 AM ET,5.270,99,522,Mid,Nasdaq GSM,Inter Mkt Swp; Odd Lot; Trade Thru Exmpt
10:13:56.120 AM ET,5.230,99,518,Mid,Off Exchange,Odd Lot
10:31:25.413 AM ET,5.290,99,524,Ask,IEX,Odd Lot
11:33:23.957 AM ET,5.015,99,496,Mid,Off Exchange,Odd Lot
01:01:32.153 PM ET,5.030,99,498,Mid,Off Exchange,Odd Lot
02:02:33.074 PM ET,5.060,99,501,Ask,Nasdaq GSM,Odd Lot
02:02:33.551 PM ET,5.050,99,500,Mid,Nasdaq GSM,Inter Mkt Swp; Odd Lot; Trade Thru Exmpt
02:03:11.189 PM ET,5.060,99,501,Ask,Nasdaq GSM,Inter Mkt Swp; Odd Lot; Trade Thru Exmpt
03:24:14.674 PM ET,5.030,99,498,Ask,Nasdaq GSM,Inter Mkt Swp; Odd Lot; Trade Thru Exmpt
03:57:56.240 PM ET,5.050,99,500,Mid,Off Exchange,Odd Lot
03:57:56.340 PM ET,5.040,99,499,Bid,Nasdaq GSM,Odd Lot
09:30:38.035 AM ET,5.120,98,502,Bid,Off Exchange,Odd Lot
09:30:44.663 AM ET,5.130,98,503,Bid,Nasdaq GSM,Inter Mkt Swp; Odd Lot; Trade Thru Exmpt
10:18:20.709 AM ET,5.280,98,517,Ask,Off Exchange,Odd Lot
03:53:30.770 PM ET,5.015,98,491,Mid,Off Exchange,Odd Lot
03:56:30.701 PM ET,5.050,98,495,Mid,Cboe BZX,Odd Lot
09:53:54.277 AM ET,5.190,97,503,Ask,Cboe BZX,Odd Lot
02:03:11.188 PM ET,5.060,97,491,Ask,Nasdaq GSM,Inter Mkt Swp; Odd Lot; Trade Thru Exmpt
09:54:32.841 AM ET,5.210,96,500,Bid,Cboe EDGX,Inter Mkt Swp; Odd Lot; Trade Thru Exmpt
09:58:40.339 AM ET,5.240,96,503,Bid,Nasdaq GSM,Inter Mkt Swp; Odd Lot; Trade Thru Exmpt
01:59:22.672 PM ET,5.080,96,488,Mid,Off Exchange,Odd Lot
03:49:24.340 PM ET,5.030,96,483,Mid,NYSE Arca,Inter Mkt Swp; Odd Lot; Trade Thru Exmpt
10:03:52.508 AM ET,5.248,95,499,Mid,Off Exchange,Odd Lot
11:03:30.712 AM ET,5.050,95,480,Ask,Nasdaq GSM,Inter Mkt Swp; Odd Lot; Trade Thru Exmpt
03:29:33.626 PM ET,5.035,95,478,Mid,Off Exchange,Odd Lot
03:56:04.232 PM ET,5.032,95,478,Mid,Off Exchange,Odd Lot
03:59:48.423 PM ET,5.080,95,483,None,Nasdaq GSM,Inter Mkt Swp; Odd Lot; Trade Thru Exmpt
10:54:32.863 AM ET,5.250,94,494,Bid,Nasdaq GSM,Inter Mkt Swp; Odd Lot; Trade Thru Exmpt
11:26:44.703 AM ET,5.010,94,471,Bid,Nasdaq GSM,Odd Lot
11:42:36.351 AM ET,5.020,94,472,Bid,Nasdaq GSM,Inter Mkt Swp; Odd Lot; Trade Thru Exmpt
02:29:23.014 PM ET,5.050,94,475,Mid,Off Exchange,Odd Lot
02:51:11.580 PM ET,5.040,94,474,Mid,NYSE Arca,Inter Mkt Swp; Odd Lot; Trade Thru Exmpt
03:50:10.489 PM ET,5.050,94,475,Mid,Nasdaq GSM,Odd Lot
09:44:15.018 AM ET,5.220,93,485,Ask,MEMX,Odd Lot
10:18:09.578 AM ET,5.250,93,488,Bid,Nasdaq GSM,Inter Mkt Swp; Odd Lot; Trade Thru Exmpt
11:28:12.689 AM ET,5.010,93,466,Ask,IEX,Odd Lot
10:55:44.553 AM ET,5.220,92,480,Ask,NYSE Arca,Inter Mkt Swp; Odd Lot; Trade Thru Exmpt
10:55:58.661 AM ET,5.150,92,474,Mid,Off Exchange,Odd Lot
03:00:27.849 PM ET,5.010,92,461,Mid,IEX,Odd Lot
10:55:44.523 AM ET,5.252,91,478,Ask,Off Exchange,Odd Lot
12:18:45.870 PM ET,5.070,91,461,Mid,IEX,Odd Lot
03:58:38.532 PM ET,5.050,91,460,Bid,Nasdaq GSM,Odd Lot
09:56:34.082 AM ET,5.240,90,472,Ask,Cboe EDGX,Inter Mkt Swp; Odd Lot; Trade Thru Exmpt
09:56:34.083 AM ET,5.240,90,472,Ask,NYSE Arca,Inter Mkt Swp; Odd Lot; Trade Thru Exmpt
09:57:32.223 AM ET,5.240,90,472,Ask,NYSE Arca,Inter Mkt Swp; Odd Lot; Trade Thru Exmpt
09:57:34.911 AM ET,5.240,90,472,Bid,NYSE Arca,Inter Mkt Swp; Odd Lot; Trade Thru Exmpt
10:03:09.967 AM ET,5.230,90,471,Bid,IEX,Odd Lot
10:17:57.860 AM ET,5.250,90,473,Ask,Off Exchange,Odd Lot
10:17:57.984 AM ET,5.240,90,472,Mid,Off Exchange,Odd Lot
10:20:20.592 AM ET,5.270,90,474,Mid,Off Exchange,Odd Lot
10:50:27.124 AM ET,5.240,90,472,Bid,NYSE Arca,Inter Mkt Swp; Odd Lot; Trade Thru Exmpt
10:57:47.184 AM ET,5.150,90,464,Mid,Off Exchange,Odd Lot
11:03:40.778 AM ET,5.050,90,455,Mid,Nasdaq GSM,Inter Mkt Swp; Odd Lot; Trade Thru Exmpt
11:26:00.361 AM ET,5.020,90,452,Ask,Off Exchange,Odd Lot
12:17:36.755 PM ET,5.100,90,459,None,Nasdaq GSM,Odd Lot
02:19:30.167 PM ET,5.050,90,455,Mid,Nasdaq GSM,Inter Mkt Swp; Odd Lot; Trade Thru Exmpt
02:40:09.890 PM ET,5.060,90,455,Ask,Off Exchange,Odd Lot
09:30:01.018 AM ET,5.138,89,457,Mid,Off Exchange,Odd Lot
10:19:57.767 AM ET,5.260,89,468,Bid,Nasdaq GSM,Inter Mkt Swp; Odd Lot; Trade Thru Exmpt
12:37:13.597 PM ET,5.060,89,450,Bid,Cboe EDGA,Inter Mkt Swp; Odd Lot; Trade Thru Exmpt
01:24:49.358 PM ET,5.080,89,452,Ask,Off Exchange,Odd Lot
03:20:06.056 PM ET,5.010,89,446,Mid,Off Exchange,Odd Lot
03:47:51.332 PM ET,5.050,89,449,Ask,Off Exchange,Odd Lot
09:38:56.159 AM ET,5.190,88,457,Mid,Nasdaq GSM,Inter Mkt Swp; Odd Lot; Trade Thru Exmpt
09:57:35.138 AM ET,5.260,88,463,Mid,IEX,Odd Lot
11:42:36.351 AM ET,5.020,88,442,Bid,Cboe EDGX,Inter Mkt Swp; Odd Lot; Trade Thru Exmpt
02:02:33.551 PM ET,5.050,88,444,Mid,Nasdaq GSM,Inter Mkt Swp; Odd Lot; Trade Thru Exmpt
03:49:24.340 PM ET,5.030,88,443,Mid,NYSE Arca,Inter Mkt Swp; Odd Lot; Trade Thru Exmpt
10:55:44.778 AM ET,5.110,87,445,Ask,Nasdaq GSM,Inter Mkt Swp; Odd Lot; Trade Thru Exmpt
10:55:44.853 AM ET,5.140,87,447,Bid,Nasdaq GSM,Inter Mkt Swp; Odd Lot; Trade Thru Exmpt
11:53:35.148 AM ET,5.020,87,437,Ask,Nasdaq GSM,Inter Mkt Swp; Odd Lot; Trade Thru Exmpt
03:16:52.267 PM ET,5.020,87,437,Mid,Off Exchange,Odd Lot
03:59:22.733 PM ET,5.080,87,442,None,Off Exchange,Odd Lot
03:59:33.754 PM ET,5.080,87,442,None,IEX,Odd Lot
10:55:44.534 AM ET,5.240,86,451,Ask,Nasdaq GSM,Inter Mkt Swp; Odd Lot; Trade Thru Exmpt
10:55:44.553 AM ET,5.220,86,449,Ask,Nasdaq GSM,Inter Mkt Swp; Odd Lot; Trade Thru Exmpt
10:55:44.558 AM ET,5.220,86,449,Ask,Nasdaq GSM,Inter Mkt Swp; Odd Lot; Trade Thru Exmpt
10:55:44.575 AM ET,5.200,86,447,Bid,Nasdaq GSM,Odd Lot
10:55:44.603 AM ET,5.200,86,447,Bid,Nasdaq GSM,Inter Mkt Swp; Odd Lot; Trade Thru Exmpt
10:55:44.611 AM ET,5.200,86,447,Bid,Nasdaq GSM,Odd Lot
10:55:44.626 AM ET,5.200,86,447,Ask,Nasdaq GSM,Inter Mkt Swp; Odd Lot; Trade Thru Exmpt
10:55:44.634 AM ET,5.190,86,446,Ask,Nasdaq GSM,Odd Lot
10:55:44.638 AM ET,5.190,86,446,Ask,Nasdaq GSM,Inter Mkt Swp; Odd Lot; Trade Thru Exmpt
10:55:44.673 AM ET,5.160,86,444,Ask,Nasdaq GSM,Inter Mkt Swp; Odd Lot; Trade Thru Exmpt
10:55:44.677 AM ET,5.160,86,444,Ask,Nasdaq GSM,Inter Mkt Swp; Odd Lot; Trade Thru Exmpt
10:55:44.686 AM ET,5.150,86,443,Bid,Nasdaq GSM,Inter Mkt Swp; Odd Lot; Trade Thru Exmpt
10:55:44.691 AM ET,5.140,86,442,Bid,Nasdaq GSM,Inter Mkt Swp; Odd Lot; Trade Thru Exmpt
10:55:44.710 AM ET,5.140,86,442,Bid,Nasdaq GSM,Inter Mkt Swp; Odd Lot; Trade Thru Exmpt
10:55:44.712 AM ET,5.140,86,442,Bid,Nasdaq GSM,Inter Mkt Swp; Odd Lot; Trade Thru Exmpt
10:55:44.714 AM ET,5.140,86,442,Bid,Nasdaq GSM,Inter Mkt Swp; Odd Lot; Trade Thru Exmpt
10:55:44.732 AM ET,5.120,86,440,Ask,Nasdaq GSM,Odd Lot
10:55:44.734 AM ET,5.120,86,440,Ask,Nasdaq GSM,Inter Mkt Swp; Odd Lot; Trade Thru Exmpt
10:55:44.734 AM ET,5.130,86,441,Ask,Nasdaq GSM,Inter Mkt Swp; Odd Lot; Trade Thru Exmpt
10:55:44.735 AM ET,5.130,86,441,Ask,Nasdaq GSM,Inter Mkt Swp; Odd Lot; Trade Thru Exmpt
10:55:44.742 AM ET,5.120,86,440,Ask,Nasdaq GSM,Inter Mkt Swp; Odd Lot; Trade Thru Exmpt
10:55:44.744 AM ET,5.120,86,440,Ask,Nasdaq GSM,Inter Mkt Swp; Odd Lot; Trade Thru Exmpt
10:55:44.751 AM ET,5.110,86,439,Ask,Nasdaq GSM,Inter Mkt Swp; Odd Lot; Trade Thru Exmpt
10:55:44.768 AM ET,5.090,86,438,Bid,Nasdaq GSM,Inter Mkt Swp; Odd Lot; Trade Thru Exmpt
10:55:44.771 AM ET,5.090,86,438,Bid,Nasdaq GSM,Inter Mkt Swp; Odd Lot; Trade Thru Exmpt
10:55:44.772 AM ET,5.100,86,439,Ask,Nasdaq GSM,Inter Mkt Swp; Odd Lot; Trade Thru Exmpt
10:55:44.778 AM ET,5.110,86,439,Ask,Nasdaq GSM,Odd Lot
10:55:44.801 AM ET,5.120,86,440,Bid,Nasdaq GSM,Inter Mkt Swp; Odd Lot; Trade Thru Exmpt
10:55:44.801 AM ET,5.130,86,441,Bid,Nasdaq GSM,Odd Lot
10:55:44.852 AM ET,5.140,86,442,Bid,Nasdaq GSM,Inter Mkt Swp; Odd Lot; Trade Thru Exmpt
10:55:44.853 AM ET,5.140,86,442,Bid,Nasdaq GSM,Odd Lot
11:31:41.611 AM ET,5.000,86,430,Mid,Cboe BZX,Inter Mkt Swp; Odd Lot; Trade Thru Exmpt
03:48:15.348 PM ET,5.040,86,433,Mid,IEX,Odd Lot
09:32:07.211 AM ET,5.160,85,439,Mid,Off Exchange,Odd Lot
10:17:57.850 AM ET,5.240,85,445,Mid,NYSE Arca,Inter Mkt Swp; Odd Lot; Trade Thru Exmpt
10:50:27.024 AM ET,5.235,85,445,Bid,Nasdaq GSM,Inter Mkt Swp; Odd Lot; Trade Thru Exmpt
10:55:44.772 AM ET,5.100,85,434,Ask,Nasdaq GSM,Inter Mkt Swp; Odd Lot; Trade Thru Exmpt
03:59:02.405 PM ET,5.060,85,430,Bid,Nasdaq GSM,Odd Lot
03:59:42.116 PM ET,5.070,85,431,None,Nasdaq GSM,Inter Mkt Swp; Odd Lot; Trade Thru Exmpt
03:59:43.069 PM ET,5.070,85,431,None,Nasdaq GSM,Odd Lot
10:57:23.799 AM ET,5.140,84,432,Bid,Nasdaq GSM,Odd Lot
12:18:41.285 PM ET,5.070,84,426,Mid,NYSE Arca,Inter Mkt Swp; Odd Lot; Trade Thru Exmpt
01:03:44.494 PM ET,5.040,84,423,Ask,Cboe BZX,Inter Mkt Swp; Odd Lot; Trade Thru Exmpt
01:54:28.196 PM ET,5.065,84,425,Mid,Nasdaq GSM,Inter Mkt Swp; Odd Lot; Trade Thru Exmpt
03:23:23.933 PM ET,5.020,84,422,Mid,Off Exchange,Odd Lot
03:37:43.255 PM ET,5.020,84,422,Ask,Nasdaq GSM,Inter Mkt Swp; Odd Lot; Trade Thru Exmpt
03:50:41.506 PM ET,5.010,84,421,Mid,NYSE Arca,Inter Mkt Swp; Odd Lot; Trade Thru Exmpt
03:55:48.570 PM ET,5.045,84,424,Mid,IEX,Odd Lot
09:44:15.017 AM ET,5.220,83,433,Ask,NYSE Arca,Odd Lot
02:51:11.580 PM ET,5.040,83,418,Mid,Cboe BZX,Inter Mkt Swp; Odd Lot; Trade Thru Exmpt
03:59:29.214 PM ET,5.080,83,422,None,Off Exchange,Odd Lot
09:44:15.143 AM ET,5.200,82,426,Bid,Nasdaq GSM,Odd Lot
09:44:15.143 AM ET,5.200,82,426,Bid,Nasdaq GSM,Inter Mkt Swp; Odd Lot; Trade Thru Exmpt
10:03:09.967 AM ET,5.230,82,429,Bid,Nasdaq GSM,Odd Lot
10:57:23.799 AM ET,5.140,82,421,Bid,Nasdaq GSM,Odd Lot
03:58:38.126 PM ET,5.050,82,414,Bid,NYSE Arca,Odd Lot
10:37:25.519 AM ET,5.290,81,428,Ask,Off Exchange,Odd Lot
10:37:35.970 AM ET,5.280,81,428,Bid,Cboe BZX,Inter Mkt Swp; Odd Lot; Trade Thru Exmpt
01:34:26.941 PM ET,5.045,81,409,Mid,Off Exchange,Odd Lot
03:24:14.684 PM ET,5.060,81,410,Ask,Cboe BZX,Odd Lot
03:40:26.823 PM ET,5.040,81,408,Ask,Off Exchange,Odd Lot
03:40:26.824 PM ET,5.030,81,407,Ask,Cboe BZX,Inter Mkt Swp; Odd Lot; Trade Thru Exmpt
09:44:15.018 AM ET,5.220,80,418,Ask,Cboe BZX,Odd Lot
10:02:32.932 AM ET,5.250,80,420,Mid,NYSE,Inter Mkt Swp; Odd Lot; Trade Thru Exmpt
10:03:09.967 AM ET,5.230,80,418,Bid,Nasdaq GSM,Inter Mkt Swp; Odd Lot; Trade Thru Exmpt
10:04:01.536 AM ET,5.240,80,419,Bid,Nasdaq GSM,Inter Mkt Swp; Odd Lot; Trade Thru Exmpt
10:32:05.402 AM ET,5.290,80,423,Ask,NYSE Arca,Inter Mkt Swp; Odd Lot; Trade Thru Exmpt
10:41:33.427 AM ET,5.260,80,421,Bid,Off Exchange,Odd Lot
10:55:59.166 AM ET,5.150,80,412,Mid,NYSE Arca,Odd Lot
11:55:29.083 AM ET,5.055,80,404,Mid,Off Exchange,Odd Lot
12:13:15.487 PM ET,5.050,80,404,Mid,Cboe EDGA,Inter Mkt Swp; Odd Lot; Trade Thru Exmpt
01:19:51.463 PM ET,5.090,80,407,Ask,Off Exchange,Odd Lot
01:24:01.441 PM ET,5.070,80,406,Ask,Nasdaq GSM,Odd Lot
01:30:05.090 PM ET,5.065,80,405,Mid,Off Exchange,Odd Lot
02:07:29.072 PM ET,5.070,80,406,Mid,Off Exchange,Odd Lot
03:58:38.126 PM ET,5.050,80,404,Bid,Nasdaq GSM,Inter Mkt Swp; Odd Lot; Trade Thru Exmpt
03:59:40.266 PM ET,5.080,80,406,None,IEX,Odd Lot
09:32:12.083 AM ET,5.180,79,409,Bid,Nasdaq GSM,Inter Mkt Swp; Odd Lot; Trade Thru Exmpt
09:36:19.876 AM ET,5.200,79,411,Mid,Nasdaq GSM,Odd Lot
11:28:59.462 AM ET,5.020,79,397,Ask,IEX,Odd Lot
11:42:36.425 AM ET,5.030,79,397,Mid,Nasdaq GSM,Odd Lot
03:00:27.845 PM ET,5.010,79,396,Mid,IEX,Odd Lot
03:09:42.515 PM ET,5.020,79,397,Mid,Off Exchange,Odd Lot
03:15:41.254 PM ET,5.020,79,397,Mid,Nasdaq GSM,Inter Mkt Swp; Odd Lot; Trade Thru Exmpt
03:30:01.432 PM ET,5.020,79,397,Mid,NYSE,Inter Mkt Swp; Odd Lot; Trade Thru Exmpt
03:59:41.784 PM ET,5.080,79,401,None,IEX,Odd Lot
09:36:31.190 AM ET,5.200,78,406,Mid,Nasdaq GSM,Inter Mkt Swp; Odd Lot; Trade Thru Exmpt
10:30:12.835 AM ET,5.280,78,412,Mid,IEX,Odd Lot
03:01:06.611 PM ET,5.020,78,392,Bid,Nasdaq GSM,Inter Mkt Swp; Odd Lot; Trade Thru Exmpt
03:13:37.158 PM ET,5.030,78,392,Mid,Off Exchange,Odd Lot
09:42:09.433 AM ET,5.200,77,400,Mid,Off Exchange,Odd Lot
09:44:15.018 AM ET,5.230,77,403,Ask,Nasdaq GSM,Odd Lot
02:47:52.049 PM ET,5.050,77,389,Mid,Nasdaq GSM,Odd Lot
03:58:19.554 PM ET,5.050,77,389,Ask,Nasdaq GSM,Odd Lot
09:36:44.201 AM ET,5.170,76,393,Mid,Cboe EDGX,Odd Lot
09:36:48.688 AM ET,5.165,76,393,Mid,NYSE Arca,Inter Mkt Swp; Odd Lot; Trade Thru Exmpt
11:03:18.593 AM ET,5.050,76,384,Bid,Off Exchange,Odd Lot
01:12:27.045 PM ET,5.080,76,386,Mid,Off Exchange,Odd Lot
02:29:23.276 PM ET,5.040,76,383,Mid,Nasdaq GSM,Inter Mkt Swp; Odd Lot; Trade Thru Exmpt
03:24:14.674 PM ET,5.030,76,382,Ask,Cboe BZX,Inter Mkt Swp; Odd Lot; Trade Thru Exmpt
03:59:41.785 PM ET,5.080,76,386,None,Nasdaq GSM,Inter Mkt Swp; Odd Lot; Trade Thru Exmpt
09:30:35.038 AM ET,5.120,75,384,Mid,Off Exchange,Odd Lot
09:30:44.663 AM ET,5.130,75,385,Bid,Nasdaq GSM,Inter Mkt Swp; Odd Lot; Trade Thru Exmpt
10:18:21.676 AM ET,5.270,75,395,Bid,Nasdaq GSM,Odd Lot
10:18:24.120 AM ET,5.270,75,395,Ask,Nasdaq GSM,Inter Mkt Swp; Odd Lot; Trade Thru Exmpt
12:01:40.952 PM ET,5.070,75,380,Mid,NYSE Arca,Inter Mkt Swp; Odd Lot; Trade Thru Exmpt
01:29:55.661 PM ET,5.065,75,380,Mid,Off Exchange,Odd Lot
02:03:18.222 PM ET,5.065,75,380,Mid,Off Exchange,Odd Lot
02:51:10.317 PM ET,5.040,75,378,Bid,Nasdaq GSM,Inter Mkt Swp; Odd Lot; Trade Thru Exmpt
03:25:28.224 PM ET,5.030,75,377,Mid,NYSE,Odd Lot
03:39:13.477 PM ET,5.030,75,377,Mid,Nasdaq GSM,Inter Mkt Swp; Odd Lot; Trade Thru Exmpt
03:53:42.751 PM ET,5.005,75,375,Mid,NYSE,Odd Lot
09:53:54.277 AM ET,5.190,74,384,Ask,Cboe BZX,Odd Lot
10:41:54.671 AM ET,5.240,74,388,Ask,Cboe EDGX,Inter Mkt Swp; Odd Lot; Trade Thru Exmpt
11:03:18.717 AM ET,5.040,74,373,Bid,Off Exchange,Odd Lot
01:12:26.994 PM ET,5.060,74,374,Ask,IEX,Odd Lot
03:58:28.047 PM ET,5.045,74,373,Mid,Nasdaq GSM,Odd Lot
07:08:02.721 AM ET,5.200,73,380,Mid,NYSE Arca,Frm T Ext Hrs; Odd Lot
11:33:36.799 AM ET,5.010,73,366,Mid,Nasdaq GSM,Inter Mkt Swp; Odd Lot; Trade Thru Exmpt
12:22:57.877 PM ET,5.070,73,370,Mid,Off Exchange,Odd Lot
01:55:43.772 PM ET,5.070,73,370,Mid,Off Exchange,Odd Lot
10:18:20.700 AM ET,5.270,72,379,Bid,Nasdaq GSM,Odd Lot
10:35:00.669 AM ET,5.310,72,382,Ask,NYSE Arca,Odd Lot
10:55:44.575 AM ET,5.200,72,374,Bid,Nasdaq GSM,Inter Mkt Swp; Odd Lot; Trade Thru Exmpt
11:20:25.042 AM ET,5.030,72,362,Bid,Off Exchange,Odd Lot
11:59:31.029 AM ET,5.060,72,364,Mid,NYSE Arca,Inter Mkt Swp; Odd Lot; Trade Thru Exmpt
12:37:13.597 PM ET,5.060,72,364,Bid,Nasdaq GSM,Inter Mkt Swp; Odd Lot; Trade Thru Exmpt
12:49:05.017 PM ET,5.030,72,362,Bid,Cboe BZX,Inter Mkt Swp; Odd Lot; Trade Thru Exmpt
01:12:26.994 PM ET,5.060,72,364,Ask,Cboe EDGX,Inter Mkt Swp; Odd Lot; Trade Thru Exmpt
01:43:54.336 PM ET,5.060,72,364,Mid,Cboe EDGX,Inter Mkt Swp; Odd Lot; Trade Thru Exmpt
03:00:17.522 PM ET,5.010,72,361,Bid,Cboe BZX,Inter Mkt Swp; Odd Lot; Trade Thru Exmpt
03:49:29.455 PM ET,5.020,72,361,Bid,Cboe EDGX,Inter Mkt Swp; Odd Lot; Trade Thru Exmpt
10:55:44.712 AM ET,5.140,71,365,Bid,Nasdaq GSM,Inter Mkt Swp; Odd Lot; Trade Thru Exmpt
10:55:44.714 AM ET,5.140,71,365,Bid,Nasdaq GSM,Inter Mkt Swp; Odd Lot; Trade Thru Exmpt
10:55:51.800 AM ET,5.140,71,365,Bid,NYSE Arca,Inter Mkt Swp; Odd Lot; Trade Thru Exmpt
12:21:32.611 PM ET,5.070,71,360,Mid,Off Exchange,Odd Lot
01:31:31.154 PM ET,5.060,71,359,Mid,Nasdaq GSM,Inter Mkt Swp; Odd Lot; Trade Thru Exmpt
11:59:56.143 AM ET,5.080,70,356,Mid,Cboe EDGX,Odd Lot
01:12:31.354 PM ET,5.080,70,356,Mid,Off Exchange,Odd Lot
01:34:22.652 PM ET,5.050,70,354,Mid,NYSE Arca,Inter Mkt Swp; Odd Lot; Trade Thru Exmpt
02:05:24.171 PM ET,5.070,70,355,Mid,Off Exchange,Odd Lot
03:34:34.093 PM ET,5.020,70,351,Ask,NYSE Arca,Inter Mkt Swp; Odd Lot; Trade Thru Exmpt
03:40:26.823 PM ET,5.030,70,352,Ask,IEX,Odd Lot
10:35:00.647 AM ET,5.300,69,366,Ask,Nasdaq GSM,Inter Mkt Swp; Odd Lot; Trade Thru Exmpt
11:29:47.979 AM ET,5.010,69,346,Mid,Off Exchange,Odd Lot
02:36:52.305 PM ET,5.060,69,349,Ask,Off Exchange,Odd Lot
09:53:54.277 AM ET,5.190,68,353,Ask,Nasdaq GSM,Odd Lot
11:24:16.695 AM ET,5.040,68,343,Ask,NYSE,Inter Mkt Swp; Odd Lot; Trade Thru Exmpt
03:24:14.685 PM ET,5.050,68,343,Ask,Off Exchange,Odd Lot
10:37:35.970 AM ET,5.280,67,354,Bid,NYSE Arca,Inter Mkt Swp; Odd Lot; Trade Thru Exmpt
09:44:15.018 AM ET,5.220,66,345,Ask,Nasdaq GSM,Odd Lot
09:44:15.143 AM ET,5.200,66,343,Bid,Nasdaq GSM,Odd Lot
10:11:27.593 AM ET,5.240,66,346,Mid,IEX,Odd Lot
10:57:23.800 AM ET,5.140,66,339,Bid,Nasdaq GSM,Inter Mkt Swp; Odd Lot; Trade Thru Exmpt
11:58:40.872 AM ET,5.060,65,329,Ask,Cboe EDGX,Inter Mkt Swp; Odd Lot; Trade Thru Exmpt
03:43:25.971 PM ET,5.050,65,328,Ask,Nasdaq GSM,Inter Mkt Swp; Odd Lot; Trade Thru Exmpt
03:58:38.532 PM ET,5.050,64,323,Bid,Nasdaq GSM,Inter Mkt Swp; Odd Lot; Trade Thru Exmpt
09:43:16.542 AM ET,5.210,63,328,Ask,Off Exchange,Odd Lot
09:58:06.289 AM ET,5.250,63,331,Mid,Nasdaq GSM,Inter Mkt Swp; Odd Lot; Trade Thru Exmpt
09:58:40.324 AM ET,5.240,63,330,Bid,Nasdaq GSM,Inter Mkt Swp; Odd Lot; Trade Thru Exmpt
02:40:09.942 PM ET,5.050,63,318,Mid,Off Exchange,Odd Lot
03:54:45.868 PM ET,5.005,63,315,Mid,Off Exchange,Odd Lot
03:58:02.086 PM ET,5.050,63,318,Bid,Nasdaq GSM,Odd Lot
09:32:20.979 AM ET,5.210,62,323,Mid,NYSE Arca,Odd Lot
09:36:48.688 AM ET,5.165,62,320,Mid,NYSE Arca,Inter Mkt Swp; Odd Lot; Trade Thru Exmpt
09:40:27.138 AM ET,5.210,62,323,Ask,Nasdaq GSM,Inter Mkt Swp; Odd Lot; Trade Thru Exmpt
10:41:51.453 AM ET,5.250,62,326,Bid,IEX,Odd Lot
10:55:44.575 AM ET,5.200,62,322,Bid,Nasdaq GSM,Inter Mkt Swp; Odd Lot; Trade Thru Exmpt
02:58:36.513 PM ET,5.035,62,312,Ask,Off Exchange,Odd Lot
03:15:41.254 PM ET,5.020,62,311,Mid,Nasdaq GSM,Inter Mkt Swp; Odd Lot; Trade Thru Exmpt
03:25:25.654 PM ET,5.030,62,312,Mid,Nasdaq GSM,Inter Mkt Swp; Odd Lot; Trade Thru Exmpt
03:49:29.455 PM ET,5.030,62,312,Ask,Cboe BZX,Odd Lot
09:36:44.197 AM ET,5.190,61,317,Ask,Nasdaq GSM,Inter Mkt Swp; Odd Lot; Trade Thru Exmpt
09:45:49.089 AM ET,5.220,61,318,Mid,Cboe EDGX,Odd Lot
09:45:49.089 AM ET,5.230,61,319,Ask,Off Exchange,Odd Lot
03:59:43.285 PM ET,5.080,61,310,None,Nasdaq GSM,Odd Lot
09:40:27.652 AM ET,5.210,60,313,Ask,Off Exchange,Odd Lot
09:45:49.089 AM ET,5.220,60,313,Mid,Cboe EDGX,Odd Lot
09:45:49.089 AM ET,5.230,60,314,Ask,Off Exchange,Odd Lot
10:37:01.837 AM ET,5.300,60,318,Ask,Off Exchange,Odd Lot
10:37:35.970 AM ET,5.280,60,317,Bid,Cboe BZX,Inter Mkt Swp; Odd Lot; Trade Thru Exmpt
11:29:57.640 AM ET,5.010,60,301,Mid,NYSE Arca,Inter Mkt Swp; Odd Lot; Trade Thru Exmpt
11:53:59.162 AM ET,5.020,60,301,Ask,Off Exchange,Odd Lot
02:03:11.191 PM ET,5.060,60,304,Ask,Nasdaq GSM,Odd Lot
02:03:13.470 PM ET,5.060,60,304,Mid,Nasdaq GSM,Odd Lot
02:48:22.438 PM ET,5.050,60,303,Mid,Off Exchange,Odd Lot
03:36:05.461 PM ET,5.015,60,301,Mid,Off Exchange,Odd Lot
03:49:24.340 PM ET,5.030,60,302,Mid,Nasdaq GSM,Inter Mkt Swp; Odd Lot; Trade Thru Exmpt
09:58:40.324 AM ET,5.240,59,309,Bid,Nasdaq GSM,Inter Mkt Swp; Odd Lot; Trade Thru Exmpt
01:40:55.270 PM ET,5.060,59,299,Mid,NYSE,Odd Lot
10:01:42.360 AM ET,5.250,58,305,Ask,Nasdaq GSM,Inter Mkt Swp; Odd Lot; Trade Thru Exmpt
10:17:57.855 AM ET,5.250,58,305,Ask,Cboe EDGX,Odd Lot
12:18:00.051 PM ET,5.090,58,295,None,NYSE Arca,Inter Mkt Swp; Odd Lot; Trade Thru Exmpt
03:56:30.701 PM ET,5.050,58,293,Mid,MIAX Pearl,Odd Lot
10:55:44.526 AM ET,5.250,57,299,Ask,Nasdaq GSM,Inter Mkt Swp; Odd Lot; Trade Thru Exmpt
10:55:44.534 AM ET,5.240,57,299,Ask,Nasdaq GSM,Inter Mkt Swp; Odd Lot; Trade Thru Exmpt
12:01:40.952 PM ET,5.070,57,289,Mid,Nasdaq GSM,Inter Mkt Swp; Odd Lot; Trade Thru Exmpt
03:25:25.653 PM ET,5.040,57,287,Ask,Cboe EDGX,Inter Mkt Swp; Odd Lot; Trade Thru Exmpt
03:58:28.625 PM ET,5.050,57,288,Bid,Nasdaq GSM,Odd Lot
03:49:29.455 PM ET,5.030,56,282,Ask,NYSE,Inter Mkt Swp; Odd Lot; Trade Thru Exmpt
03:50:13.740 PM ET,5.040,56,282,Bid,NYSE,Odd Lot
03:57:56.239 PM ET,5.060,56,283,Ask,Nasdaq GSM,Inter Mkt Swp; Odd Lot; Trade Thru Exmpt
03:59:42.115 PM ET,5.070,56,284,None,Nasdaq GSM,Odd Lot
09:44:15.018 AM ET,5.220,55,287,Ask,Nasdaq PHLX,Odd Lot
09:54:32.841 AM ET,5.200,55,286,Bid,NYSE Arca,Inter Mkt Swp; Odd Lot; Trade Thru Exmpt
10:01:42.375 AM ET,5.250,55,289,Ask,Nasdaq GSM,Odd Lot
10:02:19.790 AM ET,5.240,55,288,Mid,Nasdaq GSM,Inter Mkt Swp; Odd Lot; Trade Thru Exmpt
10:11:27.593 AM ET,5.230,55,288,Bid,NYSE Arca,Odd Lot
11:12:15.416 AM ET,5.050,55,278,Mid,IEX,Odd Lot
11:40:44.169 AM ET,5.035,55,277,Mid,Off Exchange,Odd Lot
11:59:31.029 AM ET,5.060,55,278,Mid,Cboe EDGA,Odd Lot
01:25:55.004 PM ET,5.060,55,278,Bid,Nasdaq GSM,Inter Mkt Swp; Odd Lot; Trade Thru Exmpt
01:34:22.652 PM ET,5.050,55,278,Mid,Nasdaq GSM,Inter Mkt Swp; Odd Lot; Trade Thru Exmpt
03:58:02.088 PM ET,5.050,55,278,Bid,NYSE,Odd Lot
03:58:02.817 PM ET,5.050,55,278,Ask,Off Exchange,Odd Lot
11:36:32.733 AM ET,5.000,54,270,Bid,NYSE Arca,Odd Lot
12:01:40.952 PM ET,5.070,54,274,Mid,NYSE Arca,Inter Mkt Swp; Odd Lot; Trade Thru Exmpt
12:40:53.462 PM ET,5.030,54,272,Bid,Off Exchange,Odd Lot
03:58:28.625 PM ET,5.050,54,273,Bid,Nasdaq GSM,Inter Mkt Swp; Odd Lot; Trade Thru Exmpt
09:57:34.911 AM ET,5.240,53,278,Bid,NYSE Arca,Inter Mkt Swp; Odd Lot; Trade Thru Exmpt
11:00:46.950 AM ET,5.130,53,272,Ask,NYSE Arca,Inter Mkt Swp; Odd Lot; Trade Thru Exmpt
11:28:12.690 AM ET,5.010,53,266,Ask,NYSE,Odd Lot
11:53:35.148 AM ET,5.020,53,266,Ask,Nasdaq GSM,Inter Mkt Swp; Odd Lot; Trade Thru Exmpt
12:18:41.285 PM ET,5.070,53,269,Mid,Cboe EDGX,Inter Mkt Swp; Odd Lot; Trade Thru Exmpt
02:02:33.551 PM ET,5.050,53,268,Mid,NYSE Arca,Inter Mkt Swp; Odd Lot; Trade Thru Exmpt
03:25:25.653 PM ET,5.040,53,267,Ask,NYSE,Inter Mkt Swp; Odd Lot; Trade Thru Exmpt
03:57:56.341 PM ET,5.040,53,267,Bid,NYSE Arca,Odd Lot
03:59:02.407 PM ET,5.065,53,268,Mid,IEX,Odd Lot
10:36:33.448 AM ET,5.300,52,276,Mid,Nasdaq GSM,Inter Mkt Swp; Odd Lot; Trade Thru Exmpt
11:08:15.056 AM ET,5.058,52,263,Mid,Off Exchange,Odd Lot
11:31:29.696 AM ET,5.000,52,260,Bid,Cboe EDGA,Odd Lot
12:37:13.597 PM ET,5.060,52,263,Bid,Nasdaq GSM,Inter Mkt Swp; Odd Lot; Trade Thru Exmpt
01:58:41.837 PM ET,5.080,52,264,Mid,Off Exchange,Odd Lot
02:13:10.744 PM ET,5.060,52,263,Mid,Cboe EDGA,Inter Mkt Swp; Odd Lot; Trade Thru Exmpt
02:21:05.231 PM ET,5.050,52,263,Mid,Cboe EDGA,Inter Mkt Swp; Odd Lot; Trade Thru Exmpt
02:59:04.395 PM ET,5.020,52,261,Mid,Nasdaq GSM,Odd Lot
03:00:29.124 PM ET,5.010,52,261,Mid,Nasdaq GSM,Inter Mkt Swp; Odd Lot; Trade Thru Exmpt
03:58:14.061 PM ET,5.050,52,263,Ask,Nasdaq GSM,Odd Lot
03:59:43.065 PM ET,5.070,52,264,None,Nasdaq GSM,Odd Lot
03:59:48.423 PM ET,5.080,52,264,None,Nasdaq GSM,Inter Mkt Swp; Odd Lot; Trade Thru Exmpt
09:45:47.458 AM ET,5.230,51,267,Mid,Cboe EDGX,Odd Lot
09:58:06.289 AM ET,5.250,51,268,Mid,NYSE Arca,Inter Mkt Swp; Odd Lot; Trade Thru Exmpt
09:58:40.324 AM ET,5.240,51,267,Bid,Nasdaq GSM,Inter Mkt Swp; Odd Lot; Trade Thru Exmpt
10:18:21.676 AM ET,5.270,51,269,Bid,Nasdaq GSM,Odd Lot
10:18:24.120 AM ET,5.270,51,269,Ask,Nasdaq GSM,Inter Mkt Swp; Odd Lot; Trade Thru Exmpt
10:55:44.735 AM ET,5.130,51,262,Ask,Nasdaq GSM,Inter Mkt Swp; Odd Lot; Trade Thru Exmpt
11:16:22.476 AM ET,5.040,51,257,Bid,NYSE Arca,Inter Mkt Swp; Odd Lot; Trade Thru Exmpt
11:26:44.697 AM ET,5.010,51,256,Bid,Off Exchange,Odd Lot
03:58:02.817 PM ET,5.050,51,258,Ask,NYSE Arca,Odd Lot
03:59:41.784 PM ET,5.080,51,259,None,Nasdaq GSM,Odd Lot
09:41:48.042 AM ET,5.208,50,260,Mid,Off Exchange,Odd Lot
09:46:14.145 AM ET,5.210,50,261,Mid,Off Exchange,Odd Lot
09:57:34.911 AM ET,5.250,50,263,Mid,NYSE Arca,Inter Mkt Swp; Odd Lot; Trade Thru Exmpt
09:57:34.918 AM ET,5.270,50,264,Mid,Off Exchange,Odd Lot
09:59:48.611 AM ET,5.267,50,263,Mid,Off Exchange,Odd Lot
10:01:15.995 AM ET,5.260,50,263,Mid,Off Exchange,Odd Lot
10:07:04.203 AM ET,5.233,50,262,Mid,Off Exchange,Odd Lot
10:22:43.311 AM ET,5.250,50,263,Bid,Off Exchange,Odd Lot
10:23:27.518 AM ET,5.260,50,263,Mid,Off Exchange,Odd Lot
10:23:33.030 AM ET,5.250,50,263,Bid,Off Exchange,Odd Lot
10:23:54.785 AM ET,5.260,50,263,Mid,Cboe EDGX,Inter Mkt Swp; Odd Lot; Trade Thru Exmpt
10:24:02.592 AM ET,5.250,50,263,Bid,Off Exchange,Odd Lot
10:25:03.619 AM ET,5.260,50,263,Mid,Off Exchange,Odd Lot
10:29:37.092 AM ET,5.250,50,263,Bid,Off Exchange,Odd Lot
10:31:25.084 AM ET,5.280,50,264,Mid,Off Exchange,Odd Lot
10:32:02.161 AM ET,5.270,50,264,Bid,Off Exchange,Odd Lot
10:33:05.154 AM ET,5.290,50,265,Ask,Off Exchange,Odd Lot
10:38:15.411 AM ET,5.270,50,264,Bid,Off Exchange,Odd Lot
10:55:44.550 AM ET,5.220,50,261,Ask,MEMX,Odd Lot
10:55:44.637 AM ET,5.190,50,260,Ask,NYSE Arca,Inter Mkt Swp; Odd Lot; Trade Thru Exmpt
11:03:30.700 AM ET,5.040,50,252,Bid,NYSE Arca,Odd Lot
11:03:32.368 AM ET,5.042,50,252,Mid,Off Exchange,Odd Lot
11:04:55.151 AM ET,5.040,50,252,Mid,Cboe EDGX,Inter Mkt Swp; Odd Lot; Trade Thru Exmpt
11:05:11.789 AM ET,5.060,50,253,Mid,Off Exchange,Odd Lot
11:14:08.925 AM ET,5.049,50,252,Mid,Off Exchange,Odd Lot
11:18:56.768 AM ET,5.039,50,252,Mid,Off Exchange,Odd Lot
11:20:25.041 AM ET,5.030,50,252,Bid,MEMX,Odd Lot
11:26:35.866 AM ET,5.010,50,251,Mid,Off Exchange,Odd Lot
11:37:43.515 AM ET,5.002,50,250,Mid,Off Exchange,Odd Lot
11:40:13.229 AM ET,5.010,50,251,Bid,Off Exchange,Odd Lot
11:53:35.148 AM ET,5.020,50,251,Ask,Cboe EDGA,Inter Mkt Swp; Odd Lot; Trade Thru Exmpt
11:59:56.143 AM ET,5.080,50,254,Mid,Nasdaq GSM,Inter Mkt Swp; Odd Lot; Trade Thru Exmpt
12:40:20.287 PM ET,5.030,50,252,Bid,IEX,Odd Lot
01:34:45.618 PM ET,5.050,50,253,Mid,Nasdaq GSM,Inter Mkt Swp; Odd Lot; Trade Thru Exmpt
02:02:33.026 PM ET,5.050,50,253,Bid,Off Exchange,Odd Lot
02:02:33.550 PM ET,5.050,50,253,Mid,MEMX,Inter Mkt Swp; Odd Lot; Trade Thru Exmpt
02:03:48.775 PM ET,5.060,50,253,Mid,Off Exchange,Odd Lot
02:04:03.014 PM ET,5.052,50,253,Mid,Off Exchange,Odd Lot
02:04:06.599 PM ET,5.060,50,253,Mid,Off Exchange,Odd Lot
02:19:30.168 PM ET,5.050,50,253,Mid,Cboe BZX,Inter Mkt Swp; Odd Lot; Trade Thru Exmpt
02:29:23.276 PM ET,5.040,50,252,Mid,NYSE Arca,Inter Mkt Swp; Odd Lot; Trade Thru Exmpt
02:49:59.412 PM ET,5.050,50,253,Mid,Off Exchange,Odd Lot
02:56:18.615 PM ET,5.038,50,252,Mid,Off Exchange,Odd Lot
02:58:36.514 PM ET,5.030,50,252,Ask,Nasdaq GSM,Inter Mkt Swp; Odd Lot; Trade Thru Exmpt
03:00:17.523 PM ET,5.010,50,251,Bid,NYSE Arca,Inter Mkt Swp; Odd Lot; Trade Thru Exmpt
03:15:41.252 PM ET,5.020,50,251,Mid,Nasdaq GSM,Inter Mkt Swp; Odd Lot; Trade Thru Exmpt
03:24:14.675 PM ET,5.040,50,252,Ask,Off Exchange,Odd Lot
03:30:01.432 PM ET,5.020,50,251,Mid,Cboe EDGX,Inter Mkt Swp; Odd Lot; Trade Thru Exmpt
03:37:59.020 PM ET,5.020,50,251,Mid,MEMX,Odd Lot
03:49:23.634 PM ET,5.040,50,252,Mid,NYSE Arca,Odd Lot
03:50:13.761 PM ET,5.025,50,251,Bid,Nasdaq GSM,Odd Lot
03:50:13.761 PM ET,5.020,50,251,Bid,Nasdaq GSM,Odd Lot
03:50:13.762 PM ET,5.020,50,251,Bid,Off Exchange,Odd Lot
03:58:02.716 PM ET,5.050,50,253,Ask,Nasdaq GSM,Inter Mkt Swp; Odd Lot; Trade Thru Exmpt
04:17:42.845 PM ET,5.010,50,251,Mid,NYSE Arca,Frm T Ext Hrs; Odd Lot
10:55:44.735 AM ET,5.130,49,251,Ask,Nasdaq GSM,Inter Mkt Swp; Odd Lot; Trade Thru Exmpt
11:26:44.703 AM ET,5.010,49,245,Ask,NYSE,Inter Mkt Swp; Odd Lot; Trade Thru Exmpt
11:49:25.068 AM ET,5.020,49,246,Bid,Off Exchange,Odd Lot
12:17:39.116 PM ET,5.100,49,250,None,Off Exchange,Odd Lot
02:45:59.866 PM ET,5.045,49,247,Mid,Off Exchange,Odd Lot
10:11:27.586 AM ET,5.240,48,252,Mid,Off Exchange,Odd Lot
10:36:33.448 AM ET,5.300,48,254,Mid,Nasdaq GSM,Odd Lot
10:55:44.575 AM ET,5.200,48,250,Bid,Nasdaq GSM,Inter Mkt Swp; Odd Lot; Trade Thru Exmpt
11:03:30.700 AM ET,5.040,48,242,Bid,NYSE Arca,Odd Lot
12:38:24.451 PM ET,5.050,48,242,Mid,Cboe BZX,Inter Mkt Swp; Odd Lot; Trade Thru Exmpt
02:01:16.226 PM ET,5.070,48,243,Mid,Nasdaq GSM,Inter Mkt Swp; Odd Lot; Trade Thru Exmpt
03:00:17.522 PM ET,5.010,48,240,Bid,MEMX,Inter Mkt Swp; Odd Lot; Trade Thru Exmpt
03:16:40.674 PM ET,5.020,48,241,Mid,Off Exchange,Odd Lot
09:58:06.289 AM ET,5.250,47,247,Mid,Nasdaq GSM,Inter Mkt Swp; Odd Lot; Trade Thru Exmpt
10:51:05.958 AM ET,5.230,47,246,Bid,IEX,Odd Lot
10:55:44.611 AM ET,5.200,47,244,Bid,NYSE Arca,Odd Lot
11:20:25.041 AM ET,5.030,47,236,Bid,Cboe BZX,Inter Mkt Swp; Odd Lot; Trade Thru Exmpt
11:24:58.499 AM ET,5.020,47,236,Mid,Cboe EDGA,Inter Mkt Swp; Odd Lot; Trade Thru Exmpt
02:15:55.004 PM ET,5.065,47,238,Mid,Off Exchange,Odd Lot
02:26:52.512 PM ET,5.050,47,237,Mid,Off Exchange,Odd Lot
03:34:33.721 PM ET,5.015,47,236,Mid,Off Exchange,Odd Lot
03:49:24.340 PM ET,5.030,47,236,Mid,Cboe EDGX,Inter Mkt Swp; Odd Lot; Trade Thru Exmpt
09:40:27.138 AM ET,5.210,46,240,Ask,Cboe BZX,Inter Mkt Swp; Odd Lot; Trade Thru Exmpt
09:40:27.138 AM ET,5.220,46,240,Ask,Off Exchange,Odd Lot
11:07:59.741 AM ET,5.050,46,232,Ask,NYSE Arca,Inter Mkt Swp; Odd Lot; Trade Thru Exmpt
11:36:32.733 AM ET,5.000,46,230,Bid,Cboe EDGA,Inter Mkt Swp; Odd Lot; Trade Thru Exmpt
12:49:05.017 PM ET,5.030,46,231,Bid,Cboe BZX,Inter Mkt Swp; Odd Lot; Trade Thru Exmpt
01:21:02.514 PM ET,5.075,46,233,Mid,Off Exchange,Odd Lot
02:02:33.026 PM ET,5.060,46,233,Ask,Cboe EDGA,Inter Mkt Swp; Odd Lot; Trade Thru Exmpt
02:09:42.319 PM ET,5.070,46,233,Mid,Off Exchange,Odd Lot
02:19:30.167 PM ET,5.050,46,232,Mid,Cboe EDGA,Inter Mkt Swp; Odd Lot; Trade Thru Exmpt
02:33:49.957 PM ET,5.050,46,232,Mid,Off Exchange,Odd Lot
03:15:46.273 PM ET,5.020,46,231,Mid,Cboe BZX,Inter Mkt Swp; Odd Lot; Trade Thru Exmpt
03:30:01.432 PM ET,5.020,46,231,Mid,Cboe EDGA,Inter Mkt Swp; Odd Lot; Trade Thru Exmpt
03:49:24.340 PM ET,5.030,46,231,Mid,NYSE Arca,Inter Mkt Swp; Odd Lot; Trade Thru Exmpt
10:41:47.162 AM ET,5.260,45,237,Bid,NYSE Arca,Inter Mkt Swp; Odd Lot; Trade Thru Exmpt
11:01:54.796 AM ET,5.100,45,230,Mid,Nasdaq GSM,Inter Mkt Swp; Odd Lot; Trade Thru Exmpt
11:01:55.419 AM ET,5.090,45,229,Mid,Nasdaq GSM,Inter Mkt Swp; Odd Lot; Trade Thru Exmpt
11:01:56.105 AM ET,5.080,45,229,Mid,Nasdaq GSM,Inter Mkt Swp; Odd Lot; Trade Thru Exmpt
11:12:15.416 AM ET,5.040,45,227,Bid,Cboe EDGA,Inter Mkt Swp; Odd Lot; Trade Thru Exmpt
12:22:57.876 PM ET,5.060,45,228,Bid,NYSE Arca,Inter Mkt Swp; Odd Lot; Trade Thru Exmpt
03:15:41.252 PM ET,5.020,45,226,Mid,NYSE Arca,Inter Mkt Swp; Odd Lot; Trade Thru Exmpt
03:59:45.440 PM ET,5.080,45,229,None,Cboe EDGX,Inter Mkt Swp; Odd Lot; Trade Thru Exmpt
09:53:53.672 AM ET,5.210,44,229,Ask,Nasdaq GSM,Inter Mkt Swp; Odd Lot; Trade Thru Exmpt
10:41:54.687 AM ET,5.230,44,230,Mid,Nasdaq GSM,Odd Lot
01:00:18.354 PM ET,5.030,44,221,Mid,Off Exchange,Odd Lot
01:40:05.332 PM ET,5.050,44,222,Mid,NYSE Arca,Inter Mkt Swp; Odd Lot; Trade Thru Exmpt
03:09:41.501 PM ET,5.020,44,221,Mid,Off Exchange,Odd Lot
03:49:24.340 PM ET,5.030,44,221,Mid,Nasdaq GSM,Inter Mkt Swp; Odd Lot; Trade Thru Exmpt
03:55:08.480 PM ET,5.040,44,222,Mid,Off Exchange,Odd Lot
03:57:56.340 PM ET,5.040,44,222,Bid,Nasdaq GSM,Inter Mkt Swp; Odd Lot; Trade Thru Exmpt
03:57:56.347 PM ET,5.040,44,222,Bid,Nasdaq GSM,Inter Mkt Swp; Odd Lot; Trade Thru Exmpt
03:58:02.087 PM ET,5.050,44,222,Bid,Nasdaq GSM,Inter Mkt Swp; Odd Lot; Trade Thru Exmpt
07:22:22.582 AM ET,5.040,43,217,Bid,Cboe EDGX,Frm T Ext Hrs; Odd Lot
10:31:51.472 AM ET,5.290,43,227,Bid,Nasdaq GSM,Odd Lot
10:37:35.971 AM ET,5.280,43,227,Bid,NYSE Arca,Inter Mkt Swp; Odd Lot; Trade Thru Exmpt
10:41:54.670 AM ET,5.250,43,226,Ask,Nasdaq GSM,Odd Lot
02:29:23.276 PM ET,5.040,43,217,Mid,Cboe EDGX,Inter Mkt Swp; Odd Lot; Trade Thru Exmpt
02:39:13.558 PM ET,5.050,43,217,Mid,Off Exchange,Odd Lot
03:59:20.979 PM ET,5.070,43,218,None,Nasdaq GSM,Odd Lot
11:53:35.148 AM ET,5.020,42,211,Ask,NYSE,Inter Mkt Swp; Odd Lot; Trade Thru Exmpt
02:47:05.732 PM ET,5.050,42,212,Mid,Off Exchange,Odd Lot
03:40:01.581 PM ET,5.030,42,211,Mid,Nasdaq GSM,Inter Mkt Swp; Odd Lot; Trade Thru Exmpt
03:55:18.053 PM ET,5.045,42,212,Mid,Nasdaq GSM,Odd Lot
11:26:44.703 AM ET,5.005,41,205,Bid,Off Exchange,Odd Lot
12:36:15.196 PM ET,5.060,41,207,Bid,Cboe EDGA,Odd Lot
03:34:33.710 PM ET,5.010,41,205,Bid,Cboe BZX,Odd Lot
09:40:27.136 AM ET,5.200,40,208,Mid,Cboe BZX,Odd Lot
10:36:33.461 AM ET,5.300,40,212,Mid,Off Exchange,Odd Lot
10:37:35.971 AM ET,5.280,40,211,Bid,Cboe BZX,Inter Mkt Swp; Odd Lot; Trade Thru Exmpt
10:41:50.854 AM ET,5.260,40,210,Mid,Off Exchange,Odd Lot
11:02:35.885 AM ET,5.067,40,203,Mid,Off Exchange,Odd Lot
11:12:15.416 AM ET,5.050,40,202,Mid,Nasdaq GSM,Inter Mkt Swp; Odd Lot; Trade Thru Exmpt
11:29:57.653 AM ET,5.010,40,200,Mid,Off Exchange,Odd Lot
11:50:25.171 AM ET,5.030,40,201,Mid,Nasdaq GSM,Inter Mkt Swp; Odd Lot; Trade Thru Exmpt
11:53:34.925 AM ET,5.030,40,201,Mid,Off Exchange,Odd Lot
12:40:10.230 PM ET,5.045,40,202,Mid,Off Exchange,Odd Lot
01:28:45.866 PM ET,5.060,40,202,Mid,Off Exchange,Odd Lot
01:43:54.337 PM ET,5.065,40,203,Mid,Off Exchange,Odd Lot
02:02:33.071 PM ET,5.060,40,202,Ask,Nasdaq GSM,Inter Mkt Swp; Odd Lot; Trade Thru Exmpt
02:02:33.074 PM ET,5.060,40,202,Ask,Nasdaq GSM,Odd Lot
02:02:33.551 PM ET,5.050,40,202,Mid,Nasdaq GSM,Inter Mkt Swp; Odd Lot; Trade Thru Exmpt
02:02:33.553 PM ET,5.060,40,202,Ask,Nasdaq GSM,Inter Mkt Swp; Odd Lot; Trade Thru Exmpt
02:02:33.554 PM ET,5.060,40,202,Ask,Nasdaq GSM,Odd Lot
02:03:11.189 PM ET,5.060,40,202,Ask,Nasdaq GSM,Odd Lot
02:03:11.191 PM ET,5.060,40,202,Ask,Nasdaq GSM,Odd Lot
02:03:11.191 PM ET,5.060,40,202,Ask,Nasdaq GSM,Inter Mkt Swp; Odd Lot; Trade Thru Exmpt
02:03:11.193 PM ET,5.060,40,202,Ask,Nasdaq GSM,Odd Lot
02:03:13.450 PM ET,5.060,40,202,Mid,Nasdaq GSM,Odd Lot
02:03:13.470 PM ET,5.060,40,202,Mid,Nasdaq GSM,Odd Lot
02:51:10.318 PM ET,5.045,40,202,Mid,Off Exchange,Odd Lot
02:59:03.219 PM ET,5.030,40,201,Mid,Nasdaq GSM,Inter Mkt Swp; Odd Lot; Trade Thru Exmpt
03:47:51.418 PM ET,5.040,40,202,Mid,Off Exchange,Odd Lot
03:50:00.210 PM ET,5.030,40,201,Bid,Nasdaq GSM,Odd Lot
09:44:15.027 AM ET,5.200,39,203,Bid,NYSE National,Inter Mkt Swp; Odd Lot; Trade Thru Exmpt
09:58:06.289 AM ET,5.250,39,205,Mid,Nasdaq PHLX,Inter Mkt Swp; Odd Lot; Trade Thru Exmpt
10:50:27.024 AM ET,5.240,39,204,Bid,Nasdaq GSM,Inter Mkt Swp; Odd Lot; Trade Thru Exmpt
11:01:25.306 AM ET,5.130,39,200,Mid,Off Exchange,Odd Lot
11:01:36.313 AM ET,5.118,39,200,Mid,Off Exchange,Odd Lot
02:02:33.554 PM ET,5.060,39,197,Ask,Nasdaq GSM,Odd Lot
02:03:11.188 PM ET,5.060,39,197,Ask,Nasdaq GSM,Inter Mkt Swp; Odd Lot; Trade Thru Exmpt
03:38:15.991 PM ET,5.020,39,196,Mid,Nasdaq GSM,Odd Lot
03:39:02.629 PM ET,5.020,39,196,Mid,Nasdaq GSM,Inter Mkt Swp; Odd Lot; Trade Thru Exmpt
03:57:56.347 PM ET,5.040,39,197,Bid,Nasdaq GSM,Odd Lot
03:59:50.178 PM ET,5.080,39,198,None,Nasdaq GSM,Odd Lot
09:30:06.623 AM ET,5.105,38,194,Mid,Nasdaq GSM,Odd Lot
09:30:06.623 AM ET,5.105,38,194,Mid,Nasdaq GSM,Inter Mkt Swp; Odd Lot; Trade Thru Exmpt
09:31:14.449 AM ET,5.120,38,195,Mid,Nasdaq GSM,Inter Mkt Swp; Odd Lot; Trade Thru Exmpt
09:32:20.979 AM ET,5.210,38,198,Mid,Cboe EDGX,Inter Mkt Swp; Odd Lot; Trade Thru Exmpt
09:32:20.979 AM ET,5.210,38,198,Mid,NYSE Arca,Inter Mkt Swp; Odd Lot; Trade Thru Exmpt
09:36:31.190 AM ET,5.200,38,198,Mid,IEX,Odd Lot
09:36:31.207 AM ET,5.200,38,198,Mid,Nasdaq GSM,Odd Lot
09:36:31.219 AM ET,5.200,38,198,Mid,Nasdaq GSM,Odd Lot
09:36:48.688 AM ET,5.165,38,196,Mid,Nasdaq GSM,Inter Mkt Swp; Odd Lot; Trade Thru Exmpt
09:36:48.688 AM ET,5.165,38,196,Mid,Nasdaq GSM,Odd Lot
09:36:48.688 AM ET,5.165,38,196,Mid,Cboe EDGX,Inter Mkt Swp; Odd Lot; Trade Thru Exmpt
09:36:48.688 AM ET,5.165,38,196,Mid,Cboe BZX,Inter Mkt Swp; Odd Lot; Trade Thru Exmpt
09:36:48.688 AM ET,5.165,38,196,Mid,MEMX,Inter Mkt Swp; Odd Lot; Trade Thru Exmpt
09:36:48.688 AM ET,5.165,38,196,Mid,NYSE,Inter Mkt Swp; Odd Lot; Trade Thru Exmpt
09:36:48.688 AM ET,5.165,38,196,Mid,IEX,Odd Lot
09:42:46.894 AM ET,5.205,38,198,Mid,IEX,Odd Lot
09:44:15.134 AM ET,5.195,38,197,Bid,IEX,Odd Lot
09:44:56.305 AM ET,5.215,38,198,Mid,Nasdaq GSM,Odd Lot
09:44:56.306 AM ET,5.215,38,198,Mid,NYSE,Odd Lot
09:50:38.967 AM ET,5.215,38,198,Mid,IEX,Odd Lot
09:50:38.975 AM ET,5.215,38,198,Mid,Nasdaq GSM,Odd Lot
09:53:54.278 AM ET,5.190,38,197,Ask,Cboe BZX,Inter Mkt Swp; Odd Lot; Trade Thru Exmpt
09:54:58.054 AM ET,5.230,38,199,Mid,Nasdaq GSM,Inter Mkt Swp; Odd Lot; Trade Thru Exmpt
09:54:58.055 AM ET,5.230,38,199,Mid,NYSE Arca,Inter Mkt Swp; Odd Lot; Trade Thru Exmpt
09:54:58.055 AM ET,5.230,38,199,Mid,NYSE,Inter Mkt Swp; Odd Lot; Trade Thru Exmpt
09:57:35.418 AM ET,5.250,38,200,Mid,Nasdaq GSM,Inter Mkt Swp; Odd Lot; Trade Thru Exmpt
10:03:09.808 AM ET,5.240,38,199,Mid,NYSE Arca,Inter Mkt Swp; Odd Lot; Trade Thru Exmpt
10:03:14.975 AM ET,5.240,38,199,Mid,Nasdaq GSM,Inter Mkt Swp; Odd Lot; Trade Thru Exmpt
10:03:14.977 AM ET,5.240,38,199,Mid,Nasdaq GSM,Odd Lot
10:03:14.980 AM ET,5.240,38,199,Mid,Nasdaq GSM,Odd Lot
10:18:24.145 AM ET,5.245,38,199,Mid,Cboe BZX,Odd Lot
10:18:24.145 AM ET,5.245,38,199,Mid,Cboe EDGX,Odd Lot
10:18:24.145 AM ET,5.245,38,199,Mid,IEX,Odd Lot
10:18:32.967 AM ET,5.240,38,199,Mid,IEX,Odd Lot
10:31:51.471 AM ET,5.290,38,201,Bid,Nasdaq GSM,Odd Lot
10:37:01.835 AM ET,5.300,38,201,Ask,Nasdaq GSM,Inter Mkt Swp; Odd Lot; Trade Thru Exmpt
10:38:15.467 AM ET,5.265,38,200,Mid,IEX,Odd Lot
10:41:54.670 AM ET,5.250,38,200,Ask,Nasdaq GSM,Odd Lot
10:54:04.410 AM ET,5.250,38,200,Ask,Nasdaq GSM,Inter Mkt Swp; Odd Lot; Trade Thru Exmpt
10:55:44.553 AM ET,5.220,38,198,Ask,IEX,Odd Lot
10:55:44.575 AM ET,5.200,38,198,Bid,Nasdaq GSM,Inter Mkt Swp; Odd Lot; Trade Thru Exmpt
10:55:44.575 AM ET,5.200,38,198,Bid,NYSE Arca,Inter Mkt Swp; Odd Lot; Trade Thru Exmpt
10:55:44.772 AM ET,5.100,38,194,Ask,NYSE Arca,Inter Mkt Swp; Odd Lot; Trade Thru Exmpt
10:57:07.515 AM ET,5.146,38,196,Mid,Off Exchange,Odd Lot
11:26:45.202 AM ET,5.000,38,190,Mid,Nasdaq GSM,Odd Lot
11:26:45.202 AM ET,5.000,38,190,Mid,Nasdaq GSM,Inter Mkt Swp; Odd Lot; Trade Thru Exmpt
11:42:36.352 AM ET,5.020,38,191,Bid,Off Exchange,Odd Lot
12:22:57.881 PM ET,5.060,38,192,Bid,Nasdaq GSM,Inter Mkt Swp; Odd Lot; Trade Thru Exmpt
12:31:46.315 PM ET,5.060,38,192,Bid,IEX,Odd Lot
12:38:46.070 PM ET,5.045,38,192,Mid,Off Exchange,Odd Lot
01:02:19.605 PM ET,5.030,38,191,Mid,NYSE Arca,Inter Mkt Swp; Odd Lot; Trade Thru Exmpt
01:25:55.004 PM ET,5.060,38,192,Bid,Nasdaq GSM,Inter Mkt Swp; Odd Lot; Trade Thru Exmpt
01:34:22.676 PM ET,5.050,38,192,Mid,Nasdaq GSM,Odd Lot
01:34:22.688 PM ET,5.050,38,192,Mid,Nasdaq GSM,Odd Lot
01:36:39.621 PM ET,5.040,38,192,Bid,Nasdaq GSM,Inter Mkt Swp; Odd Lot; Trade Thru Exmpt
01:48:44.134 PM ET,5.065,38,192,Mid,Nasdaq GSM,Odd Lot
01:49:16.173 PM ET,5.065,38,192,Mid,Nasdaq GSM,Odd Lot
01:54:34.486 PM ET,5.065,38,192,Mid,Nasdaq GSM,Odd Lot
01:54:40.458 PM ET,5.065,38,192,Mid,Nasdaq GSM,Odd Lot
02:02:33.080 PM ET,5.055,38,192,Mid,IEX,Odd Lot
02:02:33.081 PM ET,5.055,38,192,Mid,IEX,Odd Lot
02:02:33.551 PM ET,5.050,38,192,Mid,Off Exchange,Odd Lot
02:03:11.189 PM ET,5.060,38,192,Ask,Nasdaq GSM,Inter Mkt Swp; Odd Lot; Trade Thru Exmpt
02:19:30.168 PM ET,5.050,38,192,Mid,NYSE,Inter Mkt Swp; Odd Lot; Trade Thru Exmpt
02:51:11.587 PM ET,5.035,38,191,Mid,IEX,Odd Lot
02:51:11.588 PM ET,5.035,38,191,Mid,IEX,Odd Lot
03:15:41.252 PM ET,5.020,38,191,Mid,Nasdaq GSM,Odd Lot
03:25:25.663 PM ET,5.030,38,191,Mid,IEX,Odd Lot
03:25:25.664 PM ET,5.030,38,191,Mid,IEX,Odd Lot
03:49:29.455 PM ET,5.030,38,191,Ask,Cboe BZX,Inter Mkt Swp; Odd Lot; Trade Thru Exmpt
03:49:29.455 PM ET,5.030,38,191,Ask,NYSE,Inter Mkt Swp; Odd Lot; Trade Thru Exmpt
03:51:57.694 PM ET,5.015,38,191,Mid,IEX,Odd Lot
03:53:51.286 PM ET,4.995,38,190,Mid,Nasdaq GSM,Odd Lot
03:58:28.572 PM ET,5.055,38,192,Ask,IEX,Odd Lot
03:58:36.884 PM ET,5.045,38,192,Mid,IEX,Odd Lot
03:58:38.126 PM ET,5.050,38,192,Bid,NYSE Arca,Odd Lot
03:58:38.532 PM ET,5.055,38,192,Mid,Nasdaq GSM,Odd Lot
03:58:38.532 PM ET,5.050,38,192,Bid,IEX,Odd Lot
03:59:17.351 PM ET,5.070,38,193,None,Nasdaq GSM,Inter Mkt Swp; Odd Lot; Trade Thru Exmpt
03:59:17.352 PM ET,5.070,38,193,None,IEX,Odd Lot
03:59:17.353 PM ET,5.070,38,193,None,IEX,Odd Lot
03:59:41.328 PM ET,5.075,38,193,None,IEX,Odd Lot
03:59:41.329 PM ET,5.075,38,193,None,IEX,Odd Lot
03:59:41.330 PM ET,5.075,38,193,None,IEX,Odd Lot
03:59:41.964 PM ET,5.075,38,193,None,Cboe BYX,Odd Lot
03:59:41.965 PM ET,5.075,38,193,None,Cboe BYX,Odd Lot
03:59:41.966 PM ET,5.075,38,193,None,Cboe BYX,Odd Lot
03:59:48.424 PM ET,5.085,38,193,None,Cboe BYX,Inter Mkt Swp; Odd Lot; Trade Thru Exmpt
09:54:32.840 AM ET,5.190,37,192,Bid,Nasdaq GSM,Odd Lot
02:21:30.038 PM ET,5.050,37,187,Mid,Off Exchange,Odd Lot
03:58:36.884 PM ET,5.050,37,187,Ask,Nasdaq GSM,Inter Mkt Swp; Odd Lot; Trade Thru Exmpt
03:59:32.885 PM ET,5.070,37,188,None,Off Exchange,Odd Lot
10:37:01.838 AM ET,5.290,36,190,Ask,NYSE Arca,Odd Lot
10:52:43.707 AM ET,5.240,36,189,Mid,NYSE Arca,Inter Mkt Swp; Odd Lot; Trade Thru Exmpt
12:57:06.778 PM ET,5.030,36,181,Mid,Off Exchange,Odd Lot
01:55:29.499 PM ET,5.070,36,183,Mid,Off Exchange,Odd Lot
01:55:54.022 PM ET,5.080,36,183,Mid,Off Exchange,Odd Lot
03:52:47.150 PM ET,5.020,36,181,Mid,Cboe EDGX,Inter Mkt Swp; Odd Lot; Trade Thru Exmpt
03:58:38.533 PM ET,5.050,36,182,Bid,NYSE Arca,Odd Lot
09:36:44.201 AM ET,5.180,35,181,Ask,NYSE Arca,Odd Lot
09:45:47.458 AM ET,5.230,35,183,Mid,Nasdaq GSM,Inter Mkt Swp; Odd Lot; Trade Thru Exmpt
09:53:54.277 AM ET,5.190,35,182,Ask,Cboe BZX,Odd Lot
09:53:54.277 AM ET,5.190,35,182,Ask,Cboe EDGX,Inter Mkt Swp; Odd Lot; Trade Thru Exmpt
10:18:24.124 AM ET,5.260,35,184,Mid,Cboe EDGX,Inter Mkt Swp; Odd Lot; Trade Thru Exmpt
10:41:54.672 AM ET,5.240,35,183,Ask,NYSE Arca,Inter Mkt Swp; Odd Lot; Trade Thru Exmpt
10:52:43.707 AM ET,5.240,35,183,Mid,NYSE Arca,Inter Mkt Swp; Odd Lot; Trade Thru Exmpt
10:55:44.533 AM ET,5.240,35,183,Ask,NYSE Arca,Inter Mkt Swp; Odd Lot; Trade Thru Exmpt
11:00:46.950 AM ET,5.130,35,180,Ask,NYSE Arca,Inter Mkt Swp; Odd Lot; Trade Thru Exmpt
11:26:44.706 AM ET,4.990,35,175,Mid,NYSE Arca,Inter Mkt Swp; Odd Lot; Trade Thru Exmpt
11:53:35.148 AM ET,5.020,35,176,Ask,Cboe BZX,Inter Mkt Swp; Odd Lot; Trade Thru Exmpt
11:53:48.918 AM ET,5.020,35,176,Ask,Cboe EDGA,Inter Mkt Swp; Odd Lot; Trade Thru Exmpt
12:18:41.285 PM ET,5.070,35,177,Mid,NYSE Arca,Inter Mkt Swp; Odd Lot; Trade Thru Exmpt
02:02:33.026 PM ET,5.060,35,177,Ask,NYSE Arca,Inter Mkt Swp; Odd Lot; Trade Thru Exmpt
02:29:23.276 PM ET,5.040,35,176,Mid,Cboe BZX,Inter Mkt Swp; Odd Lot; Trade Thru Exmpt
02:39:13.558 PM ET,5.050,35,177,Mid,Off Exchange,Odd Lot
02:51:11.580 PM ET,5.040,35,176,Mid,NYSE Arca,Inter Mkt Swp; Odd Lot; Trade Thru Exmpt
03:15:41.252 PM ET,5.020,35,176,Mid,NYSE Arca,Inter Mkt Swp; Odd Lot; Trade Thru Exmpt
03:49:24.340 PM ET,5.030,35,176,Mid,Cboe EDGX,Inter Mkt Swp; Odd Lot; Trade Thru Exmpt
03:58:02.817 PM ET,5.050,35,177,Ask,Cboe BZX,Inter Mkt Swp; Odd Lot; Trade Thru Exmpt
03:59:27.198 PM ET,5.080,35,178,None,IEX,Odd Lot
09:58:49.622 AM ET,5.270,34,179,Mid,IEX,Odd Lot
10:46:14.803 AM ET,5.225,34,178,Mid,Off Exchange,Odd Lot
10:57:23.800 AM ET,5.140,34,175,Bid,Nasdaq GSM,Inter Mkt Swp; Odd Lot; Trade Thru Exmpt
12:37:13.597 PM ET,5.060,34,172,Bid,Cboe EDGX,Inter Mkt Swp; Odd Lot; Trade Thru Exmpt
03:42:28.617 PM ET,5.035,34,171,Mid,Off Exchange,Odd Lot
09:30:01.463 AM ET,5.100,33,168,Mid,NYSE Arca,Odd Lot
09:44:15.018 AM ET,5.220,33,172,Ask,Nasdaq GSM,Odd Lot
09:44:15.027 AM ET,5.210,33,172,Ask,Nasdaq GSM,Inter Mkt Swp; Odd Lot; Trade Thru Exmpt
09:44:15.143 AM ET,5.200,33,172,Bid,Nasdaq GSM,Odd Lot
09:45:49.088 AM ET,5.220,33,172,Mid,Nasdaq GSM,Odd Lot
10:07:15.616 AM ET,5.240,33,173,Mid,Off Exchange,Odd Lot
03:37:59.029 PM ET,5.020,33,166,Mid,Nasdaq GSM,Odd Lot
03:57:56.340 PM ET,5.040,33,166,Bid,Nasdaq GSM,Inter Mkt Swp; Odd Lot; Trade Thru Exmpt
03:57:56.347 PM ET,5.040,33,166,Bid,Nasdaq GSM,Odd Lot
03:58:14.061 PM ET,5.050,33,167,Ask,Nasdaq GSM,Odd Lot
03:58:38.532 PM ET,5.055,33,167,Mid,Off Exchange,Odd Lot
03:59:41.784 PM ET,5.080,33,168,None,Nasdaq GSM,Inter Mkt Swp; Odd Lot; Trade Thru Exmpt
03:59:41.966 PM ET,5.075,33,167,None,Cboe BYX,Odd Lot
11:16:50.101 AM ET,5.032,32,161,Mid,Off Exchange,Odd Lot
11:40:30.031 AM ET,5.020,32,161,Bid,Off Exchange,Odd Lot
12:22:57.877 PM ET,5.070,32,162,Mid,Off Exchange,Odd Lot
12:37:13.597 PM ET,5.060,32,162,Bid,Nasdaq GSM,Inter Mkt Swp; Odd Lot; Trade Thru Exmpt
01:54:50.403 PM ET,5.065,32,162,Mid,Off Exchange,Odd Lot
02:34:01.911 PM ET,5.050,32,162,Mid,Cboe EDGA,Odd Lot
02:41:03.599 PM ET,5.055,32,162,Mid,Off Exchange,Odd Lot
03:39:02.629 PM ET,5.020,32,161,Mid,Nasdaq GSM,Inter Mkt Swp; Odd Lot; Trade Thru Exmpt
03:59:46.622 PM ET,5.090,32,163,None,Off Exchange,Odd Lot
09:30:38.036 AM ET,5.140,31,159,Mid,Nasdaq GSM,Inter Mkt Swp; Odd Lot; Trade Thru Exmpt
09:43:16.500 AM ET,5.205,31,161,Mid,NYSE Arca,Inter Mkt Swp; Odd Lot; Trade Thru Exmpt
09:44:15.018 AM ET,5.220,31,162,Ask,NYSE Arca,Odd Lot
10:08:41.329 AM ET,5.230,31,162,Ask,MIAX Pearl,Odd Lot
11:01:55.509 AM ET,5.062,31,157,Mid,Off Exchange,Odd Lot
11:26:44.704 AM ET,5.010,31,155,Ask,NYSE,Inter Mkt Swp; Odd Lot; Trade Thru Exmpt
02:02:33.021 PM ET,5.065,31,157,Ask,Off Exchange,Odd Lot
02:20:04.402 PM ET,5.050,31,157,Mid,Nasdaq GSM,Inter Mkt Swp; Odd Lot; Trade Thru Exmpt
03:31:06.564 PM ET,5.025,31,156,Mid,Off Exchange,Odd Lot
09:43:16.525 AM ET,5.210,30,156,Ask,NYSE Arca,Odd Lot
09:57:35.209 AM ET,5.260,30,158,Mid,Off Exchange,Odd Lot
10:18:26.894 AM ET,5.250,30,158,Mid,Off Exchange,Odd Lot
10:20:30.109 AM ET,5.260,30,158,Mid,Nasdaq GSM,Inter Mkt Swp; Odd Lot; Trade Thru Exmpt
10:31:51.471 AM ET,5.290,30,159,Bid,Cboe EDGA,Odd Lot
10:35:00.669 AM ET,5.310,30,159,Ask,NYSE Arca,Odd Lot
10:45:03.730 AM ET,5.230,30,157,Mid,IEX,Odd Lot
10:52:20.795 AM ET,5.230,30,157,Bid,IEX,Odd Lot
10:54:04.411 AM ET,5.240,30,157,Bid,Cboe EDGX,Inter Mkt Swp; Odd Lot; Trade Thru Exmpt
10:55:44.543 AM ET,5.230,30,157,Ask,NYSE Arca,Odd Lot
10:55:44.552 AM ET,5.210,30,156,Bid,NYSE Arca,Odd Lot
10:55:44.757 AM ET,5.110,30,153,Ask,Off Exchange,Odd Lot
10:58:05.333 AM ET,5.145,30,154,Mid,Off Exchange,Odd Lot
11:03:11.489 AM ET,5.075,30,152,Mid,Off Exchange,Odd Lot
11:03:18.594 AM ET,5.060,30,152,Bid,Nasdaq GSM,Odd Lot
11:26:44.703 AM ET,5.000,30,150,Bid,MEMX,Odd Lot
11:31:41.611 AM ET,5.000,30,150,Mid,NYSE Arca,Inter Mkt Swp; Odd Lot; Trade Thru Exmpt
11:59:31.031 AM ET,5.070,30,152,Ask,NYSE Arca,Inter Mkt Swp; Odd Lot; Trade Thru Exmpt
12:13:15.488 PM ET,5.060,30,152,Mid,NYSE Arca,Inter Mkt Swp; Odd Lot; Trade Thru Exmpt
01:00:05.262 PM ET,5.030,30,151,Mid,Off Exchange,Odd Lot
01:03:44.494 PM ET,5.040,30,151,Ask,NYSE Arca,Inter Mkt Swp; Odd Lot; Trade Thru Exmpt
01:12:26.995 PM ET,5.060,30,152,Ask,NYSE Arca,Inter Mkt Swp; Odd Lot; Trade Thru Exmpt
01:20:06.743 PM ET,5.075,30,152,Mid,Off Exchange,Odd Lot
01:30:03.490 PM ET,5.065,30,152,Mid,Off Exchange,Odd Lot
01:40:05.332 PM ET,5.050,30,152,Mid,NYSE Arca,Inter Mkt Swp; Odd Lot; Trade Thru Exmpt
01:43:54.336 PM ET,5.060,30,152,Mid,Cboe BZX,Inter Mkt Swp; Odd Lot; Trade Thru Exmpt
02:03:11.189 PM ET,5.060,30,152,Ask,Cboe BZX,Inter Mkt Swp; Odd Lot; Trade Thru Exmpt
02:05:24.172 PM ET,5.070,30,152,Mid,Off Exchange,Odd Lot
02:26:52.511 PM ET,5.050,30,152,Mid,Off Exchange,Odd Lot
02:36:52.305 PM ET,5.060,30,152,Ask,Off Exchange,Odd Lot
02:37:30.975 PM ET,5.050,30,152,Mid,Off Exchange,Odd Lot
02:38:39.991 PM ET,5.050,30,152,Mid,NYSE,Odd Lot
02:59:03.220 PM ET,5.030,30,151,Mid,NYSE Arca,Inter Mkt Swp; Odd Lot; Trade Thru Exmpt
03:03:23.639 PM ET,5.030,30,151,Mid,Off Exchange,Odd Lot
03:24:14.674 PM ET,5.030,30,151,Ask,Cboe BZX,Inter Mkt Swp; Odd Lot; Trade Thru Exmpt
03:24:14.674 PM ET,5.030,30,151,Ask,Cboe BYX,Inter Mkt Swp; Odd Lot; Trade Thru Exmpt
03:24:14.675 PM ET,5.030,30,151,Ask,Off Exchange,Odd Lot
03:25:25.653 PM ET,5.040,30,151,Ask,Nasdaq GSM,Inter Mkt Swp; Odd Lot; Trade Thru Exmpt
03:25:25.653 PM ET,5.040,30,151,Ask,Nasdaq GSM,Odd Lot
03:28:16.160 PM ET,5.035,30,151,Mid,Off Exchange,Odd Lot
03:40:26.822 PM ET,5.030,30,151,Ask,IEX,Odd Lot
03:43:25.971 PM ET,5.040,30,151,Mid,NYSE Arca,Inter Mkt Swp; Odd Lot; Trade Thru Exmpt
03:50:00.869 PM ET,5.030,30,151,Bid,Cboe BYX,Odd Lot
03:50:00.970 PM ET,5.040,30,151,Ask,NYSE Arca,Odd Lot
03:50:02.941 PM ET,5.045,30,151,Mid,Off Exchange,Odd Lot
03:56:49.722 PM ET,5.022,30,151,Bid,Off Exchange,Deriv Priced; Odd Lot; Trade Thru Exmpt
03:57:56.239 PM ET,5.060,30,152,Ask,Off Exchange,Odd Lot
03:59:41.330 PM ET,5.075,30,152,None,IEX,Odd Lot
03:59:56.236 PM ET,5.090,30,153,None,MIAX Pearl,Inter Mkt Swp; Odd Lot; Trade Thru Exmpt
09:54:32.843 AM ET,5.220,29,151,Bid,Nasdaq GSM,Odd Lot
09:54:32.843 AM ET,5.220,29,151,Bid,Nasdaq GSM,Inter Mkt Swp; Odd Lot; Trade Thru Exmpt
09:54:49.057 AM ET,5.230,29,152,Mid,Nasdaq GSM,Odd Lot
10:24:02.807 AM ET,5.270,29,153,Mid,Off Exchange,Odd Lot
10:31:52.054 AM ET,5.285,29,153,Mid,IEX,Odd Lot
10:52:43.707 AM ET,5.240,29,152,Mid,NYSE Arca,Inter Mkt Swp; Odd Lot; Trade Thru Exmpt
10:55:44.666 AM ET,5.160,29,150,Ask,Nasdaq GSM,Inter Mkt Swp; Odd Lot; Trade Thru Exmpt
10:55:44.676 AM ET,5.160,29,150,Ask,NYSE Arca,Inter Mkt Swp; Odd Lot; Trade Thru Exmpt
10:55:44.685 AM ET,5.150,29,149,Bid,NYSE Arca,Inter Mkt Swp; Odd Lot; Trade Thru Exmpt
10:55:44.709 AM ET,5.140,29,149,Bid,NYSE Arca,Inter Mkt Swp; Odd Lot; Trade Thru Exmpt
10:55:44.713 AM ET,5.140,29,149,Bid,Nasdaq GSM,Inter Mkt Swp; Odd Lot; Trade Thru Exmpt
10:55:44.714 AM ET,5.140,29,149,Bid,Nasdaq GSM,Inter Mkt Swp; Odd Lot; Trade Thru Exmpt
10:55:44.732 AM ET,5.120,29,148,Ask,Nasdaq GSM,Odd Lot
10:55:44.732 AM ET,5.120,29,148,Ask,Cboe EDGX,Inter Mkt Swp; Odd Lot; Trade Thru Exmpt
10:55:44.733 AM ET,5.120,29,148,Ask,NYSE,Inter Mkt Swp; Odd Lot; Trade Thru Exmpt
10:55:44.733 AM ET,5.120,29,148,Ask,NYSE Arca,Inter Mkt Swp; Odd Lot; Trade Thru Exmpt
10:55:44.736 AM ET,5.130,29,149,Ask,NYSE Arca,Inter Mkt Swp; Odd Lot; Trade Thru Exmpt
10:55:44.740 AM ET,5.120,29,148,Ask,NYSE Arca,Inter Mkt Swp; Odd Lot; Trade Thru Exmpt
10:55:44.755 AM ET,5.110,29,148,Ask,NYSE Arca,Odd Lot
10:55:44.757 AM ET,5.110,29,148,Ask,NYSE Arca,Inter Mkt Swp; Odd Lot; Trade Thru Exmpt
10:55:44.772 AM ET,5.100,29,148,Ask,NYSE Arca,Inter Mkt Swp; Odd Lot; Trade Thru Exmpt
10:55:51.800 AM ET,5.140,29,149,Bid,NYSE Arca,Inter Mkt Swp; Odd Lot; Trade Thru Exmpt
10:56:34.537 AM ET,5.140,29,149,Ask,NYSE Arca,Inter Mkt Swp; Odd Lot; Trade Thru Exmpt
11:00:46.949 AM ET,5.130,29,149,Ask,Nasdaq GSM,Inter Mkt Swp; Odd Lot; Trade Thru Exmpt
11:00:46.951 AM ET,5.120,29,148,Mid,Nasdaq GSM,Inter Mkt Swp; Odd Lot; Trade Thru Exmpt
11:01:54.795 AM ET,5.110,29,148,Ask,Nasdaq GSM,Inter Mkt Swp; Odd Lot; Trade Thru Exmpt
11:26:44.703 AM ET,5.000,29,145,Mid,NYSE Arca,Odd Lot
01:34:22.652 PM ET,5.050,29,146,Mid,IEX,Odd Lot
01:49:24.233 PM ET,5.050,29,146,Bid,Off Exchange,Odd Lot
03:25:25.653 PM ET,5.040,29,146,Ask,Nasdaq GSM,Inter Mkt Swp; Odd Lot; Trade Thru Exmpt
09:54:32.841 AM ET,5.205,28,146,Bid,Nasdaq GSM,Odd Lot
10:11:27.586 AM ET,5.240,28,147,Mid,Off Exchange,Odd Lot
10:12:43.081 AM ET,5.230,28,146,Mid,Off Exchange,Odd Lot
11:26:44.703 AM ET,5.000,28,140,Bid,Nasdaq GSM,Odd Lot
11:26:45.202 AM ET,5.000,28,140,Mid,Nasdaq GSM,Inter Mkt Swp; Odd Lot; Trade Thru Exmpt
03:15:46.273 PM ET,5.020,28,141,Mid,NYSE Arca,Odd Lot
03:57:56.340 PM ET,5.040,28,141,Bid,Nasdaq GSM,Inter Mkt Swp; Odd Lot; Trade Thru Exmpt
10:01:42.375 AM ET,5.250,27,142,Ask,Nasdaq GSM,Inter Mkt Swp; Odd Lot; Trade Thru Exmpt
10:01:42.375 AM ET,5.250,27,142,Ask,Nasdaq GSM,Odd Lot
10:02:19.790 AM ET,5.240,27,141,Mid,Nasdaq GSM,Inter Mkt Swp; Odd Lot; Trade Thru Exmpt
10:56:34.538 AM ET,5.140,27,139,Ask,NYSE Arca,Inter Mkt Swp; Odd Lot; Trade Thru Exmpt
11:03:18.583 AM ET,5.070,27,137,Bid,Nasdaq GSM,Inter Mkt Swp; Odd Lot; Trade Thru Exmpt
02:54:11.735 PM ET,5.040,27,136,Mid,Off Exchange,Odd Lot
03:59:45.441 PM ET,5.080,27,137,None,Off Exchange,Odd Lot
10:56:34.537 AM ET,5.140,26,134,Ask,NYSE Arca,Inter Mkt Swp; Odd Lot; Trade Thru Exmpt
12:17:36.756 PM ET,5.100,26,133,None,Nasdaq GSM,Odd Lot
12:17:36.760 PM ET,5.090,26,132,None,Nasdaq GSM,Inter Mkt Swp; Odd Lot; Trade Thru Exmpt
12:17:39.118 PM ET,5.090,26,132,None,Nasdaq GSM,Inter Mkt Swp; Odd Lot; Trade Thru Exmpt
01:12:26.994 PM ET,5.050,26,131,Mid,IEX,Odd Lot
02:12:15.405 PM ET,5.060,26,132,Mid,Off Exchange,Odd Lot
02:29:22.998 PM ET,5.050,26,131,Mid,Cboe BZX,Odd Lot
03:13:37.159 PM ET,5.030,26,131,Mid,Off Exchange,Odd Lot
03:58:28.047 PM ET,5.045,26,131,Mid,Off Exchange,Odd Lot
03:59:00.540 PM ET,5.060,26,132,Ask,Nasdaq GSM,Inter Mkt Swp; Odd Lot; Trade Thru Exmpt
09:30:44.663 AM ET,5.130,25,128,Bid,Nasdaq GSM,Inter Mkt Swp; Odd Lot; Trade Thru Exmpt
09:52:56.584 AM ET,5.218,25,130,Mid,Off Exchange,Odd Lot
12:18:36.377 PM ET,5.080,25,127,None,Off Exchange,Odd Lot
12:49:05.018 PM ET,5.030,25,126,Bid,IEX,Odd Lot
01:24:49.342 PM ET,5.070,25,127,Mid,NYSE Arca,Inter Mkt Swp; Odd Lot; Trade Thru Exmpt
01:25:55.004 PM ET,5.060,25,127,Bid,Nasdaq GSM,Inter Mkt Swp; Odd Lot; Trade Thru Exmpt
01:34:45.618 PM ET,5.050,25,126,Mid,Cboe EDGA,Inter Mkt Swp; Odd Lot; Trade Thru Exmpt
02:03:17.827 PM ET,5.060,25,127,Mid,Cboe EDGA,Odd Lot
02:29:22.996 PM ET,5.050,25,126,Mid,Cboe BZX,Inter Mkt Swp; Odd Lot; Trade Thru Exmpt
02:33:49.957 PM ET,5.050,25,126,Mid,Off Exchange,Odd Lot
02:51:11.580 PM ET,5.040,25,126,Mid,Nasdaq GSM,Inter Mkt Swp; Odd Lot; Trade Thru Exmpt
03:34:33.710 PM ET,5.010,25,125,Bid,Cboe BZX,Odd Lot
03:44:50.801 PM ET,5.050,25,126,Ask,IEX,Odd Lot
04:00:13.610 PM ET,5.180,25,130,None,Off Exchange,Frm T Ext Hrs; Odd Lot
09:36:31.219 AM ET,5.200,24,125,Mid,Nasdaq GSM,Odd Lot
09:44:15.143 AM ET,5.200,24,125,Bid,NYSE Arca,Inter Mkt Swp; Odd Lot; Trade Thru Exmpt
09:45:47.458 AM ET,5.230,24,126,Mid,NYSE Arca,Odd Lot
10:12:13.677 AM ET,5.235,24,126,Mid,NYSE,Odd Lot
10:15:06.930 AM ET,5.240,24,126,Ask,IEX,Odd Lot
10:35:00.671 AM ET,5.330,24,128,Ask,Cboe EDGX,Odd Lot
10:56:11.497 AM ET,5.150,24,124,Mid,Off Exchange,Odd Lot
11:26:45.202 AM ET,5.000,24,120,Mid,Nasdaq GSM,Inter Mkt Swp; Odd Lot; Trade Thru Exmpt
11:42:36.425 AM ET,5.030,24,121,Mid,Nasdaq GSM,Inter Mkt Swp; Odd Lot; Trade Thru Exmpt
12:18:18.292 PM ET,5.080,24,122,None,Nasdaq GSM,Inter Mkt Swp; Odd Lot; Trade Thru Exmpt
12:31:46.316 PM ET,5.060,24,121,Bid,IEX,Odd Lot
01:34:22.688 PM ET,5.050,24,121,Mid,Nasdaq GSM,Odd Lot
02:02:33.082 PM ET,5.055,24,121,Mid,IEX,Odd Lot
02:51:11.588 PM ET,5.035,24,121,Mid,IEX,Odd Lot
03:25:25.704 PM ET,5.030,24,121,Mid,IEX,Odd Lot
03:39:02.630 PM ET,5.025,24,121,Mid,Off Exchange,Odd Lot
03:43:44.839 PM ET,5.040,24,121,Mid,Off Exchange,Odd Lot
03:57:56.239 PM ET,5.050,24,121,Mid,Nasdaq GSM,Inter Mkt Swp; Odd Lot; Trade Thru Exmpt
03:57:57.779 PM ET,5.030,24,121,Bid,Nasdaq GSM,Odd Lot
03:59:17.353 PM ET,5.070,24,122,None,IEX,Odd Lot
03:59:41.785 PM ET,5.080,24,122,None,Nasdaq GSM,Inter Mkt Swp; Odd Lot; Trade Thru Exmpt
03:59:57.159 PM ET,5.065,24,122,None,Off Exchange,Odd Lot
09:32:03.158 AM ET,5.160,23,119,Mid,Off Exchange,Odd Lot
09:33:57.302 AM ET,5.210,23,120,Mid,Off Exchange,Odd Lot
09:44:15.018 AM ET,5.220,23,120,Ask,Nasdaq GSM,Odd Lot
09:58:06.289 AM ET,5.250,23,121,Mid,Nasdaq GSM,Inter Mkt Swp; Odd Lot; Trade Thru Exmpt
09:58:06.289 AM ET,5.240,23,121,Bid,Nasdaq GSM,Inter Mkt Swp; Odd Lot; Trade Thru Exmpt
10:38:15.411 AM ET,5.270,23,121,Bid,NYSE Arca,Inter Mkt Swp; Odd Lot; Trade Thru Exmpt
10:55:44.733 AM ET,5.120,23,118,Ask,NYSE Arca,Inter Mkt Swp; Odd Lot; Trade Thru Exmpt
10:55:44.733 AM ET,5.120,23,118,Ask,NYSE,Inter Mkt Swp; Odd Lot; Trade Thru Exmpt
10:55:44.801 AM ET,5.120,23,118,Bid,NYSE Arca,Inter Mkt Swp; Odd Lot; Trade Thru Exmpt
10:55:44.854 AM ET,5.140,23,118,Bid,NYSE Arca,Odd Lot
11:50:25.171 AM ET,5.030,23,116,Mid,Nasdaq GSM,Inter Mkt Swp; Odd Lot; Trade Thru Exmpt
01:40:55.270 PM ET,5.060,23,116,Mid,NYSE,Odd Lot
01:50:20.510 PM ET,5.070,23,117,Mid,Nasdaq GSM,Inter Mkt Swp; Odd Lot; Trade Thru Exmpt
02:15:55.004 PM ET,5.065,23,117,Mid,Off Exchange,Odd Lot
03:54:12.678 PM ET,5.021,23,115,Ask,Off Exchange,Deriv Priced; Odd Lot; Trade Thru Exmpt
09:35:08.954 AM ET,5.210,22,115,Mid,Nasdaq GSM,Odd Lot
09:53:53.672 AM ET,5.210,22,115,Ask,Nasdaq GSM,Inter Mkt Swp; Odd Lot; Trade Thru Exmpt
09:54:32.840 AM ET,5.190,22,114,Bid,Nasdaq GSM,Odd Lot
10:41:51.452 AM ET,5.250,22,116,Bid,IEX,Odd Lot
10:45:06.131 AM ET,5.230,22,115,Mid,NYSE Arca,Odd Lot
10:51:40.357 AM ET,5.230,22,115,Bid,IEX,Odd Lot
10:53:05.876 AM ET,5.230,22,115,Bid,IEX,Odd Lot
10:55:45.782 AM ET,5.200,22,114,Ask,Off Exchange,Odd Lot
11:26:44.703 AM ET,5.010,22,110,Ask,NYSE Arca,Inter Mkt Swp; Odd Lot; Trade Thru Exmpt
11:26:45.202 AM ET,5.000,22,110,Mid,NYSE Arca,Inter Mkt Swp; Odd Lot; Trade Thru Exmpt
11:31:41.611 AM ET,5.000,22,110,Mid,Cboe EDGX,Inter Mkt Swp; Odd Lot; Trade Thru Exmpt
11:47:22.310 AM ET,5.040,22,111,Mid,NYSE Arca,Inter Mkt Swp; Odd Lot; Trade Thru Exmpt
11:59:31.029 AM ET,5.060,22,111,Mid,Cboe EDGX,Inter Mkt Swp; Odd Lot; Trade Thru Exmpt
12:13:15.488 PM ET,5.060,22,111,Mid,NYSE Arca,Inter Mkt Swp; Odd Lot; Trade Thru Exmpt
12:18:18.292 PM ET,5.080,22,112,None,Nasdaq GSM,Inter Mkt Swp; Odd Lot; Trade Thru Exmpt
12:36:24.645 PM ET,5.065,22,111,Mid,Off Exchange,Odd Lot
01:03:44.494 PM ET,5.040,22,111,Ask,Cboe BZX,Inter Mkt Swp; Odd Lot; Trade Thru Exmpt
01:26:48.195 PM ET,5.065,22,111,Mid,Off Exchange,Odd Lot
01:55:48.318 PM ET,5.070,22,112,Mid,Cboe BZX,Inter Mkt Swp; Odd Lot; Trade Thru Exmpt
02:46:17.599 PM ET,5.050,22,111,Mid,Off Exchange,Odd Lot
02:47:52.032 PM ET,5.050,22,111,Mid,Nasdaq GSM,Odd Lot
02:56:23.617 PM ET,5.040,22,111,Mid,Off Exchange,Odd Lot
02:57:48.380 PM ET,5.030,22,111,Bid,IEX,Odd Lot
03:13:37.158 PM ET,5.030,22,111,Mid,Off Exchange,Odd Lot
03:24:14.674 PM ET,5.030,22,111,Ask,Cboe EDGX,Inter Mkt Swp; Odd Lot; Trade Thru Exmpt
03:24:14.674 PM ET,5.030,22,111,Ask,Cboe BZX,Inter Mkt Swp; Odd Lot; Trade Thru Exmpt
03:34:33.708 PM ET,5.010,22,110,Bid,IEX,Odd Lot
03:34:34.093 PM ET,5.025,22,111,Ask,Off Exchange,Odd Lot
03:40:37.958 PM ET,5.030,22,111,Ask,Cboe EDGX,Odd Lot
03:45:16.507 PM ET,5.040,22,111,Mid,Off Exchange,Odd Lot
09:36:22.511 AM ET,5.200,21,109,Ask,Nasdaq GSM,Odd Lot
09:54:32.841 AM ET,5.200,21,109,Bid,NYSE Arca,Inter Mkt Swp; Odd Lot; Trade Thru Exmpt
10:24:28.093 AM ET,5.260,21,110,Mid,Off Exchange,Odd Lot
11:07:31.953 AM ET,5.060,21,106,Mid,Off Exchange,Odd Lot
11:20:25.041 AM ET,5.030,21,106,Bid,NYSE Arca,Odd Lot
11:26:44.703 AM ET,5.010,21,105,Mid,Cboe BZX,Odd Lot
11:26:45.202 AM ET,5.000,21,105,Mid,Cboe BZX,Inter Mkt Swp; Odd Lot; Trade Thru Exmpt
11:29:47.980 AM ET,5.010,21,105,Mid,Off Exchange,Odd Lot
11:29:57.639 AM ET,5.010,21,105,Mid,NYSE Arca,Inter Mkt Swp; Odd Lot; Trade Thru Exmpt
01:30:17.659 PM ET,5.050,21,106,Mid,Off Exchange,Odd Lot
02:21:30.037 PM ET,5.040,21,106,Bid,Off Exchange,Odd Lot
02:23:50.344 PM ET,5.050,21,106,Mid,Nasdaq GSM,Inter Mkt Swp; Odd Lot; Trade Thru Exmpt
03:59:41.785 PM ET,5.080,21,107,None,NYSE,Inter Mkt Swp; Odd Lot; Trade Thru Exmpt
03:59:43.065 PM ET,5.070,21,106,None,Nasdaq GSM,Odd Lot
09:22:51.611 AM ET,5.190,20,104,Mid,Off Exchange,Frm T Ext Hrs; Odd Lot
09:32:12.084 AM ET,5.200,20,104,Mid,Cboe BZX,Inter Mkt Swp; Odd Lot; Trade Thru Exmpt
09:32:30.358 AM ET,5.210,20,104,Mid,Nasdaq GSM,Odd Lot
09:33:32.260 AM ET,5.210,20,104,Mid,Off Exchange,Odd Lot
09:44:15.017 AM ET,5.210,20,104,Ask,NYSE Arca,Odd Lot
09:44:15.018 AM ET,5.230,20,105,Ask,Cboe BZX,Odd Lot
09:54:32.843 AM ET,5.220,20,104,Bid,Cboe EDGX,Odd Lot
09:58:06.289 AM ET,5.250,20,105,Mid,Nasdaq PHLX,Inter Mkt Swp; Odd Lot; Trade Thru Exmpt
09:58:40.324 AM ET,5.240,20,105,Bid,Nasdaq GSM,Inter Mkt Swp; Odd Lot; Trade Thru Exmpt
10:20:39.344 AM ET,5.265,20,105,Mid,Off Exchange,Odd Lot
10:22:10.523 AM ET,5.270,20,105,Mid,Off Exchange,Odd Lot
10:23:43.072 AM ET,5.260,20,105,Mid,Off Exchange,Odd Lot
10:26:41.677 AM ET,5.270,20,105,Mid,Off Exchange,Odd Lot
10:26:41.678 AM ET,5.270,20,105,Mid,Off Exchange,Odd Lot
10:29:42.642 AM ET,5.280,20,106,Mid,Off Exchange,Odd Lot
10:31:25.083 AM ET,5.280,20,106,Mid,NYSE Arca,Inter Mkt Swp; Odd Lot; Trade Thru Exmpt
10:32:05.401 AM ET,5.290,20,106,Ask,Off Exchange,Odd Lot
10:33:48.376 AM ET,5.285,20,106,Mid,IEX,Odd Lot
10:35:04.098 AM ET,5.295,20,106,Mid,Off Exchange,Odd Lot
10:35:04.099 AM ET,5.295,20,106,Mid,Off Exchange,Odd Lot
10:36:35.981 AM ET,5.300,20,106,Mid,Off Exchange,Odd Lot
10:54:23.122 AM ET,5.240,20,105,Bid,Nasdaq GSM,Inter Mkt Swp; Odd Lot; Trade Thru Exmpt
10:54:32.863 AM ET,5.250,20,105,Bid,Nasdaq GSM,Inter Mkt Swp; Odd Lot; Trade Thru Exmpt
10:55:44.522 AM ET,5.255,20,105,Ask,Nasdaq GSM,Odd Lot
10:55:44.733 AM ET,5.120,20,102,Ask,NYSE Arca,Inter Mkt Swp; Odd Lot; Trade Thru Exmpt
10:55:44.735 AM ET,5.130,20,103,Ask,NYSE Arca,Inter Mkt Swp; Odd Lot; Trade Thru Exmpt
10:55:44.785 AM ET,5.110,20,102,Bid,NYSE Arca,Inter Mkt Swp; Odd Lot; Trade Thru Exmpt
11:01:08.427 AM ET,5.140,20,103,Mid,Off Exchange,Odd Lot
11:05:35.551 AM ET,5.045,20,101,Mid,Off Exchange,Odd Lot
11:05:35.596 AM ET,5.045,20,101,Mid,Off Exchange,Odd Lot
11:07:08.346 AM ET,5.050,20,101,Mid,Off Exchange,Odd Lot
11:11:38.855 AM ET,5.050,20,101,Mid,IEX,Odd Lot
11:14:21.199 AM ET,5.050,20,101,Mid,Nasdaq GSM,Odd Lot
11:15:38.733 AM ET,5.050,20,101,Mid,Off Exchange,Odd Lot
11:20:25.041 AM ET,5.030,20,101,Bid,MEMX,Odd Lot
11:21:43.156 AM ET,5.025,20,101,Mid,Off Exchange,Odd Lot
11:21:43.157 AM ET,5.025,20,101,Mid,Off Exchange,Odd Lot
11:26:44.703 AM ET,5.010,20,100,Mid,MEMX,Odd Lot
11:31:41.611 AM ET,5.000,20,100,Mid,Cboe EDGA,Inter Mkt Swp; Odd Lot; Trade Thru Exmpt
11:47:29.512 AM ET,5.030,20,101,Mid,Off Exchange,Odd Lot
11:53:59.150 AM ET,5.020,20,100,Ask,MEMX,Inter Mkt Swp; Odd Lot; Trade Thru Exmpt
12:00:06.799 PM ET,5.080,20,102,Mid,IEX,Odd Lot
12:00:06.801 PM ET,5.080,20,102,Mid,Off Exchange,Odd Lot
12:05:47.184 PM ET,5.056,20,101,Mid,Off Exchange,Odd Lot
12:07:58.635 PM ET,5.052,20,101,Mid,Off Exchange,Odd Lot
12:09:13.143 PM ET,5.049,20,101,Mid,Off Exchange,Odd Lot
12:13:15.487 PM ET,5.050,20,101,Mid,NYSE Arca,Inter Mkt Swp; Odd Lot; Trade Thru Exmpt
12:17:18.792 PM ET,5.080,20,102,None,Nasdaq GSM,Inter Mkt Swp; Odd Lot; Trade Thru Exmpt
12:30:16.638 PM ET,5.065,20,101,Mid,Nasdaq GSM,Odd Lot
12:40:05.528 PM ET,5.045,20,101,Mid,Off Exchange,Odd Lot
12:40:05.546 PM ET,5.045,20,101,Mid,Off Exchange,Odd Lot
12:40:05.670 PM ET,5.045,20,101,Mid,Off Exchange,Odd Lot
12:47:38.224 PM ET,5.045,20,101,Mid,Nasdaq GSM,Inter Mkt Swp; Odd Lot; Trade Thru Exmpt
01:03:44.494 PM ET,5.040,20,101,Ask,Nasdaq GSM,Inter Mkt Swp; Odd Lot; Trade Thru Exmpt
01:19:51.463 PM ET,5.090,20,102,Ask,Off Exchange,Odd Lot
01:21:38.966 PM ET,5.070,20,101,Mid,Off Exchange,Odd Lot
01:24:01.441 PM ET,5.070,20,101,Ask,Nasdaq GSM,Odd Lot
01:24:49.342 PM ET,5.070,20,101,Mid,MEMX,Inter Mkt Swp; Odd Lot; Trade Thru Exmpt
01:31:03.392 PM ET,5.064,20,101,Mid,Off Exchange,Odd Lot
01:37:06.119 PM ET,5.050,20,101,Mid,MIAX Pearl,Odd Lot
01:43:54.336 PM ET,5.060,20,101,Mid,MEMX,Inter Mkt Swp; Odd Lot; Trade Thru Exmpt
01:49:54.231 PM ET,5.070,20,101,Mid,Off Exchange,Odd Lot
01:50:20.510 PM ET,5.070,20,101,Mid,NYSE Arca,Inter Mkt Swp; Odd Lot; Trade Thru Exmpt
02:00:04.859 PM ET,5.080,20,102,Mid,Off Exchange,Odd Lot
02:03:11.189 PM ET,5.060,20,101,Ask,Off Exchange,Odd Lot
02:05:03.349 PM ET,5.070,20,101,Mid,Off Exchange,Odd Lot
02:45:22.785 PM ET,5.050,20,101,Mid,Off Exchange,Odd Lot
03:00:02.236 PM ET,5.015,20,100,Mid,Off Exchange,Odd Lot
03:06:56.089 PM ET,5.020,20,100,Mid,Off Exchange,Odd Lot
03:26:20.672 PM ET,5.035,20,101,Mid,Off Exchange,Odd Lot
03:34:34.092 PM ET,5.020,20,100,Ask,Cboe BZX,Inter Mkt Swp; Odd Lot; Trade Thru Exmpt
03:52:19.403 PM ET,5.015,20,100,Mid,Off Exchange,Odd Lot
03:53:38.020 PM ET,5.000,20,100,Mid,NYSE Arca,Inter Mkt Swp; Odd Lot; Trade Thru Exmpt
03:55:00.134 PM ET,5.020,20,100,Ask,Off Exchange,Odd Lot
03:56:14.347 PM ET,5.045,20,101,Mid,IEX,Odd Lot
03:56:18.117 PM ET,5.050,20,101,Mid,Off Exchange,Odd Lot
03:56:33.908 PM ET,5.050,20,101,Mid,Off Exchange,Odd Lot
03:57:56.347 PM ET,5.040,20,101,Bid,NYSE,Odd Lot
03:58:02.817 PM ET,5.050,20,101,Ask,MEMX,Odd Lot
03:59:00.540 PM ET,5.060,20,101,Ask,Nasdaq GSM,Inter Mkt Swp; Odd Lot; Trade Thru Exmpt
03:59:41.784 PM ET,5.080,20,102,None,Nasdaq GSM,Odd Lot
06:06:42.270 PM ET,5.069,20,101,Mid,Off Exchange,Frm T Ext Hrs; Odd Lot
09:30:11.369 AM ET,5.105,19,97,Mid,Off Exchange,Odd Lot
09:30:11.371 AM ET,5.105,19,97,Mid,Off Exchange,Odd Lot
09:32:20.979 AM ET,5.210,19,99,Mid,Off Exchange,Odd Lot
09:32:41.917 AM ET,5.210,19,99,Mid,Off Exchange,Odd Lot
09:36:00.846 AM ET,5.210,19,99,Mid,Off Exchange,Odd Lot
09:36:31.191 AM ET,5.200,19,99,Mid,Off Exchange,Odd Lot
09:36:48.688 AM ET,5.168,19,98,Mid,Off Exchange,Odd Lot
09:36:48.689 AM ET,5.165,19,98,Mid,Off Exchange,Odd Lot
09:40:27.136 AM ET,5.213,19,99,Ask,Off Exchange,Odd Lot
09:40:27.137 AM ET,5.213,19,99,Ask,Off Exchange,Odd Lot
09:42:48.578 AM ET,5.202,19,99,Mid,Off Exchange,Odd Lot
09:42:48.579 AM ET,5.202,19,99,Mid,Off Exchange,Odd Lot
09:42:57.144 AM ET,5.205,19,99,Mid,Off Exchange,Odd Lot
09:42:57.145 AM ET,5.205,19,99,Mid,Off Exchange,Odd Lot
09:44:15.018 AM ET,5.230,19,99,Ask,NYSE Arca,Odd Lot
09:44:34.277 AM ET,5.215,19,99,Mid,Off Exchange,Odd Lot
09:44:34.278 AM ET,5.215,19,99,Mid,Off Exchange,Odd Lot
09:44:34.279 AM ET,5.215,19,99,Mid,Off Exchange,Odd Lot
09:47:51.717 AM ET,5.215,19,99,Mid,Off Exchange,Odd Lot
09:47:51.718 AM ET,5.215,19,99,Mid,Off Exchange,Odd Lot
09:47:53.633 AM ET,5.215,19,99,Mid,Off Exchange,Odd Lot
09:47:53.634 AM ET,5.215,19,99,Mid,Off Exchange,Odd Lot
09:51:06.081 AM ET,5.213,19,99,Mid,Off Exchange,Odd Lot
09:51:06.082 AM ET,5.213,19,99,Mid,Off Exchange,Odd Lot
10:04:34.043 AM ET,5.235,19,99,Mid,Off Exchange,Odd Lot
10:04:34.044 AM ET,5.235,19,99,Mid,Off Exchange,Odd Lot
10:14:06.463 AM ET,5.230,19,99,Mid,Off Exchange,Odd Lot
10:14:06.464 AM ET,5.230,19,99,Mid,Off Exchange,Odd Lot
10:14:06.465 AM ET,5.230,19,99,Mid,Off Exchange,Odd Lot
10:14:50.074 AM ET,5.230,19,99,Mid,Off Exchange,Odd Lot
10:23:54.777 AM ET,5.260,19,100,Mid,Off Exchange,Odd Lot
10:23:54.780 AM ET,5.260,19,100,Mid,Off Exchange,Odd Lot
10:23:54.781 AM ET,5.260,19,100,Mid,Off Exchange,Odd Lot
10:34:25.345 AM ET,5.298,19,101,Mid,Off Exchange,Odd Lot
10:37:02.845 AM ET,5.290,19,101,Mid,Off Exchange,Odd Lot
10:37:02.846 AM ET,5.290,19,101,Mid,Off Exchange,Odd Lot
10:37:02.852 AM ET,5.290,19,101,Mid,Off Exchange,Odd Lot
10:41:54.670 AM ET,5.250,19,100,Ask,Nasdaq GSM,Odd Lot
10:41:54.670 AM ET,5.240,19,100,Ask,Nasdaq GSM,Odd Lot
11:03:18.597 AM ET,5.040,19,96,Bid,Off Exchange,Odd Lot
11:20:25.042 AM ET,5.030,19,96,Bid,NYSE Arca,Inter Mkt Swp; Odd Lot; Trade Thru Exmpt
11:26:44.704 AM ET,5.000,19,95,Mid,NYSE Arca,Inter Mkt Swp; Odd Lot; Trade Thru Exmpt
11:59:31.048 AM ET,5.080,19,97,Ask,Off Exchange,Odd Lot
11:59:31.049 AM ET,5.080,19,97,Ask,Off Exchange,Odd Lot
11:59:31.051 AM ET,5.080,19,97,Ask,Off Exchange,Odd Lot
12:19:19.263 PM ET,5.070,19,96,Mid,Off Exchange,Odd Lot
12:19:19.264 PM ET,5.070,19,96,Mid,Off Exchange,Odd Lot
12:19:19.265 PM ET,5.070,19,96,Mid,Off Exchange,Odd Lot
12:21:05.404 PM ET,5.070,19,96,Mid,Off Exchange,Odd Lot
12:21:05.405 PM ET,5.070,19,96,Mid,Off Exchange,Odd Lot
12:27:30.242 PM ET,5.065,19,96,Mid,Off Exchange,Odd Lot
12:27:30.243 PM ET,5.065,19,96,Mid,Off Exchange,Odd Lot
12:27:30.246 PM ET,5.065,19,96,Mid,Off Exchange,Odd Lot
12:31:59.155 PM ET,5.063,19,96,Mid,Off Exchange,Odd Lot
12:31:59.156 PM ET,5.065,19,96,Mid,Off Exchange,Odd Lot
12:31:59.157 PM ET,5.065,19,96,Mid,Off Exchange,Odd Lot
12:42:15.286 PM ET,5.045,19,96,Mid,Off Exchange,Odd Lot
01:26:29.217 PM ET,5.065,19,96,Mid,Off Exchange,Odd Lot
01:27:03.216 PM ET,5.065,19,96,Mid,Off Exchange,Odd Lot
01:27:03.217 PM ET,5.065,19,96,Mid,Off Exchange,Odd Lot
01:27:03.221 PM ET,5.065,19,96,Mid,Off Exchange,Odd Lot
01:27:22.024 PM ET,5.063,19,96,Mid,Off Exchange,Odd Lot
01:34:23.657 PM ET,5.050,19,96,Ask,Off Exchange,Odd Lot
01:34:23.658 PM ET,5.050,19,96,Ask,Off Exchange,Odd Lot
01:41:10.821 PM ET,5.060,19,96,Mid,Off Exchange,Odd Lot
01:41:10.822 PM ET,5.060,19,96,Mid,Off Exchange,Odd Lot
01:45:06.252 PM ET,5.070,19,96,Mid,Off Exchange,Odd Lot
01:45:06.253 PM ET,5.070,19,96,Mid,Off Exchange,Odd Lot
01:48:21.145 PM ET,5.065,19,96,Mid,Off Exchange,Odd Lot
01:48:21.146 PM ET,5.065,19,96,Mid,Off Exchange,Odd Lot
01:48:21.147 PM ET,5.065,19,96,Mid,Off Exchange,Odd Lot
01:48:25.685 PM ET,5.065,19,96,Mid,Off Exchange,Odd Lot
01:54:28.309 PM ET,5.065,19,96,Mid,Off Exchange,Odd Lot
01:59:26.983 PM ET,5.080,19,97,Mid,Off Exchange,Odd Lot
02:16:21.401 PM ET,5.065,19,96,Mid,Off Exchange,Odd Lot
02:16:21.402 PM ET,5.065,19,96,Mid,Off Exchange,Odd Lot
02:17:40.376 PM ET,5.065,19,96,Mid,Off Exchange,Odd Lot
02:17:40.377 PM ET,5.065,19,96,Mid,Off Exchange,Odd Lot
02:17:57.599 PM ET,5.065,19,96,Mid,Off Exchange,Odd Lot
02:17:57.600 PM ET,5.065,19,96,Mid,Off Exchange,Odd Lot
02:18:57.435 PM ET,5.060,19,96,Mid,Off Exchange,Odd Lot
02:18:57.436 PM ET,5.060,19,96,Mid,Off Exchange,Odd Lot
02:37:33.640 PM ET,5.050,19,96,Mid,Off Exchange,Odd Lot
02:37:33.641 PM ET,5.050,19,96,Mid,Off Exchange,Odd Lot
02:40:09.892 PM ET,5.050,19,96,Mid,Off Exchange,Odd Lot
02:43:55.335 PM ET,5.050,19,96,Mid,NYSE,Odd Lot
03:10:17.131 PM ET,5.025,19,95,Mid,Off Exchange,Odd Lot
03:10:17.137 PM ET,5.025,19,95,Mid,Off Exchange,Odd Lot
03:24:14.685 PM ET,5.050,19,96,Ask,Off Exchange,Odd Lot
03:24:14.686 PM ET,5.050,19,96,Ask,Off Exchange,Odd Lot
03:25:25.653 PM ET,5.040,19,96,Ask,Nasdaq GSM,Inter Mkt Swp; Odd Lot; Trade Thru Exmpt
03:39:17.859 PM ET,5.022,19,95,Mid,Off Exchange,Odd Lot
03:40:16.776 PM ET,5.040,19,96,Mid,Off Exchange,Odd Lot
03:40:16.782 PM ET,5.040,19,96,Mid,Off Exchange,Odd Lot
03:51:12.639 PM ET,5.027,19,96,Mid,Off Exchange,Odd Lot
03:53:30.771 PM ET,5.015,19,95,Mid,Off Exchange,Odd Lot
03:55:00.156 PM ET,5.035,19,96,Mid,Off Exchange,Odd Lot
03:58:02.088 PM ET,5.050,19,96,Bid,Cboe BZX,Odd Lot
03:58:28.572 PM ET,5.055,19,96,Ask,IEX,Odd Lot
03:58:38.532 PM ET,5.050,19,96,Bid,Nasdaq GSM,Inter Mkt Swp; Odd Lot; Trade Thru Exmpt
03:59:02.407 PM ET,5.065,19,96,Mid,Off Exchange,Odd Lot
03:59:15.882 PM ET,5.070,19,96,None,Off Exchange,Odd Lot
03:59:42.115 PM ET,5.070,19,96,None,Nasdaq GSM,Inter Mkt Swp; Odd Lot; Trade Thru Exmpt
09:44:15.143 AM ET,5.200,18,94,Bid,NYSE Arca,Inter Mkt Swp; Odd Lot; Trade Thru Exmpt
10:03:14.975 AM ET,5.240,18,94,Mid,Nasdaq GSM,Odd Lot
10:17:57.850 AM ET,5.250,18,95,Ask,Off Exchange,Odd Lot
10:35:00.662 AM ET,5.310,18,96,Ask,Off Exchange,Odd Lot
10:35:00.663 AM ET,5.310,18,96,Ask,Off Exchange,Odd Lot
10:41:54.670 AM ET,5.240,18,94,Ask,Nasdaq GSM,Odd Lot
10:55:44.650 AM ET,5.180,18,93,Ask,Off Exchange,Odd Lot
10:55:44.762 AM ET,5.100,18,92,Ask,NYSE Arca,Inter Mkt Swp; Odd Lot; Trade Thru Exmpt
10:55:44.785 AM ET,5.110,18,92,Bid,NYSE Arca,Inter Mkt Swp; Odd Lot; Trade Thru Exmpt
11:42:36.425 AM ET,5.030,18,91,Mid,Nasdaq GSM,Inter Mkt Swp; Odd Lot; Trade Thru Exmpt
01:34:23.657 PM ET,5.050,18,91,Ask,Off Exchange,Odd Lot
02:05:38.256 PM ET,5.070,18,91,Mid,Off Exchange,Odd Lot
02:41:38.485 PM ET,5.050,18,91,Mid,Off Exchange,Odd Lot
03:43:57.108 PM ET,5.040,18,91,Mid,Off Exchange,Odd Lot
03:45:00.610 PM ET,5.040,18,91,Mid,Off Exchange,Odd Lot
03:47:51.412 PM ET,5.040,18,91,Mid,Off Exchange,Odd Lot
03:50:35.619 PM ET,5.036,18,91,Ask,Off Exchange,Deriv Priced; Odd Lot; Trade Thru Exmpt
03:53:35.780 PM ET,5.023,18,90,Mid,Off Exchange,Odd Lot
03:55:04.324 PM ET,5.052,18,91,Mid,Off Exchange,Odd Lot
03:56:20.042 PM ET,5.021,18,90,Bid,Off Exchange,Deriv Priced; Odd Lot; Trade Thru Exmpt
03:56:56.751 PM ET,5.023,18,90,Bid,Off Exchange,Deriv Priced; Odd Lot; Trade Thru Exmpt
03:57:56.341 PM ET,5.040,18,91,Bid,NYSE Arca,Odd Lot
03:57:56.347 PM ET,5.040,18,91,Bid,NYSE Arca,Odd Lot
03:59:15.882 PM ET,5.070,18,91,None,Off Exchange,Odd Lot
09:44:27.610 AM ET,5.215,17,89,Mid,Nasdaq GSM,Odd Lot
09:46:57.734 AM ET,5.220,17,89,Mid,Nasdaq GSM,Inter Mkt Swp; Odd Lot; Trade Thru Exmpt
09:48:49.132 AM ET,5.215,17,89,Mid,Nasdaq GSM,Odd Lot
09:48:54.032 AM ET,5.215,17,89,Mid,Nasdaq GSM,Odd Lot
10:20:54.020 AM ET,5.270,17,90,Mid,Off Exchange,Odd Lot
10:55:44.801 AM ET,5.120,17,87,Bid,Nasdaq GSM,Inter Mkt Swp; Odd Lot; Trade Thru Exmpt
01:43:54.336 PM ET,5.060,17,86,Mid,Cboe BZX,Inter Mkt Swp; Odd Lot; Trade Thru Exmpt
02:17:57.599 PM ET,5.065,17,86,Mid,Off Exchange,Odd Lot
02:51:11.580 PM ET,5.040,17,86,Mid,Cboe EDGA,Inter Mkt Swp; Odd Lot; Trade Thru Exmpt
03:51:22.237 PM ET,5.015,17,85,Mid,Off Exchange,Odd Lot
03:52:53.706 PM ET,5.026,17,85,Mid,Off Exchange,Odd Lot
03:55:37.660 PM ET,5.050,17,86,Mid,Off Exchange,Odd Lot
03:56:05.007 PM ET,5.045,17,86,Mid,Off Exchange,Odd Lot
03:56:33.908 PM ET,5.050,17,86,Mid,Off Exchange,Odd Lot
03:58:38.069 PM ET,5.045,17,86,Mid,Off Exchange,Odd Lot
03:59:20.976 PM ET,5.070,17,86,None,Off Exchange,Odd Lot
03:59:29.214 PM ET,5.070,17,86,None,Off Exchange,Odd Lot
09:40:27.137 AM ET,5.215,16,83,Ask,Off Exchange,Odd Lot
09:47:51.717 AM ET,5.215,16,83,Mid,Off Exchange,Odd Lot
09:54:32.841 AM ET,5.200,16,83,Bid,NYSE Arca,Inter Mkt Swp; Odd Lot; Trade Thru Exmpt
10:03:09.967 AM ET,5.230,16,84,Bid,Nasdaq GSM,Inter Mkt Swp; Odd Lot; Trade Thru Exmpt
10:18:20.713 AM ET,5.275,16,84,Ask,Off Exchange,Odd Lot
10:31:51.472 AM ET,5.290,16,85,Bid,Nasdaq GSM,Inter Mkt Swp; Odd Lot; Trade Thru Exmpt
10:37:02.846 AM ET,5.290,16,85,Mid,Off Exchange,Odd Lot
10:55:44.549 AM ET,5.220,16,84,Ask,IEX,Odd Lot
11:00:46.950 AM ET,5.130,16,82,Ask,Off Exchange,Odd Lot
11:16:22.473 AM ET,5.041,16,81,Mid,Cboe BYX,Odd Lot
03:20:07.057 PM ET,5.020,16,80,Mid,Off Exchange,Odd Lot
03:46:03.281 PM ET,5.050,16,81,Ask,Off Exchange,Odd Lot
03:46:27.080 PM ET,5.040,16,81,Mid,Off Exchange,Odd Lot
03:48:05.356 PM ET,5.040,16,81,Mid,Off Exchange,Odd Lot
03:49:58.244 PM ET,5.025,16,80,Mid,Off Exchange,Odd Lot
03:50:03.007 PM ET,5.045,16,81,Mid,Off Exchange,Odd Lot
03:50:30.923 PM ET,5.020,16,80,Mid,Off Exchange,Odd Lot
03:53:38.659 PM ET,5.022,16,80,Ask,Off Exchange,Deriv Priced; Odd Lot; Trade Thru Exmpt
03:53:46.760 PM ET,5.021,16,80,Ask,Off Exchange,Deriv Priced; Odd Lot; Trade Thru Exmpt
03:56:11.920 PM ET,5.021,16,80,Bid,Off Exchange,Deriv Priced; Odd Lot; Trade Thru Exmpt
03:57:56.434 PM ET,5.040,16,81,Mid,Off Exchange,Odd Lot
03:58:38.069 PM ET,5.045,16,81,Mid,Off Exchange,Odd Lot
03:59:02.406 PM ET,5.065,16,81,Mid,Off Exchange,Odd Lot
03:59:08.843 PM ET,5.065,16,81,None,Off Exchange,Odd Lot
03:59:30.157 PM ET,5.070,16,81,None,Off Exchange,Odd Lot
03:59:48.423 PM ET,5.080,16,81,None,Nasdaq GSM,Odd Lot
03:59:49.930 PM ET,5.070,16,81,None,IEX,Odd Lot
09:32:12.084 AM ET,5.200,15,78,Mid,NYSE Arca,Inter Mkt Swp; Odd Lot; Trade Thru Exmpt
09:43:53.322 AM ET,5.210,15,78,Mid,Off Exchange,Odd Lot
09:54:32.843 AM ET,5.220,15,78,Bid,Nasdaq GSM,Inter Mkt Swp; Odd Lot; Trade Thru Exmpt
09:54:32.843 AM ET,5.220,15,78,Bid,Nasdaq GSM,Odd Lot
09:54:49.057 AM ET,5.230,15,78,Mid,Nasdaq GSM,Odd Lot
09:58:40.324 AM ET,5.240,15,79,Bid,MEMX,Inter Mkt Swp; Odd Lot; Trade Thru Exmpt
10:02:33.157 AM ET,5.255,15,79,Mid,Off Exchange,Odd Lot
10:18:20.657 AM ET,5.260,15,79,Bid,Cboe EDGA,Inter Mkt Swp; Odd Lot; Trade Thru Exmpt
10:18:24.136 AM ET,5.250,15,79,Bid,Cboe EDGX,Inter Mkt Swp; Odd Lot; Trade Thru Exmpt
10:25:34.675 AM ET,5.270,15,79,Mid,Off Exchange,Odd Lot
10:31:24.887 AM ET,5.290,15,79,Ask,Off Exchange,Odd Lot
10:31:51.472 AM ET,5.290,15,79,Bid,NYSE Arca,Odd Lot
10:35:00.670 AM ET,5.320,15,80,Ask,Off Exchange,Odd Lot
10:37:01.843 AM ET,5.290,15,79,Ask,Off Exchange,Odd Lot
10:41:54.670 AM ET,5.250,15,79,Ask,Off Exchange,Odd Lot
10:41:54.687 AM ET,5.230,15,78,Mid,Nasdaq GSM,Odd Lot
10:50:27.024 AM ET,5.235,15,79,Bid,Nasdaq GSM,Inter Mkt Swp; Odd Lot; Trade Thru Exmpt
10:55:44.534 AM ET,5.240,15,79,Ask,Nasdaq GSM,Inter Mkt Swp; Odd Lot; Trade Thru Exmpt
10:55:44.553 AM ET,5.220,15,78,Ask,Nasdaq GSM,Inter Mkt Swp; Odd Lot; Trade Thru Exmpt
10:56:34.537 AM ET,5.140,15,77,Ask,Nasdaq GSM,Inter Mkt Swp; Odd Lot; Trade Thru Exmpt
10:57:15.226 AM ET,5.140,15,77,Bid,Nasdaq GSM,Odd Lot
11:20:19.238 AM ET,5.030,15,75,Bid,Off Exchange,Odd Lot
11:26:44.698 AM ET,5.020,15,75,Mid,NYSE Arca,Inter Mkt Swp; Odd Lot; Trade Thru Exmpt
11:29:57.640 AM ET,5.005,15,75,Mid,Off Exchange,Odd Lot
11:31:53.146 AM ET,5.010,15,75,Bid,NYSE Arca,Inter Mkt Swp; Odd Lot; Trade Thru Exmpt
12:08:23.223 PM ET,5.045,15,76,Mid,Off Exchange,Odd Lot
12:46:01.773 PM ET,5.045,15,76,Mid,Off Exchange,Odd Lot
01:24:49.358 PM ET,5.080,15,76,Ask,Off Exchange,Odd Lot
01:54:28.197 PM ET,5.070,15,76,Ask,Cboe EDGA,Inter Mkt Swp; Odd Lot; Trade Thru Exmpt
02:51:11.579 PM ET,5.040,15,76,Mid,NYSE Arca,Inter Mkt Swp; Odd Lot; Trade Thru Exmpt
03:21:14.592 PM ET,5.020,15,75,Mid,Off Exchange,Odd Lot
03:24:14.673 PM ET,5.030,15,75,Ask,Off Exchange,Odd Lot
03:25:25.653 PM ET,5.045,15,76,Ask,Off Exchange,Odd Lot
03:37:43.255 PM ET,5.020,15,75,Ask,Cboe EDGA,Inter Mkt Swp; Odd Lot; Trade Thru Exmpt
03:40:16.775 PM ET,5.040,15,76,Mid,Off Exchange,Odd Lot
03:41:12.304 PM ET,5.035,15,76,Mid,Off Exchange,Odd Lot
03:42:40.335 PM ET,5.020,15,75,Bid,Off Exchange,Odd Lot
03:53:51.274 PM ET,4.995,15,75,Mid,Off Exchange,Odd Lot
03:54:38.860 PM ET,5.000,15,75,Mid,NYSE Arca,Odd Lot
03:56:24.256 PM ET,5.022,15,75,Bid,Off Exchange,Deriv Priced; Odd Lot; Trade Thru Exmpt
03:56:33.908 PM ET,5.050,15,76,Mid,Off Exchange,Odd Lot
03:58:02.817 PM ET,5.050,15,76,Ask,NYSE Arca,Odd Lot
03:58:13.585 PM ET,5.045,15,76,Mid,Off Exchange,Odd Lot
07:15:07.090 AM ET,5.040,14,71,Bid,NYSE Arca,Frm T Ext Hrs; Odd Lot
10:55:44.575 AM ET,5.200,14,73,Bid,Nasdaq GSM,Inter Mkt Swp; Odd Lot; Trade Thru Exmpt
10:55:44.710 AM ET,5.145,14,72,Bid,Off Exchange,Odd Lot
11:48:45.735 AM ET,5.035,14,70,Mid,Off Exchange,Odd Lot
11:53:35.163 AM ET,5.020,14,70,Ask,Off Exchange,Odd Lot
12:27:30.246 PM ET,5.065,14,71,Mid,Off Exchange,Odd Lot
12:29:06.007 PM ET,5.065,14,71,Mid,Off Exchange,Odd Lot
12:53:58.280 PM ET,5.030,14,70,Mid,Off Exchange,Odd Lot
02:17:40.377 PM ET,5.065,14,71,Mid,Off Exchange,Odd Lot
02:25:10.640 PM ET,5.060,14,71,Ask,Cboe BYX,Inter Mkt Swp; Odd Lot; Trade Thru Exmpt
02:37:33.641 PM ET,5.050,14,71,Mid,Off Exchange,Odd Lot
02:50:30.073 PM ET,5.060,14,71,Ask,Off Exchange,Odd Lot
03:26:26.685 PM ET,5.035,14,70,Mid,Off Exchange,Odd Lot
03:28:20.763 PM ET,5.035,14,70,Mid,Off Exchange,Odd Lot
03:35:05.669 PM ET,5.015,14,70,Mid,Off Exchange,Odd Lot
03:36:30.209 PM ET,5.010,14,70,Bid,Off Exchange,Odd Lot
03:48:15.343 PM ET,5.040,14,71,Mid,Off Exchange,Odd Lot
03:52:25.693 PM ET,5.026,14,70,Mid,Off Exchange,Odd Lot
03:53:04.715 PM ET,5.026,14,70,Mid,Off Exchange,Odd Lot
03:53:56.768 PM ET,5.021,14,70,Ask,Off Exchange,Deriv Priced; Odd Lot; Trade Thru Exmpt
03:56:14.346 PM ET,5.045,14,71,Mid,Off Exchange,Odd Lot
03:57:33.433 PM ET,5.050,14,71,Mid,Off Exchange,Odd Lot
03:58:48.434 PM ET,5.055,14,71,Mid,Off Exchange,Odd Lot
09:44:15.017 AM ET,5.230,13,68,Ask,MEMX,Inter Mkt Swp; Odd Lot; Trade Thru Exmpt
09:54:32.841 AM ET,5.200,13,68,Bid,NYSE Arca,Inter Mkt Swp; Odd Lot; Trade Thru Exmpt
10:18:20.657 AM ET,5.260,13,68,Bid,Cboe BZX,Inter Mkt Swp; Odd Lot; Trade Thru Exmpt
10:55:44.714 AM ET,5.140,13,67,Bid,NYSE Arca,Odd Lot
10:55:44.778 AM ET,5.110,13,66,Ask,Nasdaq GSM,Odd Lot
10:55:44.853 AM ET,5.140,13,67,Bid,Nasdaq GSM,Odd Lot
11:17:59.536 AM ET,5.038,13,66,Mid,Off Exchange,Odd Lot
11:26:44.703 AM ET,5.000,13,65,Bid,Cboe EDGX,Odd Lot
11:26:45.202 AM ET,5.000,13,65,Mid,Cboe BZX,Inter Mkt Swp; Odd Lot; Trade Thru Exmpt
11:28:59.462 AM ET,5.010,13,65,Mid,NYSE Arca,Inter Mkt Swp; Odd Lot; Trade Thru Exmpt
11:43:41.942 AM ET,5.040,13,66,Mid,Off Exchange,Odd Lot
11:53:35.148 AM ET,5.020,13,65,Ask,Nasdaq GSM,Inter Mkt Swp; Odd Lot; Trade Thru Exmpt
12:17:11.984 PM ET,5.080,13,66,Mid,Cboe BYX,Odd Lot
12:47:21.330 PM ET,5.045,13,66,Mid,Nasdaq GSM,Odd Lot
03:17:55.787 PM ET,5.020,13,65,Mid,Off Exchange,Odd Lot
03:24:14.686 PM ET,5.050,13,66,Ask,Off Exchange,Odd Lot
03:41:22.455 PM ET,5.035,13,65,Mid,Off Exchange,Odd Lot
03:53:30.771 PM ET,5.015,13,65,Mid,Off Exchange,Odd Lot
03:56:59.148 PM ET,5.050,13,66,Mid,Off Exchange,Odd Lot
03:57:03.351 PM ET,5.050,13,66,Mid,Off Exchange,Odd Lot
03:58:00.715 PM ET,5.040,13,66,Mid,Off Exchange,Odd Lot
03:58:02.716 PM ET,5.050,13,66,Ask,Nasdaq GSM,Odd Lot
03:58:28.048 PM ET,5.045,13,66,Mid,Off Exchange,Odd Lot
09:33:20.067 AM ET,5.210,12,63,Mid,NYSE,Inter Mkt Swp; Odd Lot; Trade Thru Exmpt
09:38:56.157 AM ET,5.190,12,62,Mid,Nasdaq GSM,Inter Mkt Swp; Odd Lot; Trade Thru Exmpt
09:38:56.164 AM ET,5.190,12,62,Mid,Cboe BZX,Inter Mkt Swp; Odd Lot; Trade Thru Exmpt
09:43:49.390 AM ET,5.210,12,63,Mid,Off Exchange,Odd Lot
09:44:44.833 AM ET,5.215,12,63,Mid,Off Exchange,Odd Lot
09:57:35.160 AM ET,5.260,12,63,Mid,Off Exchange,Odd Lot
09:58:49.622 AM ET,5.270,12,63,Mid,IEX,Odd Lot
10:15:45.871 AM ET,5.240,12,63,Ask,IEX,Odd Lot
10:15:45.954 AM ET,5.230,12,63,Mid,NYSE Arca,Odd Lot
10:31:24.870 AM ET,5.260,12,63,Bid,Off Exchange,Odd Lot
10:35:01.151 AM ET,5.290,12,63,Mid,Off Exchange,Odd Lot
10:37:25.519 AM ET,5.280,12,63,Bid,Off Exchange,Odd Lot
10:52:43.707 AM ET,5.230,12,63,Bid,Off Exchange,Odd Lot
10:55:44.543 AM ET,5.230,12,63,Ask,NYSE Arca,Odd Lot
10:55:44.733 AM ET,5.120,12,61,Ask,NYSE Arca,Inter Mkt Swp; Odd Lot; Trade Thru Exmpt
10:55:44.762 AM ET,5.100,12,61,Ask,NYSE Arca,Inter Mkt Swp; Odd Lot; Trade Thru Exmpt
10:55:44.801 AM ET,5.120,12,61,Bid,NYSE Arca,Inter Mkt Swp; Odd Lot; Trade Thru Exmpt
10:55:44.802 AM ET,5.130,12,62,Bid,NYSE Arca,Odd Lot
10:55:44.854 AM ET,5.140,12,62,Bid,NYSE Arca,Odd Lot
10:56:34.540 AM ET,5.130,12,62,Mid,IEX,Odd Lot
11:20:25.043 AM ET,5.020,12,60,Bid,Cboe EDGX,Inter Mkt Swp; Odd Lot; Trade Thru Exmpt
12:01:40.952 PM ET,5.070,12,61,Mid,Cboe EDGX,Inter Mkt Swp; Odd Lot; Trade Thru Exmpt
12:17:18.792 PM ET,5.080,12,61,None,Cboe BYX,Inter Mkt Swp; Odd Lot; Trade Thru Exmpt
12:22:57.876 PM ET,5.060,12,61,Bid,Nasdaq GSM,Inter Mkt Swp; Odd Lot; Trade Thru Exmpt
12:38:24.451 PM ET,5.050,12,61,Mid,IEX,Odd Lot
12:47:29.877 PM ET,5.045,12,61,Mid,Off Exchange,Odd Lot
12:49:05.017 PM ET,5.030,12,60,Bid,Cboe BZX,Inter Mkt Swp; Odd Lot; Trade Thru Exmpt
01:50:20.510 PM ET,5.070,12,61,Mid,Nasdaq GSM,Inter Mkt Swp; Odd Lot; Trade Thru Exmpt
01:55:48.318 PM ET,5.070,12,61,Mid,Nasdaq GSM,Inter Mkt Swp; Odd Lot; Trade Thru Exmpt
02:17:57.599 PM ET,5.065,12,61,Mid,Off Exchange,Odd Lot
02:29:23.276 PM ET,5.040,12,60,Mid,NYSE Arca,Inter Mkt Swp; Odd Lot; Trade Thru Exmpt
02:58:36.514 PM ET,5.030,12,60,Ask,Cboe EDGX,Inter Mkt Swp; Odd Lot; Trade Thru Exmpt
03:25:25.653 PM ET,5.040,12,60,Ask,Cboe EDGX,Inter Mkt Swp; Odd Lot; Trade Thru Exmpt
03:37:43.255 PM ET,5.020,12,60,Ask,Off Exchange,Odd Lot
03:37:53.994 PM ET,5.020,12,60,Mid,Off Exchange,Odd Lot
03:49:24.340 PM ET,5.030,12,60,Mid,Cboe EDGX,Inter Mkt Swp; Odd Lot; Trade Thru Exmpt
03:51:28.662 PM ET,5.027,12,60,Mid,Off Exchange,Odd Lot
03:51:55.676 PM ET,5.027,12,60,Mid,Off Exchange,Odd Lot
03:52:50.614 PM ET,5.026,12,60,Mid,Off Exchange,Odd Lot
03:53:04.715 PM ET,5.015,12,60,Mid,Off Exchange,Odd Lot
03:53:14.724 PM ET,5.026,12,60,Mid,Off Exchange,Odd Lot
03:53:22.745 PM ET,5.026,12,60,Mid,Off Exchange,Odd Lot
03:54:13.718 PM ET,4.990,12,60,Bid,Off Exchange,Odd Lot
03:56:25.032 PM ET,5.050,12,61,Mid,Off Exchange,Odd Lot
03:56:44.638 PM ET,5.050,12,61,Mid,Off Exchange,Odd Lot
03:57:47.005 PM ET,5.030,12,60,Bid,Off Exchange,Odd Lot
03:58:00.714 PM ET,5.040,12,60,Mid,Off Exchange,Odd Lot
03:58:38.069 PM ET,5.045,12,61,Mid,Off Exchange,Odd Lot
03:59:45.440 PM ET,5.080,12,61,None,Nasdaq GSM,Inter Mkt Swp; Odd Lot; Trade Thru Exmpt
09:32:12.185 AM ET,5.220,11,57,Mid,MEMX,Inter Mkt Swp; Odd Lot; Trade Thru Exmpt
09:36:55.532 AM ET,5.175,11,57,Mid,Off Exchange,Odd Lot
09:38:02.033 AM ET,5.175,11,57,Mid,Nasdaq GSM,Odd Lot
09:38:49.236 AM ET,5.180,11,57,Mid,Cboe EDGX,Inter Mkt Swp; Odd Lot; Trade Thru Exmpt
09:47:53.634 AM ET,5.215,11,57,Mid,Off Exchange,Odd Lot
10:17:57.855 AM ET,5.250,11,58,Ask,Cboe EDGX,Odd Lot
10:18:54.660 AM ET,5.260,11,58,Ask,Nasdaq GSM,Inter Mkt Swp; Odd Lot; Trade Thru Exmpt
10:21:45.800 AM ET,5.270,11,58,Mid,NYSE Arca,Odd Lot
10:41:47.167 AM ET,5.260,11,58,Bid,Off Exchange,Odd Lot
10:41:54.669 AM ET,5.250,11,58,Ask,Nasdaq GSM,Inter Mkt Swp; Odd Lot; Trade Thru Exmpt
10:43:08.426 AM ET,5.230,11,58,Mid,Off Exchange,Odd Lot
11:15:07.297 AM ET,5.050,11,56,Mid,Off Exchange,Odd Lot
11:37:47.891 AM ET,5.000,11,55,Bid,NYSE Arca,Odd Lot
11:40:13.229 AM ET,5.015,11,55,Mid,Off Exchange,Odd Lot
11:42:36.113 AM ET,5.030,11,55,Mid,Nasdaq GSM,Inter Mkt Swp; Odd Lot; Trade Thru Exmpt
12:36:15.196 PM ET,5.060,11,56,Bid,Cboe EDGA,Odd Lot
02:08:53.941 PM ET,5.060,11,56,Bid,Off Exchange,Odd Lot
02:18:57.434 PM ET,5.060,11,56,Mid,Off Exchange,Odd Lot
02:59:03.219 PM ET,5.030,11,55,Mid,Cboe BYX,Inter Mkt Swp; Odd Lot; Trade Thru Exmpt
03:23:23.934 PM ET,5.020,11,55,Mid,Off Exchange,Odd Lot
03:36:03.717 PM ET,5.015,11,55,Mid,Off Exchange,Odd Lot
03:37:53.994 PM ET,5.020,11,55,Mid,Off Exchange,Odd Lot
03:40:01.582 PM ET,5.035,11,55,Mid,Off Exchange,Odd Lot
03:45:02.999 PM ET,5.040,11,55,Mid,Off Exchange,Odd Lot
03:48:43.763 PM ET,5.040,11,55,Mid,Off Exchange,Odd Lot
03:50:00.210 PM ET,5.030,11,55,Bid,Nasdaq GSM,Odd Lot
03:50:00.970 PM ET,5.040,11,55,Ask,NYSE Arca,Odd Lot
03:50:07.988 PM ET,5.040,11,55,Bid,Nasdaq GSM,Inter Mkt Swp; Odd Lot; Trade Thru Exmpt
03:50:08.097 PM ET,5.045,11,56,Mid,Off Exchange,Odd Lot
03:52:18.608 PM ET,5.026,11,55,Mid,Off Exchange,Odd Lot
03:53:43.785 PM ET,5.021,11,55,Ask,Off Exchange,Deriv Priced; Odd Lot; Trade Thru Exmpt
03:54:16.689 PM ET,5.021,11,55,Ask,Off Exchange,Deriv Priced; Odd Lot; Trade Thru Exmpt
03:56:14.349 PM ET,5.045,11,56,Mid,Off Exchange,Odd Lot
03:58:00.715 PM ET,5.040,11,55,Mid,Off Exchange,Odd Lot
03:58:02.817 PM ET,5.050,11,56,Ask,Cboe EDGX,Inter Mkt Swp; Odd Lot; Trade Thru Exmpt
03:59:42.033 PM ET,5.080,11,56,None,Off Exchange,Odd Lot
09:36:31.190 AM ET,5.200,10,52,Mid,Cboe BZX,Inter Mkt Swp; Odd Lot; Trade Thru Exmpt
09:40:27.136 AM ET,5.200,10,52,Mid,Nasdaq GSM,Inter Mkt Swp; Odd Lot; Trade Thru Exmpt
09:41:21.786 AM ET,5.210,10,52,Ask,NYSE Arca,Inter Mkt Swp; Odd Lot; Trade Thru Exmpt
09:44:15.017 AM ET,5.230,10,52,Ask,Cboe EDGX,Inter Mkt Swp; Odd Lot; Trade Thru Exmpt
09:44:15.018 AM ET,5.240,10,52,Ask,NYSE Arca,Inter Mkt Swp; Odd Lot; Trade Thru Exmpt
09:45:47.458 AM ET,5.230,10,52,Mid,NYSE Arca,Odd Lot
09:47:49.577 AM ET,5.230,10,52,Ask,IEX,Odd Lot
09:52:23.092 AM ET,5.210,10,52,Mid,IEX,Odd Lot
09:52:41.904 AM ET,5.204,10,52,Mid,Off Exchange,Odd Lot
09:53:15.421 AM ET,5.202,10,52,Mid,Off Exchange,Odd Lot
09:54:32.841 AM ET,5.200,10,52,Bid,Nasdaq GSM,Inter Mkt Swp; Odd Lot; Trade Thru Exmpt
09:54:32.841 AM ET,5.200,10,52,Bid,NYSE Arca,Inter Mkt Swp; Odd Lot; Trade Thru Exmpt
09:54:32.841 AM ET,5.200,10,52,Bid,Cboe EDGX,Inter Mkt Swp; Odd Lot; Trade Thru Exmpt
09:54:32.841 AM ET,5.210,10,52,Bid,Cboe EDGX,Inter Mkt Swp; Odd Lot; Trade Thru Exmpt
09:54:32.842 AM ET,5.210,10,52,Bid,NYSE Arca,Inter Mkt Swp; Odd Lot; Trade Thru Exmpt
09:54:32.843 AM ET,5.220,10,52,Bid,Nasdaq GSM,Odd Lot
09:54:32.851 AM ET,5.240,10,52,Ask,NYSE Arca,Inter Mkt Swp; Odd Lot; Trade Thru Exmpt
09:55:11.965 AM ET,5.230,10,52,Mid,Off Exchange,Odd Lot
09:56:34.082 AM ET,5.240,10,52,Ask,Cboe EDGX,Inter Mkt Swp; Odd Lot; Trade Thru Exmpt
09:56:34.083 AM ET,5.240,10,52,Ask,NYSE Arca,Inter Mkt Swp; Odd Lot; Trade Thru Exmpt
09:57:32.223 AM ET,5.240,10,52,Ask,NYSE Arca,Inter Mkt Swp; Odd Lot; Trade Thru Exmpt
09:57:34.910 AM ET,5.240,10,52,Bid,Nasdaq GSM,Inter Mkt Swp; Odd Lot; Trade Thru Exmpt
09:57:34.913 AM ET,5.260,10,53,Mid,MEMX,Inter Mkt Swp; Odd Lot; Trade Thru Exmpt
09:58:49.622 AM ET,5.270,10,53,Mid,Cboe EDGX,Odd Lot
10:01:48.150 AM ET,5.250,10,53,Mid,Off Exchange,Odd Lot
10:02:32.931 AM ET,5.250,10,53,Mid,NYSE Arca,Inter Mkt Swp; Odd Lot; Trade Thru Exmpt
10:03:09.967 AM ET,5.230,10,52,Bid,IEX,Odd Lot
10:05:52.497 AM ET,5.230,10,52,Bid,IEX,Odd Lot
10:11:27.593 AM ET,5.230,10,52,Bid,Nasdaq GSM,Odd Lot
10:14:15.078 AM ET,5.230,10,52,Mid,Off Exchange,Odd Lot
10:14:50.123 AM ET,5.220,10,52,Bid,Nasdaq GSM,Odd Lot
10:15:25.066 AM ET,5.230,10,52,Mid,IEX,Odd Lot
10:15:46.001 AM ET,5.230,10,52,Mid,Nasdaq GSM,Odd Lot
10:15:54.163 AM ET,5.230,10,52,Mid,Off Exchange,Odd Lot
10:16:13.636 AM ET,5.234,10,52,Mid,Off Exchange,Odd Lot
10:17:57.849 AM ET,5.250,10,53,Ask,Off Exchange,Odd Lot
10:17:58.611 AM ET,5.240,10,52,Mid,Nasdaq GSM,Odd Lot
10:18:09.579 AM ET,5.255,10,53,Mid,IEX,Odd Lot
10:18:20.658 AM ET,5.260,10,53,Bid,Off Exchange,Odd Lot
10:18:20.658 AM ET,5.270,10,53,Bid,Cboe EDGX,Inter Mkt Swp; Odd Lot; Trade Thru Exmpt
10:18:20.661 AM ET,5.275,10,53,Mid,Nasdaq GSM,Odd Lot
10:18:20.672 AM ET,5.270,10,53,Bid,Off Exchange,Odd Lot
10:18:21.683 AM ET,5.270,10,53,Bid,Off Exchange,Odd Lot
10:18:24.136 AM ET,5.250,10,53,Bid,Cboe BZX,Inter Mkt Swp; Odd Lot; Trade Thru Exmpt
10:24:15.218 AM ET,5.260,10,53,Mid,Off Exchange,Odd Lot
10:25:29.676 AM ET,5.280,10,53,Mid,Off Exchange,Odd Lot
10:29:00.101 AM ET,5.265,10,53,Mid,Off Exchange,Odd Lot
10:29:04.281 AM ET,5.280,10,53,Ask,Off Exchange,Odd Lot
10:31:25.083 AM ET,5.280,10,53,Mid,MEMX,Inter Mkt Swp; Odd Lot; Trade Thru Exmpt
10:31:45.639 AM ET,5.280,10,53,Mid,Nasdaq GSM,Odd Lot
10:35:00.647 AM ET,5.300,10,53,Ask,MEMX,Inter Mkt Swp; Odd Lot; Trade Thru Exmpt
10:35:00.669 AM ET,5.310,10,53,Ask,Cboe EDGX,Odd Lot
10:35:00.669 AM ET,5.310,10,53,Ask,NYSE Arca,Odd Lot
10:35:00.670 AM ET,5.320,10,53,Ask,Cboe EDGX,Odd Lot
10:37:01.846 AM ET,5.285,10,53,Mid,IEX,Odd Lot
10:38:17.518 AM ET,5.270,10,53,Bid,Nasdaq GSM,Odd Lot
10:41:54.671 AM ET,5.240,10,52,Ask,Cboe EDGX,Inter Mkt Swp; Odd Lot; Trade Thru Exmpt
10:50:27.024 AM ET,5.240,10,52,Bid,Nasdaq GSM,Inter Mkt Swp; Odd Lot; Trade Thru Exmpt
10:50:27.124 AM ET,5.240,10,52,Bid,NYSE Arca,Odd Lot
10:51:40.108 AM ET,5.230,10,52,Bid,Nasdaq GSM,Odd Lot
10:54:23.122 AM ET,5.240,10,52,Bid,Nasdaq GSM,Inter Mkt Swp; Odd Lot; Trade Thru Exmpt
10:54:32.863 AM ET,5.250,10,53,Bid,Cboe EDGX,Inter Mkt Swp; Odd Lot; Trade Thru Exmpt
10:55:44.543 AM ET,5.250,10,53,Ask,Off Exchange,Odd Lot
10:55:44.575 AM ET,5.200,10,52,Bid,NYSE Arca,Inter Mkt Swp; Odd Lot; Trade Thru Exmpt
10:55:44.575 AM ET,5.200,10,52,Bid,Cboe EDGX,Inter Mkt Swp; Odd Lot; Trade Thru Exmpt
10:55:44.735 AM ET,5.130,10,51,Ask,Cboe EDGX,Inter Mkt Swp; Odd Lot; Trade Thru Exmpt
10:55:44.764 AM ET,5.100,10,51,Ask,Nasdaq GSM,Odd Lot
10:55:44.764 AM ET,5.100,10,51,Ask,IEX,Odd Lot
10:55:44.764 AM ET,5.100,10,51,Ask,Cboe EDGX,Odd Lot
10:55:44.783 AM ET,5.110,10,51,Bid,Cboe EDGX,Inter Mkt Swp; Odd Lot; Trade Thru Exmpt
10:56:34.537 AM ET,5.140,10,51,Ask,Cboe EDGX,Inter Mkt Swp; Odd Lot; Trade Thru Exmpt
10:56:48.908 AM ET,5.135,10,51,Mid,Off Exchange,Odd Lot
10:57:47.184 AM ET,5.150,10,52,Mid,Off Exchange,Odd Lot
11:00:46.950 AM ET,5.130,10,51,Ask,Cboe EDGX,Inter Mkt Swp; Odd Lot; Trade Thru Exmpt
11:00:46.951 AM ET,5.120,10,51,Mid,Cboe EDGX,Inter Mkt Swp; Odd Lot; Trade Thru Exmpt
11:01:54.795 AM ET,5.110,10,51,Ask,Cboe EDGX,Inter Mkt Swp; Odd Lot; Trade Thru Exmpt
11:01:54.796 AM ET,5.100,10,51,Mid,IEX,Odd Lot
11:03:30.700 AM ET,5.050,10,51,Ask,Nasdaq GSM,Inter Mkt Swp; Odd Lot; Trade Thru Exmpt
11:03:40.776 AM ET,5.044,10,50,Mid,Off Exchange,Odd Lot
11:03:40.776 AM ET,5.050,10,51,Mid,Cboe EDGX,Inter Mkt Swp; Odd Lot; Trade Thru Exmpt
11:04:22.239 AM ET,5.050,10,51,Mid,Nasdaq GSM,Inter Mkt Swp; Odd Lot; Trade Thru Exmpt
11:04:55.151 AM ET,5.040,10,50,Mid,Nasdaq GSM,Inter Mkt Swp; Odd Lot; Trade Thru Exmpt
11:04:55.151 AM ET,5.040,10,50,Mid,Nasdaq GSM,Odd Lot
11:07:59.741 AM ET,5.050,10,51,Ask,Nasdaq GSM,Odd Lot
11:09:00.196 AM ET,5.040,10,50,Bid,IEX,Odd Lot
11:09:51.729 AM ET,5.040,10,50,Bid,Nasdaq GSM,Odd Lot
11:12:15.416 AM ET,5.050,10,51,Mid,Nasdaq GSM,Inter Mkt Swp; Odd Lot; Trade Thru Exmpt
11:14:24.723 AM ET,5.050,10,51,Mid,Nasdaq GSM,Inter Mkt Swp; Odd Lot; Trade Thru Exmpt
11:16:22.476 AM ET,5.040,10,50,Bid,Nasdaq GSM,Inter Mkt Swp; Odd Lot; Trade Thru Exmpt
11:20:00.153 AM ET,5.030,10,50,Bid,Nasdaq GSM,Odd Lot
11:24:16.695 AM ET,5.030,10,50,Mid,Nasdaq GSM,Inter Mkt Swp; Odd Lot; Trade Thru Exmpt
11:26:00.349 AM ET,5.010,10,50,Bid,Nasdaq GSM,Odd Lot
11:26:45.202 AM ET,5.000,10,50,Mid,NYSE Arca,Inter Mkt Swp; Odd Lot; Trade Thru Exmpt
11:29:47.979 AM ET,5.010,10,50,Mid,Off Exchange,Odd Lot
11:29:47.980 AM ET,5.010,10,50,Mid,NYSE Arca,Inter Mkt Swp; Odd Lot; Trade Thru Exmpt
11:31:41.611 AM ET,5.000,10,50,Mid,Nasdaq GSM,Inter Mkt Swp; Odd Lot; Trade Thru Exmpt
11:31:53.146 AM ET,5.010,10,50,Bid,Cboe BZX,Inter Mkt Swp; Odd Lot; Trade Thru Exmpt
11:40:12.975 AM ET,5.020,10,50,Ask,Off Exchange,Odd Lot
11:40:13.205 AM ET,5.010,10,50,Bid,Off Exchange,Odd Lot
11:40:13.228 AM ET,5.020,10,50,Mid,Cboe BZX,Inter Mkt Swp; Odd Lot; Trade Thru Exmpt
11:40:13.229 AM ET,5.020,10,50,Mid,NYSE Arca,Inter Mkt Swp; Odd Lot; Trade Thru Exmpt
11:42:36.497 AM ET,5.030,10,50,Mid,Nasdaq GSM,Odd Lot
11:42:36.540 AM ET,5.030,10,50,Mid,Nasdaq GSM,Odd Lot
11:50:25.348 AM ET,5.020,10,50,Bid,Nasdaq GSM,Odd Lot
11:50:25.401 AM ET,5.020,10,50,Bid,Nasdaq GSM,Odd Lot
11:50:25.446 AM ET,5.020,10,50,Bid,Nasdaq GSM,Odd Lot
11:51:00.224 AM ET,5.020,10,50,Bid,Nasdaq GSM,Odd Lot
11:51:00.335 AM ET,5.020,10,50,Bid,Nasdaq GSM,Odd Lot
11:53:35.412 AM ET,5.010,10,50,Bid,Nasdaq GSM,Odd Lot
11:53:59.150 AM ET,5.020,10,50,Ask,Cboe EDGA,Inter Mkt Swp; Odd Lot; Trade Thru Exmpt
11:53:59.198 AM ET,5.030,10,50,Ask,NYSE Arca,Inter Mkt Swp; Odd Lot; Trade Thru Exmpt
11:53:59.199 AM ET,5.040,10,50,Ask,Cboe EDGX,Inter Mkt Swp; Odd Lot; Trade Thru Exmpt
11:56:32.612 AM ET,5.046,10,50,Mid,Off Exchange,Odd Lot
11:56:51.149 AM ET,5.043,10,50,Mid,Off Exchange,Odd Lot
11:58:40.872 AM ET,5.050,10,51,Mid,Cboe EDGX,Inter Mkt Swp; Odd Lot; Trade Thru Exmpt
11:58:40.872 AM ET,5.060,10,51,Ask,Cboe EDGX,Inter Mkt Swp; Odd Lot; Trade Thru Exmpt
11:59:31.029 AM ET,5.060,10,51,Mid,Cboe EDGX,Inter Mkt Swp; Odd Lot; Trade Thru Exmpt
11:59:31.031 AM ET,5.070,10,51,Ask,NYSE Arca,Inter Mkt Swp; Odd Lot; Trade Thru Exmpt
12:06:57.553 PM ET,5.060,10,51,Ask,Off Exchange,Odd Lot
12:08:14.188 PM ET,5.053,10,51,Mid,Off Exchange,Odd Lot
12:08:55.488 PM ET,5.052,10,51,Mid,Off Exchange,Odd Lot
12:09:05.229 PM ET,5.060,10,51,Ask,Off Exchange,Odd Lot
12:09:28.671 PM ET,5.056,10,51,Mid,Off Exchange,Odd Lot
12:10:34.134 PM ET,5.056,10,51,Mid,Off Exchange,Odd Lot
12:11:04.824 PM ET,5.050,10,51,Mid,Off Exchange,Odd Lot
12:11:10.181 PM ET,5.045,10,50,Mid,Nasdaq GSM,Odd Lot
12:12:10.709 PM ET,5.051,10,51,Mid,Off Exchange,Odd Lot
12:12:53.123 PM ET,5.052,10,51,Mid,Off Exchange,Odd Lot
12:13:15.488 PM ET,5.060,10,51,Mid,Nasdaq GSM,Inter Mkt Swp; Odd Lot; Trade Thru Exmpt
12:13:15.488 PM ET,5.060,10,51,Mid,Cboe EDGX,Inter Mkt Swp; Odd Lot; Trade Thru Exmpt
12:17:19.983 PM ET,5.090,10,51,None,Off Exchange,Odd Lot
12:17:25.288 PM ET,5.080,10,51,None,Nasdaq GSM,Inter Mkt Swp; Odd Lot; Trade Thru Exmpt
12:17:36.755 PM ET,5.100,10,51,None,Nasdaq GSM,Odd Lot
12:17:36.755 PM ET,5.090,10,51,None,Off Exchange,Odd Lot
12:17:37.746 PM ET,5.090,10,51,None,Cboe EDGA,Inter Mkt Swp; Odd Lot; Trade Thru Exmpt
12:25:55.206 PM ET,5.065,10,51,Mid,Nasdaq GSM,Odd Lot
12:27:30.241 PM ET,5.065,10,51,Mid,Off Exchange,Odd Lot
12:35:50.267 PM ET,5.065,10,51,Mid,Off Exchange,Odd Lot
12:44:59.543 PM ET,5.045,10,50,Mid,Off Exchange,Odd Lot
12:48:19.908 PM ET,5.030,10,50,Bid,Nasdaq GSM,Odd Lot
12:49:05.017 PM ET,5.030,10,50,Bid,Nasdaq GSM,Odd Lot
12:49:26.724 PM ET,5.025,10,50,Mid,Nasdaq GSM,Odd Lot
12:50:11.548 PM ET,5.010,10,50,Bid,Nasdaq GSM,Odd Lot
12:52:00.290 PM ET,5.010,10,50,Bid,Nasdaq GSM,Odd Lot
12:53:58.828 PM ET,5.020,10,50,Bid,NYSE Arca,Odd Lot
12:53:58.877 PM ET,5.020,10,50,Bid,IEX,Odd Lot
12:54:55.264 PM ET,5.020,10,50,Bid,NYSE Arca,Odd Lot
12:56:00.239 PM ET,5.020,10,50,Bid,Nasdaq GSM,Odd Lot
12:58:55.294 PM ET,5.020,10,50,Bid,NYSE Arca,Odd Lot
01:00:05.283 PM ET,5.030,10,50,Mid,Off Exchange,Odd Lot
01:02:19.723 PM ET,5.030,10,50,Mid,Nasdaq GSM,Odd Lot
01:02:55.236 PM ET,5.030,10,50,Mid,Cboe BZX,Odd Lot
01:03:44.494 PM ET,5.040,10,50,Ask,Nasdaq GSM,Inter Mkt Swp; Odd Lot; Trade Thru Exmpt
01:03:44.494 PM ET,5.040,10,50,Ask,Cboe BZX,Inter Mkt Swp; Odd Lot; Trade Thru Exmpt
01:10:25.270 PM ET,5.040,10,50,Mid,Off Exchange,Odd Lot
01:10:45.540 PM ET,5.040,10,50,Mid,Off Exchange,Odd Lot
01:10:45.600 PM ET,5.040,10,50,Mid,Off Exchange,Odd Lot
01:12:20.253 PM ET,5.040,10,50,Mid,Nasdaq GSM,Odd Lot
01:14:30.273 PM ET,5.060,10,51,Bid,Nasdaq GSM,Odd Lot
01:20:06.780 PM ET,5.075,10,51,Mid,Off Exchange,Odd Lot
01:20:10.279 PM ET,5.060,10,51,Bid,Nasdaq GSM,Odd Lot
01:23:33.652 PM ET,5.060,10,51,Bid,Nasdaq GSM,Odd Lot
01:30:03.512 PM ET,5.065,10,51,Mid,Off Exchange,Odd Lot
01:31:25.420 PM ET,5.050,10,51,Bid,Nasdaq GSM,Odd Lot
01:31:31.154 PM ET,5.060,10,51,Mid,Cboe EDGA,Inter Mkt Swp; Odd Lot; Trade Thru Exmpt
01:32:43.507 PM ET,5.060,10,51,Mid,Off Exchange,Odd Lot
01:34:22.652 PM ET,5.050,10,51,Mid,IEX,Odd Lot
01:40:55.221 PM ET,5.060,10,51,Mid,Cboe EDGA,Odd Lot
01:45:06.324 PM ET,5.070,10,51,Mid,Nasdaq GSM,Odd Lot
01:53:40.336 PM ET,5.060,10,51,Bid,Nasdaq GSM,Odd Lot
01:55:48.318 PM ET,5.070,10,51,Mid,Nasdaq GSM,Inter Mkt Swp; Odd Lot; Trade Thru Exmpt
01:55:48.318 PM ET,5.070,10,51,Mid,Cboe EDGA,Inter Mkt Swp; Odd Lot; Trade Thru Exmpt
02:00:04.838 PM ET,5.080,10,51,Mid,Off Exchange,Odd Lot
02:02:33.551 PM ET,5.050,10,51,Mid,Nasdaq GSM,Inter Mkt Swp; Odd Lot; Trade Thru Exmpt
02:03:11.189 PM ET,5.060,10,51,Ask,NYSE Arca,Inter Mkt Swp; Odd Lot; Trade Thru Exmpt
02:03:11.193 PM ET,5.060,10,51,Ask,Nasdaq GSM,Odd Lot
02:03:13.450 PM ET,5.060,10,51,Mid,Nasdaq GSM,Odd Lot
02:03:13.470 PM ET,5.065,10,51,Mid,Nasdaq GSM,Odd Lot
02:05:03.292 PM ET,5.070,10,51,Mid,Off Exchange,Odd Lot
02:15:55.040 PM ET,5.065,10,51,Mid,Off Exchange,Odd Lot
02:19:30.167 PM ET,5.050,10,51,Mid,Nasdaq GSM,Odd Lot
02:29:23.276 PM ET,5.040,10,50,Mid,Nasdaq GSM,Odd Lot
02:29:23.276 PM ET,5.040,10,50,Mid,Nasdaq GSM,Inter Mkt Swp; Odd Lot; Trade Thru Exmpt
02:33:50.218 PM ET,5.050,10,51,Mid,Off Exchange,Odd Lot
02:33:50.264 PM ET,5.050,10,51,Mid,Off Exchange,Odd Lot
02:34:03.550 PM ET,5.040,10,50,Mid,Off Exchange,Odd Lot
02:36:52.306 PM ET,5.050,10,51,Mid,Cboe EDGA,Inter Mkt Swp; Odd Lot; Trade Thru Exmpt
02:39:45.583 PM ET,5.050,10,51,Mid,Cboe EDGA,Odd Lot
02:40:03.845 PM ET,5.050,10,51,Mid,Cboe EDGA,Odd Lot
02:43:54.419 PM ET,5.050,10,51,Mid,NYSE,Odd Lot
02:45:22.784 PM ET,5.050,10,51,Mid,Off Exchange,Odd Lot
02:45:41.851 PM ET,5.050,10,51,Mid,Off Exchange,Odd Lot
02:45:59.865 PM ET,5.040,10,50,Bid,NYSE Arca,Odd Lot
02:47:54.873 PM ET,5.040,10,50,Bid,NYSE Arca,Odd Lot
02:51:10.317 PM ET,5.040,10,50,Bid,NYSE Arca,Odd Lot
02:51:10.697 PM ET,5.040,10,50,Bid,NYSE Arca,Odd Lot
02:51:11.580 PM ET,5.040,10,50,Mid,Cboe EDGX,Inter Mkt Swp; Odd Lot; Trade Thru Exmpt
02:53:25.391 PM ET,5.030,10,50,Bid,Nasdaq GSM,Odd Lot
02:54:14.873 PM ET,5.030,10,50,Bid,Nasdaq GSM,Odd Lot
02:55:09.889 PM ET,5.030,10,50,Bid,Nasdaq GSM,Odd Lot
02:57:20.417 PM ET,5.030,10,50,Bid,Nasdaq GSM,Odd Lot
02:59:04.395 PM ET,5.020,10,50,Mid,Nasdaq GSM,Odd Lot
03:00:02.165 PM ET,5.015,10,50,Mid,Off Exchange,Odd Lot
03:00:29.124 PM ET,5.010,10,50,Mid,Nasdaq GSM,Inter Mkt Swp; Odd Lot; Trade Thru Exmpt
03:10:17.073 PM ET,5.025,10,50,Mid,Off Exchange,Odd Lot
03:10:17.129 PM ET,5.025,10,50,Mid,Off Exchange,Odd Lot
03:10:17.195 PM ET,5.025,10,50,Mid,Off Exchange,Odd Lot
03:10:37.659 PM ET,5.025,10,50,Mid,Off Exchange,Odd Lot
03:12:40.446 PM ET,5.030,10,50,Mid,Off Exchange,Odd Lot
03:15:03.591 PM ET,5.020,10,50,Bid,Nasdaq GSM,Odd Lot
03:15:46.273 PM ET,5.020,10,50,Mid,NYSE Arca,Odd Lot
03:16:15.415 PM ET,5.020,10,50,Mid,Off Exchange,Odd Lot
03:19:43.079 PM ET,5.020,10,50,Mid,Off Exchange,Odd Lot
03:21:40.407 PM ET,5.020,10,50,Mid,Nasdaq GSM,Odd Lot
03:24:14.673 PM ET,5.030,10,50,Ask,Off Exchange,Odd Lot
03:24:14.674 PM ET,5.030,10,50,Ask,NYSE Arca,Inter Mkt Swp; Odd Lot; Trade Thru Exmpt
03:24:14.674 PM ET,5.030,10,50,Ask,Nasdaq GSM,Inter Mkt Swp; Odd Lot; Trade Thru Exmpt
03:25:25.653 PM ET,5.040,10,50,Ask,Cboe EDGX,Inter Mkt Swp; Odd Lot; Trade Thru Exmpt
03:25:25.653 PM ET,5.040,10,50,Ask,Nasdaq GSM,Odd Lot
03:33:24.097 PM ET,5.010,10,50,Bid,Off Exchange,Odd Lot
03:34:33.721 PM ET,5.015,10,50,Mid,Off Exchange,Odd Lot
03:34:33.773 PM ET,5.015,10,50,Mid,Off Exchange,Odd Lot
03:34:33.775 PM ET,5.015,10,50,Mid,Off Exchange,Odd Lot
03:34:33.777 PM ET,5.015,10,50,Mid,Off Exchange,Odd Lot
03:34:33.779 PM ET,5.015,10,50,Mid,Off Exchange,Odd Lot
03:37:59.029 PM ET,5.020,10,50,Mid,Nasdaq GSM,Odd Lot
03:39:13.477 PM ET,5.030,10,50,Mid,Cboe EDGX,Inter Mkt Swp; Odd Lot; Trade Thru Exmpt
03:39:13.492 PM ET,5.030,10,50,Mid,Off Exchange,Odd Lot
03:39:13.953 PM ET,5.030,10,50,Mid,Nasdaq GSM,Odd Lot
03:40:26.825 PM ET,5.030,10,50,Ask,NYSE,Odd Lot
03:43:58.119 PM ET,5.050,10,51,Ask,IEX,Odd Lot
03:49:24.340 PM ET,5.030,10,50,Mid,Cboe EDGX,Inter Mkt Swp; Odd Lot; Trade Thru Exmpt
03:49:24.394 PM ET,5.030,10,50,Mid,Cboe BZX,Odd Lot
03:49:58.243 PM ET,5.020,10,50,Bid,Nasdaq GSM,Odd Lot
03:50:00.969 PM ET,5.040,10,50,Ask,Nasdaq GSM,Odd Lot
03:50:00.970 PM ET,5.040,10,50,Ask,NYSE Arca,Odd Lot
03:50:07.988 PM ET,5.045,10,50,Mid,Nasdaq GSM,Odd Lot
03:50:07.988 PM ET,5.050,10,51,Ask,NYSE Arca,Inter Mkt Swp; Odd Lot; Trade Thru Exmpt
03:50:13.740 PM ET,5.040,10,50,Bid,Nasdaq GSM,Odd Lot
03:50:13.749 PM ET,5.030,10,50,Bid,Off Exchange,Odd Lot
03:50:41.505 PM ET,5.010,10,50,Mid,Nasdaq GSM,Inter Mkt Swp; Odd Lot; Trade Thru Exmpt
03:51:47.674 PM ET,5.027,10,50,Mid,Off Exchange,Odd Lot
03:53:38.020 PM ET,5.000,10,50,Mid,Nasdaq GSM,Odd Lot
03:54:30.052 PM ET,4.995,10,50,Mid,Off Exchange,Odd Lot
03:56:30.682 PM ET,5.022,10,50,Bid,Off Exchange,Deriv Priced; Odd Lot; Trade Thru Exmpt
03:57:55.050 PM ET,5.050,10,51,Mid,Off Exchange,Odd Lot
03:57:56.239 PM ET,5.050,10,51,Mid,Nasdaq GSM,Inter Mkt Swp; Odd Lot; Trade Thru Exmpt
03:57:56.239 PM ET,5.060,10,51,Ask,Nasdaq GSM,Inter Mkt Swp; Odd Lot; Trade Thru Exmpt
03:57:56.480 PM ET,5.040,10,50,Mid,Off Exchange,Odd Lot
03:58:38.126 PM ET,5.050,10,51,Bid,Off Exchange,Odd Lot
03:59:22.733 PM ET,5.070,10,51,None,Off Exchange,Odd Lot
03:59:34.763 PM ET,5.070,10,51,None,Off Exchange,Odd Lot
03:59:41.784 PM ET,5.080,10,51,None,Nasdaq GSM,Odd Lot
03:59:43.065 PM ET,5.070,10,51,None,Nasdaq GSM,Odd Lot
03:59:56.012 PM ET,5.080,10,51,None,Nasdaq GSM,Odd Lot
04:57:35.103 PM ET,5.070,10,51,Ask,Off Exchange,Frm T Ext Hrs; Odd Lot
09:32:02.981 AM ET,5.130,9,46,Mid,Cboe EDGX,Inter Mkt Swp; Odd Lot; Trade Thru Exmpt
09:33:14.210 AM ET,5.210,9,47,Mid,Off Exchange,Odd Lot
09:35:37.885 AM ET,5.210,9,47,Mid,Off Exchange,Odd Lot
09:40:27.136 AM ET,5.220,9,47,Ask,Cboe EDGX,Inter Mkt Swp; Odd Lot; Trade Thru Exmpt
09:40:27.136 AM ET,5.210,9,47,Ask,Off Exchange,Odd Lot
10:02:32.930 AM ET,5.242,9,47,Mid,Off Exchange,Odd Lot
10:12:43.014 AM ET,5.220,9,47,Bid,IEX,Odd Lot
10:31:25.067 AM ET,5.275,9,47,Mid,Off Exchange,Odd Lot
10:31:25.084 AM ET,5.280,9,48,Mid,Off Exchange,Odd Lot
10:55:44.733 AM ET,5.110,9,46,Ask,Cboe BZX,Odd Lot
11:07:59.740 AM ET,5.050,9,45,Ask,Off Exchange,Odd Lot
11:12:01.851 AM ET,5.040,9,45,Ask,Off Exchange,Odd Lot
11:12:02.114 AM ET,5.040,9,45,Mid,Off Exchange,Odd Lot
11:42:36.424 AM ET,5.020,9,45,Bid,Nasdaq GSM,Odd Lot
11:50:25.171 AM ET,5.030,9,45,Mid,Nasdaq GSM,Odd Lot
11:59:31.030 AM ET,5.070,9,46,Ask,Off Exchange,Odd Lot
12:22:57.876 PM ET,5.070,9,46,Mid,Off Exchange,Odd Lot
12:32:30.257 PM ET,5.060,9,46,Bid,Nasdaq GSM,Odd Lot
01:24:49.342 PM ET,5.070,9,46,Mid,NYSE,Inter Mkt Swp; Odd Lot; Trade Thru Exmpt
01:45:29.888 PM ET,5.070,9,46,Mid,Off Exchange,Odd Lot
02:12:56.086 PM ET,5.068,9,46,Mid,Off Exchange,Odd Lot
02:23:50.344 PM ET,5.050,9,45,Mid,Nasdaq GSM,Inter Mkt Swp; Odd Lot; Trade Thru Exmpt
02:29:23.276 PM ET,5.040,9,45,Mid,NYSE Arca,Inter Mkt Swp; Odd Lot; Trade Thru Exmpt
02:40:03.944 PM ET,5.050,9,45,Mid,Nasdaq GSM,Odd Lot
03:30:01.432 PM ET,5.020,9,45,Mid,NYSE Arca,Inter Mkt Swp; Odd Lot; Trade Thru Exmpt
03:36:15.652 PM ET,5.020,9,45,Ask,Nasdaq GSM,Inter Mkt Swp; Odd Lot; Trade Thru Exmpt
03:52:50.698 PM ET,5.015,9,45,Mid,Off Exchange,Odd Lot
03:53:38.020 PM ET,5.000,9,45,Mid,Nasdaq GSM,Odd Lot
03:53:42.754 PM ET,5.005,9,45,Mid,Nasdaq GSM,Odd Lot
03:58:00.715 PM ET,5.040,9,45,Mid,Off Exchange,Odd Lot
03:59:01.400 PM ET,5.060,9,46,Mid,Off Exchange,Odd Lot
03:59:14.587 PM ET,5.070,9,46,None,Off Exchange,Odd Lot
03:59:17.343 PM ET,5.070,9,46,None,Off Exchange,Odd Lot
07:24:44.168 AM ET,5.190,8,42,Mid,Off Exchange,Frm T Ext Hrs; Odd Lot
09:33:57.288 AM ET,5.210,8,42,Mid,Nasdaq GSM,Odd Lot
10:14:50.055 AM ET,5.230,8,42,Mid,Off Exchange,Odd Lot
10:17:57.850 AM ET,5.240,8,42,Mid,Cboe EDGX,Inter Mkt Swp; Odd Lot; Trade Thru Exmpt
10:18:09.578 AM ET,5.250,8,42,Bid,Off Exchange,Odd Lot
10:18:20.657 AM ET,5.260,8,42,Bid,Cboe EDGX,Inter Mkt Swp; Odd Lot; Trade Thru Exmpt
10:32:47.936 AM ET,5.280,8,42,Mid,Off Exchange,Odd Lot
10:36:33.448 AM ET,5.300,8,42,Mid,Nasdaq GSM,Inter Mkt Swp; Odd Lot; Trade Thru Exmpt
10:37:01.835 AM ET,5.300,8,42,Ask,Nasdaq GSM,Inter Mkt Swp; Odd Lot; Trade Thru Exmpt
10:55:44.553 AM ET,5.220,8,42,Ask,NYSE Arca,Inter Mkt Swp; Odd Lot; Trade Thru Exmpt
10:55:44.575 AM ET,5.200,8,42,Bid,Cboe EDGX,Inter Mkt Swp; Odd Lot; Trade Thru Exmpt
10:55:44.575 AM ET,5.200,8,42,Bid,Nasdaq GSM,Inter Mkt Swp; Odd Lot; Trade Thru Exmpt
10:55:45.783 AM ET,5.145,8,41,Mid,Off Exchange,Odd Lot
10:55:58.654 AM ET,5.150,8,41,Mid,Nasdaq GSM,Inter Mkt Swp; Odd Lot; Trade Thru Exmpt
11:03:05.032 AM ET,5.070,8,41,Mid,Off Exchange,Odd Lot
11:43:10.178 AM ET,5.030,8,40,Mid,Nasdaq GSM,Odd Lot
11:43:54.201 AM ET,5.040,8,40,Mid,Off Exchange,Odd Lot
11:53:35.148 AM ET,5.020,8,40,Ask,Cboe EDGX,Inter Mkt Swp; Odd Lot; Trade Thru Exmpt
12:17:18.847 PM ET,5.085,8,41,None,Off Exchange,Odd Lot
12:17:19.984 PM ET,5.090,8,41,None,Off Exchange,Odd Lot
12:21:05.405 PM ET,5.070,8,41,Mid,Off Exchange,Odd Lot
12:27:30.246 PM ET,5.065,8,41,Mid,Off Exchange,Odd Lot
12:40:10.232 PM ET,5.045,8,40,Mid,Off Exchange,Odd Lot
12:48:30.033 PM ET,5.033,8,40,Mid,Off Exchange,Odd Lot
12:49:05.017 PM ET,5.030,8,40,Bid,Cboe BZX,Inter Mkt Swp; Odd Lot; Trade Thru Exmpt
12:50:26.490 PM ET,5.012,8,40,Mid,Off Exchange,Odd Lot
01:25:55.004 PM ET,5.060,8,40,Bid,Nasdaq GSM,Inter Mkt Swp; Odd Lot; Trade Thru Exmpt
01:40:55.270 PM ET,5.060,8,40,Mid,NYSE,Odd Lot
01:41:10.822 PM ET,5.060,8,40,Mid,Off Exchange,Odd Lot
01:55:48.318 PM ET,5.070,8,41,Mid,Nasdaq GSM,Inter Mkt Swp; Odd Lot; Trade Thru Exmpt
02:12:15.404 PM ET,5.060,8,40,Mid,Nasdaq GSM,Odd Lot
02:33:49.954 PM ET,5.050,8,40,Mid,Cboe EDGA,Inter Mkt Swp; Odd Lot; Trade Thru Exmpt
02:58:36.531 PM ET,5.030,8,40,Ask,Off Exchange,Odd Lot
03:00:27.846 PM ET,5.010,8,40,Mid,IEX,Odd Lot
03:39:13.477 PM ET,5.030,8,40,Mid,Off Exchange,Odd Lot
03:49:24.340 PM ET,5.040,8,40,Ask,Off Exchange,Odd Lot
03:50:13.743 PM ET,5.030,8,40,Bid,Nasdaq GSM,Odd Lot
03:55:16.924 PM ET,5.040,8,40,Mid,Off Exchange,Odd Lot
03:56:54.130 PM ET,5.050,8,40,Mid,Off Exchange,Odd Lot
03:57:05.769 PM ET,5.050,8,40,Mid,Off Exchange,Odd Lot
03:57:13.911 PM ET,5.050,8,40,Mid,Off Exchange,Odd Lot
03:58:19.553 PM ET,5.045,8,40,Mid,Off Exchange,Odd Lot
03:58:38.646 PM ET,5.055,8,40,Mid,Off Exchange,Odd Lot
03:59:02.407 PM ET,5.065,8,41,Mid,Off Exchange,Odd Lot
03:59:31.034 PM ET,5.080,8,41,None,IEX,Odd Lot
03:59:37.873 PM ET,5.070,8,41,None,Off Exchange,Odd Lot
03:59:44.845 PM ET,5.080,8,41,None,IEX,Odd Lot
09:44:15.017 AM ET,5.220,7,37,Ask,Cboe EDGX,Inter Mkt Swp; Odd Lot; Trade Thru Exmpt
09:47:20.246 AM ET,5.220,7,37,Mid,Off Exchange,Odd Lot
09:51:06.082 AM ET,5.213,7,36,Mid,Off Exchange,Odd Lot
09:54:32.841 AM ET,5.200,7,36,Bid,Nasdaq GSM,Inter Mkt Swp; Odd Lot; Trade Thru Exmpt
10:18:09.578 AM ET,5.250,7,37,Bid,Nasdaq GSM,Inter Mkt Swp; Odd Lot; Trade Thru Exmpt
10:18:20.658 AM ET,5.260,7,37,Bid,Cboe BZX,Inter Mkt Swp; Odd Lot; Trade Thru Exmpt
10:33:22.461 AM ET,5.280,7,37,Mid,Off Exchange,Odd Lot
11:00:46.190 AM ET,5.145,7,36,Mid,Off Exchange,Odd Lot
11:06:54.991 AM ET,5.050,7,35,Mid,Off Exchange,Odd Lot
11:08:29.288 AM ET,5.040,7,35,Bid,Nasdaq GSM,Odd Lot
11:24:16.695 AM ET,5.030,7,35,Mid,Cboe BZX,Inter Mkt Swp; Odd Lot; Trade Thru Exmpt
11:26:00.155 AM ET,5.010,7,35,Bid,Nasdaq GSM,Odd Lot
11:26:44.698 AM ET,5.020,7,35,Mid,Cboe BZX,Inter Mkt Swp; Odd Lot; Trade Thru Exmpt
11:42:36.351 AM ET,5.020,7,35,Bid,Nasdaq GSM,Odd Lot
12:10:05.199 PM ET,5.045,7,35,Mid,Nasdaq GSM,Odd Lot
12:59:48.019 PM ET,5.026,7,35,Mid,Off Exchange,Odd Lot
01:17:05.295 PM ET,5.060,7,35,Bid,Nasdaq GSM,Odd Lot
01:32:43.592 PM ET,5.060,7,35,Mid,Off Exchange,Odd Lot
02:17:57.599 PM ET,5.065,7,35,Mid,Off Exchange,Odd Lot
02:23:50.343 PM ET,5.040,7,35,Bid,Nasdaq GSM,Odd Lot
02:53:53.532 PM ET,5.030,7,35,Bid,Nasdaq GSM,Odd Lot
03:01:06.611 PM ET,5.020,7,35,Bid,Nasdaq GSM,Inter Mkt Swp; Odd Lot; Trade Thru Exmpt
03:01:06.613 PM ET,5.020,7,35,Bid,Off Exchange,Odd Lot
03:25:25.653 PM ET,5.040,7,35,Ask,Nasdaq GSM,Odd Lot
03:37:43.256 PM ET,5.020,7,35,Ask,IEX,Odd Lot
03:37:43.291 PM ET,5.020,7,35,Ask,Off Exchange,Odd Lot
03:37:59.029 PM ET,5.020,7,35,Mid,Nasdaq GSM,Odd Lot
03:40:26.823 PM ET,5.030,7,35,Ask,Cboe EDGX,Inter Mkt Swp; Odd Lot; Trade Thru Exmpt
03:47:13.221 PM ET,5.040,7,35,Mid,Off Exchange,Odd Lot
03:48:51.836 PM ET,5.040,7,35,Mid,Off Exchange,Odd Lot
03:49:24.340 PM ET,5.030,7,35,Mid,NYSE,Inter Mkt Swp; Odd Lot; Trade Thru Exmpt
03:56:14.381 PM ET,5.045,7,35,Mid,Off Exchange,Odd Lot
03:56:59.150 PM ET,5.030,7,35,Bid,Off Exchange,Odd Lot
03:57:42.730 PM ET,5.040,7,35,Mid,IEX,Odd Lot
03:58:02.817 PM ET,5.040,7,35,Bid,Nasdaq GSM,Odd Lot
03:58:02.817 PM ET,5.050,7,35,Ask,Off Exchange,Odd Lot
03:58:28.625 PM ET,5.050,7,35,Bid,Nasdaq GSM,Inter Mkt Swp; Odd Lot; Trade Thru Exmpt
03:59:39.050 PM ET,5.070,7,35,None,Off Exchange,Odd Lot
03:59:42.115 PM ET,5.070,7,35,None,Nasdaq GSM,Inter Mkt Swp; Odd Lot; Trade Thru Exmpt
03:59:42.366 PM ET,5.060,7,35,None,Nasdaq GSM,Odd Lot
03:59:51.096 PM ET,5.080,7,36,None,IEX,Odd Lot
09:30:24.966 AM ET,5.130,6,31,None,Off Exchange,Odd Lot
09:32:41.918 AM ET,5.210,6,31,Mid,Off Exchange,Odd Lot
09:53:54.277 AM ET,5.190,6,31,Ask,Nasdaq GSM,Odd Lot
09:54:32.841 AM ET,5.210,6,31,Bid,NYSE National,Inter Mkt Swp; Odd Lot; Trade Thru Exmpt
09:57:01.788 AM ET,5.230,6,31,Mid,Off Exchange,Odd Lot
10:51:41.109 AM ET,5.240,6,31,Mid,Off Exchange,Odd Lot
10:55:44.553 AM ET,5.220,6,31,Ask,Cboe BZX,Inter Mkt Swp; Odd Lot; Trade Thru Exmpt
10:55:44.558 AM ET,5.220,6,31,Ask,Cboe BZX,Inter Mkt Swp; Odd Lot; Trade Thru Exmpt
10:55:44.565 AM ET,5.220,6,31,Ask,Off Exchange,Odd Lot
10:55:44.575 AM ET,5.200,6,31,Bid,Nasdaq GSM,Inter Mkt Swp; Odd Lot; Trade Thru Exmpt
10:55:44.733 AM ET,5.120,6,31,Ask,Cboe BZX,Inter Mkt Swp; Odd Lot; Trade Thru Exmpt
10:55:44.734 AM ET,5.120,6,31,Ask,Cboe BZX,Inter Mkt Swp; Odd Lot; Trade Thru Exmpt
10:57:23.848 AM ET,5.140,6,31,Bid,Off Exchange,Odd Lot
11:04:16.191 AM ET,5.055,6,30,Mid,Off Exchange,Odd Lot
11:07:31.952 AM ET,5.060,6,30,Mid,Cboe EDGX,Inter Mkt Swp; Odd Lot; Trade Thru Exmpt
11:16:22.476 AM ET,5.040,6,30,Bid,Cboe EDGX,Odd Lot
11:20:25.041 AM ET,5.030,6,30,Bid,NYSE Arca,Odd Lot
11:26:35.195 AM ET,5.010,6,30,Mid,Nasdaq GSM,Odd Lot
11:31:23.965 AM ET,5.010,6,30,Mid,Off Exchange,Odd Lot
12:36:15.196 PM ET,5.060,6,30,Bid,Cboe EDGA,Odd Lot
12:37:22.004 PM ET,5.055,6,30,Mid,Off Exchange,Odd Lot
01:12:41.567 PM ET,5.080,6,30,Mid,Off Exchange,Odd Lot
01:40:05.332 PM ET,5.050,6,30,Mid,NYSE Arca,Inter Mkt Swp; Odd Lot; Trade Thru Exmpt
01:41:10.820 PM ET,5.060,6,30,Mid,Off Exchange,Odd Lot
02:13:34.585 PM ET,5.060,6,30,Mid,Off Exchange,Odd Lot
02:19:30.167 PM ET,5.050,6,30,Mid,Cboe BZX,Inter Mkt Swp; Odd Lot; Trade Thru Exmpt
02:26:32.056 PM ET,5.050,6,30,Mid,Off Exchange,Odd Lot
02:29:23.276 PM ET,5.040,6,30,Mid,Nasdaq GSM,Inter Mkt Swp; Odd Lot; Trade Thru Exmpt
02:51:11.579 PM ET,5.040,6,30,Mid,NYSE Arca,Inter Mkt Swp; Odd Lot; Trade Thru Exmpt
03:25:25.653 PM ET,5.040,6,30,Ask,Nasdaq GSM,Inter Mkt Swp; Odd Lot; Trade Thru Exmpt
03:35:05.669 PM ET,5.015,6,30,Mid,Off Exchange,Odd Lot
03:39:13.479 PM ET,5.030,6,30,Mid,Off Exchange,Odd Lot
03:48:05.471 PM ET,5.040,6,30,Mid,Off Exchange,Odd Lot
03:49:29.454 PM ET,5.020,6,30,Bid,Nasdaq GSM,Odd Lot
03:49:29.455 PM ET,5.030,6,30,Ask,NYSE,Odd Lot
03:50:13.740 PM ET,5.040,6,30,Bid,Cboe EDGX,Odd Lot
03:53:38.020 PM ET,5.000,6,30,Mid,Cboe EDGX,Odd Lot
03:55:08.480 PM ET,5.040,6,30,Mid,IEX,Odd Lot
03:55:16.923 PM ET,5.040,6,30,Mid,Off Exchange,Odd Lot
03:55:50.104 PM ET,5.045,6,30,Mid,Off Exchange,Odd Lot
03:56:14.346 PM ET,5.045,6,30,Mid,Off Exchange,Odd Lot
03:56:14.349 PM ET,5.045,6,30,Mid,Off Exchange,Odd Lot
07:22:11.545 AM ET,5.190,5,26,Mid,Off Exchange,Frm T Ext Hrs; Odd Lot
09:36:00.846 AM ET,5.210,5,26,Mid,Off Exchange,Odd Lot
09:36:03.075 AM ET,5.210,5,26,Mid,Off Exchange,Odd Lot
09:44:09.929 AM ET,5.210,5,26,Mid,IEX,Odd Lot
09:46:20.227 AM ET,5.230,5,26,Ask,Off Exchange,Odd Lot
09:47:49.576 AM ET,5.220,5,26,Mid,Cboe EDGX,Inter Mkt Swp; Odd Lot; Trade Thru Exmpt
09:50:46.985 AM ET,5.209,5,26,Mid,Off Exchange,Odd Lot
09:53:53.672 AM ET,5.210,5,26,Ask,Nasdaq GSM,Odd Lot
09:53:54.278 AM ET,5.190,5,26,Ask,NYSE Arca,Inter Mkt Swp; Odd Lot; Trade Thru Exmpt
09:54:32.843 AM ET,5.220,5,26,Bid,Cboe BZX,Odd Lot
09:54:32.851 AM ET,5.230,5,26,Mid,Nasdaq GSM,Odd Lot
09:54:32.851 AM ET,5.230,5,26,Mid,NYSE Arca,Odd Lot
09:57:34.911 AM ET,5.240,5,26,Bid,Off Exchange,Odd Lot
09:58:06.289 AM ET,5.250,5,26,Mid,NYSE,Inter Mkt Swp; Odd Lot; Trade Thru Exmpt
09:58:40.324 AM ET,5.240,5,26,Bid,Nasdaq GSM,Inter Mkt Swp; Odd Lot; Trade Thru Exmpt
09:58:40.324 AM ET,5.240,5,26,Bid,MEMX,Inter Mkt Swp; Odd Lot; Trade Thru Exmpt
10:08:41.329 AM ET,5.230,5,26,Ask,MIAX Pearl,Odd Lot
10:09:44.996 AM ET,5.226,5,26,Mid,Off Exchange,Odd Lot
10:14:06.463 AM ET,5.230,5,26,Mid,Off Exchange,Odd Lot
10:16:10.751 AM ET,5.240,5,26,Mid,Off Exchange,Odd Lot
10:19:25.004 AM ET,5.270,5,26,Mid,Off Exchange,Odd Lot
10:19:57.767 AM ET,5.260,5,26,Bid,NYSE Arca,Odd Lot
10:23:05.236 AM ET,5.260,5,26,Mid,Off Exchange,Odd Lot
10:23:54.785 AM ET,5.270,5,26,Mid,NYSE Arca,Inter Mkt Swp; Odd Lot; Trade Thru Exmpt
10:31:25.082 AM ET,5.270,5,26,Bid,Nasdaq GSM,Inter Mkt Swp; Odd Lot; Trade Thru Exmpt
10:31:25.084 AM ET,5.280,5,26,Mid,Off Exchange,Odd Lot
10:31:51.472 AM ET,5.290,5,26,Bid,Nasdaq GSM,Odd Lot
10:41:54.671 AM ET,5.240,5,26,Ask,Cboe BZX,Inter Mkt Swp; Odd Lot; Trade Thru Exmpt
10:50:27.024 AM ET,5.240,5,26,Bid,Cboe BYX,Inter Mkt Swp; Odd Lot; Trade Thru Exmpt
10:55:44.635 AM ET,5.190,5,26,Ask,Cboe EDGX,Inter Mkt Swp; Odd Lot; Trade Thru Exmpt
10:55:44.658 AM ET,5.160,5,26,Ask,Nasdaq GSM,Odd Lot
10:55:44.691 AM ET,5.140,5,26,Bid,Cboe EDGX,Odd Lot
10:55:44.764 AM ET,5.100,5,26,Ask,Cboe BZX,Odd Lot
10:57:43.930 AM ET,5.140,5,26,Bid,Cboe EDGA,Inter Mkt Swp; Odd Lot; Trade Thru Exmpt
11:01:54.796 AM ET,5.100,5,26,Mid,Cboe EDGX,Odd Lot
11:03:30.712 AM ET,5.050,5,25,Ask,Nasdaq GSM,Odd Lot
11:07:31.952 AM ET,5.060,5,25,Mid,Cboe BYX,Inter Mkt Swp; Odd Lot; Trade Thru Exmpt
11:19:11.204 AM ET,5.040,5,25,Mid,Off Exchange,Odd Lot
11:24:16.695 AM ET,5.040,5,25,Ask,Cboe BYX,Inter Mkt Swp; Odd Lot; Trade Thru Exmpt
11:28:12.688 AM ET,5.010,5,25,Ask,Cboe EDGA,Inter Mkt Swp; Odd Lot; Trade Thru Exmpt
11:28:59.461 AM ET,5.020,5,25,Ask,Cboe BYX,Inter Mkt Swp; Odd Lot; Trade Thru Exmpt
11:29:12.846 AM ET,5.010,5,25,Mid,Off Exchange,Odd Lot
11:29:12.847 AM ET,5.020,5,25,Ask,Off Exchange,Odd Lot
11:36:32.764 AM ET,5.000,5,25,Bid,Off Exchange,Odd Lot
11:40:13.228 AM ET,5.020,5,25,Mid,Cboe BYX,Inter Mkt Swp; Odd Lot; Trade Thru Exmpt
11:48:08.011 AM ET,5.040,5,25,Mid,Off Exchange,Odd Lot
11:49:25.068 AM ET,5.020,5,25,Bid,Off Exchange,Odd Lot
11:58:40.872 AM ET,5.050,5,25,Mid,NYSE Arca,Inter Mkt Swp; Odd Lot; Trade Thru Exmpt
11:59:31.052 AM ET,5.080,5,25,Ask,Off Exchange,Odd Lot
12:13:15.471 PM ET,5.050,5,25,Ask,Nasdaq GSM,Inter Mkt Swp; Odd Lot; Trade Thru Exmpt
12:13:15.488 PM ET,5.060,5,25,Mid,Cboe BYX,Inter Mkt Swp; Odd Lot; Trade Thru Exmpt
12:17:19.984 PM ET,5.090,5,25,None,Off Exchange,Odd Lot
12:18:41.285 PM ET,5.070,5,25,Mid,Cboe EDGA,Inter Mkt Swp; Odd Lot; Trade Thru Exmpt
12:18:41.285 PM ET,5.070,5,25,Mid,MEMX,Inter Mkt Swp; Odd Lot; Trade Thru Exmpt
12:19:19.266 PM ET,5.070,5,25,Mid,Off Exchange,Odd Lot
12:21:47.704 PM ET,5.070,5,25,Mid,Off Exchange,Odd Lot
12:27:30.246 PM ET,5.065,5,25,Mid,Off Exchange,Odd Lot
12:31:59.163 PM ET,5.065,5,25,Mid,Off Exchange,Odd Lot
12:49:04.942 PM ET,5.031,5,25,Mid,Off Exchange,Odd Lot
12:49:05.017 PM ET,5.030,5,25,Bid,NYSE Arca,Inter Mkt Swp; Odd Lot; Trade Thru Exmpt
12:53:58.280 PM ET,5.020,5,25,Mid,NYSE Arca,Inter Mkt Swp; Odd Lot; Trade Thru Exmpt
01:27:22.024 PM ET,5.063,5,25,Mid,Off Exchange,Odd Lot
01:36:48.247 PM ET,5.050,5,25,Mid,Cboe EDGA,Odd Lot
01:37:06.124 PM ET,5.050,5,25,Mid,Cboe EDGA,Odd Lot
01:40:05.332 PM ET,5.050,5,25,Mid,Cboe EDGA,Odd Lot
01:40:05.366 PM ET,5.050,5,25,Mid,Off Exchange,Odd Lot
01:43:54.336 PM ET,5.060,5,25,Mid,Cboe EDGA,Inter Mkt Swp; Odd Lot; Trade Thru Exmpt
01:45:06.253 PM ET,5.070,5,25,Mid,Off Exchange,Odd Lot
01:48:25.675 PM ET,5.065,5,25,Mid,Off Exchange,Odd Lot
01:48:25.685 PM ET,5.065,5,25,Mid,Off Exchange,Odd Lot
01:50:10.428 PM ET,5.070,5,25,Mid,Cboe EDGA,Odd Lot
01:54:28.309 PM ET,5.065,5,25,Mid,Off Exchange,Odd Lot
01:55:48.318 PM ET,5.070,5,25,Mid,Nasdaq GSM,Inter Mkt Swp; Odd Lot; Trade Thru Exmpt
01:58:51.335 PM ET,5.080,5,25,Mid,Off Exchange,Odd Lot
02:03:11.189 PM ET,5.060,5,25,Ask,Cboe EDGA,Inter Mkt Swp; Odd Lot; Trade Thru Exmpt
02:19:30.167 PM ET,5.050,5,25,Mid,Cboe BZX,Inter Mkt Swp; Odd Lot; Trade Thru Exmpt
02:20:04.402 PM ET,5.050,5,25,Mid,Cboe EDGA,Odd Lot
02:34:01.911 PM ET,5.050,5,25,Mid,Nasdaq GSM,Inter Mkt Swp; Odd Lot; Trade Thru Exmpt
02:37:33.641 PM ET,5.050,5,25,Mid,Off Exchange,Odd Lot
02:40:09.890 PM ET,5.060,5,25,Ask,Off Exchange,Odd Lot
02:40:09.911 PM ET,5.060,5,25,Ask,Off Exchange,Odd Lot
02:40:24.476 PM ET,5.050,5,25,Mid,Off Exchange,Odd Lot
02:58:36.514 PM ET,5.020,5,25,Bid,Off Exchange,Odd Lot
03:24:14.673 PM ET,5.030,5,25,Ask,Off Exchange,Odd Lot
03:34:33.726 PM ET,5.015,5,25,Mid,Nasdaq GSM,Odd Lot
03:35:05.669 PM ET,5.015,5,25,Mid,Off Exchange,Odd Lot
03:35:05.771 PM ET,5.015,5,25,Mid,Nasdaq GSM,Odd Lot
03:37:38.935 PM ET,5.020,5,25,Ask,NYSE American,Inter Mkt Swp; Odd Lot; Trade Thru Exmpt
03:37:38.935 PM ET,5.020,5,25,Ask,NYSE Arca,Inter Mkt Swp; Odd Lot; Trade Thru Exmpt
03:38:15.656 PM ET,5.020,5,25,Mid,Off Exchange,Odd Lot
03:39:02.629 PM ET,5.020,5,25,Mid,Cboe EDGA,Inter Mkt Swp; Odd Lot; Trade Thru Exmpt
03:40:01.581 PM ET,5.030,5,25,Mid,Cboe EDGA,Inter Mkt Swp; Odd Lot; Trade Thru Exmpt
03:40:03.170 PM ET,5.030,5,25,Mid,Nasdaq GSM,Odd Lot
03:40:04.208 PM ET,5.030,5,25,Mid,Nasdaq GSM,Odd Lot
03:40:16.776 PM ET,5.040,5,25,Mid,Off Exchange,Odd Lot
03:40:37.958 PM ET,5.030,5,25,Ask,Cboe EDGA,Odd Lot
03:43:25.971 PM ET,5.040,5,25,Mid,Cboe EDGA,Inter Mkt Swp; Odd Lot; Trade Thru Exmpt
03:47:51.332 PM ET,5.050,5,25,Ask,Off Exchange,Odd Lot
03:50:41.505 PM ET,5.010,5,25,Mid,Cboe EDGX,Inter Mkt Swp; Odd Lot; Trade Thru Exmpt
03:53:38.020 PM ET,5.000,5,25,Mid,Cboe EDGX,Inter Mkt Swp; Odd Lot; Trade Thru Exmpt
03:53:38.021 PM ET,5.000,5,25,Mid,Off Exchange,Odd Lot
03:53:38.022 PM ET,5.000,5,25,Mid,NYSE Arca,Inter Mkt Swp; Odd Lot; Trade Thru Exmpt
03:53:50.119 PM ET,5.000,5,25,Mid,NYSE,Odd Lot
03:55:08.451 PM ET,5.040,5,25,Mid,Off Exchange,Odd Lot
03:58:38.126 PM ET,5.050,5,25,Bid,Nasdaq GSM,Odd Lot
03:59:10.840 PM ET,5.065,5,25,None,Nasdaq GSM,Odd Lot
03:59:10.841 PM ET,5.070,5,25,None,Off Exchange,Odd Lot
03:59:14.668 PM ET,5.070,5,25,None,Off Exchange,Odd Lot
03:59:17.791 PM ET,5.070,5,25,None,Nasdaq GSM,Odd Lot
03:59:29.077 PM ET,5.070,5,25,None,Nasdaq BX,Odd Lot
03:59:29.168 PM ET,5.080,5,25,None,Cboe EDGX,Odd Lot
03:59:29.215 PM ET,5.080,5,25,None,Off Exchange,Odd Lot
03:59:34.046 PM ET,5.070,5,25,None,Nasdaq GSM,Odd Lot
03:59:34.082 PM ET,5.070,5,25,None,Nasdaq BX,Odd Lot
03:59:39.847 PM ET,5.070,5,25,None,Nasdaq GSM,Odd Lot
03:59:41.782 PM ET,5.080,5,25,None,Off Exchange,Odd Lot
03:59:41.966 PM ET,5.075,5,25,None,Cboe BYX,Odd Lot
05:24:43.873 PM ET,5.070,5,25,Ask,Off Exchange,Frm T Ext Hrs; Odd Lot
05:24:43.873 PM ET,5.070,5,25,Mid,Off Exchange,Frm T Ext Hrs; Odd Lot
09:32:20.979 AM ET,5.210,4,21,Mid,NYSE,Odd Lot
09:36:31.190 AM ET,5.200,4,21,Mid,Nasdaq GSM,Inter Mkt Swp; Odd Lot; Trade Thru Exmpt
09:43:57.733 AM ET,5.210,4,21,Mid,Off Exchange,Odd Lot
09:44:56.111 AM ET,5.220,4,21,Mid,Off Exchange,Odd Lot
09:57:34.911 AM ET,5.240,4,21,Bid,MEMX,Inter Mkt Swp; Odd Lot; Trade Thru Exmpt
09:58:19.820 AM ET,5.250,4,21,Mid,Off Exchange,Odd Lot
10:12:54.411 AM ET,5.238,4,21,Mid,Off Exchange,Odd Lot
10:28:32.769 AM ET,5.276,4,21,Mid,Off Exchange,Odd Lot
10:49:35.603 AM ET,5.235,4,21,Mid,Off Exchange,Odd Lot
10:50:27.024 AM ET,5.240,4,21,Bid,Nasdaq GSM,Inter Mkt Swp; Odd Lot; Trade Thru Exmpt
10:55:44.764 AM ET,5.100,4,20,Ask,Cboe EDGX,Odd Lot
11:13:33.298 AM ET,5.060,4,20,Ask,Off Exchange,Odd Lot
11:20:25.041 AM ET,5.030,4,20,Bid,NYSE Arca,Odd Lot
11:21:41.310 AM ET,5.020,4,20,Mid,Off Exchange,Odd Lot
11:26:35.179 AM ET,5.015,4,20,Mid,Off Exchange,Odd Lot
12:22:57.876 PM ET,5.060,4,20,Bid,Nasdaq GSM,Inter Mkt Swp; Odd Lot; Trade Thru Exmpt
12:28:42.096 PM ET,5.067,4,20,Mid,Off Exchange,Odd Lot
12:35:50.276 PM ET,5.065,4,20,Mid,Off Exchange,Odd Lot
12:47:29.877 PM ET,5.045,4,20,Mid,Off Exchange,Odd Lot
12:47:36.110 PM ET,5.043,4,20,Mid,Off Exchange,Odd Lot
01:12:26.996 PM ET,5.070,4,20,Ask,NYSE Arca,Inter Mkt Swp; Odd Lot; Trade Thru Exmpt
01:35:58.697 PM ET,5.057,4,20,Mid,Off Exchange,Odd Lot
01:55:48.318 PM ET,5.070,4,20,Mid,Nasdaq GSM,Inter Mkt Swp; Odd Lot; Trade Thru Exmpt
02:18:57.436 PM ET,5.060,4,20,Mid,Off Exchange,Odd Lot
02:36:52.308 PM ET,5.060,4,20,Ask,Off Exchange,Odd Lot
02:59:03.219 PM ET,5.030,4,20,Mid,Cboe BYX,Inter Mkt Swp; Odd Lot; Trade Thru Exmpt
03:14:06.725 PM ET,5.030,4,20,Mid,Off Exchange,Odd Lot
03:28:20.780 PM ET,5.035,4,20,Mid,Off Exchange,Odd Lot
03:48:05.458 PM ET,5.030,4,20,Bid,NYSE Arca,Odd Lot
03:50:07.988 PM ET,5.050,4,20,Ask,NYSE Arca,Inter Mkt Swp; Odd Lot; Trade Thru Exmpt
03:50:30.923 PM ET,5.020,4,20,Mid,Off Exchange,Odd Lot
03:50:42.629 PM ET,5.015,4,20,Mid,NYSE,Odd Lot
03:51:57.693 PM ET,5.015,4,20,Mid,IEX,Odd Lot
03:53:38.020 PM ET,5.000,4,20,Mid,Cboe EDGX,Inter Mkt Swp; Odd Lot; Trade Thru Exmpt
03:54:10.115 PM ET,4.995,4,20,Mid,IEX,Odd Lot
03:54:56.011 PM ET,5.005,4,20,Mid,Off Exchange,Odd Lot
03:57:56.347 PM ET,5.040,4,20,Bid,NYSE Arca,Odd Lot
03:58:37.105 PM ET,5.045,4,20,Mid,Off Exchange,Odd Lot
03:58:38.126 PM ET,5.050,4,20,Bid,NYSE Arca,Odd Lot
03:58:57.844 PM ET,5.055,4,20,Mid,IEX,Odd Lot
03:59:00.540 PM ET,5.060,4,20,Ask,Nasdaq GSM,Inter Mkt Swp; Odd Lot; Trade Thru Exmpt
03:59:41.245 PM ET,5.075,4,20,None,Off Exchange,Odd Lot
03:59:47.603 PM ET,5.085,4,20,None,Off Exchange,Odd Lot
04:00:39.760 PM ET,5.070,4,20,Ask,Cboe EDGX,Frm T Ext Hrs; Odd Lot; Trade Thru Exmpt
07:09:33.844 AM ET,5.160,3,15,Mid,Off Exchange,Frm T Ext Hrs; Odd Lot
09:34:09.980 AM ET,5.202,3,16,Mid,Off Exchange,Odd Lot
09:40:27.137 AM ET,5.215,3,16,Ask,Off Exchange,Odd Lot
09:44:15.127 AM ET,5.200,3,16,Bid,NYSE Arca,Inter Mkt Swp; Odd Lot; Trade Thru Exmpt
09:45:47.458 AM ET,5.230,3,16,Mid,NYSE Arca,Odd Lot
09:47:51.708 AM ET,5.215,3,16,Mid,Off Exchange,Odd Lot
09:47:51.717 AM ET,5.215,3,16,Mid,Off Exchange,Odd Lot
09:52:41.912 AM ET,5.210,3,16,Mid,Off Exchange,Odd Lot
09:54:32.841 AM ET,5.210,3,16,Bid,Nasdaq PHLX,Inter Mkt Swp; Odd Lot; Trade Thru Exmpt
09:54:32.842 AM ET,5.210,3,16,Bid,NYSE,Inter Mkt Swp; Odd Lot; Trade Thru Exmpt
09:57:34.911 AM ET,5.250,3,16,Mid,NYSE,Inter Mkt Swp; Odd Lot; Trade Thru Exmpt
09:57:37.420 AM ET,5.260,3,16,Mid,IEX,Odd Lot
09:57:37.421 AM ET,5.260,3,16,Mid,IEX,Odd Lot
09:58:29.825 AM ET,5.250,3,16,Mid,Off Exchange,Odd Lot
10:03:59.195 AM ET,5.240,3,16,Bid,Off Exchange,Odd Lot
10:13:12.279 AM ET,5.230,3,16,Mid,Off Exchange,Odd Lot
10:14:50.074 AM ET,5.230,3,16,Mid,Off Exchange,Odd Lot
10:20:43.646 AM ET,5.270,3,16,Mid,Off Exchange,Odd Lot
10:31:51.472 AM ET,5.290,3,16,Bid,Nasdaq GSM,Odd Lot
10:35:00.662 AM ET,5.310,3,16,Ask,Off Exchange,Odd Lot
10:35:00.693 AM ET,5.305,3,16,Ask,Off Exchange,Odd Lot
10:35:01.148 AM ET,5.290,3,16,Mid,Off Exchange,Odd Lot
10:38:15.411 AM ET,5.270,3,16,Bid,Cboe EDGX,Inter Mkt Swp; Odd Lot; Trade Thru Exmpt
10:41:54.671 AM ET,5.230,3,16,Mid,Nasdaq GSM,Inter Mkt Swp; Odd Lot; Trade Thru Exmpt
10:49:35.608 AM ET,5.235,3,16,Mid,Off Exchange,Odd Lot
10:50:27.024 AM ET,5.240,3,16,Bid,Nasdaq GSM,Inter Mkt Swp; Odd Lot; Trade Thru Exmpt
10:50:27.093 AM ET,5.250,3,16,Mid,Off Exchange,Odd Lot
10:50:27.503 AM ET,5.240,3,16,Mid,Off Exchange,Odd Lot
10:55:44.529 AM ET,5.250,3,16,Ask,Off Exchange,Odd Lot
10:55:44.535 AM ET,5.240,3,16,Ask,Cboe BZX,Inter Mkt Swp; Odd Lot; Trade Thru Exmpt
10:55:44.733 AM ET,5.120,3,15,Ask,Cboe EDGA,Inter Mkt Swp; Odd Lot; Trade Thru Exmpt
10:55:44.735 AM ET,5.130,3,15,Ask,Cboe BZX,Inter Mkt Swp; Odd Lot; Trade Thru Exmpt
11:01:31.764 AM ET,5.125,3,15,Mid,Off Exchange,Odd Lot
11:01:54.795 AM ET,5.110,3,15,Ask,Nasdaq GSM,Inter Mkt Swp; Odd Lot; Trade Thru Exmpt
11:03:33.521 AM ET,5.050,3,15,Mid,Off Exchange,Odd Lot
11:08:29.271 AM ET,5.050,3,15,Mid,Off Exchange,Odd Lot
11:15:07.366 AM ET,5.050,3,15,Mid,Off Exchange,Odd Lot
11:20:25.039 AM ET,5.030,3,15,Bid,Off Exchange,Odd Lot
11:26:00.141 AM ET,5.025,3,15,Mid,Off Exchange,Odd Lot
11:26:44.703 AM ET,5.000,3,15,Bid,NYSE Arca,Odd Lot
11:31:29.696 AM ET,5.000,3,15,Bid,Off Exchange,Odd Lot
11:31:29.697 AM ET,5.000,3,15,Bid,NYSE Arca,Inter Mkt Swp; Odd Lot; Trade Thru Exmpt
11:32:05.454 AM ET,5.015,3,15,Mid,Off Exchange,Odd Lot
11:33:36.799 AM ET,5.013,3,15,Mid,Off Exchange,Odd Lot
11:41:27.389 AM ET,5.035,3,15,Mid,Off Exchange,Odd Lot
11:42:36.337 AM ET,5.030,3,15,Mid,Off Exchange,Odd Lot
11:49:25.106 AM ET,5.035,3,15,Mid,Off Exchange,Odd Lot
11:53:48.917 AM ET,5.020,3,15,Ask,Off Exchange,Odd Lot
12:10:05.197 PM ET,5.045,3,15,Mid,Off Exchange,Odd Lot
12:17:19.983 PM ET,5.090,3,15,None,Off Exchange,Odd Lot
12:22:57.877 PM ET,5.070,3,15,Mid,Off Exchange,Odd Lot
12:29:06.009 PM ET,5.065,3,15,Mid,Off Exchange,Odd Lot
12:37:13.597 PM ET,5.060,3,15,Bid,Nasdaq GSM,Inter Mkt Swp; Odd Lot; Trade Thru Exmpt
12:40:04.751 PM ET,5.045,3,15,Mid,Off Exchange,Odd Lot
12:49:05.017 PM ET,5.030,3,15,Bid,NYSE Arca,Inter Mkt Swp; Odd Lot; Trade Thru Exmpt
12:53:58.829 PM ET,5.030,3,15,Mid,Off Exchange,Odd Lot
01:12:27.442 PM ET,5.080,3,15,Mid,Off Exchange,Odd Lot
01:13:38.967 PM ET,5.090,3,15,Ask,Nasdaq GSM,Inter Mkt Swp; Odd Lot; Trade Thru Exmpt
01:17:05.230 PM ET,5.075,3,15,Mid,Off Exchange,Odd Lot
01:19:51.466 PM ET,5.090,3,15,Ask,Off Exchange,Odd Lot
01:26:26.295 PM ET,5.078,3,15,Mid,Off Exchange,Odd Lot
01:29:18.702 PM ET,5.065,3,15,Mid,Off Exchange,Odd Lot
01:32:43.518 PM ET,5.060,3,15,Mid,Off Exchange,Odd Lot
01:43:54.336 PM ET,5.060,3,15,Mid,Cboe BZX,Inter Mkt Swp; Odd Lot; Trade Thru Exmpt
01:45:06.351 PM ET,5.070,3,15,Mid,Off Exchange,Odd Lot
01:55:48.318 PM ET,5.070,3,15,Mid,Nasdaq GSM,Inter Mkt Swp; Odd Lot; Trade Thru Exmpt
01:58:51.373 PM ET,5.080,3,15,Mid,Off Exchange,Odd Lot
02:00:12.424 PM ET,5.080,3,15,Mid,Off Exchange,Odd Lot
02:02:33.552 PM ET,5.050,3,15,Mid,Off Exchange,Odd Lot
02:03:11.189 PM ET,5.060,3,15,Ask,Nasdaq GSM,Inter Mkt Swp; Odd Lot; Trade Thru Exmpt
02:10:30.341 PM ET,5.070,3,15,Mid,Off Exchange,Odd Lot
02:12:37.857 PM ET,5.061,3,15,Mid,Off Exchange,Odd Lot
02:13:10.744 PM ET,5.060,3,15,Mid,Nasdaq GSM,Inter Mkt Swp; Odd Lot; Trade Thru Exmpt
02:23:50.343 PM ET,5.050,3,15,Mid,Off Exchange,Odd Lot
02:29:22.996 PM ET,5.050,3,15,Mid,Nasdaq GSM,Inter Mkt Swp; Odd Lot; Trade Thru Exmpt
02:37:33.640 PM ET,5.050,3,15,Mid,Off Exchange,Odd Lot
02:43:28.906 PM ET,5.050,3,15,Mid,Off Exchange,Odd Lot
02:45:59.800 PM ET,5.041,3,15,Mid,Off Exchange,Odd Lot
02:53:53.532 PM ET,5.040,3,15,Mid,Off Exchange,Odd Lot
03:00:02.245 PM ET,5.010,3,15,Bid,Off Exchange,Odd Lot
03:00:33.186 PM ET,5.026,3,15,Ask,Off Exchange,Odd Lot
03:10:37.597 PM ET,5.016,3,15,Mid,Off Exchange,Odd Lot
03:13:37.165 PM ET,5.030,3,15,Mid,Off Exchange,Odd Lot
03:24:14.918 PM ET,5.050,3,15,Mid,Off Exchange,Odd Lot
03:28:32.268 PM ET,5.035,3,15,Mid,Off Exchange,Odd Lot
03:28:59.815 PM ET,5.033,3,15,Mid,Off Exchange,Odd Lot
03:31:50.322 PM ET,5.020,3,15,Mid,IEX,Odd Lot
03:37:43.368 PM ET,5.020,3,15,Mid,Off Exchange,Odd Lot
03:48:51.766 PM ET,5.030,3,15,Bid,Off Exchange,Odd Lot
03:52:31.046 PM ET,5.010,3,15,Mid,Off Exchange,Odd Lot
03:53:50.006 PM ET,4.990,3,15,Bid,Off Exchange,Odd Lot
03:54:34.544 PM ET,5.000,3,15,Ask,Off Exchange,Odd Lot
03:55:54.516 PM ET,5.030,3,15,Bid,IEX,Odd Lot
03:56:14.381 PM ET,5.045,3,15,Mid,Off Exchange,Odd Lot
03:56:29.012 PM ET,5.050,3,15,Mid,Off Exchange,Odd Lot
03:57:17.982 PM ET,5.030,3,15,Bid,Off Exchange,Odd Lot
03:57:47.004 PM ET,5.030,3,15,Bid,Off Exchange,Odd Lot
03:57:56.340 PM ET,5.040,3,15,Bid,Off Exchange,Odd Lot
03:59:22.733 PM ET,5.080,3,15,None,Off Exchange,Odd Lot
03:59:26.839 PM ET,5.070,3,15,None,Off Exchange,Odd Lot
03:59:27.606 PM ET,5.070,3,15,None,Off Exchange,Odd Lot
03:59:41.781 PM ET,5.080,3,15,None,Off Exchange,Odd Lot
03:59:43.027 PM ET,5.065,3,15,None,Off Exchange,Odd Lot
03:59:44.145 PM ET,5.075,3,15,None,Off Exchange,Odd Lot
03:59:45.441 PM ET,5.080,3,15,None,Off Exchange,Odd Lot
07:32:36.264 PM ET,5.070,3,15,Ask,Nasdaq GSM,Frm T Ext Hrs; Odd Lot
09:29:59.906 AM ET,5.100,2,10,Mid,NYSE Arca,Frm T Ext Hrs; Odd Lot
09:30:38.035 AM ET,5.120,2,10,Bid,Off Exchange,Odd Lot
09:30:44.663 AM ET,5.130,2,10,Bid,Nasdaq GSM,Inter Mkt Swp; Odd Lot; Trade Thru Exmpt
09:33:30.046 AM ET,5.210,2,10,Mid,Off Exchange,Odd Lot
09:38:48.656 AM ET,5.170,2,10,Mid,Off Exchange,Odd Lot
09:39:08.953 AM ET,5.198,2,10,Mid,Off Exchange,Odd Lot
09:44:06.402 AM ET,5.215,2,10,Mid,Off Exchange,Odd Lot
09:44:15.018 AM ET,5.230,2,10,Ask,Cboe EDGA,Inter Mkt Swp; Odd Lot; Trade Thru Exmpt
09:45:47.458 AM ET,5.230,2,10,Mid,NYSE Arca,Odd Lot
09:47:02.370 AM ET,5.212,2,10,Mid,Off Exchange,Odd Lot
09:47:49.576 AM ET,5.220,2,10,Mid,Nasdaq GSM,Inter Mkt Swp; Odd Lot; Trade Thru Exmpt
09:53:53.672 AM ET,5.210,2,10,Ask,Nasdaq GSM,Odd Lot
09:54:32.841 AM ET,5.200,2,10,Bid,NYSE Arca,Inter Mkt Swp; Odd Lot; Trade Thru Exmpt
09:54:32.843 AM ET,5.220,2,10,Bid,Nasdaq GSM,Odd Lot
09:57:34.911 AM ET,5.250,2,11,Mid,NYSE Arca,Inter Mkt Swp; Odd Lot; Trade Thru Exmpt
10:01:42.360 AM ET,5.250,2,11,Ask,Nasdaq GSM,Inter Mkt Swp; Odd Lot; Trade Thru Exmpt
10:05:05.197 AM ET,5.240,2,10,Mid,Nasdaq GSM,Odd Lot
10:07:14.199 AM ET,5.230,2,10,Bid,Off Exchange,Odd Lot
10:14:41.785 AM ET,5.230,2,10,Mid,Off Exchange,Odd Lot
10:14:50.068 AM ET,5.230,2,10,Mid,Off Exchange,Odd Lot
10:15:03.964 AM ET,5.240,2,10,Ask,Off Exchange,Odd Lot
10:15:35.378 AM ET,5.230,2,10,Mid,Off Exchange,Odd Lot
10:23:41.403 AM ET,5.250,2,11,Mid,Cboe BZX,Inter Mkt Swp; Odd Lot; Trade Thru Exmpt
10:23:41.803 AM ET,5.260,2,11,Mid,Off Exchange,Odd Lot
10:24:24.115 AM ET,5.270,2,11,Mid,Off Exchange,Odd Lot
10:25:03.618 AM ET,5.270,2,11,Mid,Off Exchange,Odd Lot
10:31:42.383 AM ET,5.288,2,11,Mid,Off Exchange,Odd Lot
10:31:51.476 AM ET,5.298,2,11,Mid,Off Exchange,Odd Lot
10:32:33.229 AM ET,5.290,2,11,Ask,Off Exchange,Odd Lot
10:34:32.874 AM ET,5.270,2,11,Bid,IEX,Odd Lot
10:35:01.197 AM ET,5.290,2,11,Mid,Off Exchange,Odd Lot
10:37:01.843 AM ET,5.290,2,11,Ask,Off Exchange,Odd Lot
10:41:47.162 AM ET,5.260,2,11,Bid,NYSE American,Odd Lot
10:45:20.776 AM ET,5.240,2,10,Mid,Off Exchange,Odd Lot
10:49:27.089 AM ET,5.235,2,10,Mid,Off Exchange,Odd Lot
10:49:48.953 AM ET,5.240,2,10,Mid,Off Exchange,Odd Lot
10:50:15.052 AM ET,5.235,2,10,Mid,Off Exchange,Odd Lot
10:50:27.024 AM ET,5.240,2,10,Bid,Nasdaq GSM,Inter Mkt Swp; Odd Lot; Trade Thru Exmpt
10:50:27.508 AM ET,5.240,2,10,Mid,Off Exchange,Odd Lot
10:51:01.868 AM ET,5.250,2,11,Ask,Off Exchange,Odd Lot
10:51:16.564 AM ET,5.240,2,10,Mid,Off Exchange,Odd Lot
10:51:30.116 AM ET,5.250,2,11,Ask,Off Exchange,Odd Lot
10:52:18.035 AM ET,5.240,2,10,Mid,Off Exchange,Odd Lot
10:52:43.707 AM ET,5.235,2,10,Mid,Off Exchange,Odd Lot
10:53:15.311 AM ET,5.240,2,10,Mid,Off Exchange,Odd Lot
10:53:44.952 AM ET,5.250,2,11,Ask,Off Exchange,Odd Lot
10:55:18.656 AM ET,5.255,2,11,Mid,Off Exchange,Odd Lot
10:55:37.913 AM ET,5.255,2,11,Mid,Off Exchange,Odd Lot
10:55:44.551 AM ET,5.210,2,10,Bid,Cboe BZX,Odd Lot
10:55:44.579 AM ET,5.200,2,10,Bid,Off Exchange,Odd Lot
10:56:25.675 AM ET,5.150,2,10,Mid,Off Exchange,Odd Lot
10:57:15.227 AM ET,5.150,2,10,Mid,Off Exchange,Odd Lot
11:00:46.950 AM ET,5.130,2,10,Ask,NYSE Arca,Inter Mkt Swp; Odd Lot; Trade Thru Exmpt
11:00:51.768 AM ET,5.120,2,10,Mid,Off Exchange,Odd Lot
11:01:54.795 AM ET,5.110,2,10,Ask,Nasdaq GSM,Inter Mkt Swp; Odd Lot; Trade Thru Exmpt
11:07:31.951 AM ET,5.060,2,10,Mid,Nasdaq GSM,Inter Mkt Swp; Odd Lot; Trade Thru Exmpt
11:07:59.741 AM ET,5.050,2,10,Ask,NYSE Arca,Inter Mkt Swp; Odd Lot; Trade Thru Exmpt
11:20:25.041 AM ET,5.030,2,10,Bid,NYSE Arca,Odd Lot
11:26:44.703 AM ET,5.000,2,10,Bid,Off Exchange,Odd Lot
11:28:12.688 AM ET,5.010,2,10,Ask,MIAX Pearl,Inter Mkt Swp; Odd Lot; Trade Thru Exmpt
11:36:32.733 AM ET,5.000,2,10,Bid,Cboe BZX,Inter Mkt Swp; Odd Lot; Trade Thru Exmpt
11:42:12.512 AM ET,5.035,2,10,Mid,Off Exchange,Odd Lot
11:42:36.351 AM ET,5.020,2,10,Bid,Cboe BZX,Inter Mkt Swp; Odd Lot; Trade Thru Exmpt
11:43:10.178 AM ET,5.030,2,10,Mid,Nasdaq GSM,Odd Lot
11:49:25.245 AM ET,5.035,2,10,Mid,Off Exchange,Odd Lot
11:50:25.171 AM ET,5.030,2,10,Mid,Nasdaq GSM,Inter Mkt Swp; Odd Lot; Trade Thru Exmpt
12:48:29.956 PM ET,5.033,2,10,Mid,Off Exchange,Odd Lot
12:49:19.999 PM ET,5.029,2,10,Mid,Off Exchange,Odd Lot
01:00:21.997 PM ET,5.020,2,10,Bid,Off Exchange,Odd Lot
01:03:54.228 PM ET,5.040,2,10,Mid,Nasdaq GSM,Odd Lot
01:09:51.496 PM ET,5.035,2,10,Mid,Off Exchange,Odd Lot
01:24:35.534 PM ET,5.078,2,10,Mid,Off Exchange,Odd Lot
01:27:03.221 PM ET,5.065,2,10,Mid,Off Exchange,Odd Lot
01:48:12.917 PM ET,5.054,2,10,Mid,Off Exchange,Odd Lot
01:55:48.318 PM ET,5.070,2,10,Mid,Nasdaq GSM,Inter Mkt Swp; Odd Lot; Trade Thru Exmpt
01:58:19.255 PM ET,5.069,2,10,Mid,Off Exchange,Odd Lot
02:12:15.404 PM ET,5.060,2,10,Mid,Nasdaq GSM,Odd Lot
02:19:30.168 PM ET,5.050,2,10,Mid,NYSE Arca,Inter Mkt Swp; Odd Lot; Trade Thru Exmpt
02:20:04.402 PM ET,5.050,2,10,Mid,Nasdaq GSM,Inter Mkt Swp; Odd Lot; Trade Thru Exmpt
02:29:23.276 PM ET,5.040,2,10,Mid,NYSE Arca,Inter Mkt Swp; Odd Lot; Trade Thru Exmpt
02:48:09.797 PM ET,5.041,2,10,Mid,Off Exchange,Odd Lot
02:54:11.735 PM ET,5.040,2,10,Mid,Off Exchange,Odd Lot
02:58:49.796 PM ET,5.020,2,10,Mid,NYSE Arca,Odd Lot
03:01:01.926 PM ET,5.010,2,10,Mid,Nasdaq GSM,Odd Lot
03:01:01.930 PM ET,5.010,2,10,Mid,Off Exchange,Odd Lot
03:13:51.926 PM ET,5.021,2,10,Mid,Off Exchange,Odd Lot
03:24:14.674 PM ET,5.030,2,10,Ask,NYSE,Inter Mkt Swp; Odd Lot; Trade Thru Exmpt
03:25:25.653 PM ET,5.040,2,10,Ask,Nasdaq GSM,Odd Lot
03:25:25.653 PM ET,5.040,2,10,Ask,Nasdaq GSM,Inter Mkt Swp; Odd Lot; Trade Thru Exmpt
03:35:00.148 PM ET,5.011,2,10,Mid,Off Exchange,Odd Lot
03:50:07.988 PM ET,5.040,2,10,Bid,Cboe BZX,Inter Mkt Swp; Odd Lot; Trade Thru Exmpt
03:50:07.988 PM ET,5.040,2,10,Bid,NYSE Arca,Inter Mkt Swp; Odd Lot; Trade Thru Exmpt
03:50:13.740 PM ET,5.040,2,10,Bid,NYSE Arca,Odd Lot
03:50:16.775 PM ET,5.020,2,10,Mid,Off Exchange,Odd Lot
03:53:30.772 PM ET,5.015,2,10,Mid,Off Exchange,Odd Lot
03:55:09.503 PM ET,5.055,2,10,Mid,Off Exchange,Odd Lot
03:56:14.349 PM ET,5.045,2,10,Mid,Off Exchange,Odd Lot
03:56:24.046 PM ET,5.050,2,10,Mid,Cboe BZX,Odd Lot
03:57:56.347 PM ET,5.040,2,10,Bid,NYSE Arca,Odd Lot
03:58:02.086 PM ET,5.050,2,10,Bid,Nasdaq GSM,Odd Lot
03:58:38.126 PM ET,5.050,2,10,Bid,NYSE Arca,Odd Lot
03:58:42.868 PM ET,5.055,2,10,Mid,Off Exchange,Odd Lot
03:58:57.853 PM ET,5.055,2,10,Mid,Off Exchange,Odd Lot
03:59:14.587 PM ET,5.070,2,10,None,Nasdaq GSM,Odd Lot
03:59:20.977 PM ET,5.070,2,10,None,Off Exchange,Odd Lot
03:59:39.072 PM ET,5.070,2,10,None,Nasdaq GSM,Odd Lot
03:59:48.471 PM ET,5.070,2,10,None,Off Exchange,Odd Lot
03:59:59.613 PM ET,5.065,2,10,None,Off Exchange,Odd Lot
04:57:35.103 PM ET,5.070,2,10,Ask,Nasdaq GSM,Frm T Ext Hrs; Inter Mkt Swp; Odd Lot; Trade Thru Exmpt
07:22:22.581 AM ET,5.190,1,5,Mid,Off Exchange,Frm T Ext Hrs; Odd Lot
07:45:16.902 AM ET,5.120,1,5,Mid,Off Exchange,Frm T Ext Hrs; Odd Lot
08:42:23.539 AM ET,5.090,1,5,Mid,Off Exchange,Frm T Ext Hrs; Odd Lot
09:30:00.753 AM ET,5.100,1,5,Mid,NYSE Arca,Odd Lot
09:30:51.096 AM ET,5.133,1,5,Mid,Off Exchange,Odd Lot
09:32:12.584 AM ET,5.230,1,5,Mid,Off Exchange,Odd Lot
09:32:20.979 AM ET,5.210,1,5,Mid,MEMX,Inter Mkt Swp; Odd Lot; Trade Thru Exmpt
09:34:06.574 AM ET,5.218,1,5,Mid,Off Exchange,Odd Lot
09:35:00.264 AM ET,5.201,1,5,Mid,Off Exchange,Odd Lot
09:35:13.638 AM ET,5.215,1,5,Mid,Off Exchange,Odd Lot
09:35:13.660 AM ET,5.215,1,5,Mid,Off Exchange,Deriv Priced; Odd Lot; Trade Thru Exmpt
09:36:17.173 AM ET,5.200,1,5,Bid,NYSE Arca,Inter Mkt Swp; Odd Lot; Trade Thru Exmpt
09:36:31.190 AM ET,5.200,1,5,Mid,Nasdaq GSM,Inter Mkt Swp; Odd Lot; Trade Thru Exmpt
09:39:08.872 AM ET,5.180,1,5,Mid,Off Exchange,Odd Lot
09:39:08.953 AM ET,5.198,1,5,Mid,Off Exchange,Odd Lot
09:39:11.590 AM ET,5.179,1,5,Mid,Off Exchange,Odd Lot
09:42:01.073 AM ET,5.210,1,5,Mid,Nasdaq GSM,Inter Mkt Swp; Odd Lot; Trade Thru Exmpt
09:43:16.525 AM ET,5.210,1,5,Ask,NYSE Arca,Odd Lot
09:43:55.278 AM ET,5.210,1,5,Mid,Off Exchange,Odd Lot
09:44:15.018 AM ET,5.220,1,5,Ask,Nasdaq PHLX,Odd Lot
09:44:15.018 AM ET,5.240,1,5,Ask,NYSE Arca,Inter Mkt Swp; Odd Lot; Trade Thru Exmpt
09:44:15.143 AM ET,5.200,1,5,Bid,Nasdaq GSM,Odd Lot
09:44:15.143 AM ET,5.200,1,5,Bid,Nasdaq GSM,Inter Mkt Swp; Odd Lot; Trade Thru Exmpt
09:44:22.500 AM ET,5.210,1,5,Mid,Off Exchange,Odd Lot
09:45:47.458 AM ET,5.230,1,5,Mid,NYSE Arca,Odd Lot
09:45:49.088 AM ET,5.220,1,5,Mid,IEX,Odd Lot
09:50:29.556 AM ET,5.230,1,5,Ask,Off Exchange,Odd Lot
09:50:34.998 AM ET,5.228,1,5,Mid,Off Exchange,Odd Lot
09:52:38.577 AM ET,5.210,1,5,Mid,Nasdaq GSM,Odd Lot
09:54:32.818 AM ET,5.185,1,5,Bid,IEX,Odd Lot
09:54:32.841 AM ET,5.200,1,5,Bid,NYSE Arca,Inter Mkt Swp; Odd Lot; Trade Thru Exmpt
09:54:49.825 AM ET,5.240,1,5,Ask,MEMX,Odd Lot
09:57:16.055 AM ET,5.230,1,5,Mid,Off Exchange,Odd Lot
09:57:16.060 AM ET,5.231,1,5,Mid,Off Exchange,Odd Lot
09:57:34.910 AM ET,5.230,1,5,Bid,Off Exchange,Odd Lot
09:57:34.911 AM ET,5.250,1,5,Mid,NYSE Arca,Inter Mkt Swp; Odd Lot; Trade Thru Exmpt
09:57:34.913 AM ET,5.270,1,5,Mid,Nasdaq GSM,Inter Mkt Swp; Odd Lot; Trade Thru Exmpt
09:57:34.913 AM ET,5.260,1,5,Mid,MEMX,Inter Mkt Swp; Odd Lot; Trade Thru Exmpt
09:57:37.419 AM ET,5.260,1,5,Mid,IEX,Odd Lot
09:57:37.420 AM ET,5.260,1,5,Mid,IEX,Odd Lot
09:57:37.421 AM ET,5.260,1,5,Mid,IEX,Odd Lot
09:58:40.324 AM ET,5.240,1,5,Bid,Nasdaq GSM,Inter Mkt Swp; Odd Lot; Trade Thru Exmpt
10:00:16.757 AM ET,5.260,1,5,Mid,Off Exchange,Odd Lot
10:00:54.651 AM ET,5.260,1,5,Mid,Off Exchange,Odd Lot
10:01:42.360 AM ET,5.250,1,5,Ask,Nasdaq GSM,Inter Mkt Swp; Odd Lot; Trade Thru Exmpt
10:02:32.930 AM ET,5.242,1,5,Mid,Off Exchange,Odd Lot
10:03:19.637 AM ET,5.240,1,5,Mid,Off Exchange,Odd Lot
10:05:45.195 AM ET,5.240,1,5,Mid,NYSE Arca,Odd Lot
10:06:50.206 AM ET,5.240,1,5,Mid,Off Exchange,Odd Lot
10:07:10.209 AM ET,5.240,1,5,Mid,Off Exchange,Odd Lot
10:07:45.195 AM ET,5.240,1,5,Mid,NYSE Arca,Odd Lot
10:08:30.195 AM ET,5.240,1,5,Mid,NYSE Arca,Odd Lot
10:08:41.329 AM ET,5.230,1,5,Ask,MIAX Pearl,Odd Lot
10:10:32.977 AM ET,5.230,1,5,Mid,Off Exchange,Odd Lot
10:11:27.593 AM ET,5.230,1,5,Bid,Nasdaq GSM,Odd Lot
10:12:43.013 AM ET,5.220,1,5,Bid,Cboe BYX,Inter Mkt Swp; Odd Lot; Trade Thru Exmpt
10:13:20.482 AM ET,5.230,1,5,Mid,Off Exchange,Odd Lot
10:16:37.635 AM ET,5.240,1,5,Mid,Off Exchange,Odd Lot
10:18:11.643 AM ET,5.258,1,5,Mid,Off Exchange,Odd Lot
10:18:20.658 AM ET,5.270,1,5,Bid,Nasdaq GSM,Inter Mkt Swp; Odd Lot; Trade Thru Exmpt
10:18:24.089 AM ET,5.270,1,5,Ask,Cboe BYX,Inter Mkt Swp; Odd Lot; Trade Thru Exmpt
10:20:30.109 AM ET,5.260,1,5,Mid,Cboe BYX,Inter Mkt Swp; Odd Lot; Trade Thru Exmpt
10:23:02.174 AM ET,5.270,1,5,Mid,Off Exchange,Odd Lot
10:27:24.454 AM ET,5.260,1,5,Mid,Off Exchange,Odd Lot
10:27:26.677 AM ET,5.260,1,5,Mid,Off Exchange,Odd Lot
10:27:28.710 AM ET,5.260,1,5,Mid,Off Exchange,Odd Lot
10:30:12.836 AM ET,5.270,1,5,Mid,Off Exchange,Odd Lot
10:30:45.334 AM ET,5.280,1,5,Mid,Off Exchange,Odd Lot
10:31:25.081 AM ET,5.260,1,5,Bid,Nasdaq GSM,Odd Lot
10:31:25.083 AM ET,5.280,1,5,Mid,Cboe EDGX,Inter Mkt Swp; Odd Lot; Trade Thru Exmpt
10:31:26.082 AM ET,5.290,1,5,Ask,Off Exchange,Odd Lot
10:31:52.054 AM ET,5.270,1,5,Bid,Cboe BYX,Inter Mkt Swp; Odd Lot; Trade Thru Exmpt
10:34:24.914 AM ET,5.285,1,5,Mid,Off Exchange,Odd Lot
10:35:01.196 AM ET,5.290,1,5,Mid,Off Exchange,Odd Lot
10:36:51.373 AM ET,5.304,1,5,Mid,Off Exchange,Odd Lot
10:38:15.457 AM ET,5.265,1,5,Bid,IEX,Odd Lot
10:41:47.161 AM ET,5.260,1,5,Bid,Cboe BYX,Inter Mkt Swp; Odd Lot; Trade Thru Exmpt
10:42:02.233 AM ET,5.226,1,5,Mid,Off Exchange,Odd Lot
10:48:12.392 AM ET,5.235,1,5,Mid,Off Exchange,Deriv Priced; Odd Lot; Trade Thru Exmpt
10:48:31.219 AM ET,5.235,1,5,Mid,Off Exchange,Deriv Priced; Odd Lot; Trade Thru Exmpt
10:48:50.443 AM ET,5.235,1,5,Mid,Off Exchange,Deriv Priced; Odd Lot; Trade Thru Exmpt
10:49:18.226 AM ET,5.235,1,5,Mid,Off Exchange,Deriv Priced; Odd Lot; Trade Thru Exmpt
10:49:35.554 AM ET,5.235,1,5,Mid,Off Exchange,Odd Lot
10:49:35.608 AM ET,5.235,1,5,Mid,Off Exchange,Deriv Priced; Odd Lot; Trade Thru Exmpt
10:50:27.024 AM ET,5.240,1,5,Bid,Nasdaq GSM,Inter Mkt Swp; Odd Lot; Trade Thru Exmpt
10:52:19.629 AM ET,5.235,1,5,Mid,Off Exchange,Odd Lot
10:54:04.410 AM ET,5.240,1,5,Bid,Nasdaq PHLX,Inter Mkt Swp; Odd Lot; Trade Thru Exmpt
10:54:04.411 AM ET,5.240,1,5,Bid,NYSE Arca,Inter Mkt Swp; Odd Lot; Trade Thru Exmpt
10:55:33.794 AM ET,5.253,1,5,Mid,Off Exchange,Odd Lot
10:55:44.543 AM ET,5.230,1,5,Ask,Nasdaq GSM,Odd Lot
10:55:44.551 AM ET,5.220,1,5,Ask,Nasdaq GSM,Odd Lot
10:55:44.574 AM ET,5.210,1,5,Ask,Nasdaq GSM,Inter Mkt Swp; Odd Lot; Trade Thru Exmpt
10:55:44.649 AM ET,5.180,1,5,Ask,Nasdaq GSM,Odd Lot
10:55:44.691 AM ET,5.140,1,5,Bid,Nasdaq GSM,Odd Lot
10:55:44.691 AM ET,5.140,1,5,Bid,Cboe EDGX,Odd Lot
10:55:44.742 AM ET,5.120,1,5,Ask,Nasdaq GSM,Inter Mkt Swp; Odd Lot; Trade Thru Exmpt
10:55:44.744 AM ET,5.120,1,5,Ask,Nasdaq GSM,Inter Mkt Swp; Odd Lot; Trade Thru Exmpt
10:55:44.852 AM ET,5.140,1,5,Bid,NYSE,Odd Lot
10:55:44.853 AM ET,5.140,1,5,Bid,Nasdaq GSM,Odd Lot
10:56:34.537 AM ET,5.140,1,5,Ask,Nasdaq GSM,Inter Mkt Swp; Odd Lot; Trade Thru Exmpt
10:56:34.537 AM ET,5.140,1,5,Ask,NYSE Arca,Inter Mkt Swp; Odd Lot; Trade Thru Exmpt
10:56:45.558 AM ET,5.128,1,5,Mid,Off Exchange,Odd Lot
10:57:15.226 AM ET,5.140,1,5,Bid,Nasdaq GSM,Odd Lot
10:57:15.378 AM ET,5.150,1,5,Mid,Off Exchange,Odd Lot
10:58:09.217 AM ET,5.145,1,5,Mid,Off Exchange,Odd Lot
10:58:48.684 AM ET,5.145,1,5,Mid,Off Exchange,Odd Lot
11:00:46.950 AM ET,5.130,1,5,Ask,NYSE Arca,Inter Mkt Swp; Odd Lot; Trade Thru Exmpt
11:00:46.951 AM ET,5.120,1,5,Mid,Nasdaq GSM,Inter Mkt Swp; Odd Lot; Trade Thru Exmpt
11:01:54.795 AM ET,5.110,1,5,Ask,Nasdaq GSM,Inter Mkt Swp; Odd Lot; Trade Thru Exmpt
11:01:54.796 AM ET,5.100,1,5,Mid,Nasdaq GSM,Inter Mkt Swp; Odd Lot; Trade Thru Exmpt
11:01:55.419 AM ET,5.090,1,5,Mid,Nasdaq GSM,Inter Mkt Swp; Odd Lot; Trade Thru Exmpt
11:01:55.518 AM ET,5.070,1,5,Mid,Off Exchange,Odd Lot
11:03:18.583 AM ET,5.070,1,5,Bid,Nasdaq GSM,Inter Mkt Swp; Odd Lot; Trade Thru Exmpt
11:03:18.594 AM ET,5.060,1,5,Bid,Nasdaq GSM,Odd Lot
11:03:30.700 AM ET,5.040,1,5,Bid,NYSE Arca,Odd Lot
11:04:55.151 AM ET,5.040,1,5,Mid,Cboe EDGX,Inter Mkt Swp; Odd Lot; Trade Thru Exmpt
11:04:55.151 AM ET,5.040,1,5,Mid,Nasdaq GSM,Inter Mkt Swp; Odd Lot; Trade Thru Exmpt
11:07:59.741 AM ET,5.050,1,5,Ask,NYSE Arca,Inter Mkt Swp; Odd Lot; Trade Thru Exmpt
11:16:22.476 AM ET,5.040,1,5,Bid,NYSE Arca,Inter Mkt Swp; Odd Lot; Trade Thru Exmpt
11:16:22.476 AM ET,5.040,1,5,Bid,NYSE Arca,Odd Lot
11:20:25.041 AM ET,5.030,1,5,Bid,NYSE Arca,Odd Lot
11:20:25.042 AM ET,5.030,1,5,Bid,NYSE Arca,Inter Mkt Swp; Odd Lot; Trade Thru Exmpt
11:20:25.043 AM ET,5.020,1,5,Bid,MEMX,Inter Mkt Swp; Odd Lot; Trade Thru Exmpt
11:24:16.695 AM ET,5.040,1,5,Ask,Cboe BZX,Inter Mkt Swp; Odd Lot; Trade Thru Exmpt
11:26:44.747 AM ET,4.988,1,5,Mid,Off Exchange,Odd Lot
11:29:52.273 AM ET,5.020,1,5,Ask,Off Exchange,Odd Lot
11:31:29.696 AM ET,5.000,1,5,Bid,Nasdaq GSM,Odd Lot
11:31:46.736 AM ET,4.995,1,5,Mid,Off Exchange,Odd Lot
11:31:53.146 AM ET,5.010,1,5,Bid,Cboe EDGX,Inter Mkt Swp; Odd Lot; Trade Thru Exmpt
11:42:36.351 AM ET,5.020,1,5,Bid,Cboe EDGA,Inter Mkt Swp; Odd Lot; Trade Thru Exmpt
11:42:36.352 AM ET,5.020,1,5,Bid,Off Exchange,Odd Lot
11:42:36.424 AM ET,5.020,1,5,Bid,Nasdaq GSM,Odd Lot
11:47:28.024 AM ET,5.030,1,5,Mid,NYSE American,Inter Mkt Swp; Odd Lot; Trade Thru Exmpt
11:47:30.895 AM ET,5.035,1,5,Mid,Off Exchange,Odd Lot
11:50:25.171 AM ET,5.030,1,5,Mid,Nasdaq GSM,Odd Lot
11:50:48.953 AM ET,5.030,1,5,Mid,Off Exchange,Odd Lot
11:53:35.148 AM ET,5.020,1,5,Ask,Nasdaq GSM,Inter Mkt Swp; Odd Lot; Trade Thru Exmpt
11:53:35.148 AM ET,5.020,1,5,Ask,NYSE Arca,Inter Mkt Swp; Odd Lot; Trade Thru Exmpt
11:54:39.268 AM ET,5.050,1,5,Mid,Off Exchange,Odd Lot
11:59:56.143 AM ET,5.080,1,5,Mid,Nasdaq GSM,Odd Lot
12:01:40.952 PM ET,5.070,1,5,Mid,IEX,Odd Lot
12:01:40.952 PM ET,5.070,1,5,Mid,Cboe BZX,Inter Mkt Swp; Odd Lot; Trade Thru Exmpt
12:02:03.446 PM ET,5.055,1,5,Mid,Off Exchange,Odd Lot
12:03:50.946 PM ET,5.040,1,5,Mid,Nasdaq PHLX,Inter Mkt Swp; Odd Lot; Trade Thru Exmpt
12:03:51.431 PM ET,5.045,1,5,Mid,Off Exchange,Odd Lot
12:03:51.443 PM ET,5.045,1,5,Mid,Off Exchange,Odd Lot
12:06:01.187 PM ET,5.045,1,5,Mid,Off Exchange,Odd Lot
12:07:23.272 PM ET,5.068,1,5,Ask,Off Exchange,Odd Lot
12:10:01.501 PM ET,5.052,1,5,Mid,Off Exchange,Odd Lot
12:13:54.542 PM ET,5.080,1,5,Ask,Off Exchange,Odd Lot
12:16:33.187 PM ET,5.060,1,5,Mid,NYSE National,Inter Mkt Swp; Odd Lot; Trade Thru Exmpt
12:17:11.329 PM ET,5.070,1,5,Mid,NYSE National,Inter Mkt Swp; Odd Lot; Trade Thru Exmpt
12:17:25.289 PM ET,5.080,1,5,None,Nasdaq GSM,Odd Lot
12:17:37.746 PM ET,5.090,1,5,None,Cboe EDGX,Inter Mkt Swp; Odd Lot; Trade Thru Exmpt
12:17:39.117 PM ET,5.090,1,5,None,IEX,Odd Lot
12:17:40.776 PM ET,5.100,1,5,None,Nasdaq GSM,Inter Mkt Swp; Odd Lot; Trade Thru Exmpt
12:18:20.473 PM ET,5.085,1,5,None,Off Exchange,Odd Lot
12:18:20.488 PM ET,5.085,1,5,None,Off Exchange,Odd Lot
12:18:41.285 PM ET,5.070,1,5,Mid,Cboe EDGX,Inter Mkt Swp; Odd Lot; Trade Thru Exmpt
12:19:19.263 PM ET,5.070,1,5,Mid,Off Exchange,Odd Lot
12:24:53.187 PM ET,5.061,1,5,Mid,Off Exchange,Odd Lot
12:31:45.198 PM ET,5.061,1,5,Mid,Off Exchange,Odd Lot
12:32:30.257 PM ET,5.060,1,5,Bid,Nasdaq GSM,Odd Lot
12:33:20.196 PM ET,5.061,1,5,Mid,Off Exchange,Odd Lot
12:35:15.195 PM ET,5.061,1,5,Mid,Off Exchange,Odd Lot
12:36:15.195 PM ET,5.060,1,5,Bid,Cboe EDGA,Inter Mkt Swp; Odd Lot; Trade Thru Exmpt
12:37:13.597 PM ET,5.060,1,5,Bid,Cboe EDGX,Inter Mkt Swp; Odd Lot; Trade Thru Exmpt
12:40:04.685 PM ET,5.040,1,5,Mid,IEX,Odd Lot
12:40:18.009 PM ET,5.040,1,5,Mid,IEX,Odd Lot
12:41:20.194 PM ET,5.040,1,5,Mid,IEX,Odd Lot
12:42:35.195 PM ET,5.040,1,5,Mid,IEX,Odd Lot
12:43:50.607 PM ET,5.030,1,5,Bid,Off Exchange,Odd Lot
12:46:24.850 PM ET,5.045,1,5,Mid,Nasdaq GSM,Odd Lot
12:46:24.852 PM ET,5.040,1,5,Mid,Nasdaq GSM,Odd Lot
12:46:24.853 PM ET,5.040,1,5,Mid,IEX,Odd Lot
12:48:19.849 PM ET,5.031,1,5,Mid,Off Exchange,Odd Lot
12:48:54.849 PM ET,5.031,1,5,Mid,Off Exchange,Odd Lot
12:49:44.847 PM ET,5.020,1,5,Mid,Cboe BZX,Inter Mkt Swp; Odd Lot; Trade Thru Exmpt
12:52:09.849 PM ET,5.011,1,5,Mid,Off Exchange,Odd Lot
12:53:04.849 PM ET,5.011,1,5,Mid,Off Exchange,Odd Lot
12:53:58.280 PM ET,5.020,1,5,Mid,NYSE,Inter Mkt Swp; Odd Lot; Trade Thru Exmpt
12:54:20.226 PM ET,5.020,1,5,Bid,Off Exchange,Odd Lot
12:56:19.849 PM ET,5.021,1,5,Mid,Off Exchange,Odd Lot
12:58:25.152 PM ET,5.020,1,5,Bid,Off Exchange,Odd Lot
01:01:42.119 PM ET,5.030,1,5,Mid,NYSE Arca,Inter Mkt Swp; Odd Lot; Trade Thru Exmpt
01:01:48.111 PM ET,5.030,1,5,Mid,Off Exchange,Odd Lot
01:03:19.034 PM ET,5.030,1,5,Mid,Off Exchange,Odd Lot
01:04:52.548 PM ET,5.050,1,5,Mid,IEX,Odd Lot
01:07:44.607 PM ET,5.050,1,5,Mid,IEX,Odd Lot
01:09:04.414 PM ET,5.050,1,5,Mid,IEX,Odd Lot
01:11:57.276 PM ET,5.050,1,5,Mid,IEX,Odd Lot
01:12:26.996 PM ET,5.070,1,5,Ask,NYSE Arca,Inter Mkt Swp; Odd Lot; Trade Thru Exmpt
01:13:57.058 PM ET,5.064,1,5,Mid,Off Exchange,Odd Lot
01:18:38.089 PM ET,5.075,1,5,Mid,Off Exchange,Odd Lot
01:19:53.970 PM ET,5.075,1,5,Mid,Off Exchange,Odd Lot
01:20:39.754 PM ET,5.075,1,5,Mid,Off Exchange,Odd Lot
01:21:30.455 PM ET,5.061,1,5,Mid,Off Exchange,Odd Lot
01:21:52.116 PM ET,5.075,1,5,Mid,Off Exchange,Odd Lot
01:24:49.342 PM ET,5.070,1,5,Mid,NYSE,Inter Mkt Swp; Odd Lot; Trade Thru Exmpt
01:26:25.832 PM ET,5.065,1,5,Mid,Off Exchange,Odd Lot
01:30:05.096 PM ET,5.065,1,5,Mid,Off Exchange,Odd Lot
01:31:25.622 PM ET,5.050,1,5,Bid,IEX,Odd Lot
01:31:25.628 PM ET,5.050,1,5,Bid,IEX,Odd Lot
01:33:21.616 PM ET,5.060,1,5,Mid,NYSE,Odd Lot
01:33:21.622 PM ET,5.060,1,5,Mid,Off Exchange,Odd Lot
01:34:35.605 PM ET,5.040,1,5,Mid,Off Exchange,Odd Lot
01:36:00.605 PM ET,5.041,1,5,Mid,Off Exchange,Odd Lot
01:37:15.605 PM ET,5.041,1,5,Mid,Off Exchange,Odd Lot
01:38:02.395 PM ET,5.044,1,5,Mid,Off Exchange,Odd Lot
01:38:30.606 PM ET,5.041,1,5,Mid,Off Exchange,Odd Lot
01:40:05.332 PM ET,5.050,1,5,Mid,NYSE American,Inter Mkt Swp; Odd Lot; Trade Thru Exmpt
01:40:48.192 PM ET,5.060,1,5,Mid,IEX,Odd Lot
01:42:10.606 PM ET,5.051,1,5,Mid,Off Exchange,Odd Lot
01:43:45.606 PM ET,5.051,1,5,Mid,Off Exchange,Odd Lot
01:44:49.307 PM ET,5.060,1,5,Mid,Off Exchange,Odd Lot
01:46:24.227 PM ET,5.060,1,5,Mid,Nasdaq GSM,Odd Lot
01:48:19.227 PM ET,5.060,1,5,Mid,NYSE American,Inter Mkt Swp; Odd Lot; Trade Thru Exmpt
01:49:24.233 PM ET,5.060,1,5,Mid,NYSE American,Inter Mkt Swp; Odd Lot; Trade Thru Exmpt
01:50:20.510 PM ET,5.070,1,5,Mid,Nasdaq GSM,Inter Mkt Swp; Odd Lot; Trade Thru Exmpt
01:50:54.230 PM ET,5.060,1,5,Bid,Off Exchange,Odd Lot
01:51:49.230 PM ET,5.060,1,5,Bid,IEX,Odd Lot
01:52:34.230 PM ET,5.060,1,5,Bid,IEX,Odd Lot
01:53:09.230 PM ET,5.060,1,5,Bid,NYSE,Inter Mkt Swp; Odd Lot; Trade Thru Exmpt
01:54:04.534 PM ET,5.060,1,5,Bid,Off Exchange,Odd Lot
01:54:28.197 PM ET,5.070,1,5,Ask,Cboe EDGA,Inter Mkt Swp; Odd Lot; Trade Thru Exmpt
01:55:48.318 PM ET,5.070,1,5,Mid,Nasdaq GSM,Inter Mkt Swp; Odd Lot; Trade Thru Exmpt
02:01:35.744 PM ET,5.061,1,5,Mid,Off Exchange,Odd Lot
02:01:55.743 PM ET,5.061,1,5,Mid,Off Exchange,Odd Lot
02:02:33.026 PM ET,5.060,1,5,Ask,Cboe EDGX,Inter Mkt Swp; Odd Lot; Trade Thru Exmpt
02:02:33.551 PM ET,5.050,1,5,Mid,Nasdaq GSM,Inter Mkt Swp; Odd Lot; Trade Thru Exmpt
02:02:38.142 PM ET,5.050,1,5,Mid,Off Exchange,Odd Lot
02:02:41.139 PM ET,5.050,1,5,Mid,Off Exchange,Odd Lot
02:03:11.188 PM ET,5.060,1,5,Ask,Nasdaq GSM,Inter Mkt Swp; Odd Lot; Trade Thru Exmpt
02:03:11.191 PM ET,5.060,1,5,Ask,Nasdaq GSM,Inter Mkt Swp; Odd Lot; Trade Thru Exmpt
02:10:30.128 PM ET,5.070,1,5,Mid,Off Exchange,Odd Lot
02:10:30.555 PM ET,5.078,1,5,Mid,Off Exchange,Odd Lot
02:10:40.743 PM ET,5.061,1,5,Mid,Off Exchange,Odd Lot
02:13:10.742 PM ET,5.060,1,5,Mid,Cboe BZX,Odd Lot
02:13:10.744 PM ET,5.060,1,5,Mid,Cboe BZX,Inter Mkt Swp; Odd Lot; Trade Thru Exmpt
02:15:55.003 PM ET,5.060,1,5,Mid,Cboe EDGA,Inter Mkt Swp; Odd Lot; Trade Thru Exmpt
02:15:55.006 PM ET,5.051,1,5,Mid,Off Exchange,Odd Lot
02:17:57.598 PM ET,5.065,1,5,Mid,Off Exchange,Odd Lot
02:19:05.003 PM ET,5.051,1,5,Mid,Off Exchange,Odd Lot
02:19:55.004 PM ET,5.041,1,5,Mid,Off Exchange,Odd Lot
02:20:04.402 PM ET,5.050,1,5,Mid,Nasdaq GSM,Inter Mkt Swp; Odd Lot; Trade Thru Exmpt
02:20:40.004 PM ET,5.040,1,5,Bid,Off Exchange,Odd Lot
02:21:30.381 PM ET,5.040,1,5,Bid,Off Exchange,Odd Lot
02:22:25.003 PM ET,5.040,1,5,Bid,IEX,Odd Lot
02:23:20.147 PM ET,5.040,1,5,Bid,Off Exchange,Odd Lot
02:25:10.640 PM ET,5.060,1,5,Ask,Cboe BYX,Inter Mkt Swp; Odd Lot; Trade Thru Exmpt
02:25:15.002 PM ET,5.050,1,5,Mid,Nasdaq GSM,Odd Lot
02:26:10.002 PM ET,5.050,1,5,Mid,Cboe BZX,Odd Lot
02:26:20.711 PM ET,5.050,1,5,Mid,Nasdaq GSM,Odd Lot
02:27:05.002 PM ET,5.050,1,5,Mid,Nasdaq GSM,Odd Lot
02:28:00.003 PM ET,5.050,1,5,Mid,Nasdaq GSM,Odd Lot
02:28:00.085 PM ET,5.050,1,5,Mid,Nasdaq GSM,Odd Lot
02:28:50.001 PM ET,5.050,1,5,Mid,Nasdaq GSM,Odd Lot
02:31:24.358 PM ET,5.040,1,5,Mid,NYSE American,Inter Mkt Swp; Odd Lot; Trade Thru Exmpt
02:31:39.356 PM ET,5.040,1,5,Mid,NYSE American,Inter Mkt Swp; Odd Lot; Trade Thru Exmpt
02:32:24.355 PM ET,5.040,1,5,Mid,Nasdaq GSM,Inter Mkt Swp; Odd Lot; Trade Thru Exmpt
02:33:04.355 PM ET,5.040,1,5,Mid,Nasdaq GSM,Odd Lot
02:33:49.955 PM ET,5.050,1,5,Mid,NYSE,Inter Mkt Swp; Odd Lot; Trade Thru Exmpt
02:33:49.955 PM ET,5.050,1,5,Mid,NYSE American,Inter Mkt Swp; Odd Lot; Trade Thru Exmpt
02:34:47.496 PM ET,5.050,1,5,Mid,MIAX Pearl,Inter Mkt Swp; Odd Lot; Trade Thru Exmpt
02:35:29.356 PM ET,5.050,1,5,Mid,IEX,Odd Lot
02:36:04.356 PM ET,5.050,1,5,Mid,NYSE American,Inter Mkt Swp; Odd Lot; Trade Thru Exmpt
02:36:52.305 PM ET,5.060,1,5,Ask,Off Exchange,Odd Lot
02:36:52.305 PM ET,5.050,1,5,Mid,Nasdaq GSM,Inter Mkt Swp; Odd Lot; Trade Thru Exmpt
02:36:52.307 PM ET,5.060,1,5,Ask,Off Exchange,Odd Lot
02:36:52.312 PM ET,5.060,1,5,Ask,Off Exchange,Odd Lot
02:39:19.751 PM ET,5.040,1,5,Bid,Off Exchange,Odd Lot
02:40:03.845 PM ET,5.050,1,5,Mid,Nasdaq GSM,Inter Mkt Swp; Odd Lot; Trade Thru Exmpt
02:40:03.846 PM ET,5.050,1,5,Mid,Nasdaq GSM,Odd Lot
02:40:03.944 PM ET,5.050,1,5,Mid,IEX,Odd Lot
02:40:55.088 PM ET,5.050,1,5,Mid,Off Exchange,Odd Lot
02:43:49.358 PM ET,5.041,1,5,Mid,Off Exchange,Odd Lot
02:45:06.736 PM ET,5.053,1,5,Mid,Off Exchange,Odd Lot
02:46:22.054 PM ET,5.041,1,5,Mid,Off Exchange,Odd Lot
02:46:54.797 PM ET,5.041,1,5,Mid,Off Exchange,Odd Lot
02:47:29.807 PM ET,5.041,1,5,Mid,Off Exchange,Odd Lot
02:47:52.041 PM ET,5.050,1,5,Mid,Nasdaq GSM,Odd Lot
02:47:54.797 PM ET,5.041,1,5,Mid,Off Exchange,Odd Lot
02:49:34.797 PM ET,5.041,1,5,Mid,Off Exchange,Odd Lot
02:50:03.035 PM ET,5.041,1,5,Mid,Off Exchange,Odd Lot
02:50:34.797 PM ET,5.041,1,5,Mid,Off Exchange,Odd Lot
02:51:10.188 PM ET,5.040,1,5,Bid,Off Exchange,Odd Lot
02:51:11.579 PM ET,5.040,1,5,Mid,NYSE Arca,Inter Mkt Swp; Odd Lot; Trade Thru Exmpt
02:51:44.799 PM ET,5.031,1,5,Mid,Off Exchange,Odd Lot
02:52:19.798 PM ET,5.031,1,5,Mid,Off Exchange,Odd Lot
02:52:54.798 PM ET,5.031,1,5,Mid,Off Exchange,Odd Lot
02:53:29.809 PM ET,5.030,1,5,Bid,IEX,Odd Lot
02:54:14.798 PM ET,5.031,1,5,Mid,Off Exchange,Odd Lot
02:55:09.798 PM ET,5.031,1,5,Mid,Off Exchange,Odd Lot
02:56:18.621 PM ET,5.030,1,5,Bid,IEX,Odd Lot
02:57:34.798 PM ET,5.030,1,5,Bid,IEX,Odd Lot
02:58:36.514 PM ET,5.030,1,5,Ask,Cboe BZX,Inter Mkt Swp; Odd Lot; Trade Thru Exmpt
03:09:00.794 PM ET,5.020,1,5,Mid,Nasdaq GSM,Odd Lot
03:10:16.924 PM ET,5.020,1,5,Mid,Nasdaq GSM,Inter Mkt Swp; Odd Lot; Trade Thru Exmpt
03:10:56.924 PM ET,5.020,1,5,Bid,Nasdaq GSM,Inter Mkt Swp; Odd Lot; Trade Thru Exmpt
03:11:31.925 PM ET,5.021,1,5,Mid,Off Exchange,Odd Lot
03:12:06.926 PM ET,5.021,1,5,Mid,Off Exchange,Odd Lot
03:12:51.926 PM ET,5.021,1,5,Mid,Off Exchange,Odd Lot
03:13:26.925 PM ET,5.021,1,5,Mid,Off Exchange,Odd Lot
03:14:47.495 PM ET,5.030,1,5,Mid,Off Exchange,Odd Lot
03:15:52.752 PM ET,5.020,1,5,Mid,NYSE,Odd Lot
03:15:52.756 PM ET,5.020,1,5,Mid,NYSE,Odd Lot
03:17:07.749 PM ET,5.020,1,5,Mid,IEX,Odd Lot
03:18:27.750 PM ET,5.020,1,5,Mid,IEX,Odd Lot
03:18:50.897 PM ET,5.021,1,5,Mid,Off Exchange,Odd Lot
03:19:42.750 PM ET,5.020,1,5,Mid,NYSE Arca,Inter Mkt Swp; Odd Lot; Trade Thru Exmpt
03:20:37.750 PM ET,5.020,1,5,Mid,MIAX Pearl,Inter Mkt Swp; Odd Lot; Trade Thru Exmpt
03:21:42.749 PM ET,5.020,1,5,Mid,Nasdaq BX,Inter Mkt Swp; Odd Lot; Trade Thru Exmpt
03:22:22.749 PM ET,5.020,1,5,Mid,Nasdaq GSM,Odd Lot
03:22:22.782 PM ET,5.020,1,5,Mid,Nasdaq GSM,Odd Lot
03:22:52.749 PM ET,5.020,1,5,Mid,Nasdaq GSM,Odd Lot
03:23:32.750 PM ET,5.020,1,5,Mid,Nasdaq GSM,Odd Lot
03:24:14.673 PM ET,5.030,1,5,Ask,Off Exchange,Odd Lot
03:24:14.674 PM ET,5.020,1,5,Mid,Nasdaq GSM,Inter Mkt Swp; Odd Lot; Trade Thru Exmpt
03:24:14.674 PM ET,5.030,1,5,Ask,Nasdaq GSM,Inter Mkt Swp; Odd Lot; Trade Thru Exmpt
03:24:14.674 PM ET,5.030,1,5,Ask,Off Exchange,Odd Lot
03:25:25.653 PM ET,5.040,1,5,Ask,Nasdaq GSM,Inter Mkt Swp; Odd Lot; Trade Thru Exmpt
03:25:25.653 PM ET,5.040,1,5,Ask,Nasdaq GSM,Odd Lot
03:25:25.654 PM ET,5.030,1,5,Mid,Cboe EDGX,Inter Mkt Swp; Odd Lot; Trade Thru Exmpt
03:31:00.469 PM ET,5.010,1,5,Bid,Off Exchange,Odd Lot
03:31:15.461 PM ET,5.010,1,5,Bid,Off Exchange,Odd Lot
03:31:40.460 PM ET,5.011,1,5,Mid,Off Exchange,Odd Lot
03:33:35.464 PM ET,5.010,1,5,Bid,Off Exchange,Odd Lot
03:34:00.477 PM ET,5.010,1,5,Bid,Off Exchange,Odd Lot
03:34:25.461 PM ET,5.010,1,5,Bid,Off Exchange,Odd Lot
03:34:34.093 PM ET,5.020,1,5,Ask,NYSE,Inter Mkt Swp; Odd Lot; Trade Thru Exmpt
03:34:45.461 PM ET,5.011,1,5,Mid,Off Exchange,Odd Lot
03:35:40.458 PM ET,5.015,1,5,Mid,Nasdaq GSM,Odd Lot
03:36:15.459 PM ET,5.015,1,5,Mid,Nasdaq GSM,Odd Lot
03:36:50.458 PM ET,5.015,1,5,Mid,Nasdaq GSM,Odd Lot
03:36:53.506 PM ET,5.015,1,5,Mid,Off Exchange,Odd Lot
03:37:25.458 PM ET,5.015,1,5,Mid,Nasdaq GSM,Odd Lot
03:37:43.255 PM ET,5.020,1,5,Ask,MIAX Pearl,Inter Mkt Swp; Odd Lot; Trade Thru Exmpt
03:38:15.991 PM ET,5.020,1,5,Mid,Nasdaq GSM,Odd Lot
03:39:01.789 PM ET,5.020,1,5,Mid,Nasdaq GSM,Inter Mkt Swp; Odd Lot; Trade Thru Exmpt
03:39:02.629 PM ET,5.020,1,5,Mid,Nasdaq GSM,Inter Mkt Swp; Odd Lot; Trade Thru Exmpt
03:39:02.629 PM ET,5.020,1,5,Mid,NYSE American,Inter Mkt Swp; Odd Lot; Trade Thru Exmpt
03:40:18.119 PM ET,5.030,1,5,Mid,Off Exchange,Odd Lot
03:44:50.799 PM ET,5.040,1,5,Mid,Nasdaq GSM,Odd Lot
03:47:51.332 PM ET,5.050,1,5,Ask,Off Exchange,Odd Lot
03:49:29.341 PM ET,5.030,1,5,Mid,Nasdaq GSM,Odd Lot
03:49:29.454 PM ET,5.020,1,5,Bid,Nasdaq GSM,Inter Mkt Swp; Odd Lot; Trade Thru Exmpt
03:51:09.900 PM ET,5.013,1,5,Mid,Off Exchange,Odd Lot
03:54:33.465 PM ET,5.000,1,5,Ask,Off Exchange,Odd Lot
03:55:09.521 PM ET,5.055,1,5,Mid,Off Exchange,Deriv Priced; Odd Lot; Trade Thru Exmpt
03:55:10.245 PM ET,5.055,1,5,Mid,Off Exchange,Odd Lot
03:55:15.287 PM ET,5.040,1,5,Mid,NYSE Arca,Odd Lot
03:56:45.053 PM ET,5.050,1,5,Mid,NYSE Arca,Odd Lot
03:57:56.340 PM ET,5.040,1,5,Bid,Nasdaq GSM,Odd Lot
03:58:28.570 PM ET,5.055,1,5,Ask,Nasdaq GSM,Odd Lot
03:58:36.884 PM ET,5.050,1,5,Ask,Nasdaq GSM,Inter Mkt Swp; Odd Lot; Trade Thru Exmpt
03:58:38.126 PM ET,5.050,1,5,Bid,Nasdaq GSM,Odd Lot
03:58:38.126 PM ET,5.050,1,5,Bid,NYSE Arca,Odd Lot
03:58:38.127 PM ET,5.050,1,5,Bid,NYSE Arca,Inter Mkt Swp; Odd Lot; Trade Thru Exmpt
03:58:57.843 PM ET,5.055,1,5,Mid,Off Exchange,Odd Lot
03:59:07.843 PM ET,5.065,1,5,None,Nasdaq GSM,Odd Lot
03:59:34.046 PM ET,5.070,1,5,None,Off Exchange,Odd Lot
03:59:37.843 PM ET,5.070,1,5,None,Off Exchange,Odd Lot
03:59:41.781 PM ET,5.075,1,5,None,Off Exchange,Odd Lot
03:59:41.781 PM ET,5.080,1,5,None,Off Exchange,Odd Lot
03:59:41.964 PM ET,5.075,1,5,None,Cboe BYX,Odd Lot
03:59:42.028 PM ET,5.070,1,5,None,Off Exchange,Odd Lot
03:59:43.029 PM ET,5.065,1,5,None,Off Exchange,Odd Lot
03:59:48.428 PM ET,5.070,1,5,None,Off Exchange,Odd Lot
03:59:49.381 PM ET,5.070,1,5,None,Nasdaq GSM,Odd Lot
03:59:50.041 PM ET,5.080,1,5,None,IEX,Odd Lot
03:59:56.236 PM ET,5.080,1,5,None,Nasdaq GSM,Odd Lot
04:00:13.622 PM ET,5.080,1,5,None,Off Exchange,Frm T Ext Hrs; Odd Lot
04:04:05.464 PM ET,5.080,1,5,Ask,Off Exchange,Frm T Ext Hrs; Odd Lot
04:10:04.568 PM ET,5.080,1,5,Mid,Off Exchange,Frm T Ext Hrs; Odd Lot
07:30:04.775 PM ET,5.080,1,5,Ask,Off Exchange,Frm T Ext Hrs; Odd Lot
